unit,page,part,language_name,lang_code,text
MAT/MA123-SolarSystem,1,1,Albanian,sqi-ALB,Makinë llogaritëseclose
MAT/MA123-SolarSystem,1,2,Albanian,sqi-ALB,PISA 2022
MAT/MA123-SolarSystem,1,3,Albanian,sqi-ALB,"SISTEMI DIELLOR
Tabela më poshtë tregon distancën mesatare të Diellit nga planetet primare në Njësi Astronomike (au).
1 au është afërsisht 150 milionë kilometra
Planeti
Distanca mesatare nga Dielli në au
Mërkuri
0,39
Venusi
0,72
Toka
1,00
Marsi
1,52
Jupiteri
5,20
Saturni
9,28
Urani
19,20
Neptuni
30,05"
MAT/MA123-SolarSystem,1,4,Albanian,sqi-ALB,"Sistemi Diellor  Pyetje 1 / 2
Referohuni ""Sistemit Diellor"" në të djathtë. Përdorni tërhiq dhe lësho për t'ju përgjigjur pyetjeve.
Modelet e mëposhtme tregojnë distancën mesatare ndërmejt tre planeteve. (Planetet dhe modelet nuk janë paraqitur sipas shkallës reale.)
4,38 au
9,62 au
Bazuar në distancën e dhënë cili planet i përket modelit? Tërhiqni tre planetet e sakta në rendin e duhur. Për të ndryshuar një përgjigje, së pari tërhiqni jashtë planetin mëparshëm.
Mërkuri
Venusi
Toka
Marsi
Jupiteri
Saturni
Urani
Neptuni"
MAT/MA123-SolarSystem,1,5,Albanian,sqi-ALB,"C
(
)
x2
yx
√x
1/x
π
÷
7
8
9
x
4
5
6
–
1
2
3
+
0
.
+/-
="
MAT/MA123-SolarSystem,2,1,Albanian,sqi-ALB,Makinë llogaritëseclose
MAT/MA123-SolarSystem,2,2,Albanian,sqi-ALB,PISA 2022
MAT/MA123-SolarSystem,2,3,Albanian,sqi-ALB,"SISTEMI DIELLOR
Tabela më poshtë tregon distancën mesatare të Diellit nga planetet primare në Njësi Astronomike (au).
1 au është afërsisht 150 milionë kilometra
Planeti
Distanca mesatare nga Dielli në au
Mërkuri
0,39
Venusi
0,72
Toka
1,00
Marsi
1,52
Jupiteri
5,20
Saturni
9,28
Urani
19,20
Neptuni
30,05"
MAT/MA123-SolarSystem,2,4,Albanian,sqi-ALB,"Sistemi Diellor  Pyetje 2 / 2
Referohuni ""Sistemit Diellor"" në të djathtë. Klikoni një alternativë për t'ju përgjigjur pyetjes.
Mesatarisht, afërisisht sa milionë kilometra gjenden mes Diellit dhe planetit Neptun?
5 milionë km
30 milionë km
180 milionë km
4500 milionë km"
MAT/MA123-SolarSystem,2,5,Albanian,sqi-ALB,"C
(
)
x2
yx
√x
1/x
π
÷
7
8
9
x
4
5
6
–
1
2
3
+
0
.
+/-
="
MAT/MA123-SolarSystem,3,1,Albanian,sqi-ALB,Makinë llogaritëseclose
MAT/MA123-SolarSystem,3,2,Albanian,sqi-ALB,PISA 2022
MAT/MA123-SolarSystem,3,3,Albanian,sqi-ALB,"SISTEMI DIELLOR
Tabela më poshtë tregon distancën mesatare të Diellit nga planetet primare në Njësi Astronomike (au).
1 au është afërsisht 150 milionë kilometra
Planeti
Distanca mesatare nga Dielli në au
Mërkuri
0,39
Venusi
0,72
Toka
1,00
Marsi
1,52
Jupiteri
5,20
Saturni
9,28
Urani
19,20
Neptuni
30,05"
MAT/MA123-SolarSystem,3,4,Albanian,sqi-ALB,"Sistemi Diellor  Pyetje 2 / 2
Referohuni ""Sistemit Diellor"" në të djathtë. Klikoni një alternativë për t'ju përgjigjur pyetjes.
Mesatarisht, afërisisht sa milionë kilometra gjenden mes Diellit dhe planetit Neptun?
5 milionë km
30 milionë km
180 milionë km
4500 milionë km"
MAT/MA123-SolarSystem,3,5,Albanian,sqi-ALB,"C
(
)
x2
yx
√x
1/x
π
÷
7
8
9
x
4
5
6
–
1
2
3
+
0
.
+/-
="
MAT/MA123-SolarSystem,1,1,Arabic,ara-ARE,الآلة الحاسبةclose
MAT/MA123-SolarSystem,1,2,Arabic,ara-ARE,PISA 2022
MAT/MA123-SolarSystem,1,3,Arabic,ara-ARE,"النظام الشمسي
يوضّح الجدول أدناه متوسط المسافة من الشمس إلى الكواكب الأولية بالوحدات الفلكية (au).
1 وحدة فلكية (au) تساوي تقريبًا 150 مليون كيلومتر.
الكوكب
متوسط المسافة من الشمس بالوحدة الفلكية (au)
عطارد
0.39
الزُهرة
0.72
الأرض
1.00
المريخ
1.52
المُشتري
5.20
زُحَل
9.58
أورانوس
19.20
نبتون
30.05"
MAT/MA123-SolarSystem,1,4,Arabic,ara-ARE,"النظام الشمسي  سؤال 1 / 2
ارجع إلى ""النظام الشمسي"" على الجانب الأيسر. استخدم السحب والإفلات للإجابة عن السؤال.
يوضّح النموذج التالي متوسط المسافات بين ثلاثة كواكب . (الكواكب والنموذج ليسوا مرسومين وفق المقياس)
4‎.38 au
9.6‎2 a‎u‎
استنادًا إلى المسافات المعطاة، ما الكواكب التي تنتمي إلى النموذج؟ اسحب الكواكب الثلاثة الصحيحة بالترتيب الصحيح. ولتغيير الإجابة، اسحب أولًا الكوكب السابق إلى خارج النموذج.
عطارد
الزُهرة
الأرض
المريخ
المُشتري
زُحَل
أورانوس
نبتون"
MAT/MA123-SolarSystem,1,5,Arabic,ara-ARE,"C
(
)
x2
yx
√x
1/x
π
÷
7
8
9
x
4
5
6
–
1
2
3
+
0
.
+/-
="
MAT/MA123-SolarSystem,2,1,Arabic,ara-ARE,الآلة الحاسبةclose
MAT/MA123-SolarSystem,2,2,Arabic,ara-ARE,PISA 2022
MAT/MA123-SolarSystem,2,3,Arabic,ara-ARE,"النظام الشمسي
يوضّح الجدول أدناه متوسط المسافة من الشمس إلى الكواكب الأولية بالوحدات الفلكية (au).
1 وحدة فلكية (au) تساوي تقريبًا 150 مليون كيلومتر.
الكوكب
متوسط المسافة من الشمس بالوحدة الفلكية (au)
عطارد
0.39
الزُهرة
0.72
الأرض
1.00
المريخ
1.52
المُشتري
5.20
زُحَل
9.58
أورانوس
19.20
نبتون
30.05"
MAT/MA123-SolarSystem,2,4,Arabic,ara-ARE,"النظام الشمسي  سؤال 2 / 2
ارجع إلى ""النظام الشمسي"" على الجانب الأيسر. انقر على أحد الخيارات للإجابة عن السؤال.
في المتوسط، كم مليون كيلومتر تقريبًا يَبْعُد كوكب نبتون عن الشمس؟
5 مليون (‎(km‬
‪‎ (km)   ‏30 مليون ‬
‪‎(km)   ‏180 مليون
‪ ‎‪(km)   ‏4500 مليون‎‎"
MAT/MA123-SolarSystem,2,5,Arabic,ara-ARE,"C
(
)
x2
yx
√x
1/x
π
÷
7
8
9
x
4
5
6
–
1
2
3
+
0
.
+/-
="
MAT/MA123-SolarSystem,3,1,Arabic,ara-ARE,الآلة الحاسبةclose
MAT/MA123-SolarSystem,3,2,Arabic,ara-ARE,PISA 2022
MAT/MA123-SolarSystem,3,3,Arabic,ara-ARE,"النظام الشمسي
يوضّح الجدول أدناه متوسط المسافة من الشمس إلى الكواكب الأولية بالوحدات الفلكية (au).
1 وحدة فلكية (au) تساوي تقريبًا 150 مليون كيلومتر.
الكوكب
متوسط المسافة من الشمس بالوحدة الفلكية (au)
عطارد
0.39
الزُهرة
0.72
الأرض
1.00
المريخ
1.52
المُشتري
5.20
زُحَل
9.58
أورانوس
19.20
نبتون
30.05"
MAT/MA123-SolarSystem,3,4,Arabic,ara-ARE,"النظام الشمسي  سؤال 2 / 2
ارجع إلى ""النظام الشمسي"" على الجانب الأيسر. انقر على أحد الخيارات للإجابة عن السؤال.
في المتوسط، كم مليون كيلومتر تقريبًا يَبْعُد كوكب نبتون عن الشمس؟
5 مليون (‎(km‬
‪‎ (km)   ‏30 مليون ‬
‪‎(km)   ‏180 مليون
‪ ‎‪(km)   ‏4500 مليون‎‎"
MAT/MA123-SolarSystem,3,5,Arabic,ara-ARE,"C
(
)
x2
yx
√x
1/x
π
÷
7
8
9
x
4
5
6
–
1
2
3
+
0
.
+/-
="
MAT/MA123-SolarSystem,1,1,Azerbaijani / Azeri,aze-QAZ,Kalkulyatorclose
MAT/MA123-SolarSystem,1,2,Azerbaijani / Azeri,aze-QAZ,PISA 2022
MAT/MA123-SolarSystem,1,3,Azerbaijani / Azeri,aze-QAZ,"GÜNƏŞ SİSTEMİ
Aşağıdakı cədvəldə Günəşdən əsas planetlərə olan orta məsafə Astronomik Vahidlərlə (av) göstərilib.
1 av təxminən 150 milyon kilometrdir.
Planet
Günəşdən orta məsafə (av ilə)
Merkuri
0,39
Venera
0,72
Yer kürəsi
1,00
Mars
1,52
Yupiter
5,20
Saturn
9,58
Uran
19,20
Neptun
30,05"
MAT/MA123-SolarSystem,1,4,Azerbaijani / Azeri,aze-QAZ,"Günəş Sistemi  Sual 1 / 2
Sağdakı ""Günəş Sistemi""-nə istinad edin. Suala cavab vermək üçün daşıyın və qoyun funksiyasından istifadə edin.
Aşağıdakı model üç planet arasındakı orta məsafəni göstərir. (Planetlər və model miqyas nəzərə alınmadan çəkilib.)
4,38 av
9,62 av
Verilən məsafələrə əsasən, hansı planetlər bu modelə aiddir? Düzgün üç planeti düzgün sıra ilə daşıyıb yerinə qoyun. Cavabınızı dəyişmək üçün əvvəl yerləşdirdiyiniz planeti çıxarın.
Merkuri
Venera
Yer kürəsi
Mars
Yupiter
Saturn
Uran
Neptun"
MAT/MA123-SolarSystem,1,5,Azerbaijani / Azeri,aze-QAZ,"C
(
)
x2
yx
√x
1/x
π
÷
7
8
9
x
4
5
6
–
1
2
3
+
0
,
+/-
="
MAT/MA123-SolarSystem,2,1,Azerbaijani / Azeri,aze-QAZ,Kalkulyatorclose
MAT/MA123-SolarSystem,2,2,Azerbaijani / Azeri,aze-QAZ,PISA 2022
MAT/MA123-SolarSystem,2,3,Azerbaijani / Azeri,aze-QAZ,"GÜNƏŞ SİSTEMİ
Aşağıdakı cədvəldə Günəşdən əsas planetlərə olan orta məsafə Astronomik Vahidlərlə (av) göstərilib.
1 av təxminən 150 milyon kilometrdir.
Planet
Günəşdən orta məsafə (av ilə)
Merkuri
0,39
Venera
0,72
Yer kürəsi
1,00
Mars
1,52
Yupiter
5,20
Saturn
9,58
Uran
19,20
Neptun
30,05"
MAT/MA123-SolarSystem,2,4,Azerbaijani / Azeri,aze-QAZ,"Günəş Sistemi  Sual 2 / 2
Sağdakı ""Günəş Sistemi""-nə istinad edin. Suala cavab vermək üçün seçiminizi klikləyin.
Orta hesabla Günəş ilə Neptun arasındakı məsafə neçə milyon kilometrdir?
5 milyon km
30 milyon km
180 milyon km
4500 milyon km"
MAT/MA123-SolarSystem,2,5,Azerbaijani / Azeri,aze-QAZ,"C
(
)
x2
yx
√x
1/x
π
÷
7
8
9
x
4
5
6
–
1
2
3
+
0
,
+/-
="
MAT/MA123-SolarSystem,3,1,Azerbaijani / Azeri,aze-QAZ,Kalkulyatorclose
MAT/MA123-SolarSystem,3,2,Azerbaijani / Azeri,aze-QAZ,PISA 2022
MAT/MA123-SolarSystem,3,3,Azerbaijani / Azeri,aze-QAZ,"GÜNƏŞ SİSTEMİ
Aşağıdakı cədvəldə Günəşdən əsas planetlərə olan orta məsafə Astronomik Vahidlərlə (av) göstərilib.
1 av təxminən 150 milyon kilometrdir.
Planet
Günəşdən orta məsafə (av ilə)
Merkuri
0,39
Venera
0,72
Yer kürəsi
1,00
Mars
1,52
Yupiter
5,20
Saturn
9,58
Uran
19,20
Neptun
30,05"
MAT/MA123-SolarSystem,3,4,Azerbaijani / Azeri,aze-QAZ,"Günəş Sistemi  Sual 2 / 2
Sağdakı ""Günəş Sistemi""-nə istinad edin. Suala cavab vermək üçün seçiminizi klikləyin.
Orta hesabla Günəş ilə Neptun arasındakı məsafə neçə milyon kilometrdir?
5 milyon km
30 milyon km
180 milyon km
4500 milyon km"
MAT/MA123-SolarSystem,3,5,Azerbaijani / Azeri,aze-QAZ,"C
(
)
x2
yx
√x
1/x
π
÷
7
8
9
x
4
5
6
–
1
2
3
+
0
,
+/-
="
MAT/MA123-SolarSystem,1,1,Basque,eus-ESP,Kalkulagailuaclose
MAT/MA123-SolarSystem,1,2,Basque,eus-ESP,PISA
MAT/MA123-SolarSystem,1,3,Basque,eus-ESP,"EGUZKI SISTEMA
Beheko taulan erakusten da Eguzkitik planeta primarioetarako batez besteko distantzia, unitate astronomikoetan (UA).
1 UA, gutxi gorabehera, 150 milioi kilometro dira.
Planeta
Eguzkitik batez besteko distantzia, UA-tan
Merkurio
0,39
Venus
0,72
Lurra
1,00
Marte
1,52
Jupiter
5,20
Saturno
9,58
Urano
19,20
Neptuno
30,05"
MAT/MA123-SolarSystem,1,4,Basque,eus-ESP,"Eguzki-sistema  Galdera 1 / 2
Begiratu ""Eguzki-sistema"" egoerari eskuinean. Erabili arrastatu eta askatu, galderari erantzuteko.
Honako eredu honek erakusten du hiru planeten arteko batez besteko distantzia. (Planetak eta eredua ez daude eskalan marraztuta).
4,38 UA
9,62 UA
Emandako distantzietan oinarrituta, zer planeta dagozkio ereduari? Arrastatu hiru planetak ordena zuzenean. Erantzun bat aldatzeko, lehenik, arrastatu aurreko planeta kanpora.
Merkurio
Venus
Lurra
Marte
Jupiter
Saturno
Urano
Neptuno"
MAT/MA123-SolarSystem,1,5,Basque,eus-ESP,"C
(
)
x2
yx
√x
1/x
π
÷
7
8
9
x
4
5
6
–
1
2
3
+
0
.
+/-
="
MAT/MA123-SolarSystem,2,1,Basque,eus-ESP,Kalkulagailuaclose
MAT/MA123-SolarSystem,2,2,Basque,eus-ESP,PISA
MAT/MA123-SolarSystem,2,3,Basque,eus-ESP,"EGUZKI SISTEMA
Beheko taulan erakusten da Eguzkitik planeta primarioetarako batez besteko distantzia, unitate astronomikoetan (UA).
1 UA, gutxi gorabehera, 150 milioi kilometro dira.
Planeta
Eguzkitik batez besteko distantzia, UA-tan
Merkurio
0,39
Venus
0,72
Lurra
1,00
Marte
1,52
Jupiter
5,20
Saturno
9,58
Urano
19,20
Neptuno
30,05"
MAT/MA123-SolarSystem,2,4,Basque,eus-ESP,"Eguzki-sistema  Galdera 2 / 2
Begiratu ""Eguzki-sistema"" egoerari eskuinean. Egin klik aukera batean, galderari erantzuteko.
Zenbat milioi kilometro daude, batez beste, Eguzkiaren eta Neptuno planetaren artean, gutxi gorabehera?
5 milioi km
30 milioi km
180 milioi km
4500 milioi km"
MAT/MA123-SolarSystem,2,5,Basque,eus-ESP,"C
(
)
x2
yx
√x
1/x
π
÷
7
8
9
x
4
5
6
–
1
2
3
+
0
.
+/-
="
MAT/MA123-SolarSystem,3,1,Basque,eus-ESP,Kalkulagailuaclose
MAT/MA123-SolarSystem,3,2,Basque,eus-ESP,PISA
MAT/MA123-SolarSystem,3,3,Basque,eus-ESP,"EGUZKI SISTEMA
Beheko taulan erakusten da Eguzkitik planeta primarioetarako batez besteko distantzia, unitate astronomikoetan (UA).
1 UA, gutxi gorabehera, 150 milioi kilometro dira.
Planeta
Eguzkitik batez besteko distantzia, UA-tan
Merkurio
0,39
Venus
0,72
Lurra
1,00
Marte
1,52
Jupiter
5,20
Saturno
9,58
Urano
19,20
Neptuno
30,05"
MAT/MA123-SolarSystem,3,4,Basque,eus-ESP,"Eguzki-sistema  Galdera 2 / 2
Begiratu ""Eguzki-sistema"" egoerari eskuinean. Egin klik aukera batean, galderari erantzuteko.
Zenbat milioi kilometro daude, batez beste, Eguzkiaren eta Neptuno planetaren artean, gutxi gorabehera?
5 milioi km
30 milioi km
180 milioi km
4500 milioi km"
MAT/MA123-SolarSystem,3,5,Basque,eus-ESP,"C
(
)
x2
yx
√x
1/x
π
÷
7
8
9
x
4
5
6
–
1
2
3
+
0
.
+/-
="
MAT/MA123-SolarSystem,1,1,Bokmål,nob-NOR,Kalkulatorclose
MAT/MA123-SolarSystem,1,2,Bokmål,nob-NOR,PISA
MAT/MA123-SolarSystem,1,3,Bokmål,nob-NOR,"SOLSYSTEMET
Tabellen nedenfor viser den gjennomsnittlige avstanden mellom sola og de følgende planetene i astronomiske enheter (AU).
1 AU er omtrent 150 millioner kilometer.
Planet
Gjennomsnittlig avstand fra sola i AU
Merkur
0,39
Venus
0,72
Jorda
1,00
Mars
1,52
Jupiter
5,20
Saturn
9,58
Uranus
19,20
Neptun
30,05"
MAT/MA123-SolarSystem,1,4,Bokmål,nob-NOR,"Solsystemet  Spørsmål 1 / 2
Les ""Solsystemet"" til høyre. Svar på spørsmålet ved å bruke dra og slipp.
Modellen nedenfor viser de gjennomsnittlige avstandene mellom tre planeter. (Planetene og modellen er ikke i riktig målestokk.)
4,38 AU
9,62 AU
Ut ifra avstandene som er oppgitt, hvilke av planetene passer inn i modellen? Dra de tre riktige planetene til riktig plass. For å endre et svar, må du først dra den forrige planeten ut.
Merkur
Venus
Jorda
Mars
Jupiter
Saturn
Uranus
Neptun"
MAT/MA123-SolarSystem,1,5,Bokmål,nob-NOR,"C
(
)
x2
yx
√x
1/x
π
÷
7
8
9
x
4
5
6
–
1
2
3
+
0
,
+/-
="
MAT/MA123-SolarSystem,2,1,Bokmål,nob-NOR,Kalkulatorclose
MAT/MA123-SolarSystem,2,2,Bokmål,nob-NOR,PISA
MAT/MA123-SolarSystem,2,3,Bokmål,nob-NOR,"SOLSYSTEMET
Tabellen nedenfor viser den gjennomsnittlige avstanden mellom sola og de følgende planetene i astronomiske enheter (AU).
1 AU er omtrent 150 millioner kilometer.
Planet
Gjennomsnittlig avstand fra sola i AU
Merkur
0,39
Venus
0,72
Jorda
1,00
Mars
1,52
Jupiter
5,20
Saturn
9,58
Uranus
19,20
Neptun
30,05"
MAT/MA123-SolarSystem,2,4,Bokmål,nob-NOR,"Solsystemet  Spørsmål 2 / 2
Les ""Solsystemet"" til høyre. Svar på spørsmålet ved å klikke på et av alternativene.
Omtrent hvor mange millioner kilometer fra sola er planeten Neptun, i gjennomsnitt?
5 millioner km
30 millioner km
180 millioner km
4500 millioner km"
MAT/MA123-SolarSystem,2,5,Bokmål,nob-NOR,"C
(
)
x2
yx
√x
1/x
π
÷
7
8
9
x
4
5
6
–
1
2
3
+
0
,
+/-
="
MAT/MA123-SolarSystem,3,1,Bokmål,nob-NOR,Kalkulatorclose
MAT/MA123-SolarSystem,3,2,Bokmål,nob-NOR,PISA
MAT/MA123-SolarSystem,3,3,Bokmål,nob-NOR,"SOLSYSTEMET
Tabellen nedenfor viser den gjennomsnittlige avstanden mellom sola og de følgende planetene i astronomiske enheter (AU).
1 AU er omtrent 150 millioner kilometer.
Planet
Gjennomsnittlig avstand fra sola i AU
Merkur
0,39
Venus
0,72
Jorda
1,00
Mars
1,52
Jupiter
5,20
Saturn
9,58
Uranus
19,20
Neptun
30,05"
MAT/MA123-SolarSystem,3,4,Bokmål,nob-NOR,"Solsystemet  Spørsmål 2 / 2
Les ""Solsystemet"" til høyre. Svar på spørsmålet ved å klikke på et av alternativene.
Omtrent hvor mange millioner kilometer fra sola er planeten Neptun, i gjennomsnitt?
5 millioner km
30 millioner km
180 millioner km
4500 millioner km"
MAT/MA123-SolarSystem,3,5,Bokmål,nob-NOR,"C
(
)
x2
yx
√x
1/x
π
÷
7
8
9
x
4
5
6
–
1
2
3
+
0
,
+/-
="
MAT/MA123-SolarSystem,1,1,Bosnian,bos-BIH,Digitronclose
MAT/MA123-SolarSystem,1,2,Bosnian,bos-BIH,PISA 2022
MAT/MA123-SolarSystem,1,3,Bosnian,bos-BIH,"SUNČEV SISTEM
Donja tabela pokazuje prosječnu udaljenost primarnih planeta od Sunca u astronomskim jedinicama (AJ).
1 AJ je približno 150 miliona kilometara.
Planeta
Prosječna udaljenost od Sunca u AJ
Merkur
0,39
Venera
0,72
Zemlja
1,00
Mars
1,52
Jupiter
5,20
Saturn
9,58
Uran
19,20
Neptun
30,05"
MAT/MA123-SolarSystem,1,4,Bosnian,bos-BIH,"Sunčev sistem  Pitanje 1 / 2
Koristi informacije iz teksta „Sunčev sistem“ s desne strane. Odgovori na pitanje koristeći funkciju „prevuci i postavi“.
Sljedeći model prikazuje prosječnu udaljenost između tri planete. (Planete i model na crtežu nijesu srazmjerni.)
4,38 AJ
9,62 AJ
Na osnovu datih udaljenosti, koje planete pripadaju modelu? Prevuci tri odgovarajuće planete tačnim redosljedom. Da promijeniš odgovor, najprije izbaci prethodnu planetu prevlačenjem.
Merkur
Venera
Zemlja
Mars
Jupiter
Saturn
Uran
Neptun"
MAT/MA123-SolarSystem,1,5,Bosnian,bos-BIH,"C
(
)
x2
yx
√x
1/x
π
:
7
8
9
·
4
5
6
–
1
2
3
+
0
,
+/-
="
MAT/MA123-SolarSystem,2,1,Bosnian,bos-BIH,Digitronclose
MAT/MA123-SolarSystem,2,2,Bosnian,bos-BIH,PISA 2022
MAT/MA123-SolarSystem,2,3,Bosnian,bos-BIH,"SUNČEV SISTEM
Donja tabela pokazuje prosječnu udaljenost primarnih planeta od Sunca u astronomskim jedinicama (AJ).
1 AJ je približno 150 miliona kilometara.
Planeta
Prosječna udaljenost od Sunca u AJ
Merkur
0,39
Venera
0,72
Zemlja
1,00
Mars
1,52
Jupiter
5,20
Saturn
9,58
Uran
19,20
Neptun
30,05"
MAT/MA123-SolarSystem,2,4,Bosnian,bos-BIH,"Sunčev sistem  Pitanje 2 / 2
Koristi informacije iz teksta „Sunčev sistem“ s desne strane. Odgovori na pitanje klikom na jednu od ponuđenih opcija.
U prosjeku, koliko je miliona kilometara približno planeta Neptun udaljena od Sunca?
5 miliona km
30 miliona km
180 miliona km
4 500 miliona km"
MAT/MA123-SolarSystem,2,5,Bosnian,bos-BIH,"C
(
)
x2
yx
√x
1/x
π
:
7
8
9
·
4
5
6
–
1
2
3
+
0
,
+/-
="
MAT/MA123-SolarSystem,3,1,Bosnian,bos-BIH,Digitronclose
MAT/MA123-SolarSystem,3,2,Bosnian,bos-BIH,PISA 2022
MAT/MA123-SolarSystem,3,3,Bosnian,bos-BIH,"SUNČEV SISTEM
Donja tabela pokazuje prosječnu udaljenost primarnih planeta od Sunca u astronomskim jedinicama (AJ).
1 AJ je približno 150 miliona kilometara.
Planeta
Prosječna udaljenost od Sunca u AJ
Merkur
0,39
Venera
0,72
Zemlja
1,00
Mars
1,52
Jupiter
5,20
Saturn
9,58
Uran
19,20
Neptun
30,05"
MAT/MA123-SolarSystem,3,4,Bosnian,bos-BIH,"Sunčev sistem  Pitanje 2 / 2
Koristi informacije iz teksta „Sunčev sistem“ s desne strane. Odgovori na pitanje klikom na jednu od ponuđenih opcija.
U prosjeku, koliko je miliona kilometara približno planeta Neptun udaljena od Sunca?
5 miliona km
30 miliona km
180 miliona km
4 500 miliona km"
MAT/MA123-SolarSystem,3,5,Bosnian,bos-BIH,"C
(
)
x2
yx
√x
1/x
π
:
7
8
9
·
4
5
6
–
1
2
3
+
0
,
+/-
="
MAT/MA123-SolarSystem,1,1,Bulgarian,bul-BGR,Калкулаторclose
MAT/MA123-SolarSystem,1,2,Bulgarian,bul-BGR,PISA
MAT/MA123-SolarSystem,1,3,Bulgarian,bul-BGR,"C
(
)
x2
yx
√x
1/x
π
÷
7
8
9
x
4
5
6
–
1
2
3
+
0
,
+/-
="
MAT/MA123-SolarSystem,1,4,Bulgarian,bul-BGR,"Слънчева система  Въпрос 1 / 2
Използвайте ""Слънчева система"" вдясно. Използвайте функцията ""влачене и пускане"", за да отговорите на въпроса.
Схемата показва средното разстояние между три планети. (Планетите и схемата не са в мащаб.)
4,38 AU
9,62 AU
Кои планети трябва да са на схемата според дадените разстояния? Като използвате функцията ""влачене и пускане"", поставете трите планети в правилния ред. За да промените отговора си, чрез влачене преместете планетата (обратно) на първоначалното ѝ място.
Меркурий
Венера
Земя
Марс
Юпитер
Сатурн
Уран
Нептун"
MAT/MA123-SolarSystem,1,5,Bulgarian,bul-BGR,"СЛЪНЧЕВА СИСТЕМА
Таблицата показва средното разстояние от Слънцето до следните планети в астрономически единици (AU).
1 AU е приблизително равна на 150 милиона километра.
Планета
Средно разстояние от Слънцето в AU
Меркурий
0,39
Венера
0,72
Земя
1,00
Марс
1,52
Юпитер
5,20
Сатурн
9,58
Уран
19,20
Нептун
30,05"
MAT/MA123-SolarSystem,2,1,Bulgarian,bul-BGR,Калкулаторclose
MAT/MA123-SolarSystem,2,2,Bulgarian,bul-BGR,PISA
MAT/MA123-SolarSystem,2,3,Bulgarian,bul-BGR,"Слънчева система  Въпрос 2 / 2
Използвайте ""Слънчева система"" вдясно. Кликнете върху отговора, който смятате за правилен.
Колко милиона километра е приблизителното средно разстояние между Слънцето и Нептун?
5 милиона km
30 милиона km
180 милиона km
4500 милиона km"
MAT/MA123-SolarSystem,2,4,Bulgarian,bul-BGR,"СЛЪНЧЕВА СИСТЕМА
Таблицата показва средното разстояние от Слънцето до следните планети в астрономически единици (AU).
1 AU е приблизително равна на 150 милиона километра.
Планета
Средно разстояние от Слънцето в AU
Меркурий
0,39
Венера
0,72
Земя
1,00
Марс
1,52
Юпитер
5,20
Сатурн
9,58
Уран
19,20
Нептун
30,05"
MAT/MA123-SolarSystem,2,5,Bulgarian,bul-BGR,"C
(
)
x2
yx
√x
1/x
π
÷
7
8
9
x
4
5
6
–
1
2
3
+
0
,
+/-
="
MAT/MA123-SolarSystem,3,1,Bulgarian,bul-BGR,Калкулаторclose
MAT/MA123-SolarSystem,3,2,Bulgarian,bul-BGR,PISA
MAT/MA123-SolarSystem,3,3,Bulgarian,bul-BGR,"Слънчева система  Въпрос 2 / 2
Използвайте ""Слънчева система"" вдясно. Кликнете върху отговора, който смятате за правилен.
Колко милиона километра е приблизителното средно разстояние между Слънцето и Нептун?
5 милиона km
30 милиона km
180 милиона km
4500 милиона km"
MAT/MA123-SolarSystem,3,4,Bulgarian,bul-BGR,"СЛЪНЧЕВА СИСТЕМА
Таблицата показва средното разстояние от Слънцето до следните планети в астрономически единици (AU).
1 AU е приблизително равна на 150 милиона километра.
Планета
Средно разстояние от Слънцето в AU
Меркурий
0,39
Венера
0,72
Земя
1,00
Марс
1,52
Юпитер
5,20
Сатурн
9,58
Уран
19,20
Нептун
30,05"
MAT/MA123-SolarSystem,3,5,Bulgarian,bul-BGR,"C
(
)
x2
yx
√x
1/x
π
÷
7
8
9
x
4
5
6
–
1
2
3
+
0
,
+/-
="
MAT/MA123-SolarSystem,1,1,Catalan,cat-ESP,Calculadoraclose
MAT/MA123-SolarSystem,1,2,Catalan,cat-ESP,PISA
MAT/MA123-SolarSystem,1,3,Catalan,cat-ESP,"SISTEMA SOLAR
La taula següent mostra la distància mitjana del Sol als planetes següents en unitats astronòmiques (ua).
1 ua és aproximadament 150 milions de quilòmetres.
Planeta
Distància mitjana del Sol en ua
Mercuri
0,39
Venus
0,72
Terra
1,00
Mart
1,52
Júpiter
5,20
Saturn
9,58
Urà
19,20
Neptú
30,05"
MAT/MA123-SolarSystem,1,4,Catalan,cat-ESP,"Sistema solar  Pregunta 1 / 2
Consulta ""Sistema solar"" a la dreta. Utilitza la funció d'arrossegar i deixar anar per respondre a la pregunta.
El model següent mostra les distàncies mitjanes entre tres planetes. (Els planetes i el model no estan dibuixats a escala.)
4,38 ua
9,62 ua
Segons les distàncies que es donen, quins planetes corresponen al model? Arrossega els tres planetes correctes en l'ordre correcte. Per canviar una resposta, primer arrossega el planeta anterior a la seva posició original.
Mercuri
Venus
Terra
Mart
Júpiter
Saturn
Urà
Neptú"
MAT/MA123-SolarSystem,1,5,Catalan,cat-ESP,"C
(
)
x2
yx
√x
1/x
π
/
7
8
9
x
4
5
6
–
1
2
3
+
0
.
+/-
="
MAT/MA123-SolarSystem,2,1,Catalan,cat-ESP,Calculadoraclose
MAT/MA123-SolarSystem,2,2,Catalan,cat-ESP,PISA
MAT/MA123-SolarSystem,2,3,Catalan,cat-ESP,"SISTEMA SOLAR
La taula següent mostra la distància mitjana del Sol als planetes següents en unitats astronòmiques (ua).
1 ua és aproximadament 150 milions de quilòmetres.
Planeta
Distància mitjana del Sol en ua
Mercuri
0,39
Venus
0,72
Terra
1,00
Mart
1,52
Júpiter
5,20
Saturn
9,58
Urà
19,20
Neptú
30,05"
MAT/MA123-SolarSystem,2,4,Catalan,cat-ESP,"Sistema solar  Pregunta 2 / 2
Consulta ""Sistema solar"" a la dreta. Clica una opció per respondre la pregunta.
De mitjana, a quants milions de quilòmetres del Sol hi ha el planeta Neptú, aproximadament?
5 milions de km
30 milions de km
180 milions de km
4500 milions de km"
MAT/MA123-SolarSystem,2,5,Catalan,cat-ESP,"C
(
)
x2
yx
√x
1/x
π
/
7
8
9
x
4
5
6
–
1
2
3
+
0
.
+/-
="
MAT/MA123-SolarSystem,3,1,Catalan,cat-ESP,Calculadoraclose
MAT/MA123-SolarSystem,3,2,Catalan,cat-ESP,PISA
MAT/MA123-SolarSystem,3,3,Catalan,cat-ESP,"SISTEMA SOLAR
La taula següent mostra la distància mitjana del Sol als planetes següents en unitats astronòmiques (ua).
1 ua és aproximadament 150 milions de quilòmetres.
Planeta
Distància mitjana del Sol en ua
Mercuri
0,39
Venus
0,72
Terra
1,00
Mart
1,52
Júpiter
5,20
Saturn
9,58
Urà
19,20
Neptú
30,05"
MAT/MA123-SolarSystem,3,4,Catalan,cat-ESP,"Sistema solar  Pregunta 2 / 2
Consulta ""Sistema solar"" a la dreta. Clica una opció per respondre la pregunta.
De mitjana, a quants milions de quilòmetres del Sol hi ha el planeta Neptú, aproximadament?
5 milions de km
30 milions de km
180 milions de km
4500 milions de km"
MAT/MA123-SolarSystem,3,5,Catalan,cat-ESP,"C
(
)
x2
yx
√x
1/x
π
/
7
8
9
x
4
5
6
–
1
2
3
+
0
.
+/-
="
MAT/MA123-SolarSystem,1,1,Chinese,zho-CHN,计算器close
MAT/MA123-SolarSystem,1,2,Chinese,zho-CHN,PISA
MAT/MA123-SolarSystem,1,3,Chinese,zho-CHN,"C
(
)
x2
yx
√x
1/x
π
÷
7
8
9
x
4
5
6
–
1
2
3
+
0
.
+/-
="
MAT/MA123-SolarSystem,1,4,Chinese,zho-CHN,"太阳系  问题 1 / 2
根据右侧的材料“太阳系”， 使用“拖放”功能来回答本题。
以下模型显示三颗行星之间的平均距离。 （行星与模型并非按比例绘制。）
4.38 au
9.62 au
根据已知距离，这个模型包含哪些行星？ 按正确的顺序拖放正确的三颗行星。 要更改答案，请先将上一颗行星拖出。
水星
金星
地球
火星
木星
土星
天王星
海王星"
MAT/MA123-SolarSystem,1,5,Chinese,zho-CHN,"太阳系
以下表格以天文单位 (au) 显示太阳与主行星之间的平均距离。
1 au 大约等于 150 百万千米。
行星
与太阳的平均距离（以 au 为单位）
水星
0.39
金星
0.72
地球
1.00
火星
1.52
木星
5.20
土星
9.58
天王星
19.20
海王星
30.05"
MAT/MA123-SolarSystem,2,1,Chinese,zho-CHN,计算器close
MAT/MA123-SolarSystem,2,2,Chinese,zho-CHN,PISA
MAT/MA123-SolarSystem,2,3,Chinese,zho-CHN,"太阳系  问题 2 / 2
根据右侧的材料“太阳系”， 点击一个选项来回答本题。
平均而言，海王星距离太阳大约多少百万千米？
5 百万千米
30 百万千米
180 百万千米
4500 百万千米"
MAT/MA123-SolarSystem,2,4,Chinese,zho-CHN,"太阳系
以下表格以天文单位 (au) 显示太阳与主行星之间的平均距离。
1 au 大约等于 150 百万千米。
行星
与太阳的平均距离（以 au 为单位）
水星
0.39
金星
0.72
地球
1.00
火星
1.52
木星
5.20
土星
9.58
天王星
19.20
海王星
30.05"
MAT/MA123-SolarSystem,2,5,Chinese,zho-CHN,"C
(
)
x2
yx
√x
1/x
π
÷
7
8
9
x
4
5
6
–
1
2
3
+
0
.
+/-
="
MAT/MA123-SolarSystem,3,1,Chinese,zho-CHN,计算器close
MAT/MA123-SolarSystem,3,2,Chinese,zho-CHN,PISA
MAT/MA123-SolarSystem,3,3,Chinese,zho-CHN,"太阳系  问题 2 / 2
根据右侧的材料“太阳系”， 点击一个选项来回答本题。
平均而言，海王星距离太阳大约多少百万千米？
5 百万千米
30 百万千米
180 百万千米
4500 百万千米"
MAT/MA123-SolarSystem,3,4,Chinese,zho-CHN,"太阳系
以下表格以天文单位 (au) 显示太阳与主行星之间的平均距离。
1 au 大约等于 150 百万千米。
行星
与太阳的平均距离（以 au 为单位）
水星
0.39
金星
0.72
地球
1.00
火星
1.52
木星
5.20
土星
9.58
天王星
19.20
海王星
30.05"
MAT/MA123-SolarSystem,3,5,Chinese,zho-CHN,"C
(
)
x2
yx
√x
1/x
π
÷
7
8
9
x
4
5
6
–
1
2
3
+
0
.
+/-
="
MAT/MA123-SolarSystem,1,1,Croatian,hrv-HRV,Kalkulatorclose
MAT/MA123-SolarSystem,1,2,Croatian,hrv-HRV,PISA
MAT/MA123-SolarSystem,1,3,Croatian,hrv-HRV,"SUNČEV SUSTAV
Donja tablica prikazuje prosječnu udaljenost glavnih planeta od Sunca u astronomskim jedinicama (AJ).
1 AJ iznosi otprilike 150 milijuna kilometara.
Planet
Prosječna udaljenost od Sunca (u AJ)
Merkur
0.39
Venera
0.72
Zemlja
1.00
Mars
1.52
Jupiter
5.20
Saturn
9.58
Uran
19.20
Neptun
30.05"
MAT/MA123-SolarSystem,1,4,Croatian,hrv-HRV,"Sunčev sustav  Pitanje 1 / 2
Prouči ""Sunčev sustav"" na desnoj strani. Odgovori na pitanje služeći se metodom ""povuci i spusti"".
Sljedeći model prikazuje prosječne udaljenosti između tri planeta. (Planeti i model nisu u mjerilu.)
4.38 AJ
9.62 AJ
Na temelju prikazanih udaljenosti, koji planeti pripadaju ovom modelu? Povuci i spusti tri točna planeta pravilnim redoslijedom. Ako želiš promijeniti odgovor, prvo odvuci prethodno postavljeni planet.
Merkur
Venera
Zemlja
Mars
Jupiter
Saturn
Uran
Neptun"
MAT/MA123-SolarSystem,1,5,Croatian,hrv-HRV,"C
(
)
x2
yx
√x
1/x
π
÷
7
8
9
x
4
5
6
–
1
2
3
+
0
.
+/-
="
MAT/MA123-SolarSystem,2,1,Croatian,hrv-HRV,Kalkulatorclose
MAT/MA123-SolarSystem,2,2,Croatian,hrv-HRV,PISA
MAT/MA123-SolarSystem,2,3,Croatian,hrv-HRV,"SUNČEV SUSTAV
Donja tablica prikazuje prosječnu udaljenost glavnih planeta od Sunca u astronomskim jedinicama (AJ).
1 AJ iznosi otprilike 150 milijuna kilometara.
Planet
Prosječna udaljenost od Sunca (u AJ)
Merkur
0.39
Venera
0.72
Zemlja
1.00
Mars
1.52
Jupiter
5.20
Saturn
9.58
Uran
19.20
Neptun
30.05"
MAT/MA123-SolarSystem,2,4,Croatian,hrv-HRV,"Sunčev sustav  Pitanje 2 / 2
Prouči ""Sunčev sustav"" na desnoj strani. Odgovori na pitanje klikom na jedan od ponuđenih odgovora.
Koliko je otprilike milijuna kilometara planet Neptun prosječno udaljen od Sunca?
5 milijuna km
30 milijuna km
180 milijuna km
4500 milijuna km"
MAT/MA123-SolarSystem,2,5,Croatian,hrv-HRV,"C
(
)
x2
yx
√x
1/x
π
÷
7
8
9
x
4
5
6
–
1
2
3
+
0
.
+/-
="
MAT/MA123-SolarSystem,3,1,Croatian,hrv-HRV,Kalkulatorclose
MAT/MA123-SolarSystem,3,2,Croatian,hrv-HRV,PISA
MAT/MA123-SolarSystem,3,3,Croatian,hrv-HRV,"SUNČEV SUSTAV
Donja tablica prikazuje prosječnu udaljenost glavnih planeta od Sunca u astronomskim jedinicama (AJ).
1 AJ iznosi otprilike 150 milijuna kilometara.
Planet
Prosječna udaljenost od Sunca (u AJ)
Merkur
0.39
Venera
0.72
Zemlja
1.00
Mars
1.52
Jupiter
5.20
Saturn
9.58
Uran
19.20
Neptun
30.05"
MAT/MA123-SolarSystem,3,4,Croatian,hrv-HRV,"Sunčev sustav  Pitanje 2 / 2
Prouči ""Sunčev sustav"" na desnoj strani. Odgovori na pitanje klikom na jedan od ponuđenih odgovora.
Koliko je otprilike milijuna kilometara planet Neptun prosječno udaljen od Sunca?
5 milijuna km
30 milijuna km
180 milijuna km
4500 milijuna km"
MAT/MA123-SolarSystem,3,5,Croatian,hrv-HRV,"C
(
)
x2
yx
√x
1/x
π
÷
7
8
9
x
4
5
6
–
1
2
3
+
0
.
+/-
="
MAT/MA123-SolarSystem,1,1,Czech,ces-CZE,Kalkulačkaclose
MAT/MA123-SolarSystem,1,2,Czech,ces-CZE,PISA
MAT/MA123-SolarSystem,1,3,Czech,ces-CZE,"Sluneční soustava  Otázka 1 / 2
Prostuduj si úlohu „Sluneční soustava“ na pravé straně. Odpověz na otázku přetažením obrázků do příslušných políček.
Tento model znázorňuje průměrné vzdálenosti mezi třemi planetami. (Planety a model nejsou zakresleny v měřítku.)
4,38 au
9,62 au
Které planety patří podle uvedených vzdáleností do modelu? Přetáhni tři správné planety do odpovídajícího pořadí. Chceš-li odpověď změnit, nejdříve odeber původně vybranou planetu.
Merkur
Venuše
Země
Mars
Jupiter
Saturn
Uran
Neptun"
MAT/MA123-SolarSystem,1,4,Czech,ces-CZE,"SLUNEČNÍ SOUSTAVA
Tabulka uvádí průměrnou vzdálenost primárních planet od Slunce v astronomických jednotkách (au).
1 au je přibližně 150 milionů kilometrů.
Planeta
Průměrná vzdálenost od Slunce v au
Merkur
0,39
Venuše
0,72
Země
1,00
Mars
1,52
Jupiter
5,20
Saturn
9,58
Uran
19,20
Neptun
30,05"
MAT/MA123-SolarSystem,1,5,Czech,ces-CZE,"C
(
)
x2
yx
√x
1/x
π
÷
7
8
9
·
4
5
6
–
1
2
3
+
0
,
+/-
="
MAT/MA123-SolarSystem,2,1,Czech,ces-CZE,Kalkulačkaclose
MAT/MA123-SolarSystem,2,2,Czech,ces-CZE,PISA
MAT/MA123-SolarSystem,2,3,Czech,ces-CZE,"Sluneční soustava  Otázka 2 / 2
Prostuduj si úlohu „Sluneční soustava“ na pravé straně. Odpověz na otázku kliknutím na jednu z možností.
Jaká je přibližně průměrná vzdálenost planety Neptun od Slunce?
5 milionů km
30 milionů km
180 milionů km
4 500 milionů km"
MAT/MA123-SolarSystem,2,4,Czech,ces-CZE,"SLUNEČNÍ SOUSTAVA
Tabulka uvádí průměrnou vzdálenost primárních planet od Slunce v astronomických jednotkách (au).
1 au je přibližně 150 milionů kilometrů.
Planeta
Průměrná vzdálenost od Slunce v au
Merkur
0,39
Venuše
0,72
Země
1,00
Mars
1,52
Jupiter
5,20
Saturn
9,58
Uran
19,20
Neptun
30,05"
MAT/MA123-SolarSystem,2,5,Czech,ces-CZE,"C
(
)
x2
yx
√x
1/x
π
÷
7
8
9
·
4
5
6
–
1
2
3
+
0
,
+/-
="
MAT/MA123-SolarSystem,3,1,Czech,ces-CZE,Kalkulačkaclose
MAT/MA123-SolarSystem,3,2,Czech,ces-CZE,PISA
MAT/MA123-SolarSystem,3,3,Czech,ces-CZE,"Sluneční soustava  Otázka 2 / 2
Prostuduj si úlohu „Sluneční soustava“ na pravé straně. Odpověz na otázku kliknutím na jednu z možností.
Jaká je přibližně průměrná vzdálenost planety Neptun od Slunce?
5 milionů km
30 milionů km
180 milionů km
4 500 milionů km"
MAT/MA123-SolarSystem,3,4,Czech,ces-CZE,"SLUNEČNÍ SOUSTAVA
Tabulka uvádí průměrnou vzdálenost primárních planet od Slunce v astronomických jednotkách (au).
1 au je přibližně 150 milionů kilometrů.
Planeta
Průměrná vzdálenost od Slunce v au
Merkur
0,39
Venuše
0,72
Země
1,00
Mars
1,52
Jupiter
5,20
Saturn
9,58
Uran
19,20
Neptun
30,05"
MAT/MA123-SolarSystem,3,5,Czech,ces-CZE,"C
(
)
x2
yx
√x
1/x
π
÷
7
8
9
·
4
5
6
–
1
2
3
+
0
,
+/-
="
MAT/MA123-SolarSystem,1,1,Danish,dan-DNK,Lommeregnerclose
MAT/MA123-SolarSystem,1,2,Danish,dan-DNK,PISA
MAT/MA123-SolarSystem,1,3,Danish,dan-DNK,"SOLSYSTEMET
Tabellen herunder viser den gennemsnitlige afstand fra solen til de primære planeter målt i astronomiske enheder (AE).
1 AE er cirka 150 millioner kilometer.
Planet
Gennemsnitlig afstand fra Solen i AE
Merkur
0,39
Venus
0,72
Jorden
1,00
Mars
1,52
Jupiter
5,20
Saturn
9,58
Uranus
19,20
Neptun
30,05"
MAT/MA123-SolarSystem,1,4,Danish,dan-DNK,"Solsystemet  Spørgsmål 1 / 2
Tag udgangspunkt i ""Solsystemet"" til højre. Brug træk og slip til at besvare spørgsmålet.
Den følgende model viser den gennemsnitlige afstand mellem tre planeter. (Planeter og model er ikke målfaste).
4,38 AE
9,62 AE
Hvilke planeter hører så til i modellen, på grundlag af de givne afstande? Træk de tre rigtige planeter i den rigtige rækkefølge. For at ændre et svar så træk først den forrige planet ud.
Merkur
Venus
Jorden
Mars
Jupiter
Saturn
Uranus
Neptun"
MAT/MA123-SolarSystem,1,5,Danish,dan-DNK,"C
(
)
x2
yx
√x
1/x
π
÷
7
8
9
x
4
5
6
–
1
2
3
+
0
,
+/-
="
MAT/MA123-SolarSystem,2,1,Danish,dan-DNK,Lommeregnerclose
MAT/MA123-SolarSystem,2,2,Danish,dan-DNK,PISA
MAT/MA123-SolarSystem,2,3,Danish,dan-DNK,"SOLSYSTEMET
Tabellen herunder viser den gennemsnitlige afstand fra solen til de primære planeter målt i astronomiske enheder (AE).
1 AE er cirka 150 millioner kilometer.
Planet
Gennemsnitlig afstand fra Solen i AE
Merkur
0,39
Venus
0,72
Jorden
1,00
Mars
1,52
Jupiter
5,20
Saturn
9,58
Uranus
19,20
Neptun
30,05"
MAT/MA123-SolarSystem,2,4,Danish,dan-DNK,"Solsystemet  Spørgsmål 2 / 2
Tag udgangspunkt i ""Solsystemet"" til højre. Klik på en svarmulighed for at besvare spørgsmålet.
Cirka hvor mange millioner kilometer er den gennemsnitlige afstand fra Solen til planeten Neptun?
5 millioner km
30 millioner km
180 millioner km
4.500 millioner km"
MAT/MA123-SolarSystem,2,5,Danish,dan-DNK,"C
(
)
x2
yx
√x
1/x
π
÷
7
8
9
x
4
5
6
–
1
2
3
+
0
,
+/-
="
MAT/MA123-SolarSystem,3,1,Danish,dan-DNK,Lommeregnerclose
MAT/MA123-SolarSystem,3,2,Danish,dan-DNK,PISA
MAT/MA123-SolarSystem,3,3,Danish,dan-DNK,"SOLSYSTEMET
Tabellen herunder viser den gennemsnitlige afstand fra solen til de primære planeter målt i astronomiske enheder (AE).
1 AE er cirka 150 millioner kilometer.
Planet
Gennemsnitlig afstand fra Solen i AE
Merkur
0,39
Venus
0,72
Jorden
1,00
Mars
1,52
Jupiter
5,20
Saturn
9,58
Uranus
19,20
Neptun
30,05"
MAT/MA123-SolarSystem,3,4,Danish,dan-DNK,"Solsystemet  Spørgsmål 2 / 2
Tag udgangspunkt i ""Solsystemet"" til højre. Klik på en svarmulighed for at besvare spørgsmålet.
Cirka hvor mange millioner kilometer er den gennemsnitlige afstand fra Solen til planeten Neptun?
5 millioner km
30 millioner km
180 millioner km
4.500 millioner km"
MAT/MA123-SolarSystem,3,5,Danish,dan-DNK,"C
(
)
x2
yx
√x
1/x
π
÷
7
8
9
x
4
5
6
–
1
2
3
+
0
,
+/-
="
MAT/MA123-SolarSystem,1,1,Dutch,nld-NLD,Rekenmachineclose
MAT/MA123-SolarSystem,1,2,Dutch,nld-NLD,PISA
MAT/MA123-SolarSystem,1,3,Dutch,nld-NLD,"ZONNESTELSEL
De onderstaande tabel toont de gemiddelde afstand van de zon tot de hoofdplaneten in astronomische eenheden (ae).
1 ae is ongeveer 150 miljoen kilometer.
Planeet
Gemiddelde afstand van de zon in ae
Mercurius
0,39
Venus
0,72
Aarde
1,00
Mars
1,52
Jupiter
5,20
Saturnus
9,58
Uranus
19,20
Neptunus
30,05"
MAT/MA123-SolarSystem,1,4,Dutch,nld-NLD,"Zonnestelsel  Vraag 1 / 2
Raadpleeg 'Zonnestelsel' aan de rechterkant. Beantwoord de vraag door middel van slepen en neerzetten.
Het volgende model toont de gemiddelde afstand tussen drie planeten. (Planeten en model niet op schaalgrootte.)
4,38 ae
9,62 ae
Welke planeten horen, op basis van de gegeven afstanden, in het model? Sleep de juiste drie planeten in de juiste volgorde. Om een antwoord te wijzigen, sleep je eerst de vorige planeet weg.
Mercurius
Venus
Aarde
Mars
Jupiter
Saturnus
Uranus
Neptunus"
MAT/MA123-SolarSystem,1,5,Dutch,nld-NLD,"C
(
)
x2
yx
√x
1/x
π
÷
7
8
9
x
4
5
6
–
1
2
3
+
0
,
+/-
="
MAT/MA123-SolarSystem,2,1,Dutch,nld-NLD,Rekenmachineclose
MAT/MA123-SolarSystem,2,2,Dutch,nld-NLD,PISA
MAT/MA123-SolarSystem,2,3,Dutch,nld-NLD,"ZONNESTELSEL
De onderstaande tabel toont de gemiddelde afstand van de zon tot de hoofdplaneten in astronomische eenheden (ae).
1 ae is ongeveer 150 miljoen kilometer.
Planeet
Gemiddelde afstand van de zon in ae
Mercurius
0,39
Venus
0,72
Aarde
1,00
Mars
1,52
Jupiter
5,20
Saturnus
9,58
Uranus
19,20
Neptunus
30,05"
MAT/MA123-SolarSystem,2,4,Dutch,nld-NLD,"Zonnestelsel  Vraag 2 / 2
Raadpleeg 'Zonnestelsel' aan de rechterkant. Beantwoord de vraag door één van de opties aan te klikken.
Ongeveer hoeveel miljoen kilometer is de planeet Neptunus gemiddeld van de zon verwijderd?
5 miljoen km
30 miljoen km
180 miljoen km
4500 miljoen km"
MAT/MA123-SolarSystem,2,5,Dutch,nld-NLD,"C
(
)
x2
yx
√x
1/x
π
÷
7
8
9
x
4
5
6
–
1
2
3
+
0
,
+/-
="
MAT/MA123-SolarSystem,3,1,Dutch,nld-NLD,Rekenmachineclose
MAT/MA123-SolarSystem,3,2,Dutch,nld-NLD,PISA
MAT/MA123-SolarSystem,3,3,Dutch,nld-NLD,"ZONNESTELSEL
De onderstaande tabel toont de gemiddelde afstand van de zon tot de hoofdplaneten in astronomische eenheden (ae).
1 ae is ongeveer 150 miljoen kilometer.
Planeet
Gemiddelde afstand van de zon in ae
Mercurius
0,39
Venus
0,72
Aarde
1,00
Mars
1,52
Jupiter
5,20
Saturnus
9,58
Uranus
19,20
Neptunus
30,05"
MAT/MA123-SolarSystem,3,4,Dutch,nld-NLD,"Zonnestelsel  Vraag 2 / 2
Raadpleeg 'Zonnestelsel' aan de rechterkant. Beantwoord de vraag door één van de opties aan te klikken.
Ongeveer hoeveel miljoen kilometer is de planeet Neptunus gemiddeld van de zon verwijderd?
5 miljoen km
30 miljoen km
180 miljoen km
4500 miljoen km"
MAT/MA123-SolarSystem,3,5,Dutch,nld-NLD,"C
(
)
x2
yx
√x
1/x
π
÷
7
8
9
x
4
5
6
–
1
2
3
+
0
,
+/-
="
MAT/MA123-SolarSystem,1,1,English,eng-CAN,Calculatorclose
MAT/MA123-SolarSystem,1,2,English,eng-CAN,PISA
MAT/MA123-SolarSystem,1,3,English,eng-CAN,"SOLAR SYSTEM
The table below shows the average distance from the Sun to the primary planets in Astronomical Units (au).
1 au is approximately 150 million kilometres.
Planet
Average distance from Sun in au
Mercury
0.39
Venus
0.72
Earth
1.00
Mars
1.52
Jupiter
5.20
Saturn
9.58
Uranus
19.20
Neptune
30.05"
MAT/MA123-SolarSystem,1,4,English,eng-CAN,"Solar System  Question 1 / 2
Refer to “Solar System” on the right. Use drag and drop to answer the question.
The following model shows the average distances between three planets. (Planets and model not drawn to scale.)
4.38 au
9.62 au
Based on the distances given, which planets belong in the model? Drag the correct three planets in the correct order. To change an answer, first drag the previous planet out.
Mercury
Venus
Earth
Mars
Jupiter
Saturn
Uranus
Neptune"
MAT/MA123-SolarSystem,1,5,English,eng-CAN,"C
(
)
x2
yx
√x
1/x
π
÷
7
8
9
x
4
5
6
–
1
2
3
+
0
.
+/-
="
MAT/MA123-SolarSystem,2,1,English,eng-CAN,Calculatorclose
MAT/MA123-SolarSystem,2,2,English,eng-CAN,PISA
MAT/MA123-SolarSystem,2,3,English,eng-CAN,"SOLAR SYSTEM
The table below shows the average distance from the Sun to the primary planets in Astronomical Units (au).
1 au is approximately 150 million kilometres.
Planet
Average distance from Sun in au
Mercury
0.39
Venus
0.72
Earth
1.00
Mars
1.52
Jupiter
5.20
Saturn
9.58
Uranus
19.20
Neptune
30.05"
MAT/MA123-SolarSystem,2,4,English,eng-CAN,"Solar System  Question 2 / 2
Refer to “Solar System” on the right. Click on a choice to answer the question.
On average, approximately how many million kilometres from the Sun is the planet Neptune?
5 million km
30 million km
180 million km
4500 million km"
MAT/MA123-SolarSystem,2,5,English,eng-CAN,"C
(
)
x2
yx
√x
1/x
π
÷
7
8
9
x
4
5
6
–
1
2
3
+
0
.
+/-
="
MAT/MA123-SolarSystem,3,1,English,eng-CAN,Calculatorclose
MAT/MA123-SolarSystem,3,2,English,eng-CAN,PISA
MAT/MA123-SolarSystem,3,3,English,eng-CAN,"SOLAR SYSTEM
The table below shows the average distance from the Sun to the primary planets in Astronomical Units (au).
1 au is approximately 150 million kilometres.
Planet
Average distance from Sun in au
Mercury
0.39
Venus
0.72
Earth
1.00
Mars
1.52
Jupiter
5.20
Saturn
9.58
Uranus
19.20
Neptune
30.05"
MAT/MA123-SolarSystem,3,4,English,eng-CAN,"Solar System  Question 2 / 2
Refer to “Solar System” on the right. Click on a choice to answer the question.
On average, approximately how many million kilometres from the Sun is the planet Neptune?
5 million km
30 million km
180 million km
4500 million km"
MAT/MA123-SolarSystem,3,5,English,eng-CAN,"C
(
)
x2
yx
√x
1/x
π
÷
7
8
9
x
4
5
6
–
1
2
3
+
0
.
+/-
="
MAT/MA123-SolarSystem,1,1,Estonian,est-EST,Kalkulaatorclose
MAT/MA123-SolarSystem,1,2,Estonian,est-EST,PISA
MAT/MA123-SolarSystem,1,3,Estonian,est-EST,"PÄIKESESÜSTEEM
Järgmises tabelis on toodud peamiste planeetide keskmised kaugused Päikesest astronoomilistes ühikutes (aü).
1 aü on ligikaudu 150 miljonit kilomeetrit.
Planeet
Keskmine kaugus Päikesest, aü
Merkuur
0,39
Veenus
0,72
Maa
1,00
Marss
1,52
Jupiter
5,20
Saturn
9,58
Uraan
19,20
Neptuun
30,05"
MAT/MA123-SolarSystem,1,4,Estonian,est-EST,"Päikesesüsteem  Küsimus 1 / 2
Toetu materjalile „Päikesesüsteem” paremal. Küsimusele vastamiseks kasuta hiirega lohistamist.
Järgmisel mudelil on kujutatud kolme planeedi vahelised keskmised kaugused. (Planeedid ega mudel ei ole mõõtkavas.)
4,38 aü
9,62 aü
Millised planeedid kuuluvad sellesse mudelisse, arvestades antud kaugusi? Lohista õiged kolm planeeti mudelile õigetesse kohtadesse. Vastuse muutmiseks lohista kõigepealt eelmine planeet mudelilt välja.
Merkuur
Veenus
Maa
Marss
Jupiter
Saturn
Uraan
Neptuun"
MAT/MA123-SolarSystem,1,5,Estonian,est-EST,"C
(
)
x2
yx
√x
1/x
π
/
7
8
9
*
4
5
6
–
1
2
3
+
0
,
+/-
="
MAT/MA123-SolarSystem,2,1,Estonian,est-EST,Kalkulaatorclose
MAT/MA123-SolarSystem,2,2,Estonian,est-EST,PISA
MAT/MA123-SolarSystem,2,3,Estonian,est-EST,"PÄIKESESÜSTEEM
Järgmises tabelis on toodud peamiste planeetide keskmised kaugused Päikesest astronoomilistes ühikutes (aü).
1 aü on ligikaudu 150 miljonit kilomeetrit.
Planeet
Keskmine kaugus Päikesest, aü
Merkuur
0,39
Veenus
0,72
Maa
1,00
Marss
1,52
Jupiter
5,20
Saturn
9,58
Uraan
19,20
Neptuun
30,05"
MAT/MA123-SolarSystem,2,4,Estonian,est-EST,"Päikesesüsteem  Küsimus 2 / 2
Toetu materjalile „Päikesesüsteem” paremal. Küsimusele vastamiseks klõpsa ühte vastusevarianti.
Mitu miljonit kilomeetrit on planeet Neptuuni ligikaudne keskmine kaugus Päikesest?
5 miljonit km
30 miljonit km
180 miljonit km
4500 miljonit km"
MAT/MA123-SolarSystem,2,5,Estonian,est-EST,"C
(
)
x2
yx
√x
1/x
π
/
7
8
9
*
4
5
6
–
1
2
3
+
0
,
+/-
="
MAT/MA123-SolarSystem,3,1,Estonian,est-EST,Kalkulaatorclose
MAT/MA123-SolarSystem,3,2,Estonian,est-EST,PISA
MAT/MA123-SolarSystem,3,3,Estonian,est-EST,"PÄIKESESÜSTEEM
Järgmises tabelis on toodud peamiste planeetide keskmised kaugused Päikesest astronoomilistes ühikutes (aü).
1 aü on ligikaudu 150 miljonit kilomeetrit.
Planeet
Keskmine kaugus Päikesest, aü
Merkuur
0,39
Veenus
0,72
Maa
1,00
Marss
1,52
Jupiter
5,20
Saturn
9,58
Uraan
19,20
Neptuun
30,05"
MAT/MA123-SolarSystem,3,4,Estonian,est-EST,"Päikesesüsteem  Küsimus 2 / 2
Toetu materjalile „Päikesesüsteem” paremal. Küsimusele vastamiseks klõpsa ühte vastusevarianti.
Mitu miljonit kilomeetrit on planeet Neptuuni ligikaudne keskmine kaugus Päikesest?
5 miljonit km
30 miljonit km
180 miljonit km
4500 miljonit km"
MAT/MA123-SolarSystem,3,5,Estonian,est-EST,"C
(
)
x2
yx
√x
1/x
π
/
7
8
9
*
4
5
6
–
1
2
3
+
0
,
+/-
="
MAT/MA123-SolarSystem,1,1,Finnish,fin-FIN,Laskinclose
MAT/MA123-SolarSystem,1,2,Finnish,fin-FIN,PISA
MAT/MA123-SolarSystem,1,3,Finnish,fin-FIN,"AURINKOKUNTA
Alla olevassa taulukossa on esitetty tunnettujen planeettojen keskimääräisiä etäisyyksiä Auringosta astronomisina yksikköinä (au).
1 au on noin 150 miljoonaa kilometriä.
Planeetta
Keskimääräinen etäisyys Auringosta (au)
Merkurius
0,39
Venus
0,72
Maa
1,00
Mars
1,52
Jupiter
5,20
Saturnus
9,58
Uranus
19,20
Neptunus
30,05"
MAT/MA123-SolarSystem,1,4,Finnish,fin-FIN,"Aurinkokunta  Tehtävä 1 / 2
Tarkastele oikealla olevaa ""Aurinkokunta""-aineistoa. Käytä vastaamisessa ""vedä ja pudota"" ‑toimintoa.
Seuraava malli esittää kolmen planeetan keskimääräistä etäisyyttä toisistaan. (Planeetat ja malli eivät ole mittakaavassa.)
4,38 au
9,62 au
Mitkä planeetat kuuluvat malliin annettujen etäisyyksien perusteella? Vedä oikeat kolme planeettaa paikoilleen oikeaan järjestykseen. Jos haluat muuttaa vastaustasi, vedä ensin edellinen planeetta pois.
Merkurius
Venus
Maa
Mars
Jupiter
Saturnus
Uranus
Neptunus"
MAT/MA123-SolarSystem,1,5,Finnish,fin-FIN,"C
(
)
x2
yx
√x
1/x
π
÷
7
8
9
x
4
5
6
–
1
2
3
+
0
,
+/-
="
MAT/MA123-SolarSystem,2,1,Finnish,fin-FIN,Laskinclose
MAT/MA123-SolarSystem,2,2,Finnish,fin-FIN,PISA
MAT/MA123-SolarSystem,2,3,Finnish,fin-FIN,"AURINKOKUNTA
Alla olevassa taulukossa on esitetty tunnettujen planeettojen keskimääräisiä etäisyyksiä Auringosta astronomisina yksikköinä (au).
1 au on noin 150 miljoonaa kilometriä.
Planeetta
Keskimääräinen etäisyys Auringosta (au)
Merkurius
0,39
Venus
0,72
Maa
1,00
Mars
1,52
Jupiter
5,20
Saturnus
9,58
Uranus
19,20
Neptunus
30,05"
MAT/MA123-SolarSystem,2,4,Finnish,fin-FIN,"Aurinkokunta  Tehtävä 2 / 2
Tarkastele oikealla olevaa ""Aurinkokunta""-aineistoa. Vastaa napsauttamalla yhtä vaihtoehtoa.
Kuinka monta miljoonaa kilometriä on Neptunus-planeetan keskimääräinen etäisyys Auringosta suunnilleen?
5 miljoonaa km
30 miljoonaa km
180 miljoonaa km
4 500 miljoonaa km"
MAT/MA123-SolarSystem,2,5,Finnish,fin-FIN,"C
(
)
x2
yx
√x
1/x
π
÷
7
8
9
x
4
5
6
–
1
2
3
+
0
,
+/-
="
MAT/MA123-SolarSystem,3,1,Finnish,fin-FIN,Laskinclose
MAT/MA123-SolarSystem,3,2,Finnish,fin-FIN,PISA
MAT/MA123-SolarSystem,3,3,Finnish,fin-FIN,"AURINKOKUNTA
Alla olevassa taulukossa on esitetty tunnettujen planeettojen keskimääräisiä etäisyyksiä Auringosta astronomisina yksikköinä (au).
1 au on noin 150 miljoonaa kilometriä.
Planeetta
Keskimääräinen etäisyys Auringosta (au)
Merkurius
0,39
Venus
0,72
Maa
1,00
Mars
1,52
Jupiter
5,20
Saturnus
9,58
Uranus
19,20
Neptunus
30,05"
MAT/MA123-SolarSystem,3,4,Finnish,fin-FIN,"Aurinkokunta  Tehtävä 2 / 2
Tarkastele oikealla olevaa ""Aurinkokunta""-aineistoa. Vastaa napsauttamalla yhtä vaihtoehtoa.
Kuinka monta miljoonaa kilometriä on Neptunus-planeetan keskimääräinen etäisyys Auringosta suunnilleen?
5 miljoonaa km
30 miljoonaa km
180 miljoonaa km
4 500 miljoonaa km"
MAT/MA123-SolarSystem,3,5,Finnish,fin-FIN,"C
(
)
x2
yx
√x
1/x
π
÷
7
8
9
x
4
5
6
–
1
2
3
+
0
,
+/-
="
MAT/MA123-SolarSystem,1,1,French,fra-FRA,Calculatriceclose
MAT/MA123-SolarSystem,1,2,French,fra-FRA,PISA
MAT/MA123-SolarSystem,1,3,French,fra-FRA,"C
(
)
x2
yx
√x
1/x
π
÷
7
8
9
x
4
5
6
–
1
2
3
+
0
,
+/-
="
MAT/MA123-SolarSystem,1,4,French,fra-FRA,"SYSTÈME SOLAIRE
Le tableau ci-dessous indique la distance moyenne entre le Soleil et les planètes suivantes exprimée en unités astronomiques (ua).
1 ua est égale à 150 millions de kilomètres environ.
Planète
Distance moyenne par rapport au Soleil, en ua
Mercure
0,39
Vénus
0,72
Terre
1,00
Mars
1,52
Jupiter
5,20
Saturne
9,58
Uranus
19,20
Neptune
30,05"
MAT/MA123-SolarSystem,1,5,French,fra-FRA,"Système solaire   Question 1 / 2
Utilisez les informations fournies sous « Système solaire » à droite. Utilisez la fonction « glisser-déposer » pour répondre à la question.
Ce schéma montre les distances moyennes séparant trois planètes. (Les planètes et le schéma ne sont pas à l'échelle.)
4,38 ua
9,62 ua
D'après les distances indiquées, quelles sont les planètes représentées par ce schéma ? Faites glisser et placez les trois bonnes planètes dans le bon ordre. Pour modifier une réponse, retirez d'abord la planète choisie précédemment.
Mercure
Vénus
Terre
Mars
Jupiter
Saturne
Uranus
Neptune"
MAT/MA123-SolarSystem,2,1,French,fra-FRA,Calculatriceclose
MAT/MA123-SolarSystem,2,2,French,fra-FRA,PISA
MAT/MA123-SolarSystem,2,3,French,fra-FRA,"SYSTÈME SOLAIRE
Le tableau ci-dessous indique la distance moyenne entre le Soleil et les planètes suivantes exprimée en unités astronomiques (ua).
1 ua est égale à 150 millions de kilomètres environ.
Planète
Distance moyenne par rapport au Soleil, en ua
Mercure
0,39
Vénus
0,72
Terre
1,00
Mars
1,52
Jupiter
5,20
Saturne
9,58
Uranus
19,20
Neptune
30,05"
MAT/MA123-SolarSystem,2,4,French,fra-FRA,"Système solaire   Question 2 / 2
Utilisez les informations fournies sous « Système solaire » à droite. Cliquez sur la réponse de votre choix.
En moyenne, combien de millions de kilomètres y a-t-il environ entre le Soleil et la planète Neptune ?
5 millions de km
30 millions de km
180 millions de km
4 500 millions de km"
MAT/MA123-SolarSystem,2,5,French,fra-FRA,"C
(
)
x2
yx
√x
1/x
π
÷
7
8
9
x
4
5
6
–
1
2
3
+
0
,
+/-
="
MAT/MA123-SolarSystem,3,1,French,fra-FRA,Calculatriceclose
MAT/MA123-SolarSystem,3,2,French,fra-FRA,PISA
MAT/MA123-SolarSystem,3,3,French,fra-FRA,"SYSTÈME SOLAIRE
Le tableau ci-dessous indique la distance moyenne entre le Soleil et les planètes suivantes exprimée en unités astronomiques (ua).
1 ua est égale à 150 millions de kilomètres environ.
Planète
Distance moyenne par rapport au Soleil, en ua
Mercure
0,39
Vénus
0,72
Terre
1,00
Mars
1,52
Jupiter
5,20
Saturne
9,58
Uranus
19,20
Neptune
30,05"
MAT/MA123-SolarSystem,3,4,French,fra-FRA,"Système solaire   Question 2 / 2
Utilisez les informations fournies sous « Système solaire » à droite. Cliquez sur la réponse de votre choix.
En moyenne, combien de millions de kilomètres y a-t-il environ entre le Soleil et la planète Neptune ?
5 millions de km
30 millions de km
180 millions de km
4 500 millions de km"
MAT/MA123-SolarSystem,3,5,French,fra-FRA,"C
(
)
x2
yx
√x
1/x
π
÷
7
8
9
x
4
5
6
–
1
2
3
+
0
,
+/-
="
MAT/MA123-SolarSystem,1,1,Galician,glg-ESP,Calculadoraclose
MAT/MA123-SolarSystem,1,2,Galician,glg-ESP,PISA
MAT/MA123-SolarSystem,1,3,Galician,glg-ESP,"SISTEMA SOLAR
A seguinte táboa mostra a distancia media entre o Sol e os planetas primarios en Unidades Astronómicas (ua)
1 ua é aproximadamente 150 millóns de quilómetros.
Planeta
Distancia media respecto do Sol, en ua
Mercurio
0,39
Venus
0,72
Terra
1,00
Marte
1,52
Xúpiter
5,20
Saturno
9,58
Urano
19,20
Neptuno
30,05"
MAT/MA123-SolarSystem,1,4,Galician,glg-ESP,"Sistema Solar  Pregunta 1 / 2
Consulta o artigo ""Sistema Solar"" da dereita. Utiliza a función de arrastrar e soltar para responderes a pregunta.
O seguinte esquema mostra as distancias medias entre tres planetas. (Nin os planetas nin o modelo están feitos a escala.)
4,38 ua
9,62 ua
Baseándote nas distancias dadas, que planetas son os que se representan no esquema? Arrastra e coloca os tres planetas correctos na súa orde correcta. Para modificar unha resposta, primeiro arrastra o planeta previamente escollido ata a súa posición inicial.
Mercurio
Venus
Terra
Marte
Xúpiter
Saturno
Urano
Neptuno"
MAT/MA123-SolarSystem,1,5,Galician,glg-ESP,"C
(
)
x2
yx
√x
1/x
π
/
7
8
9
*
4
5
6
–
1
2
3
+
0
,
+/-
="
MAT/MA123-SolarSystem,2,1,Galician,glg-ESP,Calculadoraclose
MAT/MA123-SolarSystem,2,2,Galician,glg-ESP,PISA
MAT/MA123-SolarSystem,2,3,Galician,glg-ESP,"SISTEMA SOLAR
A seguinte táboa mostra a distancia media entre o Sol e os planetas primarios en Unidades Astronómicas (ua)
1 ua é aproximadamente 150 millóns de quilómetros.
Planeta
Distancia media respecto do Sol, en ua
Mercurio
0,39
Venus
0,72
Terra
1,00
Marte
1,52
Xúpiter
5,20
Saturno
9,58
Urano
19,20
Neptuno
30,05"
MAT/MA123-SolarSystem,2,4,Galician,glg-ESP,"Sistema Solar  Pregunta 2 / 2
Consulta o artigo ""Sistema Solar"" da dereita. Fai clic nunha opción para responderes a pregunta.
De media, a cantos millóns de quilómetros está situado aproximadamente o planeta Neptuno do Sol?
5 millóns de km
30 millóns de km
180 millóns de km
4500 millóns de km"
MAT/MA123-SolarSystem,2,5,Galician,glg-ESP,"C
(
)
x2
yx
√x
1/x
π
/
7
8
9
*
4
5
6
–
1
2
3
+
0
,
+/-
="
MAT/MA123-SolarSystem,3,1,Galician,glg-ESP,Calculadoraclose
MAT/MA123-SolarSystem,3,2,Galician,glg-ESP,PISA
MAT/MA123-SolarSystem,3,3,Galician,glg-ESP,"SISTEMA SOLAR
A seguinte táboa mostra a distancia media entre o Sol e os planetas primarios en Unidades Astronómicas (ua)
1 ua é aproximadamente 150 millóns de quilómetros.
Planeta
Distancia media respecto do Sol, en ua
Mercurio
0,39
Venus
0,72
Terra
1,00
Marte
1,52
Xúpiter
5,20
Saturno
9,58
Urano
19,20
Neptuno
30,05"
MAT/MA123-SolarSystem,3,4,Galician,glg-ESP,"Sistema Solar  Pregunta 2 / 2
Consulta o artigo ""Sistema Solar"" da dereita. Fai clic nunha opción para responderes a pregunta.
De media, a cantos millóns de quilómetros está situado aproximadamente o planeta Neptuno do Sol?
5 millóns de km
30 millóns de km
180 millóns de km
4500 millóns de km"
MAT/MA123-SolarSystem,3,5,Galician,glg-ESP,"C
(
)
x2
yx
√x
1/x
π
/
7
8
9
*
4
5
6
–
1
2
3
+
0
,
+/-
="
MAT/MA123-SolarSystem,1,1,Georgian,geo-GEO,კალკულატორიclose
MAT/MA123-SolarSystem,1,2,Georgian,geo-GEO,PISA 2022
MAT/MA123-SolarSystem,1,3,Georgian,geo-GEO,"მზის სისტემა
ქვემოთ მოცემულ ცხრილში წარმოდგენილია საშუალო მანძილი მზესა და  შემდეგ პლანეტებს შორის ასტრონომიულ ერთეულებში (ა.ე.)
1 ასტრონომიული ერთეული (ა.ე.) უდრის დაახლოებით 150 მილიონ კილომეტრს.
პლანეტა
საშუალო მანძილი მზიდან ასტრონომიულ ერთეულებში (ა.ე.)
მერკური
0.39
ვენერა
0.72
დედამიწა
1.00
მარსი
1.52
იუპიტერი
5.20
სატურნი
9.58
ურანი
19.20
ნეპტუნი
30.05"
MAT/MA123-SolarSystem,1,4,Georgian,geo-GEO,"მზის სისტემა  შეკითხვა 1 / 2
გამოიყენეთ მარჯვნივ გამოტანილი დავალება „მზის სისტემა“. პასუხისათვის გამოიყენეთ აღება-ჩაგდების ინსტრუმენტი.
მოცემული მოდელი გვიჩვენებს საშუალო მანძილებს სამ პლანეტას შორის. (პლანეტები და მოდელი მასშტაბში არ არის წარმოდგენილი.)
4.38 (ა.ე.)
9.62 (ა.ე.)
მოცემული მანძილებიდან გამომდინარე, რომელი პლანეტები განეკუთვნება ამ მოდელს? გადაადგილეთ სამი შესაბამისი პლანეტა სწორი თანმიმდევრობით. პასუხის შესაცვლელად, პირველ რიგში დააბრუნეთ პლანეტა საწყის ადგილას.
მერკური
ვენერა
დედამიწა
მარსი
იუპიტერი
სატურნი
ურანი
ნეპტუნი"
MAT/MA123-SolarSystem,1,5,Georgian,geo-GEO,"C
(
)
x2
yx
√x
1/x
π
÷
7
8
9
x
4
5
6
–
1
2
3
+
0
,
+/-
="
MAT/MA123-SolarSystem,2,1,Georgian,geo-GEO,კალკულატორიclose
MAT/MA123-SolarSystem,2,2,Georgian,geo-GEO,PISA 2022
MAT/MA123-SolarSystem,2,3,Georgian,geo-GEO,"მზის სისტემა
ქვემოთ მოცემულ ცხრილში წარმოდგენილია საშუალო მანძილი მზესა და  შემდეგ პლანეტებს შორის ასტრონომიულ ერთეულებში (ა.ე.)
1 ასტრონომიული ერთეული (ა.ე.) უდრის დაახლოებით 150 მილიონ კილომეტრს.
პლანეტა
საშუალო მანძილი მზიდან ასტრონომიულ ერთეულებში (ა.ე.)
მერკური
0.39
ვენერა
0.72
დედამიწა
1.00
მარსი
1.52
იუპიტერი
5.20
სატურნი
9.58
ურანი
19.20
ნეპტუნი
30.05"
MAT/MA123-SolarSystem,2,4,Georgian,geo-GEO,"მზის სისტემა  შეკითხვა 2 / 2
გამოიყენეთ მარჯვნივ გამოტანილი დავალება „მზის სისტემა“. პასუხისათვის დააჭირეთ არჩევანს.
საშუალოდ, დაახლოებით რამდენი მილიონი კილომეტრით არის დაშორებული პლანეტა ნეპტუნი მზისგან?
5 მილიონი კმ
30 მილიონი კმ
180 მილიონი კმ
4500 მილიონი კმ"
MAT/MA123-SolarSystem,2,5,Georgian,geo-GEO,"C
(
)
x2
yx
√x
1/x
π
÷
7
8
9
x
4
5
6
–
1
2
3
+
0
,
+/-
="
MAT/MA123-SolarSystem,3,1,Georgian,geo-GEO,კალკულატორიclose
MAT/MA123-SolarSystem,3,2,Georgian,geo-GEO,PISA 2022
MAT/MA123-SolarSystem,3,3,Georgian,geo-GEO,"მზის სისტემა
ქვემოთ მოცემულ ცხრილში წარმოდგენილია საშუალო მანძილი მზესა და  შემდეგ პლანეტებს შორის ასტრონომიულ ერთეულებში (ა.ე.)
1 ასტრონომიული ერთეული (ა.ე.) უდრის დაახლოებით 150 მილიონ კილომეტრს.
პლანეტა
საშუალო მანძილი მზიდან ასტრონომიულ ერთეულებში (ა.ე.)
მერკური
0.39
ვენერა
0.72
დედამიწა
1.00
მარსი
1.52
იუპიტერი
5.20
სატურნი
9.58
ურანი
19.20
ნეპტუნი
30.05"
MAT/MA123-SolarSystem,3,4,Georgian,geo-GEO,"მზის სისტემა  შეკითხვა 2 / 2
გამოიყენეთ მარჯვნივ გამოტანილი დავალება „მზის სისტემა“. პასუხისათვის დააჭირეთ არჩევანს.
საშუალოდ, დაახლოებით რამდენი მილიონი კილომეტრით არის დაშორებული პლანეტა ნეპტუნი მზისგან?
5 მილიონი კმ
30 მილიონი კმ
180 მილიონი კმ
4500 მილიონი კმ"
MAT/MA123-SolarSystem,3,5,Georgian,geo-GEO,"C
(
)
x2
yx
√x
1/x
π
÷
7
8
9
x
4
5
6
–
1
2
3
+
0
,
+/-
="
MAT/MA123-SolarSystem,1,1,German,deu-DEU,Taschenrechnerclose
MAT/MA123-SolarSystem,1,2,German,deu-DEU,PISA
MAT/MA123-SolarSystem,1,3,German,deu-DEU,"SONNENSYSTEM
Die Tabelle unten zeigt die durchschnittliche Entfernung von der Sonne zu den folgenden Planeten in Astronomischen Einheiten (AE).
1 AE entspricht ungefähr 150 Millionen Kilometern.
Planet
Durchschnittliche Entfernung von der Sonne in AE
Merkur
0,39
Venus
0,72
Erde
1,00
Mars
1,52
Jupiter
5,20
Saturn
9,58
Uranus
19,20
Neptun
30,05"
MAT/MA123-SolarSystem,1,4,German,deu-DEU,"Sonnensystem  Frage 1 / 2
Beziehe dich auf „Sonnensystem“ auf der rechten Seite. Verwende Drag & Drop, um die Frage zu beantworten.
Das folgende Modell zeigt die durchschnittlichen Entfernungen zwischen drei Planeten. (Planeten und Modell sind nicht maßstabsgetreu.)
4,38 AE
9,62 AE
Welche Planeten gehören laut den angegebenen Entfernungen in das Modell? Ziehe die richtigen drei Planeten in die richtige Reihenfolge. Um eine Antwort zu ändern, ziehe zunächst den vorherigen Planeten aus dem Modell heraus.
Merkur
Venus
Erde
Mars
Jupiter
Saturn
Uranus
Neptun"
MAT/MA123-SolarSystem,1,5,German,deu-DEU,"C
(
)
x2
yx
√x
1/x
π
÷
7
8
9
x
4
5
6
–
1
2
3
+
0
.
+/-
="
MAT/MA123-SolarSystem,2,1,German,deu-DEU,Taschenrechnerclose
MAT/MA123-SolarSystem,2,2,German,deu-DEU,PISA
MAT/MA123-SolarSystem,2,3,German,deu-DEU,"SONNENSYSTEM
Die Tabelle unten zeigt die durchschnittliche Entfernung von der Sonne zu den folgenden Planeten in Astronomischen Einheiten (AE).
1 AE entspricht ungefähr 150 Millionen Kilometern.
Planet
Durchschnittliche Entfernung von der Sonne in AE
Merkur
0,39
Venus
0,72
Erde
1,00
Mars
1,52
Jupiter
5,20
Saturn
9,58
Uranus
19,20
Neptun
30,05"
MAT/MA123-SolarSystem,2,4,German,deu-DEU,"Sonnensystem  Frage 2 / 2
Beziehe dich auf „Sonnensystem“ auf der rechten Seite. Klicke eine Antwort an, um die Frage zu beantworten.
Wie viele Millionen Kilometer ist der Planet Neptun im Durchschnitt ungefähr von der Sonne entfernt?
5 Millionen km
30 Millionen km
180 Millionen km
4 500 Millionen km"
MAT/MA123-SolarSystem,2,5,German,deu-DEU,"C
(
)
x2
yx
√x
1/x
π
÷
7
8
9
x
4
5
6
–
1
2
3
+
0
.
+/-
="
MAT/MA123-SolarSystem,3,1,German,deu-DEU,Taschenrechnerclose
MAT/MA123-SolarSystem,3,2,German,deu-DEU,PISA
MAT/MA123-SolarSystem,3,3,German,deu-DEU,"SONNENSYSTEM
Die Tabelle unten zeigt die durchschnittliche Entfernung von der Sonne zu den folgenden Planeten in Astronomischen Einheiten (AE).
1 AE entspricht ungefähr 150 Millionen Kilometern.
Planet
Durchschnittliche Entfernung von der Sonne in AE
Merkur
0,39
Venus
0,72
Erde
1,00
Mars
1,52
Jupiter
5,20
Saturn
9,58
Uranus
19,20
Neptun
30,05"
MAT/MA123-SolarSystem,3,4,German,deu-DEU,"Sonnensystem  Frage 2 / 2
Beziehe dich auf „Sonnensystem“ auf der rechten Seite. Klicke eine Antwort an, um die Frage zu beantworten.
Wie viele Millionen Kilometer ist der Planet Neptun im Durchschnitt ungefähr von der Sonne entfernt?
5 Millionen km
30 Millionen km
180 Millionen km
4 500 Millionen km"
MAT/MA123-SolarSystem,3,5,German,deu-DEU,"C
(
)
x2
yx
√x
1/x
π
÷
7
8
9
x
4
5
6
–
1
2
3
+
0
.
+/-
="
MAT/MA123-SolarSystem,1,1,Greek,ell-GRC,Κομπιουτεράκιclose
MAT/MA123-SolarSystem,1,2,Greek,ell-GRC,PISA
MAT/MA123-SolarSystem,1,3,Greek,ell-GRC,"C
(
)
x2
yx
√x
1/x
π
÷
7
8
9
x
4
5
6
–
1
2
3
+
0
.
+/-
="
MAT/MA123-SolarSystem,1,4,Greek,ell-GRC,"ΗΛΙΑΚΟ ΣΥΣΤΗΜΑ
Στον παρακάτω πίνακα φαίνεται η μέση απόσταση ανάμεσα στον Ήλιο και τους μείζονες πλανήτες, σε αστρονομικές μονάδες (ΑΜ).
1 ΑΜ ισούται με περίπου 150 εκατομμύρια χιλιόμετρα.
Πλανήτης
Μέση απόσταση από τον Ήλιο σε ΑΜ
Ερμής
0,39
Αφροδίτη
0,72
Γη
1,00
Άρης
1,52
Δίας
5,20
Κρόνος
9,58
Ουρανός
19,20
Ποσειδώνας
30,05"
MAT/MA123-SolarSystem,1,5,Greek,ell-GRC,"Ηλιακό σύστημα  Ερώτηση 1 / 2
Να λάβεις υπόψη το «Ηλιακό σύστημα» στα δεξιά. Χρησιμοποίησε τη λειτουργία «σύρε και άφησε», για να απαντήσεις στην ερώτηση.
Το παρακάτω σχήμα δείχνει τη μέση απόσταση ανάμεσα σε τρεις πλανήτες. (Οι πλανήτες και το σχήμα δεν έχουν γίνει με χρήση κλίμακας.)
4,38 AΜ
9,62 AΜ
Με βάση τις αποστάσεις που δίνονται, ποιοι πλανήτες ταιριάζουν στο σχήμα; Σύρε τους τρεις σωστούς πλανήτες στο σχήμα στη σωστή σειρά. Για να αλλάξεις μια επιλογή, σύρε πρώτα έξω από το σχήμα τον πλανήτη που επέλεξες προηγουμένως.
Ερμής
Αφροδίτη
Γη
Άρης
Δίας
Κρόνος
Ουρανός
Ποσειδώνας"
MAT/MA123-SolarSystem,2,1,Greek,ell-GRC,Κομπιουτεράκιclose
MAT/MA123-SolarSystem,2,2,Greek,ell-GRC,PISA
MAT/MA123-SolarSystem,2,3,Greek,ell-GRC,"ΗΛΙΑΚΟ ΣΥΣΤΗΜΑ
Στον παρακάτω πίνακα φαίνεται η μέση απόσταση ανάμεσα στον Ήλιο και τους μείζονες πλανήτες, σε αστρονομικές μονάδες (ΑΜ).
1 ΑΜ ισούται με περίπου 150 εκατομμύρια χιλιόμετρα.
Πλανήτης
Μέση απόσταση από τον Ήλιο σε ΑΜ
Ερμής
0,39
Αφροδίτη
0,72
Γη
1,00
Άρης
1,52
Δίας
5,20
Κρόνος
9,58
Ουρανός
19,20
Ποσειδώνας
30,05"
MAT/MA123-SolarSystem,2,4,Greek,ell-GRC,"Ηλιακό σύστημα  Ερώτηση 2 / 2
Να λάβεις υπόψη το «Ηλιακό σύστημα» στα δεξιά. Κάνε κλικ σε μια επιλογή, για να απαντήσεις στην ερώτηση.
Πόσα περίπου εκατομμύρια χιλιόμετρα απέχει, κατά μέσο όρο, ο Ήλιος από τον πλανήτη Ποσειδώνα;
5 εκατομμύρια km
30 εκατομμύρια km
180 εκατομμύρια km
4500 εκατομμύρια km"
MAT/MA123-SolarSystem,2,5,Greek,ell-GRC,"C
(
)
x2
yx
√x
1/x
π
÷
7
8
9
x
4
5
6
–
1
2
3
+
0
.
+/-
="
MAT/MA123-SolarSystem,3,1,Greek,ell-GRC,Κομπιουτεράκιclose
MAT/MA123-SolarSystem,3,2,Greek,ell-GRC,PISA
MAT/MA123-SolarSystem,3,3,Greek,ell-GRC,"ΗΛΙΑΚΟ ΣΥΣΤΗΜΑ
Στον παρακάτω πίνακα φαίνεται η μέση απόσταση ανάμεσα στον Ήλιο και τους μείζονες πλανήτες, σε αστρονομικές μονάδες (ΑΜ).
1 ΑΜ ισούται με περίπου 150 εκατομμύρια χιλιόμετρα.
Πλανήτης
Μέση απόσταση από τον Ήλιο σε ΑΜ
Ερμής
0,39
Αφροδίτη
0,72
Γη
1,00
Άρης
1,52
Δίας
5,20
Κρόνος
9,58
Ουρανός
19,20
Ποσειδώνας
30,05"
MAT/MA123-SolarSystem,3,4,Greek,ell-GRC,"Ηλιακό σύστημα  Ερώτηση 2 / 2
Να λάβεις υπόψη το «Ηλιακό σύστημα» στα δεξιά. Κάνε κλικ σε μια επιλογή, για να απαντήσεις στην ερώτηση.
Πόσα περίπου εκατομμύρια χιλιόμετρα απέχει, κατά μέσο όρο, ο Ήλιος από τον πλανήτη Ποσειδώνα;
5 εκατομμύρια km
30 εκατομμύρια km
180 εκατομμύρια km
4500 εκατομμύρια km"
MAT/MA123-SolarSystem,3,5,Greek,ell-GRC,"C
(
)
x2
yx
√x
1/x
π
÷
7
8
9
x
4
5
6
–
1
2
3
+
0
.
+/-
="
MAT/MA123-SolarSystem,1,1,Hebrew,heb-ISR,מחשבוןclose
MAT/MA123-SolarSystem,1,2,Hebrew,heb-ISR,PISA 2022
MAT/MA123-SolarSystem,1,3,Hebrew,heb-ISR,"מערכת השמש
בטבלה שלפניכם מוצג המרחק הממוצע בין השמש לבין כוכבי הלכת האלה ביחידות אסטרונומיות.
יחידה אסטרונומית אחת שווה בערך 150 מיליון קילומטרים.
כוכב לכת
מרחק ממוצע מהשמש ביחידות אסטרונומיות
כוכב חמה
0.39
נוגה
0.72
כדור הארץ
1.00
מאדים
1.52
צדק
5.20
שבתאי
9.58
אורנוס
19.20
נפטון
30.05"
MAT/MA123-SolarSystem,1,4,Hebrew,heb-ISR,"מערכת השמש  שאלה 1 מתוך 2
היעזרו בקטע ""מערכת השמש"" שבצד שמאל. כדי לענות על השאלה, גררו את כוכבי הלכת אל המקומות המתאימים.
התרשים שלפניכם מציג את המרחקים הממוצעים בין שלושה כוכבי לכת. (התרשים וכוכבי הלכת אינם לפי קנה מידה.)
4.38 יחידות אסטרונומיות
9.62 יחידות אסטרונומיות
לפי המרחקים הנתונים, אילו כוכבי לכת מתאימים לתרשים? גררו את שלושת כוכבי הלכת האלה אל המקומות המתאימים. כדי לשנות את תשובתכם, תחילה יש לגרור את כוכב הלכת שבחרתם קודם אל מחוץ לתרשים.
כוכב חמה
נוגה
כדור הארץ
מאדים
צדק
שבתאי
אורנוס
נפטון"
MAT/MA123-SolarSystem,1,5,Hebrew,heb-ISR,"C
(
)
x2
yx
√x
1/x
π
÷
7
8
9
x
4
5
6
–
1
2
3
+
0
.
+/-
="
MAT/MA123-SolarSystem,2,1,Hebrew,heb-ISR,מחשבוןclose
MAT/MA123-SolarSystem,2,2,Hebrew,heb-ISR,PISA 2022
MAT/MA123-SolarSystem,2,3,Hebrew,heb-ISR,"מערכת השמש
בטבלה שלפניכם מוצג המרחק הממוצע בין השמש לבין כוכבי הלכת האלה ביחידות אסטרונומיות.
יחידה אסטרונומית אחת שווה בערך 150 מיליון קילומטרים.
כוכב לכת
מרחק ממוצע מהשמש ביחידות אסטרונומיות
כוכב חמה
0.39
נוגה
0.72
כדור הארץ
1.00
מאדים
1.52
צדק
5.20
שבתאי
9.58
אורנוס
19.20
נפטון
30.05"
MAT/MA123-SolarSystem,2,4,Hebrew,heb-ISR,"מערכת השמש  שאלה 2 מתוך 2
היעזרו בקטע ""מערכת השמש"" שבצד שמאל. כדי לענות על השאלה, סמנו את תשובתכם.
בערך כמה מיליוני קילומטרים יש בממוצע בין השמש לכוכב הלכת נפטון?
5 מיליון ק""מ
30 מיליון ק""מ
180 מיליון ק""מ
4,500 מיליון ק""מ"
MAT/MA123-SolarSystem,2,5,Hebrew,heb-ISR,"C
(
)
x2
yx
√x
1/x
π
÷
7
8
9
x
4
5
6
–
1
2
3
+
0
.
+/-
="
MAT/MA123-SolarSystem,3,1,Hebrew,heb-ISR,מחשבוןclose
MAT/MA123-SolarSystem,3,2,Hebrew,heb-ISR,PISA 2022
MAT/MA123-SolarSystem,3,3,Hebrew,heb-ISR,"מערכת השמש
בטבלה שלפניכם מוצג המרחק הממוצע בין השמש לבין כוכבי הלכת האלה ביחידות אסטרונומיות.
יחידה אסטרונומית אחת שווה בערך 150 מיליון קילומטרים.
כוכב לכת
מרחק ממוצע מהשמש ביחידות אסטרונומיות
כוכב חמה
0.39
נוגה
0.72
כדור הארץ
1.00
מאדים
1.52
צדק
5.20
שבתאי
9.58
אורנוס
19.20
נפטון
30.05"
MAT/MA123-SolarSystem,3,4,Hebrew,heb-ISR,"מערכת השמש  שאלה 2 מתוך 2
היעזרו בקטע ""מערכת השמש"" שבצד שמאל. כדי לענות על השאלה, סמנו את תשובתכם.
בערך כמה מיליוני קילומטרים יש בממוצע בין השמש לכוכב הלכת נפטון?
5 מיליון ק""מ
30 מיליון ק""מ
180 מיליון ק""מ
4,500 מיליון ק""מ"
MAT/MA123-SolarSystem,3,5,Hebrew,heb-ISR,"C
(
)
x2
yx
√x
1/x
π
÷
7
8
9
x
4
5
6
–
1
2
3
+
0
.
+/-
="
MAT/MA123-SolarSystem,1,1,Hungarian,hun-HUN,Számológépclose
MAT/MA123-SolarSystem,1,2,Hungarian,hun-HUN,PISA
MAT/MA123-SolarSystem,1,3,Hungarian,hun-HUN,"NAPRENDSZER
Az alábbi táblázatban a Nap és a nagybolygók átlagos távolságát látod csillagászati egységben (CsE).
1 CsE körülbelül 150 millió kilométer.
Bolygó
Átlagos távolság a Naptól, CsE-ben
Merkúr
0,39
Vénusz
0,72
Föld
1,00
Mars
1,52
Jupiter
5,20
Szaturnusz
9,58
Uránusz
19,20
Neptunusz
30,05"
MAT/MA123-SolarSystem,1,4,Hungarian,hun-HUN,"Naprendszer  Kérdés 1 / 2
A jobbra látható „Naprendszer"" című szöveg alapján válaszolj a kérdésre! A kérdés megválaszolásához fogd meg és húzd a helyükre az elemeket!
Az ábrán három bolygó egymástól való átlagos távolságát láthatod. (A bolygók és az ábra nem méretarányosak.)
4,38 CsE
9,62 CsE
A feltüntetett távolságok alapján mely bolygók szerepelnek az ábrán? A három megfelelő bolygót húzd sorrendben a megfelelő helyre! Ha változtatni szeretnél, előbb távolítsd el a korábban kiválasztott bolygót!
Merkúr
Vénusz
Föld
Mars
Jupiter
Szaturnusz
Uránusz
Neptunusz"
MAT/MA123-SolarSystem,1,5,Hungarian,hun-HUN,"C
(
)
x2
yx
√x
1/x
π
÷
7
8
9
x
4
5
6
–
1
2
3
+
0
,
+/-
="
MAT/MA123-SolarSystem,2,1,Hungarian,hun-HUN,Számológépclose
MAT/MA123-SolarSystem,2,2,Hungarian,hun-HUN,PISA
MAT/MA123-SolarSystem,2,3,Hungarian,hun-HUN,"NAPRENDSZER
Az alábbi táblázatban a Nap és a nagybolygók átlagos távolságát látod csillagászati egységben (CsE).
1 CsE körülbelül 150 millió kilométer.
Bolygó
Átlagos távolság a Naptól, CsE-ben
Merkúr
0,39
Vénusz
0,72
Föld
1,00
Mars
1,52
Jupiter
5,20
Szaturnusz
9,58
Uránusz
19,20
Neptunusz
30,05"
MAT/MA123-SolarSystem,2,4,Hungarian,hun-HUN,"Naprendszer  Kérdés 2 / 2
A jobbra látható „Naprendszer"" című szöveg alapján válaszolj a kérdésre! A kérdés megválaszolásához kattints az egyik válaszlehetőségre!
Átlagosan körülbelül hány millió kilométerre van a Neptunusz bolygó a Naptól?
5 millió km-re
30 millió km-re
180 millió km-re
4500 millió km-re"
MAT/MA123-SolarSystem,2,5,Hungarian,hun-HUN,"C
(
)
x2
yx
√x
1/x
π
÷
7
8
9
x
4
5
6
–
1
2
3
+
0
,
+/-
="
MAT/MA123-SolarSystem,3,1,Hungarian,hun-HUN,Számológépclose
MAT/MA123-SolarSystem,3,2,Hungarian,hun-HUN,PISA
MAT/MA123-SolarSystem,3,3,Hungarian,hun-HUN,"NAPRENDSZER
Az alábbi táblázatban a Nap és a nagybolygók átlagos távolságát látod csillagászati egységben (CsE).
1 CsE körülbelül 150 millió kilométer.
Bolygó
Átlagos távolság a Naptól, CsE-ben
Merkúr
0,39
Vénusz
0,72
Föld
1,00
Mars
1,52
Jupiter
5,20
Szaturnusz
9,58
Uránusz
19,20
Neptunusz
30,05"
MAT/MA123-SolarSystem,3,4,Hungarian,hun-HUN,"Naprendszer  Kérdés 2 / 2
A jobbra látható „Naprendszer"" című szöveg alapján válaszolj a kérdésre! A kérdés megválaszolásához kattints az egyik válaszlehetőségre!
Átlagosan körülbelül hány millió kilométerre van a Neptunusz bolygó a Naptól?
5 millió km-re
30 millió km-re
180 millió km-re
4500 millió km-re"
MAT/MA123-SolarSystem,3,5,Hungarian,hun-HUN,"C
(
)
x2
yx
√x
1/x
π
÷
7
8
9
x
4
5
6
–
1
2
3
+
0
,
+/-
="
MAT/MA123-SolarSystem,1,1,Icelandic,isl-ISL,Reiknivélclose
MAT/MA123-SolarSystem,1,2,Icelandic,isl-ISL,PISA
MAT/MA123-SolarSystem,1,3,Icelandic,isl-ISL,"SÓLKERFI
Taflan hér fyrir neðan sýnir meðalfjarlægð frá sólu til reikistjarnanna í stjarnfræðieiningum (se).
1 se er um það bil 150 milljónir kílómetra.
Reikistjarna
Meðalfjarlægð frá sólu í se
Merkúr
0,39
Venus
0,72
Jörðin
1,00
Mars
1,52
Júpíter
5,20
Satúrnus
9,58
Úranus
19,20
Neptúnus
30,05"
MAT/MA123-SolarSystem,1,4,Icelandic,isl-ISL,"Sólkerfi  Spurning 1 / 2
Skoðaðu „Sólkerfi” hér til hægri. Dragðu og slepptu til að svara spurningunni.
Eftirfarandi líkan sýnir meðalfjarlægðirnar á milli þriggja reikistjarna. (Reikistjörnurnar og líkanið eru ekki í réttum hlutföllum.)
4,38 se
9,62 se
Hvaða reikistjörnur eiga að vera í líkaninu, miðað við þær fjarlægðir sem gefnar eru upp? Dragðu réttu reikistjörnurnar þrjár í réttri röð. Til að breyta svari skaltu fyrst draga fyrri reikistjörnuna út.
Merkúr
Venus
Jörðin
Mars
Júpíter
Satúrnus
Úranus
Neptúnus"
MAT/MA123-SolarSystem,1,5,Icelandic,isl-ISL,"C
(
)
x2
yx
√x
1/x
π
÷
7
8
9
x
4
5
6
–
1
2
3
+
0
.
+/-
="
MAT/MA123-SolarSystem,2,1,Icelandic,isl-ISL,Reiknivélclose
MAT/MA123-SolarSystem,2,2,Icelandic,isl-ISL,PISA
MAT/MA123-SolarSystem,2,3,Icelandic,isl-ISL,"SÓLKERFI
Taflan hér fyrir neðan sýnir meðalfjarlægð frá sólu til reikistjarnanna í stjarnfræðieiningum (se).
1 se er um það bil 150 milljónir kílómetra.
Reikistjarna
Meðalfjarlægð frá sólu í se
Merkúr
0,39
Venus
0,72
Jörðin
1,00
Mars
1,52
Júpíter
5,20
Satúrnus
9,58
Úranus
19,20
Neptúnus
30,05"
MAT/MA123-SolarSystem,2,4,Icelandic,isl-ISL,"Sólkerfi  Spurning 2 / 2
Skoðaðu „Sólkerfi” hér til hægri. Smelltu á valmöguleika til að svara spurningunni.
Um það bil hversu margar milljónir kílómetra frá sólinni er reikistjarnan Neptúnus að meðaltali?
5 milljónir km
30 milljónir km
180 milljónir km
4500 milljónir km"
MAT/MA123-SolarSystem,2,5,Icelandic,isl-ISL,"C
(
)
x2
yx
√x
1/x
π
÷
7
8
9
x
4
5
6
–
1
2
3
+
0
.
+/-
="
MAT/MA123-SolarSystem,3,1,Icelandic,isl-ISL,Reiknivélclose
MAT/MA123-SolarSystem,3,2,Icelandic,isl-ISL,PISA
MAT/MA123-SolarSystem,3,3,Icelandic,isl-ISL,"SÓLKERFI
Taflan hér fyrir neðan sýnir meðalfjarlægð frá sólu til reikistjarnanna í stjarnfræðieiningum (se).
1 se er um það bil 150 milljónir kílómetra.
Reikistjarna
Meðalfjarlægð frá sólu í se
Merkúr
0,39
Venus
0,72
Jörðin
1,00
Mars
1,52
Júpíter
5,20
Satúrnus
9,58
Úranus
19,20
Neptúnus
30,05"
MAT/MA123-SolarSystem,3,4,Icelandic,isl-ISL,"Sólkerfi  Spurning 2 / 2
Skoðaðu „Sólkerfi” hér til hægri. Smelltu á valmöguleika til að svara spurningunni.
Um það bil hversu margar milljónir kílómetra frá sólinni er reikistjarnan Neptúnus að meðaltali?
5 milljónir km
30 milljónir km
180 milljónir km
4500 milljónir km"
MAT/MA123-SolarSystem,3,5,Icelandic,isl-ISL,"C
(
)
x2
yx
√x
1/x
π
÷
7
8
9
x
4
5
6
–
1
2
3
+
0
.
+/-
="
MAT/MA123-SolarSystem,1,1,Indonesian,ind-IDN,Kalkulatorclose
MAT/MA123-SolarSystem,1,2,Indonesian,ind-IDN,PISA 2022
MAT/MA123-SolarSystem,1,3,Indonesian,ind-IDN,"TATA SURYA
Tabel di bawah memperlihatkan jarak rata-rata planet utama dari Matahari dalam Satuan Astronomi (au).
1 au kira-kira sama dengan 150 juta kilometer.
Planet
Jarak rata-rata dari matahari dalam satuan au
Merkurius
0,39
Venus
0,72
Bumi
1,00
Mars
1,52
Jupiter
5,20
Saturnus
9,58
Uranus
19,20
Neptunus
30,05"
MAT/MA123-SolarSystem,1,4,Indonesian,ind-IDN,"Tata Surya  Pertanyaan 1 / 2
Perhatikan teks “Tata Surya” di samping. Kilk, geser, dan letakkan jawaban yang sesuai untuk menjawab pertanyaan.
Model berikut memperlihatkan jarak rata-rata antara tiga planet. (Planet dan model tidak digambar sesuai skala.)
4,38 au
9,62 au
Berdasarkan jarak yang diberikan, planet manakah yang sesuai dengan model tersebut? Geser tiga planet yang benar dalam urutan yang benar. Untuk mengubah jawaban, geser terlebih dahulu planet sebelumnya.
Merkurius
Venus
Bumi
Mars
Jupiter
Saturnus
Uranus
Neptunus"
MAT/MA123-SolarSystem,1,5,Indonesian,ind-IDN,"C
(
)
x2
yx
√x
1/x
π
÷
7
8
9
x
4
5
6
–
1
2
3
+
0
.
+/-
="
MAT/MA123-SolarSystem,2,1,Indonesian,ind-IDN,Kalkulatorclose
MAT/MA123-SolarSystem,2,2,Indonesian,ind-IDN,PISA 2022
MAT/MA123-SolarSystem,2,3,Indonesian,ind-IDN,"TATA SURYA
Tabel di bawah memperlihatkan jarak rata-rata planet utama dari Matahari dalam Satuan Astronomi (au).
1 au kira-kira sama dengan 150 juta kilometer.
Planet
Jarak rata-rata dari matahari dalam satuan au
Merkurius
0,39
Venus
0,72
Bumi
1,00
Mars
1,52
Jupiter
5,20
Saturnus
9,58
Uranus
19,20
Neptunus
30,05"
MAT/MA123-SolarSystem,2,4,Indonesian,ind-IDN,"Tata Surya  Pertanyaan 2 / 2
Perhatikan teks “Tata Surya” di samping. Klik pada satu pilihan jawaban untuk menjawab pertanyaan berikut.
Kira-kira berapa juta kilometer jarak rata-rata planet Neptunus dari Matahari?
5 juta km
30 juta km
180 juta km
4.500 juta km"
MAT/MA123-SolarSystem,2,5,Indonesian,ind-IDN,"C
(
)
x2
yx
√x
1/x
π
÷
7
8
9
x
4
5
6
–
1
2
3
+
0
.
+/-
="
MAT/MA123-SolarSystem,3,1,Indonesian,ind-IDN,Kalkulatorclose
MAT/MA123-SolarSystem,3,2,Indonesian,ind-IDN,PISA 2022
MAT/MA123-SolarSystem,3,3,Indonesian,ind-IDN,"TATA SURYA
Tabel di bawah memperlihatkan jarak rata-rata planet utama dari Matahari dalam Satuan Astronomi (au).
1 au kira-kira sama dengan 150 juta kilometer.
Planet
Jarak rata-rata dari matahari dalam satuan au
Merkurius
0,39
Venus
0,72
Bumi
1,00
Mars
1,52
Jupiter
5,20
Saturnus
9,58
Uranus
19,20
Neptunus
30,05"
MAT/MA123-SolarSystem,3,4,Indonesian,ind-IDN,"Tata Surya  Pertanyaan 2 / 2
Perhatikan teks “Tata Surya” di samping. Klik pada satu pilihan jawaban untuk menjawab pertanyaan berikut.
Kira-kira berapa juta kilometer jarak rata-rata planet Neptunus dari Matahari?
5 juta km
30 juta km
180 juta km
4.500 juta km"
MAT/MA123-SolarSystem,3,5,Indonesian,ind-IDN,"C
(
)
x2
yx
√x
1/x
π
÷
7
8
9
x
4
5
6
–
1
2
3
+
0
.
+/-
="
MAT/MA123-SolarSystem,1,1,Italian,ita-ITA,Calcolatriceclose
MAT/MA123-SolarSystem,1,2,Italian,ita-ITA,PISA
MAT/MA123-SolarSystem,1,3,Italian,ita-ITA,"SISTEMA SOLARE
La tabella qui sotto riporta in unità astronomiche (au) la distanza media tra il Sole e i pianeti principali.
1 au corrisponde approssimativamente a 150 milioni di chilometri.
Pianeta
Distanza media dal Sole in au
Mercurio
0,39
Venere
0,72
Terra
1,00
Marte
1,52
Giove
5,20
Saturno
9,58
Urano
19,20
Nettuno
30,05"
MAT/MA123-SolarSystem,1,4,Italian,ita-ITA,"Sistema solare  Domanda 1 / 2
Fai riferimento a “Sistema solare” presentato sulla destra. Per rispondere alla domanda, clicca e trascina la risposta corretta.
Il seguente modello mostra le distanze medie fra tre pianeti. (Pianeti e modello non sono disegnati in scala.)
4,38 au
9,62 au
In base alle distanze indicate, quali sono i pianeti rappresentati nel modello? Trascina i tre pianeti nell'ordine corretto. Per cambiare una risposta, prima trascina fuori il pianeta precedentemente inserito.
Mercurio
Venere
Terra
Marte
Giove
Saturno
Urano
Nettuno"
MAT/MA123-SolarSystem,1,5,Italian,ita-ITA,"C
(
)
x2
yx
√x
1/x
π
:
7
8
9
x
4
5
6
–
1
2
3
+
0
,
+/-
="
MAT/MA123-SolarSystem,2,1,Italian,ita-ITA,Calcolatriceclose
MAT/MA123-SolarSystem,2,2,Italian,ita-ITA,PISA
MAT/MA123-SolarSystem,2,3,Italian,ita-ITA,"SISTEMA SOLARE
La tabella qui sotto riporta in unità astronomiche (au) la distanza media tra il Sole e i pianeti principali.
1 au corrisponde approssimativamente a 150 milioni di chilometri.
Pianeta
Distanza media dal Sole in au
Mercurio
0,39
Venere
0,72
Terra
1,00
Marte
1,52
Giove
5,20
Saturno
9,58
Urano
19,20
Nettuno
30,05"
MAT/MA123-SolarSystem,2,4,Italian,ita-ITA,"Sistema solare  Domanda 2 / 2
Fai riferimento a “Sistema solare” presentato sulla destra. Per rispondere alla domanda, clicca su una delle alternative.
In media, a quanti milioni di chilometri dal Sole si trova, approssimativamente, il pianeta Nettuno?
5 milioni di km
30 milioni di km
180 milioni di km
4500 milioni di km"
MAT/MA123-SolarSystem,2,5,Italian,ita-ITA,"C
(
)
x2
yx
√x
1/x
π
:
7
8
9
x
4
5
6
–
1
2
3
+
0
,
+/-
="
MAT/MA123-SolarSystem,3,1,Italian,ita-ITA,Calcolatriceclose
MAT/MA123-SolarSystem,3,2,Italian,ita-ITA,PISA
MAT/MA123-SolarSystem,3,3,Italian,ita-ITA,"SISTEMA SOLARE
La tabella qui sotto riporta in unità astronomiche (au) la distanza media tra il Sole e i pianeti principali.
1 au corrisponde approssimativamente a 150 milioni di chilometri.
Pianeta
Distanza media dal Sole in au
Mercurio
0,39
Venere
0,72
Terra
1,00
Marte
1,52
Giove
5,20
Saturno
9,58
Urano
19,20
Nettuno
30,05"
MAT/MA123-SolarSystem,3,4,Italian,ita-ITA,"Sistema solare  Domanda 2 / 2
Fai riferimento a “Sistema solare” presentato sulla destra. Per rispondere alla domanda, clicca su una delle alternative.
In media, a quanti milioni di chilometri dal Sole si trova, approssimativamente, il pianeta Nettuno?
5 milioni di km
30 milioni di km
180 milioni di km
4500 milioni di km"
MAT/MA123-SolarSystem,3,5,Italian,ita-ITA,"C
(
)
x2
yx
√x
1/x
π
:
7
8
9
x
4
5
6
–
1
2
3
+
0
,
+/-
="
MAT/MA123-SolarSystem,1,1,Japanese,jpn-JPN,電卓close
MAT/MA123-SolarSystem,1,2,Japanese,jpn-JPN,PISA 2022
MAT/MA123-SolarSystem,1,3,Japanese,jpn-JPN,"太陽系
下の表は、太陽から惑星までの平均距離を天文単位で示したものです。
1天文単位はおよそ1億5,000万キロメートルです。
惑星
太陽からの平均距離（天文単位）
水星
0.39
金星
0.72
地球
1.00
火星
1.52
木星
5.20
土星
9.58
天王星
19.20
海王星
30.05"
MAT/MA123-SolarSystem,1,4,Japanese,jpn-JPN,"太陽系  問 1 / 2
右の「太陽系」を読んで、 ドラッグ＆ドロップを使って、下の問いに答えてください。
下のモデル図は、三つの惑星の間の平均距離を示したものです。 （惑星とモデル図は正確な縮尺ではありません。）
4.38天文単位
9.62天文単位
示された距離によると、このモデル図にあてはまる惑星はどれですか。 正しい順番になるように、正しい三つの惑星をドラッグしてください。 答えを変更するときは、まず前の惑星をドラッグして外に出してください。
水星
金星
地球
火星
木星
土星
天王星
海王星"
MAT/MA123-SolarSystem,1,5,Japanese,jpn-JPN,"C
(
)
x2
yx
√x
1/x
π
÷
7
8
9
x
4
5
6
–
1
2
3
+
0
.
+/-
="
MAT/MA123-SolarSystem,2,1,Japanese,jpn-JPN,電卓close
MAT/MA123-SolarSystem,2,2,Japanese,jpn-JPN,PISA 2022
MAT/MA123-SolarSystem,2,3,Japanese,jpn-JPN,"太陽系
下の表は、太陽から惑星までの平均距離を天文単位で示したものです。
1天文単位はおよそ1億5,000万キロメートルです。
惑星
太陽からの平均距離（天文単位）
水星
0.39
金星
0.72
地球
1.00
火星
1.52
木星
5.20
土星
9.58
天王星
19.20
海王星
30.05"
MAT/MA123-SolarSystem,2,4,Japanese,jpn-JPN,"太陽系  問 2 / 2
右の「太陽系」を読んで、 下の問いの答えを一つクリックしてください。
海王星は太陽から平均しておよそ何キロメートルのところにありますか。
500万 km
3,000万 km
1億8,000万 km
45億 km"
MAT/MA123-SolarSystem,2,5,Japanese,jpn-JPN,"C
(
)
x2
yx
√x
1/x
π
÷
7
8
9
x
4
5
6
–
1
2
3
+
0
.
+/-
="
MAT/MA123-SolarSystem,3,1,Japanese,jpn-JPN,電卓close
MAT/MA123-SolarSystem,3,2,Japanese,jpn-JPN,PISA 2022
MAT/MA123-SolarSystem,3,3,Japanese,jpn-JPN,"太陽系
下の表は、太陽から惑星までの平均距離を天文単位で示したものです。
1天文単位はおよそ1億5,000万キロメートルです。
惑星
太陽からの平均距離（天文単位）
水星
0.39
金星
0.72
地球
1.00
火星
1.52
木星
5.20
土星
9.58
天王星
19.20
海王星
30.05"
MAT/MA123-SolarSystem,3,4,Japanese,jpn-JPN,"太陽系  問 2 / 2
右の「太陽系」を読んで、 下の問いの答えを一つクリックしてください。
海王星は太陽から平均しておよそ何キロメートルのところにありますか。
500万 km
3,000万 km
1億8,000万 km
45億 km"
MAT/MA123-SolarSystem,3,5,Japanese,jpn-JPN,"C
(
)
x2
yx
√x
1/x
π
÷
7
8
9
x
4
5
6
–
1
2
3
+
0
.
+/-
="
MAT/MA123-SolarSystem,1,1,Kazakh,kaz-KAZ,Калькуляторclose
MAT/MA123-SolarSystem,1,2,Kazakh,kaz-KAZ,PISA 2022
MAT/MA123-SolarSystem,1,3,Kazakh,kaz-KAZ,"C
(
)
x2
yx
√x
1/x
π
÷
7
8
9
x
4
5
6
–
1
2
3
+
0
.
+/-
="
MAT/MA123-SolarSystem,1,4,Kazakh,kaz-KAZ,"КҮН ЖҮЙЕСІ
Төмендегі кестеде Күннен күн жүйесіндегі келесі планеталарға дейінгі орташа қашықтық астрономиялық бірлікте (АБ) көрсетілген.
1 АБ шамамен 150 миллион километрді құрайды.
Планета
Күннен орташа қашықтық (АБ)
Меркурий
0,39
Шолпан
0,72
Жер
1,00
Марс
1,52
Юпитер
5,20
Сатурн
9,58
Уран
19,20
Нептун
30,05"
MAT/MA123-SolarSystem,1,5,Kazakh,kaz-KAZ,"Күн жүйесі  Сұрақ 1 / 2
Оң жақтағы «Күн жүйесі» мәтінін оқыңыз. Сұраққа жауап беру үшін төмендегі ықтималдылықтарды тінтуірдің көмегімен жылжытыңыз.
Төмендегі модель үш планетаның арасындағы орташа қашықтықтарды көрсетеді. (Планеталар мен модель масштабпен емес).
4,38 АБ
9,62 АБ
Берілген қашықтықтарға сәйкес, қандай планеталар модельге тиесілі? Сәйкес үш планетаны дұрыс ретімен жылжытыңыз. Жауабыңызды өзгерту үшін біріншіден жылжытқан планетаңызды орнына қойыңыз.
Меркурий
Шолпан
Жер
Марс
Юпитер
Сатурн
Уран
Нептун"
MAT/MA123-SolarSystem,2,1,Kazakh,kaz-KAZ,Калькуляторclose
MAT/MA123-SolarSystem,2,2,Kazakh,kaz-KAZ,PISA 2022
MAT/MA123-SolarSystem,2,3,Kazakh,kaz-KAZ,"КҮН ЖҮЙЕСІ
Төмендегі кестеде Күннен күн жүйесіндегі келесі планеталарға дейінгі орташа қашықтық астрономиялық бірлікте (АБ) көрсетілген.
1 АБ шамамен 150 миллион километрді құрайды.
Планета
Күннен орташа қашықтық (АБ)
Меркурий
0,39
Шолпан
0,72
Жер
1,00
Марс
1,52
Юпитер
5,20
Сатурн
9,58
Уран
19,20
Нептун
30,05"
MAT/MA123-SolarSystem,2,4,Kazakh,kaz-KAZ,"Күн жүйесі  Сұрақ 2 / 2
Оң жақтағы «Күн жүйесі» мәтінін оқыңыз. Сұраққа жауап беру үшін таңдаған жауабыңыздың үстінен тінтуірмен басыңыз.
Орташа есеппен Нептун планетасы Күннен шамамен қанша миллион километр қашықтықта?
5 миллион км
30 миллион км
180 миллион км
4500 миллион км"
MAT/MA123-SolarSystem,2,5,Kazakh,kaz-KAZ,"C
(
)
x2
yx
√x
1/x
π
÷
7
8
9
x
4
5
6
–
1
2
3
+
0
.
+/-
="
MAT/MA123-SolarSystem,3,1,Kazakh,kaz-KAZ,Калькуляторclose
MAT/MA123-SolarSystem,3,2,Kazakh,kaz-KAZ,PISA 2022
MAT/MA123-SolarSystem,3,3,Kazakh,kaz-KAZ,"КҮН ЖҮЙЕСІ
Төмендегі кестеде Күннен күн жүйесіндегі келесі планеталарға дейінгі орташа қашықтық астрономиялық бірлікте (АБ) көрсетілген.
1 АБ шамамен 150 миллион километрді құрайды.
Планета
Күннен орташа қашықтық (АБ)
Меркурий
0,39
Шолпан
0,72
Жер
1,00
Марс
1,52
Юпитер
5,20
Сатурн
9,58
Уран
19,20
Нептун
30,05"
MAT/MA123-SolarSystem,3,4,Kazakh,kaz-KAZ,"Күн жүйесі  Сұрақ 2 / 2
Оң жақтағы «Күн жүйесі» мәтінін оқыңыз. Сұраққа жауап беру үшін таңдаған жауабыңыздың үстінен тінтуірмен басыңыз.
Орташа есеппен Нептун планетасы Күннен шамамен қанша миллион километр қашықтықта?
5 миллион км
30 миллион км
180 миллион км
4500 миллион км"
MAT/MA123-SolarSystem,3,5,Kazakh,kaz-KAZ,"C
(
)
x2
yx
√x
1/x
π
÷
7
8
9
x
4
5
6
–
1
2
3
+
0
.
+/-
="
MAT/MA123-SolarSystem,1,1,Korean,kor-KOR,계산기close
MAT/MA123-SolarSystem,1,2,Korean,kor-KOR,PISA
MAT/MA123-SolarSystem,1,3,Korean,kor-KOR,"태양계
아래 표는 태양으로부터 다음 행성들까지의 평균 거리를 천문단위(au)로 나타낸 것이다.
1 au는 약 1억 5천만 킬로미터이다.
행성
태양으로부터의 평균 거리(au)
수성
0.39
금성
0.72
지구
1.00
화성
1.52
목성
5.20
토성
9.58
천왕성
19.20
해왕성
30.05"
MAT/MA123-SolarSystem,1,4,Korean,kor-KOR,"태양계  문제 1 / 2
오른쪽 '태양계'를 참고하시오. 물음에 대한 답을 드래그하여 놓으시오.
다음 모델은 세 행성 사이의 평균 거리를 나타낸다. (행성과 모델의 비율은 정확하지 않을 수 있음)
4.38 au
9.62 au
주어진 거리에 따르면 모델에 해당하는 행성은 어느 것인가? 알맞은 세 행성을 올바른 순서로 드래그하여 놓으시오. 답을 변경하려면, 먼저 전에 선택한 행성을 드래그하여 빼내시오.
수성
금성
지구
화성
목성
토성
천왕성
해왕성"
MAT/MA123-SolarSystem,1,5,Korean,kor-KOR,"C
(
)
x2
xy
√x
1/x
π
÷
7
8
9
×
4
5
6
–
1
2
3
+
0
.
+/-
="
MAT/MA123-SolarSystem,2,1,Korean,kor-KOR,계산기close
MAT/MA123-SolarSystem,2,2,Korean,kor-KOR,PISA
MAT/MA123-SolarSystem,2,3,Korean,kor-KOR,"태양계
아래 표는 태양으로부터 다음 행성들까지의 평균 거리를 천문단위(au)로 나타낸 것이다.
1 au는 약 1억 5천만 킬로미터이다.
행성
태양으로부터의 평균 거리(au)
수성
0.39
금성
0.72
지구
1.00
화성
1.52
목성
5.20
토성
9.58
천왕성
19.20
해왕성
30.05"
MAT/MA123-SolarSystem,2,4,Korean,kor-KOR,"태양계  문제 2 / 2
오른쪽 '태양계'를 참고하시오. 물음에 대한 답을 하나 선택하여 클릭하시오.
태양으로부터 해왕성까지의 평균 거리는 약 얼마인가?
5백만 km
3천만 km
1억 8천만 km
45억 km"
MAT/MA123-SolarSystem,2,5,Korean,kor-KOR,"C
(
)
x2
xy
√x
1/x
π
÷
7
8
9
×
4
5
6
–
1
2
3
+
0
.
+/-
="
MAT/MA123-SolarSystem,3,1,Korean,kor-KOR,계산기close
MAT/MA123-SolarSystem,3,2,Korean,kor-KOR,PISA
MAT/MA123-SolarSystem,3,3,Korean,kor-KOR,"태양계
아래 표는 태양으로부터 다음 행성들까지의 평균 거리를 천문단위(au)로 나타낸 것이다.
1 au는 약 1억 5천만 킬로미터이다.
행성
태양으로부터의 평균 거리(au)
수성
0.39
금성
0.72
지구
1.00
화성
1.52
목성
5.20
토성
9.58
천왕성
19.20
해왕성
30.05"
MAT/MA123-SolarSystem,3,4,Korean,kor-KOR,"태양계  문제 2 / 2
오른쪽 '태양계'를 참고하시오. 물음에 대한 답을 하나 선택하여 클릭하시오.
태양으로부터 해왕성까지의 평균 거리는 약 얼마인가?
5백만 km
3천만 km
1억 8천만 km
45억 km"
MAT/MA123-SolarSystem,3,5,Korean,kor-KOR,"C
(
)
x2
xy
√x
1/x
π
÷
7
8
9
×
4
5
6
–
1
2
3
+
0
.
+/-
="
MAT/MA123-SolarSystem,1,1,Latvian,lav-LVA,Kalkulatorsclose
MAT/MA123-SolarSystem,1,2,Latvian,lav-LVA,PISA
MAT/MA123-SolarSystem,1,3,Latvian,lav-LVA,"SAULES SISTĒMA
Zemāk dotajā tabulā redzams vidējais attālums astronomiskajās vienībās (ua) no Saules līdz Saules sistēmas planētām.
1 ua ir apmēram 150 miljoni kilometru.
Planēta
Vidējais attālums ua no Saules
Merkurs
0,39
Venera
0,72
Zeme
1
Marss
1,52
Jupiters
5,2
Saturns
9,58
Urāns
19,2
Neptūns
30,05"
MAT/MA123-SolarSystem,1,4,Latvian,lav-LVA,"Saules sistēma  Jautājums 1 / 2
Aplūko labajā pusē doto informāciju ""Saules sistēma"". Lai atbildētu uz jautājumu, izmanto vilkšanai peli.
Tālāk redzamais modelis parāda vidējo attālumu starp trīs planētām. (Planētu un modeļa attēlā nav ievērots mērogs.)
4,38 ua
9,62 ua
Ņemot vērā dotos attālumus, kuras planētas iederas modelī? Aizvelc trīs atbilstošās planētas pareizajā kārtībā. Lai mainītu atbildi, vispirms aizvelc projām iepriekšējo planētu.
Merkurs
Venera
Zeme
Marss
Jupiters
Saturns
Urāns
Neptūns"
MAT/MA123-SolarSystem,1,5,Latvian,lav-LVA,"C
(
)
x2
yx
√x
1/x
π
÷
7
8
9
x
4
5
6
–
1
2
3
+
0
.
+/-
="
MAT/MA123-SolarSystem,2,1,Latvian,lav-LVA,Kalkulatorsclose
MAT/MA123-SolarSystem,2,2,Latvian,lav-LVA,PISA
MAT/MA123-SolarSystem,2,3,Latvian,lav-LVA,"SAULES SISTĒMA
Zemāk dotajā tabulā redzams vidējais attālums astronomiskajās vienībās (ua) no Saules līdz Saules sistēmas planētām.
1 ua ir apmēram 150 miljoni kilometru.
Planēta
Vidējais attālums ua no Saules
Merkurs
0,39
Venera
0,72
Zeme
1
Marss
1,52
Jupiters
5,2
Saturns
9,58
Urāns
19,2
Neptūns
30,05"
MAT/MA123-SolarSystem,2,4,Latvian,lav-LVA,"Saules sistēma  Jautājums 2 / 2
Aplūko labajā pusē doto informāciju ""Saules sistēma"". Noklikšķini uz atbildes varianta, lai atbildētu uz jautājumu.
Aptuveni cik miljonus kilometru (vidēji) no Saules atrodas planēta Neptūns?
5 miljonus km
30 miljonus km
180 miljonus km
4500 miljonus km"
MAT/MA123-SolarSystem,2,5,Latvian,lav-LVA,"C
(
)
x2
yx
√x
1/x
π
÷
7
8
9
x
4
5
6
–
1
2
3
+
0
.
+/-
="
MAT/MA123-SolarSystem,3,1,Latvian,lav-LVA,Kalkulatorsclose
MAT/MA123-SolarSystem,3,2,Latvian,lav-LVA,PISA
MAT/MA123-SolarSystem,3,3,Latvian,lav-LVA,"SAULES SISTĒMA
Zemāk dotajā tabulā redzams vidējais attālums astronomiskajās vienībās (ua) no Saules līdz Saules sistēmas planētām.
1 ua ir apmēram 150 miljoni kilometru.
Planēta
Vidējais attālums ua no Saules
Merkurs
0,39
Venera
0,72
Zeme
1
Marss
1,52
Jupiters
5,2
Saturns
9,58
Urāns
19,2
Neptūns
30,05"
MAT/MA123-SolarSystem,3,4,Latvian,lav-LVA,"Saules sistēma  Jautājums 2 / 2
Aplūko labajā pusē doto informāciju ""Saules sistēma"". Noklikšķini uz atbildes varianta, lai atbildētu uz jautājumu.
Aptuveni cik miljonus kilometru (vidēji) no Saules atrodas planēta Neptūns?
5 miljonus km
30 miljonus km
180 miljonus km
4500 miljonus km"
MAT/MA123-SolarSystem,3,5,Latvian,lav-LVA,"C
(
)
x2
yx
√x
1/x
π
÷
7
8
9
x
4
5
6
–
1
2
3
+
0
.
+/-
="
MAT/MA123-SolarSystem,1,1,Lithuanian,lit-LTU,Skaičiuotuvasclose
MAT/MA123-SolarSystem,1,2,Lithuanian,lit-LTU,Programme for International Student Assessment
MAT/MA123-SolarSystem,1,3,Lithuanian,lit-LTU,"SAULĖS SISTEMA
Lentelėje pateikti vidutiniai atstumai astronominiais vienetais (av) nuo Saulės iki pagrindinių planetų.
1 av apytiksliai lygus 150 milijonų kilometrų.
Planeta
Vidutinis atstumas nuo Saulės (av)
Merkurijus
0,39
Venera
0,72
Žemė
1,00
Marsas
1,52
Jupiteris
5,20
Saturnas
9,58
Uranas
19,20
Neptūnas
30,05"
MAT/MA123-SolarSystem,1,4,Lithuanian,lit-LTU,"Saulės sistema  Klausimas 1 / 2
Remdamiesi dešinėje pateikta užduoties „Saulės sistema“ informacija, nutempkite paveikslėlius į reikiamas vietas.
Šioje schemoje pavaizduoti vidutiniai atstumai tarp trijų planetų. (Planetos ir schema neatitinka mastelio.)
4,38 av
9,62 av
Kokios planetos pavaizduotos schemoje, remiantis pateiktais atstumais? Tinkama tvarka nutempkite tris planetų paveikslėlius. Norėdami pakeisti atsakymą, pirmiausia nutempkite planetos paveikslėlį į pradinę jo padėtį.
Merkurijus
Venera
Žemė
Marsas
Jupiteris
Saturnas
Uranas
Neptūnas"
MAT/MA123-SolarSystem,1,5,Lithuanian,lit-LTU,"C
(
)
x2
yx
√x
1/x
π
/
7
8
9
x
4
5
6
–
1
2
3
+
0
,
+/-
="
MAT/MA123-SolarSystem,2,1,Lithuanian,lit-LTU,Skaičiuotuvasclose
MAT/MA123-SolarSystem,2,2,Lithuanian,lit-LTU,Programme for International Student Assessment
MAT/MA123-SolarSystem,2,3,Lithuanian,lit-LTU,"SAULĖS SISTEMA
Lentelėje pateikti vidutiniai atstumai astronominiais vienetais (av) nuo Saulės iki pagrindinių planetų.
1 av apytiksliai lygus 150 milijonų kilometrų.
Planeta
Vidutinis atstumas nuo Saulės (av)
Merkurijus
0,39
Venera
0,72
Žemė
1,00
Marsas
1,52
Jupiteris
5,20
Saturnas
9,58
Uranas
19,20
Neptūnas
30,05"
MAT/MA123-SolarSystem,2,4,Lithuanian,lit-LTU,"Saulės sistema  Klausimas 2 / 2
Remdamiesi dešinėje pateikta užduoties „Saulės sistema“ informacija, pasirinkite atsakymą.
Apytiksliai koks yra vidutinis atstumas milijonais kilometrų nuo Saulės iki Neptūno?
5 milijonai km
30 milijonų km
180 milijonų km
4 500 milijonų km"
MAT/MA123-SolarSystem,2,5,Lithuanian,lit-LTU,"C
(
)
x2
yx
√x
1/x
π
/
7
8
9
x
4
5
6
–
1
2
3
+
0
,
+/-
="
MAT/MA123-SolarSystem,3,1,Lithuanian,lit-LTU,Skaičiuotuvasclose
MAT/MA123-SolarSystem,3,2,Lithuanian,lit-LTU,Programme for International Student Assessment
MAT/MA123-SolarSystem,3,3,Lithuanian,lit-LTU,"SAULĖS SISTEMA
Lentelėje pateikti vidutiniai atstumai astronominiais vienetais (av) nuo Saulės iki pagrindinių planetų.
1 av apytiksliai lygus 150 milijonų kilometrų.
Planeta
Vidutinis atstumas nuo Saulės (av)
Merkurijus
0,39
Venera
0,72
Žemė
1,00
Marsas
1,52
Jupiteris
5,20
Saturnas
9,58
Uranas
19,20
Neptūnas
30,05"
MAT/MA123-SolarSystem,3,4,Lithuanian,lit-LTU,"Saulės sistema  Klausimas 2 / 2
Remdamiesi dešinėje pateikta užduoties „Saulės sistema“ informacija, pasirinkite atsakymą.
Apytiksliai koks yra vidutinis atstumas milijonais kilometrų nuo Saulės iki Neptūno?
5 milijonai km
30 milijonų km
180 milijonų km
4 500 milijonų km"
MAT/MA123-SolarSystem,3,5,Lithuanian,lit-LTU,"C
(
)
x2
yx
√x
1/x
π
/
7
8
9
x
4
5
6
–
1
2
3
+
0
,
+/-
="
MAT/MA123-SolarSystem,1,1,Malay,msa-MYS,Kalkulatorclose
MAT/MA123-SolarSystem,1,2,Malay,msa-MYS,PISA
MAT/MA123-SolarSystem,1,3,Malay,msa-MYS,"SISTEM SOLAR
Jadual di bawah menunjukkan purata jarak dari matahari ke planet-planet utama dalam Unit Astronomi (ua)
1 ua adalah lebih kurang 150 juta kilometer.
Planet
Purata jarak dari Matahari dalam ua
Utarid
0.39
Zuhrah
0.72
Bumi
1.00
Marikh
1.52
Musytari
5.20
Zuhal
9.58
Uranus
19.20
Neptun
30.05"
MAT/MA123-SolarSystem,1,4,Malay,msa-MYS,"Sistem Solar  Soalan 1 / 2
Rujuk ""Sistem Solar"" di sebelah kanan. Guna tarik dan letak untuk menjawab soalan.
Model berikut menunjukkan purata jarak antara tiga buah planet. (Planet dan model tidak dilukis mengikut skala.)
4.38 ua
9.62 ua
Berdasarkan jarak yang diberi, planet-planet yang manakah boleh berada di dalam model tersebut? Tarik tiga planet yang betul mengikut susunan yang betul. Untuk menukar jawapan, tarik keluar planet yang dimasukkan terdahulu.
Utarid
Zuhrah
Bumi
Marikh
Musytari
Zuhal
Uranus
Neptun"
MAT/MA123-SolarSystem,1,5,Malay,msa-MYS,"C
(
)
x2
yx
√x
1/x
π
÷
7
8
9
x
4
5
6
–
1
2
3
+
0
.
+/-
="
MAT/MA123-SolarSystem,2,1,Malay,msa-MYS,Kalkulatorclose
MAT/MA123-SolarSystem,2,2,Malay,msa-MYS,PISA
MAT/MA123-SolarSystem,2,3,Malay,msa-MYS,"SISTEM SOLAR
Jadual di bawah menunjukkan purata jarak dari matahari ke planet-planet utama dalam Unit Astronomi (ua)
1 ua adalah lebih kurang 150 juta kilometer.
Planet
Purata jarak dari Matahari dalam ua
Utarid
0.39
Zuhrah
0.72
Bumi
1.00
Marikh
1.52
Musytari
5.20
Zuhal
9.58
Uranus
19.20
Neptun
30.05"
MAT/MA123-SolarSystem,2,4,Malay,msa-MYS,"Sistem Solar  Soalan 2 / 2
Rujuk ""Sistem Solar"" di sebelah kanan. Klik pada satu pilihan untuk menjawab soalan.
Secara purata, berapakah anggaran jarak dari Matahari ke planet Neptun dalam juta kilometer?
5 juta km
30 juta km
180 juta km
4500 juta km"
MAT/MA123-SolarSystem,2,5,Malay,msa-MYS,"C
(
)
x2
yx
√x
1/x
π
÷
7
8
9
x
4
5
6
–
1
2
3
+
0
.
+/-
="
MAT/MA123-SolarSystem,3,1,Malay,msa-MYS,Kalkulatorclose
MAT/MA123-SolarSystem,3,2,Malay,msa-MYS,PISA
MAT/MA123-SolarSystem,3,3,Malay,msa-MYS,"SISTEM SOLAR
Jadual di bawah menunjukkan purata jarak dari matahari ke planet-planet utama dalam Unit Astronomi (ua)
1 ua adalah lebih kurang 150 juta kilometer.
Planet
Purata jarak dari Matahari dalam ua
Utarid
0.39
Zuhrah
0.72
Bumi
1.00
Marikh
1.52
Musytari
5.20
Zuhal
9.58
Uranus
19.20
Neptun
30.05"
MAT/MA123-SolarSystem,3,4,Malay,msa-MYS,"Sistem Solar  Soalan 2 / 2
Rujuk ""Sistem Solar"" di sebelah kanan. Klik pada satu pilihan untuk menjawab soalan.
Secara purata, berapakah anggaran jarak dari Matahari ke planet Neptun dalam juta kilometer?
5 juta km
30 juta km
180 juta km
4500 juta km"
MAT/MA123-SolarSystem,3,5,Malay,msa-MYS,"C
(
)
x2
yx
√x
1/x
π
÷
7
8
9
x
4
5
6
–
1
2
3
+
0
.
+/-
="
MAT/MA123-SolarSystem,1,1,Nynorsk,nno-NOR,Kalkulatorclose
MAT/MA123-SolarSystem,1,2,Nynorsk,nno-NOR,PISA
MAT/MA123-SolarSystem,1,3,Nynorsk,nno-NOR,"SOLSYSTEMET
Tabellen nedanfor viser den gjennomsnittlege avstanden mellom sola og planetane i vårt solsystem, oppgitt i astronomiske einingar (AU).
1 AU er om lag 150 millionar kilometer.
Planet
Gjennomsnittleg avstand frå sola i AU
Merkur
0,39
Venus
0,72
Jorda
1,00
Mars
1,52
Jupiter
5,20
Saturn
9,58
Uranus
19,20
Neptun
30,05"
MAT/MA123-SolarSystem,1,4,Nynorsk,nno-NOR,"Solsystemet  Spørsmål 1 / 2
Les ""Solsystemet"" til høgre. Svar på spørsmålet ved å bruke dra og slepp.
Modellen nedanfor viser dei gjennomsnittlege avstandane mellom tre planetar. (Planetane og modellen er ikkje i rett målestokk.)
4,38 AU
9,62 AU
Ut frå dei avstandane som er oppgitt, kva for nokre av planetane passar inn i modellen? Dra dei tre rette planetane til rett plass. For å endre eit svar må du først dra den førre planeten ut.
Merkur
Venus
Jorda
Mars
Jupiter
Saturn
Uranus
Neptun"
MAT/MA123-SolarSystem,1,5,Nynorsk,nno-NOR,"C
(
)
x2
yx
√x
1/x
π
÷
7
8
9
x
4
5
6
–
1
2
3
+
0
,
+/-
="
MAT/MA123-SolarSystem,2,1,Nynorsk,nno-NOR,Kalkulatorclose
MAT/MA123-SolarSystem,2,2,Nynorsk,nno-NOR,PISA
MAT/MA123-SolarSystem,2,3,Nynorsk,nno-NOR,"SOLSYSTEMET
Tabellen nedanfor viser den gjennomsnittlege avstanden mellom sola og planetane i vårt solsystem, oppgitt i astronomiske einingar (AU).
1 AU er om lag 150 millionar kilometer.
Planet
Gjennomsnittleg avstand frå sola i AU
Merkur
0,39
Venus
0,72
Jorda
1,00
Mars
1,52
Jupiter
5,20
Saturn
9,58
Uranus
19,20
Neptun
30,05"
MAT/MA123-SolarSystem,2,4,Nynorsk,nno-NOR,"Solsystemet  Spørsmål 2 / 2
Les ""Solsystemet"" til høgre. Svar på spørsmålet ved å klikke på eit av alternativa.
Omtrent kor mange millionar kilometer er det frå sola til planeten Neptun, i gjennomsnitt?
5 millionar km
30 millionar km
180 millionar km
4500 millionar km"
MAT/MA123-SolarSystem,2,5,Nynorsk,nno-NOR,"C
(
)
x2
yx
√x
1/x
π
÷
7
8
9
x
4
5
6
–
1
2
3
+
0
,
+/-
="
MAT/MA123-SolarSystem,3,1,Nynorsk,nno-NOR,Kalkulatorclose
MAT/MA123-SolarSystem,3,2,Nynorsk,nno-NOR,PISA
MAT/MA123-SolarSystem,3,3,Nynorsk,nno-NOR,"SOLSYSTEMET
Tabellen nedanfor viser den gjennomsnittlege avstanden mellom sola og planetane i vårt solsystem, oppgitt i astronomiske einingar (AU).
1 AU er om lag 150 millionar kilometer.
Planet
Gjennomsnittleg avstand frå sola i AU
Merkur
0,39
Venus
0,72
Jorda
1,00
Mars
1,52
Jupiter
5,20
Saturn
9,58
Uranus
19,20
Neptun
30,05"
MAT/MA123-SolarSystem,3,4,Nynorsk,nno-NOR,"Solsystemet  Spørsmål 2 / 2
Les ""Solsystemet"" til høgre. Svar på spørsmålet ved å klikke på eit av alternativa.
Omtrent kor mange millionar kilometer er det frå sola til planeten Neptun, i gjennomsnitt?
5 millionar km
30 millionar km
180 millionar km
4500 millionar km"
MAT/MA123-SolarSystem,3,5,Nynorsk,nno-NOR,"C
(
)
x2
yx
√x
1/x
π
÷
7
8
9
x
4
5
6
–
1
2
3
+
0
,
+/-
="
MAT/MA123-SolarSystem,1,1,Polish,pol-POL,Kalkulatorclose
MAT/MA123-SolarSystem,1,2,Polish,pol-POL,PISA
MAT/MA123-SolarSystem,1,3,Polish,pol-POL,"UKŁAD SŁONECZNY
Tabela poniżej przedstawia średnią odległość między Słońcem a wymienionymi planetami wyrażoną w jednostkach astronomicznych (j.a.).
1 j.a. to w przybliżeniu 150 milionów kilometrów.
Planeta
Średnia odległość od Słońca w j.a.
Merkury
0,39
Wenus
0,72
Ziemia
1,00
Mars
1,52
Jowisz
5,20
Saturn
9,58
Uran
19,20
Neptun
30,05"
MAT/MA123-SolarSystem,1,4,Polish,pol-POL,"Układ Słoneczny  Pytanie 1 / 2
Zapoznaj się z informacjami do zadania „Układ słoneczny” po prawej stronie. Zastosuj funkcję przeciągnij i upuść, aby odpowiedzieć na pytanie.
Schemat poniżej pokazuje średnie odległości pomiędzy trzema planetami. (Planety i schemat nie są narysowane w skali)
4,38 j.a.
9,62 j.a.
Na podstawie podanych odległości ustal, które planety przedstawiono na schemacie. Przeciągnij i upuść trzy właściwe planety we właściwej kolejności. Aby zmienić odpowiedź, najpierw usuń wcześniej wybraną planetę.
Merkury
Wenus
Ziemia
Mars
Jowisz
Saturn
Uran
Neptun"
MAT/MA123-SolarSystem,1,5,Polish,pol-POL,"C
(
)
x2
yx
√x
1/x
π
÷
7
8
9
*
4
5
6
–
1
2
3
+
0
,
+/-
="
MAT/MA123-SolarSystem,2,1,Polish,pol-POL,Kalkulatorclose
MAT/MA123-SolarSystem,2,2,Polish,pol-POL,PISA
MAT/MA123-SolarSystem,2,3,Polish,pol-POL,"UKŁAD SŁONECZNY
Tabela poniżej przedstawia średnią odległość między Słońcem a wymienionymi planetami wyrażoną w jednostkach astronomicznych (j.a.).
1 j.a. to w przybliżeniu 150 milionów kilometrów.
Planeta
Średnia odległość od Słońca w j.a.
Merkury
0,39
Wenus
0,72
Ziemia
1,00
Mars
1,52
Jowisz
5,20
Saturn
9,58
Uran
19,20
Neptun
30,05"
MAT/MA123-SolarSystem,2,4,Polish,pol-POL,"Układ Słoneczny  Pytanie 2 / 2
Zapoznaj się z informacjami do zadania „Układ słoneczny” po prawej stronie. Kliknij, aby wybrać odpowiedź.
Ile milionów kilometrów (w przybliżeniu) dzieli Słońce od Neptuna?
5 milionów km
30 milionów km
180 milionów km
4500 milionów km"
MAT/MA123-SolarSystem,2,5,Polish,pol-POL,"C
(
)
x2
yx
√x
1/x
π
÷
7
8
9
*
4
5
6
–
1
2
3
+
0
,
+/-
="
MAT/MA123-SolarSystem,3,1,Polish,pol-POL,Kalkulatorclose
MAT/MA123-SolarSystem,3,2,Polish,pol-POL,PISA
MAT/MA123-SolarSystem,3,3,Polish,pol-POL,"UKŁAD SŁONECZNY
Tabela poniżej przedstawia średnią odległość między Słońcem a wymienionymi planetami wyrażoną w jednostkach astronomicznych (j.a.).
1 j.a. to w przybliżeniu 150 milionów kilometrów.
Planeta
Średnia odległość od Słońca w j.a.
Merkury
0,39
Wenus
0,72
Ziemia
1,00
Mars
1,52
Jowisz
5,20
Saturn
9,58
Uran
19,20
Neptun
30,05"
MAT/MA123-SolarSystem,3,4,Polish,pol-POL,"Układ Słoneczny  Pytanie 2 / 2
Zapoznaj się z informacjami do zadania „Układ słoneczny” po prawej stronie. Kliknij, aby wybrać odpowiedź.
Ile milionów kilometrów (w przybliżeniu) dzieli Słońce od Neptuna?
5 milionów km
30 milionów km
180 milionów km
4500 milionów km"
MAT/MA123-SolarSystem,3,5,Polish,pol-POL,"C
(
)
x2
yx
√x
1/x
π
÷
7
8
9
*
4
5
6
–
1
2
3
+
0
,
+/-
="
MAT/MA123-SolarSystem,1,1,Portuguese,por-PRT,Calculadoraclose
MAT/MA123-SolarSystem,1,2,Portuguese,por-PRT,PISA
MAT/MA123-SolarSystem,1,3,Portuguese,por-PRT,"Sistema Solar  Questão 1 / 2
Considera a informação em «Sistema Solar», apresentada à direita. Para responderes à questão, «arrasta e solta».
O esquema seguinte representa as distâncias médias entre três planetas. (Os planetas e o esquema não estão desenhados à escala.)
4,38 ua
9,62 ua
Com base nas distâncias dadas, quais são os planetas representados neste esquema? «Arrasta» os três planetas corretos, colocando-os pela ordem correta. Para alterares uma resposta, primeiro «arrasta» para fora o planeta que queres substituir.
Mercúrio
Vénus
Terra
Marte
Júpiter
Saturno
Urano
Neptuno"
MAT/MA123-SolarSystem,1,4,Portuguese,por-PRT,"SISTEMA SOLAR
A tabela seguinte apresenta as distâncias médias dos planetas principais relativamente ao Sol, em unidades astronómicas (ua).
1 ua é, aproximadamente, igual a 150 milhões de quilómetros.
Planeta
Distância média relativamente ao Sol, em ua
Mercúrio
0,39
Vénus
0,72
Terra
1,00
Marte
1,52
Júpiter
5,20
Saturno
9,58
Urano
19,20
Neptuno
30,05"
MAT/MA123-SolarSystem,1,5,Portuguese,por-PRT,"C
(
)
x2
yx
√x
1/x
π
÷
7
8
9
x
4
5
6
–
1
2
3
+
0
.
+/-
="
MAT/MA123-SolarSystem,2,1,Portuguese,por-PRT,Calculadoraclose
MAT/MA123-SolarSystem,2,2,Portuguese,por-PRT,PISA
MAT/MA123-SolarSystem,2,3,Portuguese,por-PRT,"Sistema Solar  Questão 2 / 2
Considera a informação em «Sistema Solar», apresentada à direita. Para responderes à questão, seleciona uma opção.
Em média, aproximadamente, a quantos milhões de quilómetros do Sol está o planeta Neptuno?
5 milhões km
30 milhões km
180 milhões km
4 500 milhões km"
MAT/MA123-SolarSystem,2,4,Portuguese,por-PRT,"SISTEMA SOLAR
A tabela seguinte apresenta as distâncias médias dos planetas principais relativamente ao Sol, em unidades astronómicas (ua).
1 ua é, aproximadamente, igual a 150 milhões de quilómetros.
Planeta
Distância média relativamente ao Sol, em ua
Mercúrio
0,39
Vénus
0,72
Terra
1,00
Marte
1,52
Júpiter
5,20
Saturno
9,58
Urano
19,20
Neptuno
30,05"
MAT/MA123-SolarSystem,2,5,Portuguese,por-PRT,"C
(
)
x2
yx
√x
1/x
π
÷
7
8
9
x
4
5
6
–
1
2
3
+
0
.
+/-
="
MAT/MA123-SolarSystem,3,1,Portuguese,por-PRT,Calculadoraclose
MAT/MA123-SolarSystem,3,2,Portuguese,por-PRT,PISA
MAT/MA123-SolarSystem,3,3,Portuguese,por-PRT,"Sistema Solar  Questão 2 / 2
Considera a informação em «Sistema Solar», apresentada à direita. Para responderes à questão, seleciona uma opção.
Em média, aproximadamente, a quantos milhões de quilómetros do Sol está o planeta Neptuno?
5 milhões km
30 milhões km
180 milhões km
4 500 milhões km"
MAT/MA123-SolarSystem,3,4,Portuguese,por-PRT,"SISTEMA SOLAR
A tabela seguinte apresenta as distâncias médias dos planetas principais relativamente ao Sol, em unidades astronómicas (ua).
1 ua é, aproximadamente, igual a 150 milhões de quilómetros.
Planeta
Distância média relativamente ao Sol, em ua
Mercúrio
0,39
Vénus
0,72
Terra
1,00
Marte
1,52
Júpiter
5,20
Saturno
9,58
Urano
19,20
Neptuno
30,05"
MAT/MA123-SolarSystem,3,5,Portuguese,por-PRT,"C
(
)
x2
yx
√x
1/x
π
÷
7
8
9
x
4
5
6
–
1
2
3
+
0
.
+/-
="
MAT/MA123-SolarSystem,1,1,Russian,rus-KAZ,Калькуляторclose
MAT/MA123-SolarSystem,1,2,Russian,rus-KAZ,PISA 2022
MAT/MA123-SolarSystem,1,3,Russian,rus-KAZ,"СОЛНЕЧНАЯ СИСТЕМА
В таблице ниже показано среднее расстояние от Солнца до следующих планет солнечной системы в астрономических единицах (а.е.).
1 а.е. составляет около 150 миллионов километров.
Планета
Среднее расстояние до Солнца в а.е.
Меркурий
0,39
Венера
0,72
Земля
1,00
Марс
1,52
Юпитер
5,20
Сатурн
9,58
Уран
19,2
Нептун
30,05"
MAT/MA123-SolarSystem,1,4,Russian,rus-KAZ,"Солнечная система  Вопрос 1 / 2
Посмотрите на задание «Солнечная система» справа. Чтобы ответить на вопрос, перетащите планеты с помощью мыши.
В следующей модели показаны средние расстояния между тремя планетами. (Планеты и модель не в масштабе).
4,38 а.е.
9,62 а.е.
Исходя из приведенных расстояний, какие планеты относятся к модели? Перетащите три подходящих планеты в правильном порядке. Чтобы изменить ответ, сначала перетащите планету назад.
Меркурий
Венера
Земля
Марс
Юпитер
Сатурн
Уран
Нептун"
MAT/MA123-SolarSystem,1,5,Russian,rus-KAZ,"C
(
)
x2
yx
√x
1/x
π
÷
7
8
9
x
4
5
6
–
1
2
3
+
0
.
+/-
="
MAT/MA123-SolarSystem,2,1,Russian,rus-KAZ,Калькуляторclose
MAT/MA123-SolarSystem,2,2,Russian,rus-KAZ,PISA 2022
MAT/MA123-SolarSystem,2,3,Russian,rus-KAZ,"СОЛНЕЧНАЯ СИСТЕМА
В таблице ниже показано среднее расстояние от Солнца до следующих планет солнечной системы в астрономических единицах (а.е.).
1 а.е. составляет около 150 миллионов километров.
Планета
Среднее расстояние до Солнца в а.е.
Меркурий
0,39
Венера
0,72
Земля
1,00
Марс
1,52
Юпитер
5,20
Сатурн
9,58
Уран
19,2
Нептун
30,05"
MAT/MA123-SolarSystem,2,4,Russian,rus-KAZ,"Солнечная система  Вопрос 2 / 2
Посмотрите на задание «Солнечная система» справа. Выберите ответ и кликните по нему мышью.
В среднем, примерно, на сколько миллионов километров от Солнца находится планета Нептун?
5 миллионов км
30 миллионов км
180 миллионов км
4500 миллионов км"
MAT/MA123-SolarSystem,2,5,Russian,rus-KAZ,"C
(
)
x2
yx
√x
1/x
π
÷
7
8
9
x
4
5
6
–
1
2
3
+
0
.
+/-
="
MAT/MA123-SolarSystem,3,1,Russian,rus-KAZ,Калькуляторclose
MAT/MA123-SolarSystem,3,2,Russian,rus-KAZ,PISA 2022
MAT/MA123-SolarSystem,3,3,Russian,rus-KAZ,"СОЛНЕЧНАЯ СИСТЕМА
В таблице ниже показано среднее расстояние от Солнца до следующих планет солнечной системы в астрономических единицах (а.е.).
1 а.е. составляет около 150 миллионов километров.
Планета
Среднее расстояние до Солнца в а.е.
Меркурий
0,39
Венера
0,72
Земля
1,00
Марс
1,52
Юпитер
5,20
Сатурн
9,58
Уран
19,2
Нептун
30,05"
MAT/MA123-SolarSystem,3,4,Russian,rus-KAZ,"Солнечная система  Вопрос 2 / 2
Посмотрите на задание «Солнечная система» справа. Выберите ответ и кликните по нему мышью.
В среднем, примерно, на сколько миллионов километров от Солнца находится планета Нептун?
5 миллионов км
30 миллионов км
180 миллионов км
4500 миллионов км"
MAT/MA123-SolarSystem,3,5,Russian,rus-KAZ,"C
(
)
x2
yx
√x
1/x
π
÷
7
8
9
x
4
5
6
–
1
2
3
+
0
.
+/-
="
MAT/MA123-SolarSystem,1,1,Serbian / Serb,srp-SRB,Kalkulatorclose
MAT/MA123-SolarSystem,1,2,Serbian / Serb,srp-SRB,PISA 2022
MAT/MA123-SolarSystem,1,3,Serbian / Serb,srp-SRB,"SUNČEV SISTEM
Donja tabela pokazuje prosečnu udaljenost primarnih planeta od Sunca u astronomskim jedinicama (AJ).
1 AJ je približno 150 miliona kilometara.
Planeta
Prosečna udaljenost od Sunca u AJ
Merkur
0,39
Venera
0,72
Zemlja
1,00
Mars
1,52
Jupiter
5,20
Saturn
9,58
Uran
19,20
Neptun
30,05"
MAT/MA123-SolarSystem,1,4,Serbian / Serb,srp-SRB,"Sunčev sistem  Pitanje 1 / 2
Koristi informacije iz teksta „Sunčev sistem“ sa desne strane. Odgovori na pitanje koristeći opciju „prevuci i spusti“.
Sledeći model prikazuje prosečnu udaljenost između tri planete. (Planete i model na crtežu nisu u razmeri.)
4,38 AJ
9,62 AJ
Na osnovu datih udaljenosti, koje planete pripadaju modelu? Prevuci tri odgovarajuće planete tačnim redosledom. Da promeniš odgovor, najpre izbaci prethodnu planetu prevlačenjem.
Merkur
Venera
Zemlja
Mars
Jupiter
Saturn
Uran
Neptun"
MAT/MA123-SolarSystem,1,5,Serbian / Serb,srp-SRB,"C
(
)
x2
yx
√x
1/x
π
÷
7
8
9
x
4
5
6
–
1
2
3
+
0
.
+/-
="
MAT/MA123-SolarSystem,2,1,Serbian / Serb,srp-SRB,Kalkulatorclose
MAT/MA123-SolarSystem,2,2,Serbian / Serb,srp-SRB,PISA 2022
MAT/MA123-SolarSystem,2,3,Serbian / Serb,srp-SRB,"SUNČEV SISTEM
Donja tabela pokazuje prosečnu udaljenost primarnih planeta od Sunca u astronomskim jedinicama (AJ).
1 AJ je približno 150 miliona kilometara.
Planeta
Prosečna udaljenost od Sunca u AJ
Merkur
0,39
Venera
0,72
Zemlja
1,00
Mars
1,52
Jupiter
5,20
Saturn
9,58
Uran
19,20
Neptun
30,05"
MAT/MA123-SolarSystem,2,4,Serbian / Serb,srp-SRB,"Sunčev sistem  Pitanje 2 / 2
Koristi informacije iz teksta „Sunčev sistem“ sa desne strane. Odgovori na pitanje tako što ćeš kliknuti ispred izabranog odgovora.
U proseku, koliko je približno miliona kilometara planeta Neptun udaljena od Sunca?
5 miliona km
30 miliona km
180 miliona km
4 500 miliona km"
MAT/MA123-SolarSystem,2,5,Serbian / Serb,srp-SRB,"C
(
)
x2
yx
√x
1/x
π
÷
7
8
9
x
4
5
6
–
1
2
3
+
0
.
+/-
="
MAT/MA123-SolarSystem,3,1,Serbian / Serb,srp-SRB,Kalkulatorclose
MAT/MA123-SolarSystem,3,2,Serbian / Serb,srp-SRB,PISA 2022
MAT/MA123-SolarSystem,3,3,Serbian / Serb,srp-SRB,"SUNČEV SISTEM
Donja tabela pokazuje prosečnu udaljenost primarnih planeta od Sunca u astronomskim jedinicama (AJ).
1 AJ je približno 150 miliona kilometara.
Planeta
Prosečna udaljenost od Sunca u AJ
Merkur
0,39
Venera
0,72
Zemlja
1,00
Mars
1,52
Jupiter
5,20
Saturn
9,58
Uran
19,20
Neptun
30,05"
MAT/MA123-SolarSystem,3,4,Serbian / Serb,srp-SRB,"Sunčev sistem  Pitanje 2 / 2
Koristi informacije iz teksta „Sunčev sistem“ sa desne strane. Odgovori na pitanje tako što ćeš kliknuti ispred izabranog odgovora.
U proseku, koliko je približno miliona kilometara planeta Neptun udaljena od Sunca?
5 miliona km
30 miliona km
180 miliona km
4 500 miliona km"
MAT/MA123-SolarSystem,3,5,Serbian / Serb,srp-SRB,"C
(
)
x2
yx
√x
1/x
π
÷
7
8
9
x
4
5
6
–
1
2
3
+
0
.
+/-
="
MAT/MA123-SolarSystem,1,1,Slovak,slo-SVK,Kalkulačkaclose
MAT/MA123-SolarSystem,1,2,Slovak,slo-SVK,PISA
MAT/MA123-SolarSystem,1,3,Slovak,slo-SVK,"SLNEČNÁ SÚSTAVA
V nasledujúcej tabuľke sú uvedené priemerné vzdialenosti medzi Slnkom a planétami v astronomických jednotkách (au).
1 au je približne 150 miliónov kilometrov.
Planéta
Priemerná vzdialenosť od Slnka v au
Merkúr
0,39
Venuša
0,72
Zem
1,00
Mars
1,52
Jupiter
5,20
Saturn
9,58
Urán
19,20
Neptún
30,05"
MAT/MA123-SolarSystem,1,4,Slovak,slo-SVK,"Slnečná sústava  Otázka 1 / 2
Použi informácie z materiálu „Slnečná sústava“ na pravej strane. Chyť a potiahni obrázky na vyznačené miesta a odpovedz tak na otázku.
Nasledujúci model znázorňuje priemerné vzdialenosti medzi tromi planétami. (Planéty a model nie sú nakreslené v mierke.)
4,38 au
9,62 au
Ktoré planéty patria na základe uvedených vzdialeností do daného modelu? Potiahni tri správne planéty do správneho poradia. Ak chceš odpoveď zmeniť, musíš najprv umiestnenú planétu posunúť späť.
Merkúr
Venuša
Zem
Mars
Jupiter
Saturn
Urán
Neptún"
MAT/MA123-SolarSystem,1,5,Slovak,slo-SVK,"C
(
)
x2
yx
√x
1/x
π
÷
7
8
9
x
4
5
6
–
1
2
3
+
0
,
+/-
="
MAT/MA123-SolarSystem,2,1,Slovak,slo-SVK,Kalkulačkaclose
MAT/MA123-SolarSystem,2,2,Slovak,slo-SVK,PISA
MAT/MA123-SolarSystem,2,3,Slovak,slo-SVK,"SLNEČNÁ SÚSTAVA
V nasledujúcej tabuľke sú uvedené priemerné vzdialenosti medzi Slnkom a planétami v astronomických jednotkách (au).
1 au je približne 150 miliónov kilometrov.
Planéta
Priemerná vzdialenosť od Slnka v au
Merkúr
0,39
Venuša
0,72
Zem
1,00
Mars
1,52
Jupiter
5,20
Saturn
9,58
Urán
19,20
Neptún
30,05"
MAT/MA123-SolarSystem,2,4,Slovak,slo-SVK,"Slnečná sústava  Otázka 2 / 2
Použi informácie z materiálu „Slnečná sústava“ na pravej strane. Klikni na jednu z možností a odpovedz tak na otázku.
Približne koľko miliónov kilometrov od Slnka sa v priemere nachádza planéta Neptún?
5 miliónov km
30 miliónov km
180 miliónov km
4 500 miliónov km"
MAT/MA123-SolarSystem,2,5,Slovak,slo-SVK,"C
(
)
x2
yx
√x
1/x
π
÷
7
8
9
x
4
5
6
–
1
2
3
+
0
,
+/-
="
MAT/MA123-SolarSystem,3,1,Slovak,slo-SVK,Kalkulačkaclose
MAT/MA123-SolarSystem,3,2,Slovak,slo-SVK,PISA
MAT/MA123-SolarSystem,3,3,Slovak,slo-SVK,"SLNEČNÁ SÚSTAVA
V nasledujúcej tabuľke sú uvedené priemerné vzdialenosti medzi Slnkom a planétami v astronomických jednotkách (au).
1 au je približne 150 miliónov kilometrov.
Planéta
Priemerná vzdialenosť od Slnka v au
Merkúr
0,39
Venuša
0,72
Zem
1,00
Mars
1,52
Jupiter
5,20
Saturn
9,58
Urán
19,20
Neptún
30,05"
MAT/MA123-SolarSystem,3,4,Slovak,slo-SVK,"Slnečná sústava  Otázka 2 / 2
Použi informácie z materiálu „Slnečná sústava“ na pravej strane. Klikni na jednu z možností a odpovedz tak na otázku.
Približne koľko miliónov kilometrov od Slnka sa v priemere nachádza planéta Neptún?
5 miliónov km
30 miliónov km
180 miliónov km
4 500 miliónov km"
MAT/MA123-SolarSystem,3,5,Slovak,slo-SVK,"C
(
)
x2
yx
√x
1/x
π
÷
7
8
9
x
4
5
6
–
1
2
3
+
0
,
+/-
="
MAT/MA123-SolarSystem,1,1,Slovenian,slv-SVN,Računaloclose
MAT/MA123-SolarSystem,1,2,Slovenian,slv-SVN,PISA
MAT/MA123-SolarSystem,1,3,Slovenian,slv-SVN,"OSONČJE
V spodnji tabeli je prikazana povprečna oddaljenost naslednjih planetov od Sonca v astronomskih enotah (a. e.).
1 a. e. je približno 150 milijonov kilometrov.
Planet
Povprečna oddaljenost od Sonca v a. e.
Merkur
0,39
Venera
0,72
Zemlja
1,00
Mars
1,52
Jupiter
5,20
Saturn
9,58
Uran
19,20
Neptun
30,05"
MAT/MA123-SolarSystem,1,4,Slovenian,slv-SVN,"Osončje  Vprašanje 1 / 2
Pomagaj si z besedilom ""Osončje"" na desni. Na vprašanje odgovori tako, da uporabiš funkcijo »povleci in postavi«.
Naslednja shema prikazuje povprečne razdalje med tremi planeti. (Planeti in shema niso v merilu.)
4,38 a. e.
9,62 a. e.
Kateri planeti so glede na navedene razdalje prikazani v shemi? Povleci prave tri planete v pravilni vrstni red. Svoj odgovor spremeniš tako, da najprej povlečeš nazaj planet, ki si ga izbral prej.
Merkur
Venera
Zemlja
Mars
Jupiter
Saturn
Uran
Neptun"
MAT/MA123-SolarSystem,1,5,Slovenian,slv-SVN,"C
(
)
x2
yx
√x
1/x
π
÷
7
8
9
x
4
5
6
–
1
2
3
+
0
,
+/-
="
MAT/MA123-SolarSystem,2,1,Slovenian,slv-SVN,Računaloclose
MAT/MA123-SolarSystem,2,2,Slovenian,slv-SVN,PISA
MAT/MA123-SolarSystem,2,3,Slovenian,slv-SVN,"OSONČJE
V spodnji tabeli je prikazana povprečna oddaljenost naslednjih planetov od Sonca v astronomskih enotah (a. e.).
1 a. e. je približno 150 milijonov kilometrov.
Planet
Povprečna oddaljenost od Sonca v a. e.
Merkur
0,39
Venera
0,72
Zemlja
1,00
Mars
1,52
Jupiter
5,20
Saturn
9,58
Uran
19,20
Neptun
30,05"
MAT/MA123-SolarSystem,2,4,Slovenian,slv-SVN,"Osončje  Vprašanje 2 / 2
Pomagaj si z besedilom ""Osončje"" na desni. Na vprašanje odgovori tako, da klikneš eno izmed možnosti.
Približno koliko milijonov kilometrov je v povprečju od Sonca oddaljen planet Neptun?
5 milijonov km
30 milijonov km
180 milijonov km
4500 milijonov km"
MAT/MA123-SolarSystem,2,5,Slovenian,slv-SVN,"C
(
)
x2
yx
√x
1/x
π
÷
7
8
9
x
4
5
6
–
1
2
3
+
0
,
+/-
="
MAT/MA123-SolarSystem,3,1,Slovenian,slv-SVN,Računaloclose
MAT/MA123-SolarSystem,3,2,Slovenian,slv-SVN,PISA
MAT/MA123-SolarSystem,3,3,Slovenian,slv-SVN,"OSONČJE
V spodnji tabeli je prikazana povprečna oddaljenost naslednjih planetov od Sonca v astronomskih enotah (a. e.).
1 a. e. je približno 150 milijonov kilometrov.
Planet
Povprečna oddaljenost od Sonca v a. e.
Merkur
0,39
Venera
0,72
Zemlja
1,00
Mars
1,52
Jupiter
5,20
Saturn
9,58
Uran
19,20
Neptun
30,05"
MAT/MA123-SolarSystem,3,4,Slovenian,slv-SVN,"Osončje  Vprašanje 2 / 2
Pomagaj si z besedilom ""Osončje"" na desni. Na vprašanje odgovori tako, da klikneš eno izmed možnosti.
Približno koliko milijonov kilometrov je v povprečju od Sonca oddaljen planet Neptun?
5 milijonov km
30 milijonov km
180 milijonov km
4500 milijonov km"
MAT/MA123-SolarSystem,3,5,Slovenian,slv-SVN,"C
(
)
x2
yx
√x
1/x
π
÷
7
8
9
x
4
5
6
–
1
2
3
+
0
,
+/-
="
MAT/MA123-SolarSystem,1,1,Spanish,esp-ESP,Calculadoraclose
MAT/MA123-SolarSystem,1,2,Spanish,esp-ESP,PISA
MAT/MA123-SolarSystem,1,3,Spanish,esp-ESP,"SISTEMA SOLAR
La tabla de abajo muestra la distancia media entre el Sol y los planetas primarios en unidades astronómicas (ua).
1 ua equivale aproximadamente a 150 millones de kilómetros.
Planeta
Distancia media al Sol en ua
Mercurio
0,39
Venus
0,72
Tierra
1,00
Marte
1,52
Júpiter
5,20
Saturno
9,58
Urano
19,20
Neptuno
30,05"
MAT/MA123-SolarSystem,1,4,Spanish,esp-ESP,"Sistema solar  Pregunta 1 / 2
Lee ""Sistema solar"" a la derecha. Utiliza la función de arrastrar y soltar para responder a la pregunta.
El siguiente esquema muestra las distancias medias entre tres planetas (los planetas y el esquema no están representados a escala).
4,38 ua
9,62 ua
De acuerdo con las distancias indicadas, ¿a qué planetas corresponde el esquema? Arrastra los tres planetas correctos y colócalos en el orden adecuado. Para cambiar una respuesta, primero arrastra afuera el planeta que habías elegido antes.
Mercurio
Venus
Tierra
Marte
Júpiter
Saturno
Urano
Neptuno"
MAT/MA123-SolarSystem,1,5,Spanish,esp-ESP,"C
(
)
x2
yx
√x
1/x
π
/
7
8
9
*
4
5
6
–
1
2
3
+
0
,
+/-
="
MAT/MA123-SolarSystem,2,1,Spanish,esp-ESP,Calculadoraclose
MAT/MA123-SolarSystem,2,2,Spanish,esp-ESP,PISA
MAT/MA123-SolarSystem,2,3,Spanish,esp-ESP,"SISTEMA SOLAR
La tabla de abajo muestra la distancia media entre el Sol y los planetas primarios en unidades astronómicas (ua).
1 ua equivale aproximadamente a 150 millones de kilómetros.
Planeta
Distancia media al Sol en ua
Mercurio
0,39
Venus
0,72
Tierra
1,00
Marte
1,52
Júpiter
5,20
Saturno
9,58
Urano
19,20
Neptuno
30,05"
MAT/MA123-SolarSystem,2,4,Spanish,esp-ESP,"Sistema solar  Pregunta 1 / 2
Lee ""Sistema solar"" a la derecha. Utiliza la función de arrastrar y soltar para responder a la pregunta.
El siguiente esquema muestra las distancias medias entre tres planetas (los planetas y el esquema no están representados a escala).
4,38 ua
9,62 ua
De acuerdo con las distancias indicadas, ¿a qué planetas corresponde el esquema? Arrastra los tres planetas correctos y colócalos en el orden adecuado. Para cambiar una respuesta, primero arrastra afuera el planeta que habías elegido antes.
Mercurio
Venus
Tierra
Marte
Júpiter
Saturno
Urano
Neptuno"
MAT/MA123-SolarSystem,2,5,Spanish,esp-ESP,"C
(
)
x2
yx
√x
1/x
π
/
7
8
9
*
4
5
6
–
1
2
3
+
0
,
+/-
="
MAT/MA123-SolarSystem,2,6,Spanish,esp-ESP,"Confirmaciónclose
OK"
MAT/MA123-SolarSystem,2,7,Spanish,esp-ESP,"Esta es la retroalimentación de CMA123Q01 en castellano.
Esta es la primera pregunta de la unidad «Sistema solar». No hay pantalla de introducción para esta unidad. Para esta tarea, los estudiantes tienen que determinar qué tres planetas tienen las distancias medias, en unidades astronómicas (ua), entre los que se muestran en el modelo a escala. Para hacer esto, los estudiantes tienen que usar la tabla que proporciona la distancia media de cada planeta con respecto al Sol, en ua. La respuesta correcta, de izquierda a derecha, es Júpiter, Saturno y Urano.
Para responder a esta pregunta, los estudiantes tienen que arrastrar los planetas para situarlos en el modelo a escala (más adelante se encuentra una imagen de los planetas colocados en el modelo a escala). No hay pantalla de introducción o de práctica antes de esta pregunta, pero las instrucciones para responder y cambiar una respuesta quedan explicitadas en el enunciado de la pregunta. Se concedía un crédito completo por colocar correctamente los tres planetas, y un crédito parcial por colocar correctamente dos planetas cualesquiera. Se trata de una pregunta de dificultad moderada, cuyo crédito total y parcial se sitúa en el Nivel 3 de la escala de nivel de dificultad estimado.
A continuación, se muestra una imagen de cómo se ven el enunciado de la pregunta y el área de respuesta después de que los estudiantes hayan arrastrado y situado los planetas en sus respectivas ubicaciones en el modelo a escala
Nombre unidad - ID pregunta
Sistema solar - CMA123Q01
Área de contenido
Cantitad
Proceso
Interpretar y evaluar
Contexto
Científico
Formato de pregunta
Opción múltiple compleja – codificada por ordenador
Respuesta
Crédito total: los tres planetas están colocados correctamente (de izquierda a derecha: Júpiter, Saturno, Urano)Crédito parcial: dos planetas cualesquiera están correctamente colocados (el otro planeta no es correcto o falta)
Dificultad estimada
Nivel 3 (crédito total) - Nivel 3 (crédito parcial)"
MAT/MA123-SolarSystem,3,1,Spanish,esp-ESP,Calculadoraclose
MAT/MA123-SolarSystem,3,2,Spanish,esp-ESP,PISA
MAT/MA123-SolarSystem,3,3,Spanish,esp-ESP,"SISTEMA SOLAR
La tabla de abajo muestra la distancia media entre el Sol y los planetas primarios en unidades astronómicas (ua).
1 ua equivale aproximadamente a 150 millones de kilómetros.
Planeta
Distancia media al Sol en ua
Mercurio
0,39
Venus
0,72
Tierra
1,00
Marte
1,52
Júpiter
5,20
Saturno
9,58
Urano
19,20
Neptuno
30,05"
MAT/MA123-SolarSystem,3,4,Spanish,esp-ESP,"Sistema solar  Pregunta 1 / 2
Lee ""Sistema solar"" a la derecha. Utiliza la función de arrastrar y soltar para responder a la pregunta.
El siguiente esquema muestra las distancias medias entre tres planetas (los planetas y el esquema no están representados a escala).
4,38 ua
9,62 ua
De acuerdo con las distancias indicadas, ¿a qué planetas corresponde el esquema? Arrastra los tres planetas correctos y colócalos en el orden adecuado. Para cambiar una respuesta, primero arrastra afuera el planeta que habías elegido antes.
Mercurio
Venus
Tierra
Marte
Júpiter
Saturno
Urano
Neptuno"
MAT/MA123-SolarSystem,3,5,Spanish,esp-ESP,"C
(
)
x2
yx
√x
1/x
π
/
7
8
9
*
4
5
6
–
1
2
3
+
0
,
+/-
="
MAT/MA123-SolarSystem,3,6,Spanish,esp-ESP,"Confirmaciónclose
OK"
MAT/MA123-SolarSystem,3,7,Spanish,esp-ESP,"Esta es la retroalimentación de CMA123Q01 en castellano.
Esta es la primera pregunta de la unidad «Sistema solar». No hay pantalla de introducción para esta unidad. Para esta tarea, los estudiantes tienen que determinar qué tres planetas tienen las distancias medias, en unidades astronómicas (ua), entre los que se muestran en el modelo a escala. Para hacer esto, los estudiantes tienen que usar la tabla que proporciona la distancia media de cada planeta con respecto al Sol, en ua. La respuesta correcta, de izquierda a derecha, es Júpiter, Saturno y Urano.
Para responder a esta pregunta, los estudiantes tienen que arrastrar los planetas para situarlos en el modelo a escala (más adelante se encuentra una imagen de los planetas colocados en el modelo a escala). No hay pantalla de introducción o de práctica antes de esta pregunta, pero las instrucciones para responder y cambiar una respuesta quedan explicitadas en el enunciado de la pregunta. Se concedía un crédito completo por colocar correctamente los tres planetas, y un crédito parcial por colocar correctamente dos planetas cualesquiera. Se trata de una pregunta de dificultad moderada, cuyo crédito total y parcial se sitúa en el Nivel 3 de la escala de nivel de dificultad estimado.
A continuación, se muestra una imagen de cómo se ven el enunciado de la pregunta y el área de respuesta después de que los estudiantes hayan arrastrado y situado los planetas en sus respectivas ubicaciones en el modelo a escala
Nombre unidad - ID pregunta
Sistema solar - CMA123Q01
Área de contenido
Cantitad
Proceso
Interpretar y evaluar
Contexto
Científico
Formato de pregunta
Opción múltiple compleja – codificada por ordenador
Respuesta
Crédito total: los tres planetas están colocados correctamente (de izquierda a derecha: Júpiter, Saturno, Urano)Crédito parcial: dos planetas cualesquiera están correctamente colocados (el otro planeta no es correcto o falta)
Dificultad estimada
Nivel 3 (crédito total) - Nivel 3 (crédito parcial)"
MAT/MA123-SolarSystem,1,1,Swedish,swe-SWE,Miniräknareclose
MAT/MA123-SolarSystem,1,2,Swedish,swe-SWE,PISA
MAT/MA123-SolarSystem,1,3,Swedish,swe-SWE,"SOLSYSTEMET
Tabellen nedan visar följande planeters genomsnittliga avstånd från solen i astronomiska enheter (au).
1 au är ungefär 150 miljoner kilometer.
Planet
Genomsnittligt avstånd från solen i au
Merkurius
0,39
Venus
0,72
Jorden
1,00
Mars
1,52
Jupiter
5,20
Saturnus
9,58
Uranus
19,20
Neptunus
30,05"
MAT/MA123-SolarSystem,1,4,Swedish,swe-SWE,"Solsystemet  Fråga 1 / 2
Utgå från ""Solsystemet"" till höger. Använd dra och släpp för att svara på frågan.
Följande modell visar de genomsnittliga avstånden mellan tre planeter. (Planeterna och modellen är inte skalenliga.)
4,38 au
9,62 au
Baserat på de givna avstånden, vilka planeter hör till modellen? Dra de tre rätta planeterna i rätt ordning. För att ändra på ett svar, dra först bort den tidigare valda planeten.
Merkurius
Venus
Jorden
Mars
Jupiter
Saturnus
Uranus
Neptunus"
MAT/MA123-SolarSystem,1,5,Swedish,swe-SWE,"C
(
)
x2
yx
√x
1/x
π
÷
7
8
9
x
4
5
6
–
1
2
3
+
0
.
+/-
="
MAT/MA123-SolarSystem,2,1,Swedish,swe-SWE,Miniräknareclose
MAT/MA123-SolarSystem,2,2,Swedish,swe-SWE,PISA
MAT/MA123-SolarSystem,2,3,Swedish,swe-SWE,"SOLSYSTEMET
Tabellen nedan visar följande planeters genomsnittliga avstånd från solen i astronomiska enheter (au).
1 au är ungefär 150 miljoner kilometer.
Planet
Genomsnittligt avstånd från solen i au
Merkurius
0,39
Venus
0,72
Jorden
1,00
Mars
1,52
Jupiter
5,20
Saturnus
9,58
Uranus
19,20
Neptunus
30,05"
MAT/MA123-SolarSystem,2,4,Swedish,swe-SWE,"Solsystemet  Fråga 2 / 2
Utgå från ""Solsystemet"" till höger. Svara på frågan genom att markera ett av alternativen.
I genomsnitt, ungefär hur många miljoner kilometer är planeten Neptunus från solen?
5 miljoner km
30 miljoner km
180 miljoner km
4 500 miljoner km"
MAT/MA123-SolarSystem,2,5,Swedish,swe-SWE,"C
(
)
x2
yx
√x
1/x
π
÷
7
8
9
x
4
5
6
–
1
2
3
+
0
.
+/-
="
MAT/MA123-SolarSystem,3,1,Swedish,swe-SWE,Miniräknareclose
MAT/MA123-SolarSystem,3,2,Swedish,swe-SWE,PISA
MAT/MA123-SolarSystem,3,3,Swedish,swe-SWE,"SOLSYSTEMET
Tabellen nedan visar följande planeters genomsnittliga avstånd från solen i astronomiska enheter (au).
1 au är ungefär 150 miljoner kilometer.
Planet
Genomsnittligt avstånd från solen i au
Merkurius
0,39
Venus
0,72
Jorden
1,00
Mars
1,52
Jupiter
5,20
Saturnus
9,58
Uranus
19,20
Neptunus
30,05"
MAT/MA123-SolarSystem,3,4,Swedish,swe-SWE,"Solsystemet  Fråga 2 / 2
Utgå från ""Solsystemet"" till höger. Svara på frågan genom att markera ett av alternativen.
I genomsnitt, ungefär hur många miljoner kilometer är planeten Neptunus från solen?
5 miljoner km
30 miljoner km
180 miljoner km
4 500 miljoner km"
MAT/MA123-SolarSystem,3,5,Swedish,swe-SWE,"C
(
)
x2
yx
√x
1/x
π
÷
7
8
9
x
4
5
6
–
1
2
3
+
0
.
+/-
="
MAT/MA123-SolarSystem,1,1,Thai,tha-THA,เครื่องคิดเลขclose
MAT/MA123-SolarSystem,1,2,Thai,tha-THA,PISA
MAT/MA123-SolarSystem,1,3,Thai,tha-THA,"ระบบสุริยะ
ตารางข้างล่างแสดงระยะทางเฉลี่ยจากดวงอาทิตย์ไปยังดาวเคราะห์ต่างๆ ในหน่วยดาราศาสตร์ (au)
1 au มีค่าประมาณ 150 ล้านกิโลเมตร
ดาวเคราะห์
ระยะทางเฉลี่ยจากดวงอาทิตย์ในหน่วย au
ดาวพุธ
0.39
ดาวศุกร์
0.72
โลก
1.00
ดาวอังคาร
1.52
ดาวพฤหัสบดี
5.20
ดาวเสาร์
9.58
ดาวยูเรนัส
19.20
ดาวเนปจูน
30.05"
MAT/MA123-SolarSystem,1,4,Thai,tha-THA,"ระบบสุริยะ  คำถามที่ 1 / 2
จากเรื่อง “ระบบสุริยะ” ทางด้านขวา ให้ใช้การลากและวางเพื่อตอบคำถาม
แบบจำลองต่อไปนี้แสดงระยะทางเฉลี่ยระหว่างดาวเคราะห์สามดวง (ดาวเคราะห์และแบบจำลองไม่ได้เขียนตามมาตราส่วน)
4.38 au
9.62 au
จากข้อมูลระยะทางที่กำหนดให้  ดาวเคราะห์ดวงใดบ้างที่อยู่ในแบบจำลองนี้ จงลากดาวเคราะห์สามดวงที่ถูกต้องมาวางตามลำดับให้ถูกต้อง หากต้องการเปลี่ยนคำตอบ ให้ลากดาวเคราะห์ที่เลือกไว้ก่อนหน้านี้ออกก่อน
ดาวพุธ
ดาวศุกร์
โลก
ดาวอังคาร
ดาวพฤหัสบดี
ดาวเสาร์
ดาวยูเรนัส
ดาวเนปจูน"
MAT/MA123-SolarSystem,1,5,Thai,tha-THA,"C
(
)
x2
yx
√x
1/x
π
÷
7
8
9
x
4
5
6
–
1
2
3
+
0
.
+/-
="
MAT/MA123-SolarSystem,2,1,Thai,tha-THA,เครื่องคิดเลขclose
MAT/MA123-SolarSystem,2,2,Thai,tha-THA,PISA
MAT/MA123-SolarSystem,2,3,Thai,tha-THA,"ระบบสุริยะ
ตารางข้างล่างแสดงระยะทางเฉลี่ยจากดวงอาทิตย์ไปยังดาวเคราะห์ต่างๆ ในหน่วยดาราศาสตร์ (au)
1 au มีค่าประมาณ 150 ล้านกิโลเมตร
ดาวเคราะห์
ระยะทางเฉลี่ยจากดวงอาทิตย์ในหน่วย au
ดาวพุธ
0.39
ดาวศุกร์
0.72
โลก
1.00
ดาวอังคาร
1.52
ดาวพฤหัสบดี
5.20
ดาวเสาร์
9.58
ดาวยูเรนัส
19.20
ดาวเนปจูน
30.05"
MAT/MA123-SolarSystem,2,4,Thai,tha-THA,"ระบบสุริยะ  คำถามที่ 2 / 2
จากเรื่อง “ระบบสุริยะ” ทางด้านขวา ให้คลิกหนึ่งตัวเลือกเพื่อตอบคำถาม
โดยเฉลี่ย ดวงอาทิตย์อยู่ห่างจากดาวเนปจูนประมาณกี่ล้านกิโลเมตร
5 ล้านกิโลเมตร
30 ล้านกิโลเมตร
180 ล้านกิโลเมตร
4,500 ล้านกิโลเมตร"
MAT/MA123-SolarSystem,2,5,Thai,tha-THA,"C
(
)
x2
yx
√x
1/x
π
÷
7
8
9
x
4
5
6
–
1
2
3
+
0
.
+/-
="
MAT/MA123-SolarSystem,3,1,Thai,tha-THA,เครื่องคิดเลขclose
MAT/MA123-SolarSystem,3,2,Thai,tha-THA,PISA
MAT/MA123-SolarSystem,3,3,Thai,tha-THA,"ระบบสุริยะ
ตารางข้างล่างแสดงระยะทางเฉลี่ยจากดวงอาทิตย์ไปยังดาวเคราะห์ต่างๆ ในหน่วยดาราศาสตร์ (au)
1 au มีค่าประมาณ 150 ล้านกิโลเมตร
ดาวเคราะห์
ระยะทางเฉลี่ยจากดวงอาทิตย์ในหน่วย au
ดาวพุธ
0.39
ดาวศุกร์
0.72
โลก
1.00
ดาวอังคาร
1.52
ดาวพฤหัสบดี
5.20
ดาวเสาร์
9.58
ดาวยูเรนัส
19.20
ดาวเนปจูน
30.05"
MAT/MA123-SolarSystem,3,4,Thai,tha-THA,"ระบบสุริยะ  คำถามที่ 2 / 2
จากเรื่อง “ระบบสุริยะ” ทางด้านขวา ให้คลิกหนึ่งตัวเลือกเพื่อตอบคำถาม
โดยเฉลี่ย ดวงอาทิตย์อยู่ห่างจากดาวเนปจูนประมาณกี่ล้านกิโลเมตร
5 ล้านกิโลเมตร
30 ล้านกิโลเมตร
180 ล้านกิโลเมตร
4,500 ล้านกิโลเมตร"
MAT/MA123-SolarSystem,3,5,Thai,tha-THA,"C
(
)
x2
yx
√x
1/x
π
÷
7
8
9
x
4
5
6
–
1
2
3
+
0
.
+/-
="
MAT/MA123-SolarSystem,1,1,Turkish,tur-TUR,Hesap Makinesiclose
MAT/MA123-SolarSystem,1,2,Turkish,tur-TUR,PISA
MAT/MA123-SolarSystem,1,3,Turkish,tur-TUR,"GÜNEŞ SİSTEMİ
Aşağıdaki tablo, Güneş'in ana gezegenlere olan ortalama uzaklığını Astronomik Birimler (AB) cinsinden göstermektedir.
1 AB yaklaşık 150 milyon kilometredir.
Gezegen
Güneş'ten ortalama uzaklık (AB)
Merkür
0,39
Venüs
0,72
Dünya
1,00
Mars
1,52
Jüpiter
5,20
Satürn
9,58
Uranüs
19,20
Neptün
30,05"
MAT/MA123-SolarSystem,1,4,Turkish,tur-TUR,"Güneş Sistemi  Soru 1 / 2
Sağdaki “Güneş Sistemi”nden yararlanınız. Soruyu cevaplamak için sürükle-bırak özelliğini kullanınız.
Aşağıdaki modelde üç gezegen arasındaki ortalama uzaklıklar gösterilmektedir. (Gezegenler ve model ölçeklendirilmemiştir.)
4,38 AB
9,62 AB
Verilen uzaklıklara göre hangi gezegenler bu modele aittir? Doğru üç gezegeni uygun yerlere sürükleyiniz. Bir cevabı değiştirmek için öncelikle seçtiğiniz bu gezegeni dışarı sürükleyiniz.
Merkür
Venüs
Dünya
Mars
Jüpiter
Satürn
Uranüs
Neptün"
MAT/MA123-SolarSystem,1,5,Turkish,tur-TUR,"C
(
)
x2
yx
√x
1/x
π
÷
7
8
9
x
4
5
6
–
1
2
3
+
0
.
+/-
="
MAT/MA123-SolarSystem,2,1,Turkish,tur-TUR,Hesap Makinesiclose
MAT/MA123-SolarSystem,2,2,Turkish,tur-TUR,PISA
MAT/MA123-SolarSystem,2,3,Turkish,tur-TUR,"GÜNEŞ SİSTEMİ
Aşağıdaki tablo, Güneş'in ana gezegenlere olan ortalama uzaklığını Astronomik Birimler (AB) cinsinden göstermektedir.
1 AB yaklaşık 150 milyon kilometredir.
Gezegen
Güneş'ten ortalama uzaklık (AB)
Merkür
0,39
Venüs
0,72
Dünya
1,00
Mars
1,52
Jüpiter
5,20
Satürn
9,58
Uranüs
19,20
Neptün
30,05"
MAT/MA123-SolarSystem,2,4,Turkish,tur-TUR,"Güneş Sistemi  Soru 2 / 2
Sağdaki “Güneş Sistemi”nden yararlanınız. Soruyu cevaplamak için seçeneklerden birine tıklayınız.
Neptün gezegenin Güneş'e ortalama uzaklığı yaklaşık kaç milyon kilometredir?
5 milyon km
30 milyon km
180 milyon km
4500 milyon km"
MAT/MA123-SolarSystem,2,5,Turkish,tur-TUR,"C
(
)
x2
yx
√x
1/x
π
÷
7
8
9
x
4
5
6
–
1
2
3
+
0
.
+/-
="
MAT/MA123-SolarSystem,3,1,Turkish,tur-TUR,Hesap Makinesiclose
MAT/MA123-SolarSystem,3,2,Turkish,tur-TUR,PISA
MAT/MA123-SolarSystem,3,3,Turkish,tur-TUR,"GÜNEŞ SİSTEMİ
Aşağıdaki tablo, Güneş'in ana gezegenlere olan ortalama uzaklığını Astronomik Birimler (AB) cinsinden göstermektedir.
1 AB yaklaşık 150 milyon kilometredir.
Gezegen
Güneş'ten ortalama uzaklık (AB)
Merkür
0,39
Venüs
0,72
Dünya
1,00
Mars
1,52
Jüpiter
5,20
Satürn
9,58
Uranüs
19,20
Neptün
30,05"
MAT/MA123-SolarSystem,3,4,Turkish,tur-TUR,"Güneş Sistemi  Soru 2 / 2
Sağdaki “Güneş Sistemi”nden yararlanınız. Soruyu cevaplamak için seçeneklerden birine tıklayınız.
Neptün gezegenin Güneş'e ortalama uzaklığı yaklaşık kaç milyon kilometredir?
5 milyon km
30 milyon km
180 milyon km
4500 milyon km"
MAT/MA123-SolarSystem,3,5,Turkish,tur-TUR,"C
(
)
x2
yx
√x
1/x
π
÷
7
8
9
x
4
5
6
–
1
2
3
+
0
.
+/-
="
