unit,page,part,language_name,lang_code,text
R548-ChickenForum,1,1,Albanian,sqi-ALB,PISA
R548-ChickenForum,1,2,Albanian,sqi-ALB,"Forumi për Shpendët Hyrje
Lexo Hyrjen. Më pas kliko shigjetën TJETËR.
Ti po viziton të afërmit, që sapo janë zhvendosur në një fermë për rritjen e pulave. Ti pyet tezen tënde, “Si mësove të rritësh pulat?”
Ajo thotë, “Biseduam me shumë njerëz që rrisin pula. Dhe ka shumë burime në Internet. Për shembull, ka një forum për Shëndetin e Pulës që pëlqej të kontrolloj. Ishte shumë i dobishëm për mua kohët e fundit kur një prej pulave vrau këmbën. Po të tregoj bisedën që pata”.
Kliko shigjetën TJETËR për të lexuar forumin."
R548-ChickenForum,2,1,Albanian,sqi-ALB,PISA
R548-ChickenForum,2,2,Albanian,sqi-ALB,"www.shëndetiipulës.com/forum/pulat-aspirina
Shëndeti i Pulës
Burimi juaj online për pula të shëndetshme.
Rreth nesh
Forum
Foto
T’iu japësh pulave aspirinë
Ivana_88Fillimi i diskutimit Postuar 28 Tetor 18:12
Përshëndetje të gjithëve! A mundem t’i jap aspirinë pulës time? Ajo është 2 vjeç dhe besoj se ka vrarë këmbën. Nuk shkoj dot tek veterineri deri të Hënën, dhe ai nuk po më përgjigjet në telefon. Pula më duket se ka shumë dhimbje. Dua t’i jap diçka që të ndjehet më mirë derisa të shkoj tek veterineri. Faleminderit për ndihmën.
NadaB79 Postuar 28 Tetor 18:36
Nuk e di nëse aspirina është e sigurtë për pulat ose jo. Gjithmonë flas me veterinerin përpara se t’i jap zogjve barna. Unë di se disa barna që janë të sigurta për njerëzit mund të jenë shumë të rrezikshme për zogjtë.
Monika Postuar 28 Tetor 18:52
I dhashë një aspirinë njërës prej pulave të mia kur ishte vrarë. Nuk pati asnjë problem. Ditën tjetër shkova tek veterineri por ajo ishte bërë më mirë. Mendoj se mund të jetë e rrezikshme nëse i jep shumë, kështu që mos i kalo limitet e dozës! Shpresoj të jetë më mirë!
Ofertat_Shpendët Postuar 28 Tetor 19:07
Përshëndetje! Mos harroni të shihni ofertat e mia super të ulta për të gjitha artikujt për zogjtë. Për momentin po kam një shitje të madhe!
Beni Postuar 28 Tetor 19:15
A mund të më thotë dikush ju lutem sesi ta dalloj nëse një pulë është sëmurë? Faleminderit.
Fredi Postuar 28 Tetor 19:21
Përshëndetje Ivana, Unë jam veteriner, i specializuar për zogjtë. Është mirë t’i japësh pulave të sëmura aspirinë nëse tregojnë shenja se kanë dhimbje. Kur rekomandoj aspirinë për zogjtë, ndjek udhëzimet e botuara në librin Mjekësia Klinike e Shpendëve. Pulat duhet të marrin 5mg aspirinë për çdo kg të peshës trupore. Mund t’ia jepni këtë 3-4 herë në ditë derisa të shkoni tek veterineri. Është shumë e rëndësishme të bëni vizitën tek veterineri. Fat të mbarë!"
R548-ChickenForum,2,3,Albanian,sqi-ALB,"Forumi për Shpendët Pyetje 1 / 7
Referoju Forumi për Shëndetin e Pulave në të djathtë. Kliko një alternativë për t’iu përgjigjur pyetjes.
Çfarë dëshiron të dijë Ivana_88?
Nëse mund t’i japë aspirinë një pule të lënduar.
Sa shpesh mund t’i japë aspirinë një pule të lënduar.
Si të kontaktohet veterineri për një pulë të lënduar.
Nëse mund të përcaktojë nivelin e dhimbjes së pulës së lënduar."
R548-ChickenForum,3,1,Albanian,sqi-ALB,PISA
R548-ChickenForum,3,2,Albanian,sqi-ALB,"www.shëndetiipulës.com/forum/pulat-aspirina
Shëndeti i Pulës
Burimi juaj online për pula të shëndetshme.
Rreth nesh
Forum
Foto
T’iu japësh pulave aspirinë
Ivana_88Fillimi i diskutimit Postuar 28 Tetor 18:12
Përshëndetje të gjithëve! A mundem t’i jap aspirinë pulës time? Ajo është 2 vjeç dhe besoj se ka vrarë këmbën. Nuk shkoj dot tek veterineri deri të Hënën, dhe ai nuk po më përgjigjet në telefon. Pula më duket se ka shumë dhimbje. Dua t’i jap diçka që të ndjehet më mirë derisa të shkoj tek veterineri. Faleminderit për ndihmën.
NadaB79 Postuar 28 Tetor 18:36
Nuk e di nëse aspirina është e sigurtë për pulat ose jo. Gjithmonë flas me veterinerin përpara se t’i jap zogjve barna. Unë di se disa barna që janë të sigurta për njerëzit mund të jenë shumë të rrezikshme për zogjtë.
Monika Postuar 28 Tetor 18:52
I dhashë një aspirinë njërës prej pulave të mia kur ishte vrarë. Nuk pati asnjë problem. Ditën tjetër shkova tek veterineri por ajo ishte bërë më mirë. Mendoj se mund të jetë e rrezikshme nëse i jep shumë, kështu që mos i kalo limitet e dozës! Shpresoj të jetë më mirë!
Ofertat_Shpendët Postuar 28 Tetor 19:07
Përshëndetje! Mos harroni të shihni ofertat e mia super të ulta për të gjitha artikujt për zogjtë. Për momentin po kam një shitje të madhe!
Beni Postuar 28 Tetor 19:15
A mund të më thotë dikush ju lutem sesi ta dalloj nëse një pulë është sëmurë? Faleminderit.
Fredi Postuar 28 Tetor 19:21
Përshëndetje Ivana, Unë jam veteriner, i specializuar për zogjtë. Është mirë t’i japësh pulave të sëmura aspirinë nëse tregojnë shenja se kanë dhimbje. Kur rekomandoj aspirinë për zogjtë, ndjek udhëzimet e botuara në librin Mjekësia Klinike e Shpendëve. Pulat duhet të marrin 5mg aspirinë për çdo kg të peshës trupore. Mund t’ia jepni këtë 3-4 herë në ditë derisa të shkoni tek veterineri. Është shumë e rëndësishme të bëni vizitën tek veterineri. Fat të mbarë!"
R548-ChickenForum,3,3,Albanian,sqi-ALB,"Forumi për Shpendët Pyetje 2 / 7
Referoju Forumi për Shëndetin e Pulave në të djathtë. Kliko një alternativë për t’iu përgjigjur pyetjes.
Pse vendos Ivana_88 të postojë pyetjen e saj në një forum në Internet?
Sepse nuk di si të gjejë një veteriner.
Sepse mendon se problem i pulës nuk është serioz.
Sepse dëshiron të ndihmojë pulën e saj sa më shpejt që të jetë e mundur.
Sepse nuk mund të shkojë tek veterineri."
R548-ChickenForum,4,1,Albanian,sqi-ALB,PISA
R548-ChickenForum,4,2,Albanian,sqi-ALB,"www.shëndetiipulës.com/forum/pulat-aspirina
Shëndeti i Pulës
Burimi juaj online për pula të shëndetshme.
Rreth nesh
Forum
Foto
T’iu japësh pulave aspirinë
Ivana_88Fillimi i diskutimit Postuar 28 Tetor 18:12
Përshëndetje të gjithëve! A mundem t’i jap aspirinë pulës time? Ajo është 2 vjeç dhe besoj se ka vrarë këmbën. Nuk shkoj dot tek veterineri deri të Hënën, dhe ai nuk po më përgjigjet në telefon. Pula më duket se ka shumë dhimbje. Dua t’i jap diçka që të ndjehet më mirë derisa të shkoj tek veterineri. Faleminderit për ndihmën.
NadaB79 Postuar 28 Tetor 18:36
Nuk e di nëse aspirina është e sigurtë për pulat ose jo. Gjithmonë flas me veterinerin përpara se t’i jap zogjve barna. Unë di se disa barna që janë të sigurta për njerëzit mund të jenë shumë të rrezikshme për zogjtë.
Monika Postuar 28 Tetor 18:52
I dhashë një aspirinë njërës prej pulave të mia kur ishte vrarë. Nuk pati asnjë problem. Ditën tjetër shkova tek veterineri por ajo ishte bërë më mirë. Mendoj se mund të jetë e rrezikshme nëse i jep shumë, kështu që mos i kalo limitet e dozës! Shpresoj të jetë më mirë!
Ofertat_Shpendët Postuar 28 Tetor 19:07
Përshëndetje! Mos harroni të shihni ofertat e mia super të ulta për të gjitha artikujt për zogjtë. Për momentin po kam një shitje të madhe!
Beni Postuar 28 Tetor 19:15
A mund të më thotë dikush ju lutem sesi ta dalloj nëse një pulë është sëmurë? Faleminderit.
Fredi Postuar 28 Tetor 19:21
Përshëndetje Ivana, Unë jam veteriner, i specializuar për zogjtë. Është mirë t’i japësh pulave të sëmura aspirinë nëse tregojnë shenja se kanë dhimbje. Kur rekomandoj aspirinë për zogjtë, ndjek udhëzimet e botuara në librin Mjekësia Klinike e Shpendëve. Pulat duhet të marrin 5mg aspirinë për çdo kg të peshës trupore. Mund t’ia jepni këtë 3-4 herë në ditë derisa të shkoni tek veterineri. Është shumë e rëndësishme të bëni vizitën tek veterineri. Fat të mbarë!"
R548-ChickenForum,4,3,Albanian,sqi-ALB,"Forumi për Shpendët Pyetje 3 / 7
Referoju Forumi për Shëndetin e Pulave në të djathtë. Kliko alternativat në tabelë për t’iu përgjigjur pyetjes.
Disa postime në forum mund të jenë të lidhura me temën ndërsa disa të tjera nuk janë. Kliko ose Po ose Jo për të treguar nëse postimet në tabelën më poshtë lidhen me problemin e Ivana_88.
A lidhet postimi me problemin e Ivana_88?
Po
Jo
Postimi i NadaB79
Postimi i Monikës
Postimi i Ofertave_Shpendët
Postimi i Benit
Postimi i Fredit"
R548-ChickenForum,5,1,Albanian,sqi-ALB,PISA
R548-ChickenForum,5,2,Albanian,sqi-ALB,"www.shëndetiipulës.com/forum/pulat-aspirina
Shëndeti i Pulës
Burimi juaj online për pula të shëndetshme.
Rreth nesh
Forum
Foto
T’iu japësh pulave aspirinë
Ivana_88Fillimi i diskutimit Postuar 28 Tetor 18:12
Përshëndetje të gjithëve! A mundem t’i jap aspirinë pulës time? Ajo është 2 vjeç dhe besoj se ka vrarë këmbën. Nuk shkoj dot tek veterineri deri të Hënën, dhe ai nuk po më përgjigjet në telefon. Pula më duket se ka shumë dhimbje. Dua t’i jap diçka që të ndjehet më mirë derisa të shkoj tek veterineri. Faleminderit për ndihmën.
NadaB79 Postuar 28 Tetor 18:36
Nuk e di nëse aspirina është e sigurtë për pulat ose jo. Gjithmonë flas me veterinerin përpara se t’i jap zogjve barna. Unë di se disa barna që janë të sigurta për njerëzit mund të jenë shumë të rrezikshme për zogjtë.
Monika Postuar 28 Tetor 18:52
I dhashë një aspirinë njërës prej pulave të mia kur ishte vrarë. Nuk pati asnjë problem. Ditën tjetër shkova tek veterineri por ajo ishte bërë më mirë. Mendoj se mund të jetë e rrezikshme nëse i jep shumë, kështu që mos i kalo limitet e dozës! Shpresoj të jetë më mirë!
Ofertat_Shpendët Postuar 28 Tetor 19:07
Përshëndetje! Mos harroni të shihni ofertat e mia super të ulta për të gjitha artikujt për zogjtë. Për momentin po kam një shitje të madhe!
Beni Postuar 28 Tetor 19:15
A mund të më thotë dikush ju lutem sesi ta dalloj nëse një pulë është sëmurë? Faleminderit.
Fredi Postuar 28 Tetor 19:21
Përshëndetje Ivana, Unë jam veteriner, i specializuar për zogjtë. Është mirë t’i japësh pulave të sëmura aspirinë nëse tregojnë shenja se kanë dhimbje. Kur rekomandoj aspirinë për zogjtë, ndjek udhëzimet e botuara në librin Mjekësia Klinike e Shpendëve. Pulat duhet të marrin 5mg aspirinë për çdo kg të peshës trupore. Mund t’ia jepni këtë 3-4 herë në ditë derisa të shkoni tek veterineri. Është shumë e rëndësishme të bëni vizitën tek veterineri. Fat të mbarë!"
R548-ChickenForum,5,3,Albanian,sqi-ALB,"Forumi për Shpendët Pyetje 4 / 7
Referoju Forumi për Shëndetin e Pulave në të djathtë. Kliko një alternativë për t’iu përgjigjur pyetjes.
Kush ka përvoja pozitive në dhënien e aspirinave pulave të lënduara?
Ivana_88
NadaB79
Monika
Beni"
R548-ChickenForum,6,1,Albanian,sqi-ALB,PISA
R548-ChickenForum,6,2,Albanian,sqi-ALB,"www.shëndetiipulës.com/forum/pulat-aspirina
Shëndeti i Pulës
Burimi juaj online për pula të shëndetshme.
Rreth nesh
Forum
Foto
T’iu japësh pulave aspirinë
Ivana_88Fillimi i diskutimit Postuar 28 Tetor 18:12
Përshëndetje të gjithëve! A mundem t’i jap aspirinë pulës time? Ajo është 2 vjeç dhe besoj se ka vrarë këmbën. Nuk shkoj dot tek veterineri deri të Hënën, dhe ai nuk po më përgjigjet në telefon. Pula më duket se ka shumë dhimbje. Dua t’i jap diçka që të ndjehet më mirë derisa të shkoj tek veterineri. Faleminderit për ndihmën.
NadaB79 Postuar 28 Tetor 18:36
Nuk e di nëse aspirina është e sigurtë për pulat ose jo. Gjithmonë flas me veterinerin përpara se t’i jap zogjve barna. Unë di se disa barna që janë të sigurta për njerëzit mund të jenë shumë të rrezikshme për zogjtë.
Monika Postuar 28 Tetor 18:52
I dhashë një aspirinë njërës prej pulave të mia kur ishte vrarë. Nuk pati asnjë problem. Ditën tjetër shkova tek veterineri por ajo ishte bërë më mirë. Mendoj se mund të jetë e rrezikshme nëse i jep shumë, kështu që mos i kalo limitet e dozës! Shpresoj të jetë më mirë!
Ofertat_Shpendët Postuar 28 Tetor 19:07
Përshëndetje! Mos harroni të shihni ofertat e mia super të ulta për të gjitha artikujt për zogjtë. Për momentin po kam një shitje të madhe!
Beni Postuar 28 Tetor 19:15
A mund të më thotë dikush ju lutem sesi ta dalloj nëse një pulë është sëmurë? Faleminderit.
Fredi Postuar 28 Tetor 19:21
Përshëndetje Ivana, Unë jam veteriner, i specializuar për zogjtë. Është mirë t’i japësh pulave të sëmura aspirinë nëse tregojnë shenja se kanë dhimbje. Kur rekomandoj aspirinë për zogjtë, ndjek udhëzimet e botuara në librin Mjekësia Klinike e Shpendëve. Pulat duhet të marrin 5mg aspirinë për çdo kg të peshës trupore. Mund t’ia jepni këtë 3-4 herë në ditë derisa të shkoni tek veterineri. Është shumë e rëndësishme të bëni vizitën tek veterineri. Fat të mbarë!"
R548-ChickenForum,6,3,Albanian,sqi-ALB,"Forumi për Shpendët Pyetje 5 / 7
Referoju Forumi për Shëndetin e Pulave në të djathtë. Kliko një alternativë për t’iu përgjigjur pyetjes.
Pse i përgjigjet Ofertat_Shpendët postimit nga Ivana_88?
Për promovimin e biznesit.
Për t’iu përgjigjur pyetjes nga Ivana_88.
Për të shtuar diçka këshillave të Monikës.
Për të demonstruar ekspertizën me zogjtë."
R548-ChickenForum,7,1,Albanian,sqi-ALB,PISA
R548-ChickenForum,7,2,Albanian,sqi-ALB,"www.shëndetiipulës.com/forum/pulat-aspirina
Shëndeti i Pulës
Burimi juaj online për pula të shëndetshme.
Rreth nesh
Forum
Foto
T’iu japësh pulave aspirinë
Ivana_88Fillimi i diskutimit Postuar 28 Tetor 18:12
Përshëndetje të gjithëve! A mundem t’i jap aspirinë pulës time? Ajo është 2 vjeç dhe besoj se ka vrarë këmbën. Nuk shkoj dot tek veterineri deri të Hënën, dhe ai nuk po më përgjigjet në telefon. Pula më duket se ka shumë dhimbje. Dua t’i jap diçka që të ndjehet më mirë derisa të shkoj tek veterineri. Faleminderit për ndihmën.
NadaB79 Postuar 28 Tetor 18:36
Nuk e di nëse aspirina është e sigurtë për pulat ose jo. Gjithmonë flas me veterinerin përpara se t’i jap zogjve barna. Unë di se disa barna që janë të sigurta për njerëzit mund të jenë shumë të rrezikshme për zogjtë.
Monika Postuar 28 Tetor 18:52
I dhashë një aspirinë njërës prej pulave të mia kur ishte vrarë. Nuk pati asnjë problem. Ditën tjetër shkova tek veterineri por ajo ishte bërë më mirë. Mendoj se mund të jetë e rrezikshme nëse i jep shumë, kështu që mos i kalo limitet e dozës! Shpresoj të jetë më mirë!
Ofertat_Shpendët Postuar 28 Tetor 19:07
Përshëndetje! Mos harroni të shihni ofertat e mia super të ulta për të gjitha artikujt për zogjtë. Për momentin po kam një shitje të madhe!
Beni Postuar 28 Tetor 19:15
A mund të më thotë dikush ju lutem sesi ta dalloj nëse një pulë është sëmurë? Faleminderit.
Fredi Postuar 28 Tetor 19:21
Përshëndetje Ivana, Unë jam veteriner, i specializuar për zogjtë. Është mirë t’i japësh pulave të sëmura aspirinë nëse tregojnë shenja se kanë dhimbje. Kur rekomandoj aspirinë për zogjtë, ndjek udhëzimet e botuara në librin Mjekësia Klinike e Shpendëve. Pulat duhet të marrin 5mg aspirinë për çdo kg të peshës trupore. Mund t’ia jepni këtë 3-4 herë në ditë derisa të shkoni tek veterineri. Është shumë e rëndësishme të bëni vizitën tek veterineri. Fat të mbarë!"
R548-ChickenForum,7,3,Albanian,sqi-ALB,"Forumi për Shpendët Pyetje 6 / 7
Referoju Forumi për Shëndetin e Pulave në të djathtë. Kliko një alternativë dhe më pas jep një shpjegim për t’iu përgjigjur pyetjes.
Kush e postoi përgjigjen më të besueshme ndaj pyetjes nga Ivana_88?
NadaB79
Monika
Ofertat_Shpendët
Fredii
Jep një arsye për përgjigjen tënde."
R548-ChickenForum,8,1,Albanian,sqi-ALB,PISA
R548-ChickenForum,8,2,Albanian,sqi-ALB,"www.shëndetiipulës.com/forum/pulat-aspirina
Shëndeti i Pulës
Burimi juaj online për pula të shëndetshme.
Rreth nesh
Forum
Foto
T’iu japësh pulave aspirinë
Ivana_88Fillimi i diskutimit Postuar 28 Tetor 18:12
Përshëndetje të gjithëve! A mundem t’i jap aspirinë pulës time? Ajo është 2 vjeç dhe besoj se ka vrarë këmbën. Nuk shkoj dot tek veterineri deri të Hënën, dhe ai nuk po më përgjigjet në telefon. Pula më duket se ka shumë dhimbje. Dua t’i jap diçka që të ndjehet më mirë derisa të shkoj tek veterineri. Faleminderit për ndihmën.
NadaB79 Postuar 28 Tetor 18:36
Nuk e di nëse aspirina është e sigurtë për pulat ose jo. Gjithmonë flas me veterinerin përpara se t’i jap zogjve barna. Unë di se disa barna që janë të sigurta për njerëzit mund të jenë shumë të rrezikshme për zogjtë.
Monika Postuar 28 Tetor 18:52
I dhashë një aspirinë njërës prej pulave të mia kur ishte vrarë. Nuk pati asnjë problem. Ditën tjetër shkova tek veterineri por ajo ishte bërë më mirë. Mendoj se mund të jetë e rrezikshme nëse i jep shumë, kështu që mos i kalo limitet e dozës! Shpresoj të jetë më mirë!
Ofertat_Shpendët Postuar 28 Tetor 19:07
Përshëndetje! Mos harroni të shihni ofertat e mia super të ulta për të gjitha artikujt për zogjtë. Për momentin po kam një shitje të madhe!
Beni Postuar 28 Tetor 19:15
A mund të më thotë dikush ju lutem sesi ta dalloj nëse një pulë është sëmurë? Faleminderit.
Fredi Postuar 28 Tetor 19:21
Përshëndetje Ivana, Unë jam veteriner, i specializuar për zogjtë. Është mirë t’i japësh pulave të sëmura aspirinë nëse tregojnë shenja se kanë dhimbje. Kur rekomandoj aspirinë për zogjtë, ndjek udhëzimet e botuara në librin Mjekësia Klinike e Shpendëve. Pulat duhet të marrin 5mg aspirinë për çdo kg të peshës trupore. Mund t’ia jepni këtë 3-4 herë në ditë derisa të shkoni tek veterineri. Është shumë e rëndësishme të bëni vizitën tek veterineri. Fat të mbarë!"
R548-ChickenForum,8,3,Albanian,sqi-ALB,"Forumi për Shpendët Pyetje 7 / 7
Referoju Forumi për Shëndetin e Pulave në të djathtë. Jep përgjigjen tënde për pyetjen.
Pse nuk mund të japë Fredi për Ivana_88 sasinë e saktë të aspirinës për pulën e saj?"
R548-ChickenForum,9,1,Albanian,sqi-ALB,PISA
R548-ChickenForum,9,2,Albanian,sqi-ALB,"www.shëndetiipulës.com/forum/pulat-aspirina
Shëndeti i Pulës
Burimi juaj online për pula të shëndetshme.
Rreth nesh
Forum
Foto
T’iu japësh pulave aspirinë
Ivana_88Fillimi i diskutimit Postuar 28 Tetor 18:12
Përshëndetje të gjithëve! A mundem t’i jap aspirinë pulës time? Ajo është 2 vjeç dhe besoj se ka vrarë këmbën. Nuk shkoj dot tek veterineri deri të Hënën, dhe ai nuk po më përgjigjet në telefon. Pula më duket se ka shumë dhimbje. Dua t’i jap diçka që të ndjehet më mirë derisa të shkoj tek veterineri. Faleminderit për ndihmën.
NadaB79 Postuar 28 Tetor 18:36
Nuk e di nëse aspirina është e sigurtë për pulat ose jo. Gjithmonë flas me veterinerin përpara se t’i jap zogjve barna. Unë di se disa barna që janë të sigurta për njerëzit mund të jenë shumë të rrezikshme për zogjtë.
Monika Postuar 28 Tetor 18:52
I dhashë një aspirinë njërës prej pulave të mia kur ishte vrarë. Nuk pati asnjë problem. Ditën tjetër shkova tek veterineri por ajo ishte bërë më mirë. Mendoj se mund të jetë e rrezikshme nëse i jep shumë, kështu që mos i kalo limitet e dozës! Shpresoj të jetë më mirë!
Ofertat_Shpendët Postuar 28 Tetor 19:07
Përshëndetje! Mos harroni të shihni ofertat e mia super të ulta për të gjitha artikujt për zogjtë. Për momentin po kam një shitje të madhe!
Beni Postuar 28 Tetor 19:15
A mund të më thotë dikush ju lutem sesi ta dalloj nëse një pulë është sëmurë? Faleminderit.
Fredi Postuar 28 Tetor 19:21
Përshëndetje Ivana, Unë jam veteriner, i specializuar për zogjtë. Është mirë t’i japësh pulave të sëmura aspirinë nëse tregojnë shenja se kanë dhimbje. Kur rekomandoj aspirinë për zogjtë, ndjek udhëzimet e botuara në librin Mjekësia Klinike e Shpendëve. Pulat duhet të marrin 5mg aspirinë për çdo kg të peshës trupore. Mund t’ia jepni këtë 3-4 herë në ditë derisa të shkoni tek veterineri. Është shumë e rëndësishme të bëni vizitën tek veterineri. Fat të mbarë!"
R548-ChickenForum,9,3,Albanian,sqi-ALB,"Forumi për Shpendët Pyetje 7 / 7
Referoju Forumi për Shëndetin e Pulave në të djathtë. Jep përgjigjen tënde për pyetjen.
Pse nuk mund të japë Fredi për Ivana_88 sasinë e saktë të aspirinës për pulën e saj?"
R548-ChickenForum,10,1,Albanian,sqi-ALB,PISA
R548-ChickenForum,10,2,Albanian,sqi-ALB,"www.shëndetiipulës.com/forum/pulat-aspirina
Shëndeti i Pulës
Burimi juaj online për pula të shëndetshme.
Rreth nesh
Forum
Foto
T’iu japësh pulave aspirinë
Ivana_88Fillimi i diskutimit Postuar 28 Tetor 18:12
Përshëndetje të gjithëve! A mundem t’i jap aspirinë pulës time? Ajo është 2 vjeç dhe besoj se ka vrarë këmbën. Nuk shkoj dot tek veterineri deri të Hënën, dhe ai nuk po më përgjigjet në telefon. Pula më duket se ka shumë dhimbje. Dua t’i jap diçka që të ndjehet më mirë derisa të shkoj tek veterineri. Faleminderit për ndihmën.
NadaB79 Postuar 28 Tetor 18:36
Nuk e di nëse aspirina është e sigurtë për pulat ose jo. Gjithmonë flas me veterinerin përpara se t’i jap zogjve barna. Unë di se disa barna që janë të sigurta për njerëzit mund të jenë shumë të rrezikshme për zogjtë.
Monika Postuar 28 Tetor 18:52
I dhashë një aspirinë njërës prej pulave të mia kur ishte vrarë. Nuk pati asnjë problem. Ditën tjetër shkova tek veterineri por ajo ishte bërë më mirë. Mendoj se mund të jetë e rrezikshme nëse i jep shumë, kështu që mos i kalo limitet e dozës! Shpresoj të jetë më mirë!
Ofertat_Shpendët Postuar 28 Tetor 19:07
Përshëndetje! Mos harroni të shihni ofertat e mia super të ulta për të gjitha artikujt për zogjtë. Për momentin po kam një shitje të madhe!
Beni Postuar 28 Tetor 19:15
A mund të më thotë dikush ju lutem sesi ta dalloj nëse një pulë është sëmurë? Faleminderit.
Fredi Postuar 28 Tetor 19:21
Përshëndetje Ivana, Unë jam veteriner, i specializuar për zogjtë. Është mirë t’i japësh pulave të sëmura aspirinë nëse tregojnë shenja se kanë dhimbje. Kur rekomandoj aspirinë për zogjtë, ndjek udhëzimet e botuara në librin Mjekësia Klinike e Shpendëve. Pulat duhet të marrin 5mg aspirinë për çdo kg të peshës trupore. Mund t’ia jepni këtë 3-4 herë në ditë derisa të shkoni tek veterineri. Është shumë e rëndësishme të bëni vizitën tek veterineri. Fat të mbarë!"
R548-ChickenForum,10,3,Albanian,sqi-ALB,"Forumi për Shpendët Pyetje 7 / 7
Referoju Forumi për Shëndetin e Pulave në të djathtë. Jep përgjigjen tënde për pyetjen.
Pse nuk mund të japë Fredi për Ivana_88 sasinë e saktë të aspirinës për pulën e saj?"
R548-ChickenForum,1,1,Arabic,ara-ARE,PISA
R548-ChickenForum,1,2,Arabic,ara-ARE,"منتدى الدواجن مقدمة
اقرأ المقدمة. ثم انقر على زر ""التالي"".
كنتَ في زيارةٍ لأقاربك الذين انتقلوا مؤخراً إلى مزرعة لتربية الدجاج.  وسألتَ عمتكَ: ""كيف تعلّمتِ تربية الدجاج؟""
ردت قائلة: ""لقد تحدثنا إلى كثير من الأشخاص الذين يقومون بتربية الدجاج.  كما توجد مصادر كثيرة على شبكة الإنترنت.  على سبيل المثال، يوجد منتدى ""صحة الدجاج"" الذي يعجبني تصفّحه.  لقد أفادني كثيراً مؤخراً عندما أصيبت إحدى دجاجاتي في ساقها.  سأُريك المحادثة التي أجريتُها"".
انقر على زر ""التالي"" لقراءة صفحة المنتدى."
R548-ChickenForum,2,1,Arabic,ara-ARE,PISA
R548-ChickenForum,2,2,Arabic,ara-ARE,"www.chickenhealth.com/forum/aspirin-chickens
صحة الدجاج
دليلك الإلكتروني لصحة الدجاج
نبذة عنّا
المنتدى
صور
إعطاء الأسبرين للدجاج
جميلة_88. كاتب الموضوع تم النشر في 28 أكتوبر الساعة 18:12
مرحباً بالجميع! هل من المناسب إعطاء الأسبرين لدجاجتي؟  عمرها سنتين، وأعتقد أنها أصيبت في ساقها. لن أستطيع الوصول إلى الطبيب البيطري حتى يوم الإثنين، وهو لا يردّ على الهاتف. ويبدو أن دجاجتي تعاني من ألم شديد.  أود أن أعطيها شيئاً يشعرها بالتحسن إلى أن أتمكن من الذهاب إلى البيطري.  أشكركم على مساعدتكم.
نادية79. تم النشر يوم 28 أكتوبر الساعة 18:36
لا أعلم فيما إذا كان الأسبرين آمناً على الدجاج أم لا.  اعتدتُ التواصل دائماً مع البيطري قبل إعطاء طيوري أي دواء.  أدركُ أن بعض الأدوية الآمنة للبشر قد تُشكل خطراً كبيراً على الطيور.
منى. تم النشر يوم 28 أكتوبر الساعة 18:52
أعطيتُ الأسبرين لإحدى دجاجاتي عندما تعرضت لإصابة.  ولم تحدث لها أيّة مشكلة. في اليوم التالي ذهبت إلى البيطري، ولكنها كانت قد تحسنت بالفعل.  أعتقد أن إعطاء كميات كبيرة قد يُشكّل خطراً، لذلك لا ينبغي تجاوز الجرعة المحددة!  وآمل أن تشعر دجاجتك بالتحسن!
عروض_الطيور. تم النشر في 28 أكتوبر الساعة 19:07
مرحباً! لا تنسوا تفقّد عروضي المنخفضة جداً على جميع مستلزمات الطيور.  لديّ خصومات كبيرة الآن!
شهاب. تم النشر يوم 28 أكتوبر الساعة 19:15
من فضلكم، هل يمكن لأحدكم أن يخبرني كيف يمكن معرفة فيما إذا كانت الدجاجة مريضة؟ أشكركم.
فداء. تم النشر في 28 أكتوبر الساعة 19:21
مرحباً جميلة، أنا طبيبة بيطرية متخصصة في الطيور.  لا بأس بإعطاء الأسبرين للدجاج المصاب إن ظهرت عليها علامات الألم.  وعند وصف الأسبرين للطيور، فإنني أتبعُ الإرشادات المذكورة في كتاب الطب السريري للطيور.  إذ يجب إعطاء الدجاجة 5 ملليغرام من الأسبرين لكل كيلوغرام من وزنها.  ويمكنكِ إعطاء هذه الجرعة 3 إلى 4 مرات في اليوم إلى أن تتمكني من زيارة البيطري.  ومن المهم جداً متابعة طبيبك البيطري.  بالتوفيق!"
R548-ChickenForum,2,3,Arabic,ara-ARE,"منتدى الدواجن سؤال 1 / 7
ارجع إلى ""منتدى صحة الدجاج"" على الجانب الأيسر.  ثم انقر على أحد الخيارات للإجابة عن السؤال.
ماذا تريد جميلة_88 أن تعرف؟
إذا كان من الممكن إعطاء الأسبرين إلى الدجاجة المصابة.
كم مرة يمكن أن تعطي الأسبرين إلى الدجاجة المصابة.
كيفية الاتصال بطبيب بيطري بشأن الدجاجة المصابة.
إن كان بإمكانها تحديد مستوى الألم الذي تعاني منه الدجاجة المصابة."
R548-ChickenForum,3,1,Arabic,ara-ARE,PISA
R548-ChickenForum,3,2,Arabic,ara-ARE,"www.chickenhealth.com/forum/aspirin-chickens
صحة الدجاج
دليلك الإلكتروني لصحة الدجاج
نبذة عنّا
المنتدى
صور
إعطاء الأسبرين للدجاج
جميلة_88. كاتب الموضوع تم النشر في 28 أكتوبر الساعة 18:12
مرحباً بالجميع! هل من المناسب إعطاء الأسبرين لدجاجتي؟  عمرها سنتين، وأعتقد أنها أصيبت في ساقها. لن أستطيع الوصول إلى الطبيب البيطري حتى يوم الإثنين، وهو لا يردّ على الهاتف. ويبدو أن دجاجتي تعاني من ألم شديد.  أود أن أعطيها شيئاً يشعرها بالتحسن إلى أن أتمكن من الذهاب إلى البيطري.  أشكركم على مساعدتكم.
نادية79. تم النشر يوم 28 أكتوبر الساعة 18:36
لا أعلم فيما إذا كان الأسبرين آمناً على الدجاج أم لا.  اعتدتُ التواصل دائماً مع البيطري قبل إعطاء طيوري أي دواء.  أدركُ أن بعض الأدوية الآمنة للبشر قد تُشكل خطراً كبيراً على الطيور.
منى. تم النشر يوم 28 أكتوبر الساعة 18:52
أعطيتُ الأسبرين لإحدى دجاجاتي عندما تعرضت لإصابة.  ولم تحدث لها أيّة مشكلة. في اليوم التالي ذهبت إلى البيطري، ولكنها كانت قد تحسنت بالفعل.  أعتقد أن إعطاء كميات كبيرة قد يُشكّل خطراً، لذلك لا ينبغي تجاوز الجرعة المحددة!  وآمل أن تشعر دجاجتك بالتحسن!
عروض_الطيور. تم النشر في 28 أكتوبر الساعة 19:07
مرحباً! لا تنسوا تفقّد عروضي المنخفضة جداً على جميع مستلزمات الطيور.  لديّ خصومات كبيرة الآن!
شهاب. تم النشر يوم 28 أكتوبر الساعة 19:15
من فضلكم، هل يمكن لأحدكم أن يخبرني كيف يمكن معرفة فيما إذا كانت الدجاجة مريضة؟ أشكركم.
فداء. تم النشر في 28 أكتوبر الساعة 19:21
مرحباً جميلة، أنا طبيبة بيطرية متخصصة في الطيور.  لا بأس بإعطاء الأسبرين للدجاج المصاب إن ظهرت عليها علامات الألم.  وعند وصف الأسبرين للطيور، فإنني أتبعُ الإرشادات المذكورة في كتاب الطب السريري للطيور.  إذ يجب إعطاء الدجاجة 5 ملليغرام من الأسبرين لكل كيلوغرام من وزنها.  ويمكنكِ إعطاء هذه الجرعة 3 إلى 4 مرات في اليوم إلى أن تتمكني من زيارة البيطري.  ومن المهم جداً متابعة طبيبك البيطري.  بالتوفيق!"
R548-ChickenForum,3,3,Arabic,ara-ARE,"منتدى الدواجن سؤال 2 / 7
ارجع إلى ""منتدى صحة الدجاج"" على الجانب الأيسر.  ثم انقر على أحد الخيارات للإجابة عن السؤال.
لماذا قررت جميلة_88 نشر سؤالها على منتدى عبر الإنترنت؟
لأنها لا تعرف كيف تجد طبيباً بيطرياً.
لأنها تعتقد أن حالة الدجاجة ليست خطرة.
لأنها تود مساعدة دجاجتها في أقرب وقت ممكن.
لأنها لا تستطيع تحمّل تكلفة زيارة الطبيب البيطري."
R548-ChickenForum,4,1,Arabic,ara-ARE,PISA
R548-ChickenForum,4,2,Arabic,ara-ARE,"www.chickenhealth.com/forum/aspirin-chickens
صحة الدجاج
دليلك الإلكتروني لصحة الدجاج
نبذة عنّا
المنتدى
صور
إعطاء الأسبرين للدجاج
جميلة_88. كاتب الموضوع تم النشر في 28 أكتوبر الساعة 18:12
مرحباً بالجميع! هل من المناسب إعطاء الأسبرين لدجاجتي؟  عمرها سنتين، وأعتقد أنها أصيبت في ساقها. لن أستطيع الوصول إلى الطبيب البيطري حتى يوم الإثنين، وهو لا يردّ على الهاتف. ويبدو أن دجاجتي تعاني من ألم شديد.  أود أن أعطيها شيئاً يشعرها بالتحسن إلى أن أتمكن من الذهاب إلى البيطري.  أشكركم على مساعدتكم.
نادية79. تم النشر يوم 28 أكتوبر الساعة 18:36
لا أعلم فيما إذا كان الأسبرين آمناً على الدجاج أم لا.  اعتدتُ التواصل دائماً مع البيطري قبل إعطاء طيوري أي دواء.  أدركُ أن بعض الأدوية الآمنة للبشر قد تُشكل خطراً كبيراً على الطيور.
منى. تم النشر يوم 28 أكتوبر الساعة 18:52
أعطيتُ الأسبرين لإحدى دجاجاتي عندما تعرضت لإصابة.  ولم تحدث لها أيّة مشكلة. في اليوم التالي ذهبت إلى البيطري، ولكنها كانت قد تحسنت بالفعل.  أعتقد أن إعطاء كميات كبيرة قد يُشكّل خطراً، لذلك لا ينبغي تجاوز الجرعة المحددة!  وآمل أن تشعر دجاجتك بالتحسن!
عروض_الطيور. تم النشر في 28 أكتوبر الساعة 19:07
مرحباً! لا تنسوا تفقّد عروضي المنخفضة جداً على جميع مستلزمات الطيور.  لديّ خصومات كبيرة الآن!
شهاب. تم النشر يوم 28 أكتوبر الساعة 19:15
من فضلكم، هل يمكن لأحدكم أن يخبرني كيف يمكن معرفة فيما إذا كانت الدجاجة مريضة؟ أشكركم.
فداء. تم النشر في 28 أكتوبر الساعة 19:21
مرحباً جميلة، أنا طبيبة بيطرية متخصصة في الطيور.  لا بأس بإعطاء الأسبرين للدجاج المصاب إن ظهرت عليها علامات الألم.  وعند وصف الأسبرين للطيور، فإنني أتبعُ الإرشادات المذكورة في كتاب الطب السريري للطيور.  إذ يجب إعطاء الدجاجة 5 ملليغرام من الأسبرين لكل كيلوغرام من وزنها.  ويمكنكِ إعطاء هذه الجرعة 3 إلى 4 مرات في اليوم إلى أن تتمكني من زيارة البيطري.  ومن المهم جداً متابعة طبيبك البيطري.  بالتوفيق!"
R548-ChickenForum,4,3,Arabic,ara-ARE,"منتدى الدواجن سؤال 3 / 7
ارجع إلى ""منتدى صحة الدجاج"" على الجانب الأيسر.  ثم انقر على الخيارات في الجدول للإجابة عن السؤال.
قد يكون لبعض المشاركات في المنتدى صلة بالموضوع في حين أن بعضها الآخر ليس له صلة. انقر على  نعم  أو  لا  لتوضيح فيما إذا كانت المشاركات في الجدول أدناه ذات صلة بمشكلة جميلة_88.
هل هذه المشاركة ذات صلة بمشكلة جميلة_88؟
نعم
لا
مشاركة نادية79
مشاركة منى
مشاركة ""عروض_الطيور""
مشاركة شهاب
مشاركة فداء"
R548-ChickenForum,5,1,Arabic,ara-ARE,PISA
R548-ChickenForum,5,2,Arabic,ara-ARE,"www.chickenhealth.com/forum/aspirin-chickens
صحة الدجاج
دليلك الإلكتروني لصحة الدجاج
نبذة عنّا
المنتدى
صور
إعطاء الأسبرين للدجاج
جميلة_88. كاتب الموضوع تم النشر في 28 أكتوبر الساعة 18:12
مرحباً بالجميع! هل من المناسب إعطاء الأسبرين لدجاجتي؟  عمرها سنتين، وأعتقد أنها أصيبت في ساقها. لن أستطيع الوصول إلى الطبيب البيطري حتى يوم الإثنين، وهو لا يردّ على الهاتف. ويبدو أن دجاجتي تعاني من ألم شديد.  أود أن أعطيها شيئاً يشعرها بالتحسن إلى أن أتمكن من الذهاب إلى البيطري.  أشكركم على مساعدتكم.
نادية79. تم النشر يوم 28 أكتوبر الساعة 18:36
لا أعلم فيما إذا كان الأسبرين آمناً على الدجاج أم لا.  اعتدتُ التواصل دائماً مع البيطري قبل إعطاء طيوري أي دواء.  أدركُ أن بعض الأدوية الآمنة للبشر قد تُشكل خطراً كبيراً على الطيور.
منى. تم النشر يوم 28 أكتوبر الساعة 18:52
أعطيتُ الأسبرين لإحدى دجاجاتي عندما تعرضت لإصابة.  ولم تحدث لها أيّة مشكلة. في اليوم التالي ذهبت إلى البيطري، ولكنها كانت قد تحسنت بالفعل.  أعتقد أن إعطاء كميات كبيرة قد يُشكّل خطراً، لذلك لا ينبغي تجاوز الجرعة المحددة!  وآمل أن تشعر دجاجتك بالتحسن!
عروض_الطيور. تم النشر في 28 أكتوبر الساعة 19:07
مرحباً! لا تنسوا تفقّد عروضي المنخفضة جداً على جميع مستلزمات الطيور.  لديّ خصومات كبيرة الآن!
شهاب. تم النشر يوم 28 أكتوبر الساعة 19:15
من فضلكم، هل يمكن لأحدكم أن يخبرني كيف يمكن معرفة فيما إذا كانت الدجاجة مريضة؟ أشكركم.
فداء. تم النشر في 28 أكتوبر الساعة 19:21
مرحباً جميلة، أنا طبيبة بيطرية متخصصة في الطيور.  لا بأس بإعطاء الأسبرين للدجاج المصاب إن ظهرت عليها علامات الألم.  وعند وصف الأسبرين للطيور، فإنني أتبعُ الإرشادات المذكورة في كتاب الطب السريري للطيور.  إذ يجب إعطاء الدجاجة 5 ملليغرام من الأسبرين لكل كيلوغرام من وزنها.  ويمكنكِ إعطاء هذه الجرعة 3 إلى 4 مرات في اليوم إلى أن تتمكني من زيارة البيطري.  ومن المهم جداً متابعة طبيبك البيطري.  بالتوفيق!"
R548-ChickenForum,5,3,Arabic,ara-ARE,"منتدى الدواجن سؤال 4 / 7
ارجع إلى ""منتدى صحة الدجاج"" على الجانب الأيسر.  ثم انقر على أحد الخيارات للإجابة عن السؤال.
من الذي كان له تجارب إيجابية في إعطاء الأسبرين لدجاجة مصابة؟
جميلة_88.
نادية79.
منى.
شهاب."
R548-ChickenForum,6,1,Arabic,ara-ARE,PISA
R548-ChickenForum,6,2,Arabic,ara-ARE,"www.chickenhealth.com/forum/aspirin-chickens
صحة الدجاج
دليلك الإلكتروني لصحة الدجاج
نبذة عنّا
المنتدى
صور
إعطاء الأسبرين للدجاج
جميلة_88. كاتب الموضوع تم النشر في 28 أكتوبر الساعة 18:12
مرحباً بالجميع! هل من المناسب إعطاء الأسبرين لدجاجتي؟  عمرها سنتين، وأعتقد أنها أصيبت في ساقها. لن أستطيع الوصول إلى الطبيب البيطري حتى يوم الإثنين، وهو لا يردّ على الهاتف. ويبدو أن دجاجتي تعاني من ألم شديد.  أود أن أعطيها شيئاً يشعرها بالتحسن إلى أن أتمكن من الذهاب إلى البيطري.  أشكركم على مساعدتكم.
نادية79. تم النشر يوم 28 أكتوبر الساعة 18:36
لا أعلم فيما إذا كان الأسبرين آمناً على الدجاج أم لا.  اعتدتُ التواصل دائماً مع البيطري قبل إعطاء طيوري أي دواء.  أدركُ أن بعض الأدوية الآمنة للبشر قد تُشكل خطراً كبيراً على الطيور.
منى. تم النشر يوم 28 أكتوبر الساعة 18:52
أعطيتُ الأسبرين لإحدى دجاجاتي عندما تعرضت لإصابة.  ولم تحدث لها أيّة مشكلة. في اليوم التالي ذهبت إلى البيطري، ولكنها كانت قد تحسنت بالفعل.  أعتقد أن إعطاء كميات كبيرة قد يُشكّل خطراً، لذلك لا ينبغي تجاوز الجرعة المحددة!  وآمل أن تشعر دجاجتك بالتحسن!
عروض_الطيور. تم النشر في 28 أكتوبر الساعة 19:07
مرحباً! لا تنسوا تفقّد عروضي المنخفضة جداً على جميع مستلزمات الطيور.  لديّ خصومات كبيرة الآن!
شهاب. تم النشر يوم 28 أكتوبر الساعة 19:15
من فضلكم، هل يمكن لأحدكم أن يخبرني كيف يمكن معرفة فيما إذا كانت الدجاجة مريضة؟ أشكركم.
فداء. تم النشر في 28 أكتوبر الساعة 19:21
مرحباً جميلة، أنا طبيبة بيطرية متخصصة في الطيور.  لا بأس بإعطاء الأسبرين للدجاج المصاب إن ظهرت عليها علامات الألم.  وعند وصف الأسبرين للطيور، فإنني أتبعُ الإرشادات المذكورة في كتاب الطب السريري للطيور.  إذ يجب إعطاء الدجاجة 5 ملليغرام من الأسبرين لكل كيلوغرام من وزنها.  ويمكنكِ إعطاء هذه الجرعة 3 إلى 4 مرات في اليوم إلى أن تتمكني من زيارة البيطري.  ومن المهم جداً متابعة طبيبك البيطري.  بالتوفيق!"
R548-ChickenForum,6,3,Arabic,ara-ARE,"منتدى الدواجن سؤال 5 / 7
ارجع إلى ""منتدى صحة الدجاج"" على الجانب الأيسر.  ثم انقر على أحد الخيارات للإجابة عن السؤال.
لماذا أجاب ""عروض_الطيور"" على مشاركة جميلة_88؟
للتسويق لمشروع تجاري.
للإجابة عن سؤال جميلة_88.
للتعقيب على نصيحة منى.
لإظهار خبرته في مجال الطيور."
R548-ChickenForum,7,1,Arabic,ara-ARE,PISA
R548-ChickenForum,7,2,Arabic,ara-ARE,"www.chickenhealth.com/forum/aspirin-chickens
صحة الدجاج
دليلك الإلكتروني لصحة الدجاج
نبذة عنّا
المنتدى
صور
إعطاء الأسبرين للدجاج
جميلة_88. كاتب الموضوع تم النشر في 28 أكتوبر الساعة 18:12
مرحباً بالجميع! هل من المناسب إعطاء الأسبرين لدجاجتي؟  عمرها سنتين، وأعتقد أنها أصيبت في ساقها. لن أستطيع الوصول إلى الطبيب البيطري حتى يوم الإثنين، وهو لا يردّ على الهاتف. ويبدو أن دجاجتي تعاني من ألم شديد.  أود أن أعطيها شيئاً يشعرها بالتحسن إلى أن أتمكن من الذهاب إلى البيطري.  أشكركم على مساعدتكم.
نادية79. تم النشر يوم 28 أكتوبر الساعة 18:36
لا أعلم فيما إذا كان الأسبرين آمناً على الدجاج أم لا.  اعتدتُ التواصل دائماً مع البيطري قبل إعطاء طيوري أي دواء.  أدركُ أن بعض الأدوية الآمنة للبشر قد تُشكل خطراً كبيراً على الطيور.
منى. تم النشر يوم 28 أكتوبر الساعة 18:52
أعطيتُ الأسبرين لإحدى دجاجاتي عندما تعرضت لإصابة.  ولم تحدث لها أيّة مشكلة. في اليوم التالي ذهبت إلى البيطري، ولكنها كانت قد تحسنت بالفعل.  أعتقد أن إعطاء كميات كبيرة قد يُشكّل خطراً، لذلك لا ينبغي تجاوز الجرعة المحددة!  وآمل أن تشعر دجاجتك بالتحسن!
عروض_الطيور. تم النشر في 28 أكتوبر الساعة 19:07
مرحباً! لا تنسوا تفقّد عروضي المنخفضة جداً على جميع مستلزمات الطيور.  لديّ خصومات كبيرة الآن!
شهاب. تم النشر يوم 28 أكتوبر الساعة 19:15
من فضلكم، هل يمكن لأحدكم أن يخبرني كيف يمكن معرفة فيما إذا كانت الدجاجة مريضة؟ أشكركم.
فداء. تم النشر في 28 أكتوبر الساعة 19:21
مرحباً جميلة، أنا طبيبة بيطرية متخصصة في الطيور.  لا بأس بإعطاء الأسبرين للدجاج المصاب إن ظهرت عليها علامات الألم.  وعند وصف الأسبرين للطيور، فإنني أتبعُ الإرشادات المذكورة في كتاب الطب السريري للطيور.  إذ يجب إعطاء الدجاجة 5 ملليغرام من الأسبرين لكل كيلوغرام من وزنها.  ويمكنكِ إعطاء هذه الجرعة 3 إلى 4 مرات في اليوم إلى أن تتمكني من زيارة البيطري.  ومن المهم جداً متابعة طبيبك البيطري.  بالتوفيق!"
R548-ChickenForum,7,3,Arabic,ara-ARE,"منتدى الدواجن سؤال 6 / 7
ارجع إلى ""منتدى صحة الدجاج"" على الجانب الأيسر.  وانقر على أحد الخيارات ثم اكتب شرحاً للإجابة عن السؤال.
من صاحب الردّ الأكثر مصداقية على سؤال جميلة_88؟
نادية79.
منى.
عروض_الطيور.
فداء.
قدّم سبباً لإجابتك."
R548-ChickenForum,8,1,Arabic,ara-ARE,PISA
R548-ChickenForum,8,2,Arabic,ara-ARE,"www.chickenhealth.com/forum/aspirin-chickens
صحة الدجاج
دليلك الإلكتروني لصحة الدجاج
نبذة عنّا
المنتدى
صور
إعطاء الأسبرين للدجاج
جميلة_88. كاتب الموضوع تم النشر في 28 أكتوبر الساعة 18:12
مرحباً بالجميع! هل من المناسب إعطاء الأسبرين لدجاجتي؟  عمرها سنتين، وأعتقد أنها أصيبت في ساقها. لن أستطيع الوصول إلى الطبيب البيطري حتى يوم الإثنين، وهو لا يردّ على الهاتف. ويبدو أن دجاجتي تعاني من ألم شديد.  أود أن أعطيها شيئاً يشعرها بالتحسن إلى أن أتمكن من الذهاب إلى البيطري.  أشكركم على مساعدتكم.
نادية79. تم النشر يوم 28 أكتوبر الساعة 18:36
لا أعلم فيما إذا كان الأسبرين آمناً على الدجاج أم لا.  اعتدتُ التواصل دائماً مع البيطري قبل إعطاء طيوري أي دواء.  أدركُ أن بعض الأدوية الآمنة للبشر قد تُشكل خطراً كبيراً على الطيور.
منى. تم النشر يوم 28 أكتوبر الساعة 18:52
أعطيتُ الأسبرين لإحدى دجاجاتي عندما تعرضت لإصابة.  ولم تحدث لها أيّة مشكلة. في اليوم التالي ذهبت إلى البيطري، ولكنها كانت قد تحسنت بالفعل.  أعتقد أن إعطاء كميات كبيرة قد يُشكّل خطراً، لذلك لا ينبغي تجاوز الجرعة المحددة!  وآمل أن تشعر دجاجتك بالتحسن!
عروض_الطيور. تم النشر في 28 أكتوبر الساعة 19:07
مرحباً! لا تنسوا تفقّد عروضي المنخفضة جداً على جميع مستلزمات الطيور.  لديّ خصومات كبيرة الآن!
شهاب. تم النشر يوم 28 أكتوبر الساعة 19:15
من فضلكم، هل يمكن لأحدكم أن يخبرني كيف يمكن معرفة فيما إذا كانت الدجاجة مريضة؟ أشكركم.
فداء. تم النشر في 28 أكتوبر الساعة 19:21
مرحباً جميلة، أنا طبيبة بيطرية متخصصة في الطيور.  لا بأس بإعطاء الأسبرين للدجاج المصاب إن ظهرت عليها علامات الألم.  وعند وصف الأسبرين للطيور، فإنني أتبعُ الإرشادات المذكورة في كتاب الطب السريري للطيور.  إذ يجب إعطاء الدجاجة 5 ملليغرام من الأسبرين لكل كيلوغرام من وزنها.  ويمكنكِ إعطاء هذه الجرعة 3 إلى 4 مرات في اليوم إلى أن تتمكني من زيارة البيطري.  ومن المهم جداً متابعة طبيبك البيطري.  بالتوفيق!"
R548-ChickenForum,8,3,Arabic,ara-ARE,"منتدى الدواجن سؤال 7 / 7
ارجع إلى ""منتدى صحة الدجاج"" على الجانب الأيسر.  ثم اكتب إجابتك عن السؤال.
لماذا لا تستطيع فداء تحديد جرعة الأسبرين التي تحتاجها دجاجة جميلة_88؟"
R548-ChickenForum,9,1,Arabic,ara-ARE,PISA
R548-ChickenForum,9,2,Arabic,ara-ARE,"www.chickenhealth.com/forum/aspirin-chickens
صحة الدجاج
دليلك الإلكتروني لصحة الدجاج
نبذة عنّا
المنتدى
صور
إعطاء الأسبرين للدجاج
جميلة_88. كاتب الموضوع تم النشر في 28 أكتوبر الساعة 18:12
مرحباً بالجميع! هل من المناسب إعطاء الأسبرين لدجاجتي؟  عمرها سنتين، وأعتقد أنها أصيبت في ساقها. لن أستطيع الوصول إلى الطبيب البيطري حتى يوم الإثنين، وهو لا يردّ على الهاتف. ويبدو أن دجاجتي تعاني من ألم شديد.  أود أن أعطيها شيئاً يشعرها بالتحسن إلى أن أتمكن من الذهاب إلى البيطري.  أشكركم على مساعدتكم.
نادية79. تم النشر يوم 28 أكتوبر الساعة 18:36
لا أعلم فيما إذا كان الأسبرين آمناً على الدجاج أم لا.  اعتدتُ التواصل دائماً مع البيطري قبل إعطاء طيوري أي دواء.  أدركُ أن بعض الأدوية الآمنة للبشر قد تُشكل خطراً كبيراً على الطيور.
منى. تم النشر يوم 28 أكتوبر الساعة 18:52
أعطيتُ الأسبرين لإحدى دجاجاتي عندما تعرضت لإصابة.  ولم تحدث لها أيّة مشكلة. في اليوم التالي ذهبت إلى البيطري، ولكنها كانت قد تحسنت بالفعل.  أعتقد أن إعطاء كميات كبيرة قد يُشكّل خطراً، لذلك لا ينبغي تجاوز الجرعة المحددة!  وآمل أن تشعر دجاجتك بالتحسن!
عروض_الطيور. تم النشر في 28 أكتوبر الساعة 19:07
مرحباً! لا تنسوا تفقّد عروضي المنخفضة جداً على جميع مستلزمات الطيور.  لديّ خصومات كبيرة الآن!
شهاب. تم النشر يوم 28 أكتوبر الساعة 19:15
من فضلكم، هل يمكن لأحدكم أن يخبرني كيف يمكن معرفة فيما إذا كانت الدجاجة مريضة؟ أشكركم.
فداء. تم النشر في 28 أكتوبر الساعة 19:21
مرحباً جميلة، أنا طبيبة بيطرية متخصصة في الطيور.  لا بأس بإعطاء الأسبرين للدجاج المصاب إن ظهرت عليها علامات الألم.  وعند وصف الأسبرين للطيور، فإنني أتبعُ الإرشادات المذكورة في كتاب الطب السريري للطيور.  إذ يجب إعطاء الدجاجة 5 ملليغرام من الأسبرين لكل كيلوغرام من وزنها.  ويمكنكِ إعطاء هذه الجرعة 3 إلى 4 مرات في اليوم إلى أن تتمكني من زيارة البيطري.  ومن المهم جداً متابعة طبيبك البيطري.  بالتوفيق!"
R548-ChickenForum,9,3,Arabic,ara-ARE,"منتدى الدواجن سؤال 7 / 7
ارجع إلى ""منتدى صحة الدجاج"" على الجانب الأيسر.  ثم اكتب إجابتك عن السؤال.
لماذا لا تستطيع فداء تحديد جرعة الأسبرين التي تحتاجها دجاجة جميلة_88؟"
R548-ChickenForum,10,1,Arabic,ara-ARE,PISA
R548-ChickenForum,10,2,Arabic,ara-ARE,"www.chickenhealth.com/forum/aspirin-chickens
صحة الدجاج
دليلك الإلكتروني لصحة الدجاج
نبذة عنّا
المنتدى
صور
إعطاء الأسبرين للدجاج
جميلة_88. كاتب الموضوع تم النشر في 28 أكتوبر الساعة 18:12
مرحباً بالجميع! هل من المناسب إعطاء الأسبرين لدجاجتي؟  عمرها سنتين، وأعتقد أنها أصيبت في ساقها. لن أستطيع الوصول إلى الطبيب البيطري حتى يوم الإثنين، وهو لا يردّ على الهاتف. ويبدو أن دجاجتي تعاني من ألم شديد.  أود أن أعطيها شيئاً يشعرها بالتحسن إلى أن أتمكن من الذهاب إلى البيطري.  أشكركم على مساعدتكم.
نادية79. تم النشر يوم 28 أكتوبر الساعة 18:36
لا أعلم فيما إذا كان الأسبرين آمناً على الدجاج أم لا.  اعتدتُ التواصل دائماً مع البيطري قبل إعطاء طيوري أي دواء.  أدركُ أن بعض الأدوية الآمنة للبشر قد تُشكل خطراً كبيراً على الطيور.
منى. تم النشر يوم 28 أكتوبر الساعة 18:52
أعطيتُ الأسبرين لإحدى دجاجاتي عندما تعرضت لإصابة.  ولم تحدث لها أيّة مشكلة. في اليوم التالي ذهبت إلى البيطري، ولكنها كانت قد تحسنت بالفعل.  أعتقد أن إعطاء كميات كبيرة قد يُشكّل خطراً، لذلك لا ينبغي تجاوز الجرعة المحددة!  وآمل أن تشعر دجاجتك بالتحسن!
عروض_الطيور. تم النشر في 28 أكتوبر الساعة 19:07
مرحباً! لا تنسوا تفقّد عروضي المنخفضة جداً على جميع مستلزمات الطيور.  لديّ خصومات كبيرة الآن!
شهاب. تم النشر يوم 28 أكتوبر الساعة 19:15
من فضلكم، هل يمكن لأحدكم أن يخبرني كيف يمكن معرفة فيما إذا كانت الدجاجة مريضة؟ أشكركم.
فداء. تم النشر في 28 أكتوبر الساعة 19:21
مرحباً جميلة، أنا طبيبة بيطرية متخصصة في الطيور.  لا بأس بإعطاء الأسبرين للدجاج المصاب إن ظهرت عليها علامات الألم.  وعند وصف الأسبرين للطيور، فإنني أتبعُ الإرشادات المذكورة في كتاب الطب السريري للطيور.  إذ يجب إعطاء الدجاجة 5 ملليغرام من الأسبرين لكل كيلوغرام من وزنها.  ويمكنكِ إعطاء هذه الجرعة 3 إلى 4 مرات في اليوم إلى أن تتمكني من زيارة البيطري.  ومن المهم جداً متابعة طبيبك البيطري.  بالتوفيق!"
R548-ChickenForum,10,3,Arabic,ara-ARE,"منتدى الدواجن سؤال 7 / 7
ارجع إلى ""منتدى صحة الدجاج"" على الجانب الأيسر.  ثم اكتب إجابتك عن السؤال.
لماذا لا تستطيع فداء تحديد جرعة الأسبرين التي تحتاجها دجاجة جميلة_88؟"
R548-ChickenForum,1,1,Azerbaijani / Azeri,aze-QAZ,PISA
R548-ChickenForum,1,2,Azerbaijani / Azeri,aze-QAZ,"Toyuq Forumu Giriş
Girişi oxuyun. Sonra NÖVBƏTİ oxunu basın.
Siz toyuq yetişdirmək üçün yenicə kənd təsərrüfatı ilə məşğul olmağa başlayan qohumlarınıza baş çəkirsiniz.  Siz xalanızdan soruşursunuz: ""Ev toyuqlarını yetişdirməyi necə öyrəndin?""
O, deyir: ""Biz toyuq yetişdirən xeyli sayda insanla danışdıq. Həmçinin internetdə də bir çox mənbə var. Məsələn, mənim ziyarət etməyi xoşladığım Toyuqların Sağlamlığı forumu var Bu yaxınlarda mənim toyuqlarımdan biri ayağını zədələyəndə bu, mənə çox kömək oldu. Mən sənə apardığım söhbəti göstərərəm.""
Forumu oxumaq üçün NÖVBƏTİ ox işarəsinə vurun."
R548-ChickenForum,2,1,Azerbaijani / Azeri,aze-QAZ,PISA
R548-ChickenForum,2,2,Azerbaijani / Azeri,aze-QAZ,"www.toyugunsaglamligi.com/forum/aspirin-toyuqlar
Toyuğun Sağlamlığı
Sağlam toyuqlar üçün sizin elektron mənbəniz
Haqqında
Forum
Şəkillər
Toyuqlara Aspirinin Verilməsi
İlahə_88 Müəllif 28 oktyabr tarixində saat 18:12-də yerləşdirilmişdir.
Hər kəsə salamlar!  Toyuğuma aspirin verə bilərəm ?  Onun 2 yaşı var və düşünürəm ki, o, ayağını zədələyib.  Bazar ertəsinə qədər baytarın yanına gedə bilmirəm və baytar telefon zənglərimə cavab vermir. Toyuğum ağrıdan çox əziyyət çəkir.  Baytara gedənə qədər özünü daha yaxşı hiss etməsi üçün ona nə isə vermək istəyirəm.  Köməyinizə görə təşəkkür edirəm.
NailəB79 28 oktyabr tarixində saat 18:36-da yerləşdirilmişdir.
Mən aspirinin toyuqlar üçün ziyansız olub-olmadığını bilmirəm. Mən quşlarıma dərman verməmişdən öncə həmişə baytarla məsləhətləşirəm.  Mən bilirəm ki, insanlar üçün təhlükəsiz olan bəzi dərmanlar quşlar üçün çox təhlükəli ola bilər.
Məryəm 28 oktyabr tarixində saat 18:52-də yerləşdirilmişdir.
Toyuqlarımdan biri zədə alanda mən ona aspirini vermişəm.  Heç bir problem olmamışdır.  Növbəti gün mən baytarın yanına getdim, amma, o, artıq yaxşı idi.  Məncə, onu həddən artıq çox versəniz təhlükəli ola bilər, buna görə də doza həddini keçməyin!  Ümid edirəm, o, yaxşılaşacaq!
Quş _Təklifləri 28 oktyabr tarixində saat 19:07-də yerləşdirilmişdir.
Salam!  Bütün quşlara qulluqla bağlı mənim ən əla və aşağı qiymətlə olan təkliflərimə nəzər salmağı unutmayın!  Məndə indi böyük güzəştlər vardır!
Bilal  28 oktyabr tarixində saat 19:15-də yerləşdirilmişdir.
Kimsə mənə deyə bilərmi ki, cücənin xəstə olduğunu necə müəyyən etmək olar?  Sağ olun.
Fariz 28 oktyabr tarixində saat 19:21-də yerləşdirilmişdir.
Salam İlahə Mən quşlar üzrə ixtisaslaşan baytaram.  Zədə almış ev quşlarında ağrıma əlamətləri müşahidə olunduğu halda onlara aspirin vermək olar.  Quşlara aspirin təyin edərkən mən ""Clinical Avian Medicine"" (""Kliniki Quş Dərmanları"") çap olunmuş təlimatlarına əməl edirəm.  Toyuqlar bədən çəkisinin hər kıloqramı üçün 5 milliqram aspirin qəbul etməlidirlər. Siz baytarın yanına gedənə qədər hər gün 3-4 dəfə verə bilərsiniz.  Baytarınızın məsləhətinə riayət edin. Uğurlar!"
R548-ChickenForum,2,3,Azerbaijani / Azeri,aze-QAZ,"Toyuq Forumu Sual 1 / 7
Sağda verilmiş ""Toyuğun Sağlamlığı Forumu"" mətninə müraciət edin.   Suala cavab vermək üçün düyməni seçdiyiniz variantın üzərində sıxın.
İlahə_88 nəyi bilmək istəyir?
Zədəli toyuğa aspirin verməyin doğru olduğunu.
Zədəli toyuğa nə qədər ara verməklə aspirin verə biləcəyini.
Zədələnmiş toyuqla bağlı baytarla necə əlaqə saxlamağı.
Zədələnmiş toyuğun ağrısının dərəcəsini müəyyən etməyi."
R548-ChickenForum,3,1,Azerbaijani / Azeri,aze-QAZ,PISA
R548-ChickenForum,3,2,Azerbaijani / Azeri,aze-QAZ,"www.toyugunsaglamligi.com/forum/aspirin-toyuqlar
Toyuğun Sağlamlığı
Sağlam toyuqlar üçün sizin elektron mənbəniz
Haqqında
Forum
Şəkillər
Toyuqlara Aspirinin Verilməsi
İlahə_88 Müəllif 28 oktyabr tarixində saat 18:12-də yerləşdirilmişdir.
Hər kəsə salamlar!  Toyuğuma aspirin verə bilərəm ?  Onun 2 yaşı var və düşünürəm ki, o, ayağını zədələyib.  Bazar ertəsinə qədər baytarın yanına gedə bilmirəm və baytar telefon zənglərimə cavab vermir. Toyuğum ağrıdan çox əziyyət çəkir.  Baytara gedənə qədər özünü daha yaxşı hiss etməsi üçün ona nə isə vermək istəyirəm.  Köməyinizə görə təşəkkür edirəm.
NailəB79 28 oktyabr tarixində saat 18:36-da yerləşdirilmişdir.
Mən aspirinin toyuqlar üçün ziyansız olub-olmadığını bilmirəm. Mən quşlarıma dərman verməmişdən öncə həmişə baytarla məsləhətləşirəm.  Mən bilirəm ki, insanlar üçün təhlükəsiz olan bəzi dərmanlar quşlar üçün çox təhlükəli ola bilər.
Məryəm 28 oktyabr tarixində saat 18:52-də yerləşdirilmişdir.
Toyuqlarımdan biri zədə alanda mən ona aspirini vermişəm.  Heç bir problem olmamışdır.  Növbəti gün mən baytarın yanına getdim, amma, o, artıq yaxşı idi.  Məncə, onu həddən artıq çox versəniz təhlükəli ola bilər, buna görə də doza həddini keçməyin!  Ümid edirəm, o, yaxşılaşacaq!
Quş _Təklifləri 28 oktyabr tarixində saat 19:07-də yerləşdirilmişdir.
Salam!  Bütün quşlara qulluqla bağlı mənim ən əla və aşağı qiymətlə olan təkliflərimə nəzər salmağı unutmayın!  Məndə indi böyük güzəştlər vardır!
Bilal  28 oktyabr tarixində saat 19:15-də yerləşdirilmişdir.
Kimsə mənə deyə bilərmi ki, cücənin xəstə olduğunu necə müəyyən etmək olar?  Sağ olun.
Fariz 28 oktyabr tarixində saat 19:21-də yerləşdirilmişdir.
Salam İlahə Mən quşlar üzrə ixtisaslaşan baytaram.  Zədə almış ev quşlarında ağrıma əlamətləri müşahidə olunduğu halda onlara aspirin vermək olar.  Quşlara aspirin təyin edərkən mən ""Clinical Avian Medicine"" (""Kliniki Quş Dərmanları"") çap olunmuş təlimatlarına əməl edirəm.  Toyuqlar bədən çəkisinin hər kıloqramı üçün 5 milliqram aspirin qəbul etməlidirlər. Siz baytarın yanına gedənə qədər hər gün 3-4 dəfə verə bilərsiniz.  Baytarınızın məsləhətinə riayət edin. Uğurlar!"
R548-ChickenForum,3,3,Azerbaijani / Azeri,aze-QAZ,"Toyuq Forumu Sual 2 / 7
Sağda verilmiş ""Toyuğun Sağlamlığı Forumu"" mətninə müraciət edin.  Suala cavab vermək üçün düyməni seçdiyiniz variantın üzərində sıxın.
İlahə_88 niyə öz sualını internet forumda yerləşdirməyə qərar verir?
Çünki o, baytarı necə tapmağı bilmir.
Çünki o, düşünür ki, toyuğun problemi ciddi deyil.
Çünki, o, öz toyuğuna mümkün qədər tez kömək etmək istəyir.
Çünki onun baytara getməyə imkanı çatmır."
R548-ChickenForum,4,1,Azerbaijani / Azeri,aze-QAZ,PISA
R548-ChickenForum,4,2,Azerbaijani / Azeri,aze-QAZ,"www.toyugunsaglamligi.com/forum/aspirin-toyuqlar
Toyuğun Sağlamlığı
Sağlam toyuqlar üçün sizin elektron mənbəniz
Haqqında
Forum
Şəkillər
Toyuqlara Aspirinin Verilməsi
İlahə_88 Müəllif 28 oktyabr tarixində saat 18:12-də yerləşdirilmişdir.
Hər kəsə salamlar!  Toyuğuma aspirin verə bilərəm ?  Onun 2 yaşı var və düşünürəm ki, o, ayağını zədələyib.  Bazar ertəsinə qədər baytarın yanına gedə bilmirəm və baytar telefon zənglərimə cavab vermir. Toyuğum ağrıdan çox əziyyət çəkir.  Baytara gedənə qədər özünü daha yaxşı hiss etməsi üçün ona nə isə vermək istəyirəm.  Köməyinizə görə təşəkkür edirəm.
NailəB79 28 oktyabr tarixində saat 18:36-da yerləşdirilmişdir.
Mən aspirinin toyuqlar üçün ziyansız olub-olmadığını bilmirəm. Mən quşlarıma dərman verməmişdən öncə həmişə baytarla məsləhətləşirəm.  Mən bilirəm ki, insanlar üçün təhlükəsiz olan bəzi dərmanlar quşlar üçün çox təhlükəli ola bilər.
Məryəm 28 oktyabr tarixində saat 18:52-də yerləşdirilmişdir.
Toyuqlarımdan biri zədə alanda mən ona aspirini vermişəm.  Heç bir problem olmamışdır.  Növbəti gün mən baytarın yanına getdim, amma, o, artıq yaxşı idi.  Məncə, onu həddən artıq çox versəniz təhlükəli ola bilər, buna görə də doza həddini keçməyin!  Ümid edirəm, o, yaxşılaşacaq!
Quş _Təklifləri 28 oktyabr tarixində saat 19:07-də yerləşdirilmişdir.
Salam!  Bütün quşlara qulluqla bağlı mənim ən əla və aşağı qiymətlə olan təkliflərimə nəzər salmağı unutmayın!  Məndə indi böyük güzəştlər vardır!
Bilal  28 oktyabr tarixində saat 19:15-də yerləşdirilmişdir.
Kimsə mənə deyə bilərmi ki, cücənin xəstə olduğunu necə müəyyən etmək olar?  Sağ olun.
Fariz 28 oktyabr tarixində saat 19:21-də yerləşdirilmişdir.
Salam İlahə Mən quşlar üzrə ixtisaslaşan baytaram.  Zədə almış ev quşlarında ağrıma əlamətləri müşahidə olunduğu halda onlara aspirin vermək olar.  Quşlara aspirin təyin edərkən mən ""Clinical Avian Medicine"" (""Kliniki Quş Dərmanları"") çap olunmuş təlimatlarına əməl edirəm.  Toyuqlar bədən çəkisinin hər kıloqramı üçün 5 milliqram aspirin qəbul etməlidirlər. Siz baytarın yanına gedənə qədər hər gün 3-4 dəfə verə bilərsiniz.  Baytarınızın məsləhətinə riayət edin. Uğurlar!"
R548-ChickenForum,4,3,Azerbaijani / Azeri,aze-QAZ,"Toyuq Forumu Sual 3 / 7
Sağda verilmiş ""Toyuğun Sağlamlığı Forumu"" mətninə müraciət edin.  Suala cavab vermək üçün cədvəldə seçdiyiniz variantın üzərində sıxın.
Forumdakı bəzi yazılar mövzuya uyğun, digərləri isə uyğun olmaya bilər. Aşağıdakı cədvəldə məlumatlar İlaha_88-in probleminə uyğun olub-olmadığını göstərmək üçün Bəli və ya Xeyr düyməsinə sıxın.
Məlumat İlahə_88-in probleminə uyğundurmu?
Bəli
Xeyr
NailəB79-un məlumatı
Məryəmin məlumatı
Quş_Təkliflərinin məlumatı
Bilalın məlumatı
Farizin məlumatı"
R548-ChickenForum,5,1,Azerbaijani / Azeri,aze-QAZ,PISA
R548-ChickenForum,5,2,Azerbaijani / Azeri,aze-QAZ,"www.toyugunsaglamligi.com/forum/aspirin-toyuqlar
Toyuğun Sağlamlığı
Sağlam toyuqlar üçün sizin elektron mənbəniz
Haqqında
Forum
Şəkillər
Toyuqlara Aspirinin Verilməsi
İlahə_88 Müəllif 28 oktyabr tarixində saat 18:12-də yerləşdirilmişdir.
Hər kəsə salamlar!  Toyuğuma aspirin verə bilərəm ?  Onun 2 yaşı var və düşünürəm ki, o, ayağını zədələyib.  Bazar ertəsinə qədər baytarın yanına gedə bilmirəm və baytar telefon zənglərimə cavab vermir. Toyuğum ağrıdan çox əziyyət çəkir.  Baytara gedənə qədər özünü daha yaxşı hiss etməsi üçün ona nə isə vermək istəyirəm.  Köməyinizə görə təşəkkür edirəm.
NailəB79 28 oktyabr tarixində saat 18:36-da yerləşdirilmişdir.
Mən aspirinin toyuqlar üçün ziyansız olub-olmadığını bilmirəm. Mən quşlarıma dərman verməmişdən öncə həmişə baytarla məsləhətləşirəm.  Mən bilirəm ki, insanlar üçün təhlükəsiz olan bəzi dərmanlar quşlar üçün çox təhlükəli ola bilər.
Məryəm 28 oktyabr tarixində saat 18:52-də yerləşdirilmişdir.
Toyuqlarımdan biri zədə alanda mən ona aspirini vermişəm.  Heç bir problem olmamışdır.  Növbəti gün mən baytarın yanına getdim, amma, o, artıq yaxşı idi.  Məncə, onu həddən artıq çox versəniz təhlükəli ola bilər, buna görə də doza həddini keçməyin!  Ümid edirəm, o, yaxşılaşacaq!
Quş _Təklifləri 28 oktyabr tarixində saat 19:07-də yerləşdirilmişdir.
Salam!  Bütün quşlara qulluqla bağlı mənim ən əla və aşağı qiymətlə olan təkliflərimə nəzər salmağı unutmayın!  Məndə indi böyük güzəştlər vardır!
Bilal  28 oktyabr tarixində saat 19:15-də yerləşdirilmişdir.
Kimsə mənə deyə bilərmi ki, cücənin xəstə olduğunu necə müəyyən etmək olar?  Sağ olun.
Fariz 28 oktyabr tarixində saat 19:21-də yerləşdirilmişdir.
Salam İlahə Mən quşlar üzrə ixtisaslaşan baytaram.  Zədə almış ev quşlarında ağrıma əlamətləri müşahidə olunduğu halda onlara aspirin vermək olar.  Quşlara aspirin təyin edərkən mən ""Clinical Avian Medicine"" (""Kliniki Quş Dərmanları"") çap olunmuş təlimatlarına əməl edirəm.  Toyuqlar bədən çəkisinin hər kıloqramı üçün 5 milliqram aspirin qəbul etməlidirlər. Siz baytarın yanına gedənə qədər hər gün 3-4 dəfə verə bilərsiniz.  Baytarınızın məsləhətinə riayət edin. Uğurlar!"
R548-ChickenForum,5,3,Azerbaijani / Azeri,aze-QAZ,"Toyuq Forumu Sual 4 / 7
Sağda verilmiş ""Toyuğun Sağlamlığı Forumu"" mətninə müraciət edin.  Suala cavab vermək üçün düyməni seçdiyiniz variantın üzərində sıxın.
Kimin zədələnmiş toyuğa aspirin verməklə bağlı müsbət təcrübəsi olmuşdur?
İlahə_88
NailəB79
Məryəm
Bilal"
R548-ChickenForum,6,1,Azerbaijani / Azeri,aze-QAZ,PISA
R548-ChickenForum,6,2,Azerbaijani / Azeri,aze-QAZ,"www.toyugunsaglamligi.com/forum/aspirin-toyuqlar
Toyuğun Sağlamlığı
Sağlam toyuqlar üçün sizin elektron mənbəniz
Haqqında
Forum
Şəkillər
Toyuqlara Aspirinin Verilməsi
İlahə_88 Müəllif 28 oktyabr tarixində saat 18:12-də yerləşdirilmişdir.
Hər kəsə salamlar!  Toyuğuma aspirin verə bilərəm ?  Onun 2 yaşı var və düşünürəm ki, o, ayağını zədələyib.  Bazar ertəsinə qədər baytarın yanına gedə bilmirəm və baytar telefon zənglərimə cavab vermir. Toyuğum ağrıdan çox əziyyət çəkir.  Baytara gedənə qədər özünü daha yaxşı hiss etməsi üçün ona nə isə vermək istəyirəm.  Köməyinizə görə təşəkkür edirəm.
NailəB79 28 oktyabr tarixində saat 18:36-da yerləşdirilmişdir.
Mən aspirinin toyuqlar üçün ziyansız olub-olmadığını bilmirəm. Mən quşlarıma dərman verməmişdən öncə həmişə baytarla məsləhətləşirəm.  Mən bilirəm ki, insanlar üçün təhlükəsiz olan bəzi dərmanlar quşlar üçün çox təhlükəli ola bilər.
Məryəm 28 oktyabr tarixində saat 18:52-də yerləşdirilmişdir.
Toyuqlarımdan biri zədə alanda mən ona aspirini vermişəm.  Heç bir problem olmamışdır.  Növbəti gün mən baytarın yanına getdim, amma, o, artıq yaxşı idi.  Məncə, onu həddən artıq çox versəniz təhlükəli ola bilər, buna görə də doza həddini keçməyin!  Ümid edirəm, o, yaxşılaşacaq!
Quş _Təklifləri 28 oktyabr tarixində saat 19:07-də yerləşdirilmişdir.
Salam!  Bütün quşlara qulluqla bağlı mənim ən əla və aşağı qiymətlə olan təkliflərimə nəzər salmağı unutmayın!  Məndə indi böyük güzəştlər vardır!
Bilal  28 oktyabr tarixində saat 19:15-də yerləşdirilmişdir.
Kimsə mənə deyə bilərmi ki, cücənin xəstə olduğunu necə müəyyən etmək olar?  Sağ olun.
Fariz 28 oktyabr tarixində saat 19:21-də yerləşdirilmişdir.
Salam İlahə Mən quşlar üzrə ixtisaslaşan baytaram.  Zədə almış ev quşlarında ağrıma əlamətləri müşahidə olunduğu halda onlara aspirin vermək olar.  Quşlara aspirin təyin edərkən mən ""Clinical Avian Medicine"" (""Kliniki Quş Dərmanları"") çap olunmuş təlimatlarına əməl edirəm.  Toyuqlar bədən çəkisinin hər kıloqramı üçün 5 milliqram aspirin qəbul etməlidirlər. Siz baytarın yanına gedənə qədər hər gün 3-4 dəfə verə bilərsiniz.  Baytarınızın məsləhətinə riayət edin. Uğurlar!"
R548-ChickenForum,6,3,Azerbaijani / Azeri,aze-QAZ,"Toyuq Forumu Sual 5 / 7
Sağda verilmiş ""Toyuğun Sağlamlığı Forumu"" mətninə müraciət edin.  Suala cavab vermək üçün düyməni seçdiyiniz variantın üzərində sıxın.
Nə üçün Quş_Təklifləri İlahə_88-in məktubuna cavab yazır?
Biznesi irəlilətmək üçün.
İlahə_88-in sualını cavablandırmaq üçün.
Məryəmin məsləhətinə əlavə etmək üçün.
Quşlarla təcrübəni nümayiş etdirmək üçün."
R548-ChickenForum,7,1,Azerbaijani / Azeri,aze-QAZ,PISA
R548-ChickenForum,7,2,Azerbaijani / Azeri,aze-QAZ,"www.toyugunsaglamligi.com/forum/aspirin-toyuqlar
Toyuğun Sağlamlığı
Sağlam toyuqlar üçün sizin elektron mənbəniz
Haqqında
Forum
Şəkillər
Toyuqlara Aspirinin Verilməsi
İlahə_88 Müəllif 28 oktyabr tarixində saat 18:12-də yerləşdirilmişdir.
Hər kəsə salamlar!  Toyuğuma aspirin verə bilərəm ?  Onun 2 yaşı var və düşünürəm ki, o, ayağını zədələyib.  Bazar ertəsinə qədər baytarın yanına gedə bilmirəm və baytar telefon zənglərimə cavab vermir. Toyuğum ağrıdan çox əziyyət çəkir.  Baytara gedənə qədər özünü daha yaxşı hiss etməsi üçün ona nə isə vermək istəyirəm.  Köməyinizə görə təşəkkür edirəm.
NailəB79 28 oktyabr tarixində saat 18:36-da yerləşdirilmişdir.
Mən aspirinin toyuqlar üçün ziyansız olub-olmadığını bilmirəm. Mən quşlarıma dərman verməmişdən öncə həmişə baytarla məsləhətləşirəm.  Mən bilirəm ki, insanlar üçün təhlükəsiz olan bəzi dərmanlar quşlar üçün çox təhlükəli ola bilər.
Məryəm 28 oktyabr tarixində saat 18:52-də yerləşdirilmişdir.
Toyuqlarımdan biri zədə alanda mən ona aspirini vermişəm.  Heç bir problem olmamışdır.  Növbəti gün mən baytarın yanına getdim, amma, o, artıq yaxşı idi.  Məncə, onu həddən artıq çox versəniz təhlükəli ola bilər, buna görə də doza həddini keçməyin!  Ümid edirəm, o, yaxşılaşacaq!
Quş _Təklifləri 28 oktyabr tarixində saat 19:07-də yerləşdirilmişdir.
Salam!  Bütün quşlara qulluqla bağlı mənim ən əla və aşağı qiymətlə olan təkliflərimə nəzər salmağı unutmayın!  Məndə indi böyük güzəştlər vardır!
Bilal  28 oktyabr tarixində saat 19:15-də yerləşdirilmişdir.
Kimsə mənə deyə bilərmi ki, cücənin xəstə olduğunu necə müəyyən etmək olar?  Sağ olun.
Fariz 28 oktyabr tarixində saat 19:21-də yerləşdirilmişdir.
Salam İlahə Mən quşlar üzrə ixtisaslaşan baytaram.  Zədə almış ev quşlarında ağrıma əlamətləri müşahidə olunduğu halda onlara aspirin vermək olar.  Quşlara aspirin təyin edərkən mən ""Clinical Avian Medicine"" (""Kliniki Quş Dərmanları"") çap olunmuş təlimatlarına əməl edirəm.  Toyuqlar bədən çəkisinin hər kıloqramı üçün 5 milliqram aspirin qəbul etməlidirlər. Siz baytarın yanına gedənə qədər hər gün 3-4 dəfə verə bilərsiniz.  Baytarınızın məsləhətinə riayət edin. Uğurlar!"
R548-ChickenForum,7,3,Azerbaijani / Azeri,aze-QAZ,"Toyuq Forumu Sual 6 / 7
Sağda verilmiş ""Toyuğun Sağlamlığı Forumu"" mətninə müraciət edin.  Suala cavab vermək üçün seçiminizə vurun və cavabınızı yazılı izah edin.
İlahə_88-in sualına ən etibarlı cavabı kim yerləşdirdi?
NailəB79
Məryəm
Quş _Təklifləri
Fariz
Cavabınızı əsaslandırın."
R548-ChickenForum,8,1,Azerbaijani / Azeri,aze-QAZ,PISA
R548-ChickenForum,8,2,Azerbaijani / Azeri,aze-QAZ,"www.toyugunsaglamligi.com/forum/aspirin-toyuqlar
Toyuğun Sağlamlığı
Sağlam toyuqlar üçün sizin elektron mənbəniz
Haqqında
Forum
Şəkillər
Toyuqlara Aspirinin Verilməsi
İlahə_88 Müəllif 28 oktyabr tarixində saat 18:12-də yerləşdirilmişdir.
Hər kəsə salamlar!  Toyuğuma aspirin verə bilərəm ?  Onun 2 yaşı var və düşünürəm ki, o, ayağını zədələyib.  Bazar ertəsinə qədər baytarın yanına gedə bilmirəm və baytar telefon zənglərimə cavab vermir. Toyuğum ağrıdan çox əziyyət çəkir.  Baytara gedənə qədər özünü daha yaxşı hiss etməsi üçün ona nə isə vermək istəyirəm.  Köməyinizə görə təşəkkür edirəm.
NailəB79 28 oktyabr tarixində saat 18:36-da yerləşdirilmişdir.
Mən aspirinin toyuqlar üçün ziyansız olub-olmadığını bilmirəm. Mən quşlarıma dərman verməmişdən öncə həmişə baytarla məsləhətləşirəm.  Mən bilirəm ki, insanlar üçün təhlükəsiz olan bəzi dərmanlar quşlar üçün çox təhlükəli ola bilər.
Məryəm 28 oktyabr tarixində saat 18:52-də yerləşdirilmişdir.
Toyuqlarımdan biri zədə alanda mən ona aspirini vermişəm.  Heç bir problem olmamışdır.  Növbəti gün mən baytarın yanına getdim, amma, o, artıq yaxşı idi.  Məncə, onu həddən artıq çox versəniz təhlükəli ola bilər, buna görə də doza həddini keçməyin!  Ümid edirəm, o, yaxşılaşacaq!
Quş _Təklifləri 28 oktyabr tarixində saat 19:07-də yerləşdirilmişdir.
Salam!  Bütün quşlara qulluqla bağlı mənim ən əla və aşağı qiymətlə olan təkliflərimə nəzər salmağı unutmayın!  Məndə indi böyük güzəştlər vardır!
Bilal  28 oktyabr tarixində saat 19:15-də yerləşdirilmişdir.
Kimsə mənə deyə bilərmi ki, cücənin xəstə olduğunu necə müəyyən etmək olar?  Sağ olun.
Fariz 28 oktyabr tarixində saat 19:21-də yerləşdirilmişdir.
Salam İlahə Mən quşlar üzrə ixtisaslaşan baytaram.  Zədə almış ev quşlarında ağrıma əlamətləri müşahidə olunduğu halda onlara aspirin vermək olar.  Quşlara aspirin təyin edərkən mən ""Clinical Avian Medicine"" (""Kliniki Quş Dərmanları"") çap olunmuş təlimatlarına əməl edirəm.  Toyuqlar bədən çəkisinin hər kıloqramı üçün 5 milliqram aspirin qəbul etməlidirlər. Siz baytarın yanına gedənə qədər hər gün 3-4 dəfə verə bilərsiniz.  Baytarınızın məsləhətinə riayət edin. Uğurlar!"
R548-ChickenForum,8,3,Azerbaijani / Azeri,aze-QAZ,"Toyuq Forumu Sual 7 / 7
Sağda verilmiş ""Toyuğun Sağlamlığı Forumu"" mətninə müraciət edin.  Suala cavabınızı daxil edin.
Fariz niyə İlahə_88-ə toyuq üçün aspirinin dəqiq miqdarın deyə bilmir?"
R548-ChickenForum,9,1,Azerbaijani / Azeri,aze-QAZ,PISA
R548-ChickenForum,9,2,Azerbaijani / Azeri,aze-QAZ,"www.toyugunsaglamligi.com/forum/aspirin-toyuqlar
Toyuğun Sağlamlığı
Sağlam toyuqlar üçün sizin elektron mənbəniz
Haqqında
Forum
Şəkillər
Toyuqlara Aspirinin Verilməsi
İlahə_88 Müəllif 28 oktyabr tarixində saat 18:12-də yerləşdirilmişdir.
Hər kəsə salamlar!  Toyuğuma aspirin verə bilərəm ?  Onun 2 yaşı var və düşünürəm ki, o, ayağını zədələyib.  Bazar ertəsinə qədər baytarın yanına gedə bilmirəm və baytar telefon zənglərimə cavab vermir. Toyuğum ağrıdan çox əziyyət çəkir.  Baytara gedənə qədər özünü daha yaxşı hiss etməsi üçün ona nə isə vermək istəyirəm.  Köməyinizə görə təşəkkür edirəm.
NailəB79 28 oktyabr tarixində saat 18:36-da yerləşdirilmişdir.
Mən aspirinin toyuqlar üçün ziyansız olub-olmadığını bilmirəm. Mən quşlarıma dərman verməmişdən öncə həmişə baytarla məsləhətləşirəm.  Mən bilirəm ki, insanlar üçün təhlükəsiz olan bəzi dərmanlar quşlar üçün çox təhlükəli ola bilər.
Məryəm 28 oktyabr tarixində saat 18:52-də yerləşdirilmişdir.
Toyuqlarımdan biri zədə alanda mən ona aspirini vermişəm.  Heç bir problem olmamışdır.  Növbəti gün mən baytarın yanına getdim, amma, o, artıq yaxşı idi.  Məncə, onu həddən artıq çox versəniz təhlükəli ola bilər, buna görə də doza həddini keçməyin!  Ümid edirəm, o, yaxşılaşacaq!
Quş _Təklifləri 28 oktyabr tarixində saat 19:07-də yerləşdirilmişdir.
Salam!  Bütün quşlara qulluqla bağlı mənim ən əla və aşağı qiymətlə olan təkliflərimə nəzər salmağı unutmayın!  Məndə indi böyük güzəştlər vardır!
Bilal  28 oktyabr tarixində saat 19:15-də yerləşdirilmişdir.
Kimsə mənə deyə bilərmi ki, cücənin xəstə olduğunu necə müəyyən etmək olar?  Sağ olun.
Fariz 28 oktyabr tarixində saat 19:21-də yerləşdirilmişdir.
Salam İlahə Mən quşlar üzrə ixtisaslaşan baytaram.  Zədə almış ev quşlarında ağrıma əlamətləri müşahidə olunduğu halda onlara aspirin vermək olar.  Quşlara aspirin təyin edərkən mən ""Clinical Avian Medicine"" (""Kliniki Quş Dərmanları"") çap olunmuş təlimatlarına əməl edirəm.  Toyuqlar bədən çəkisinin hər kıloqramı üçün 5 milliqram aspirin qəbul etməlidirlər. Siz baytarın yanına gedənə qədər hər gün 3-4 dəfə verə bilərsiniz.  Baytarınızın məsləhətinə riayət edin. Uğurlar!"
R548-ChickenForum,9,3,Azerbaijani / Azeri,aze-QAZ,"Toyuq Forumu Sual 7 / 7
Sağda verilmiş ""Toyuğun Sağlamlığı Forumu"" mətninə müraciət edin.  Suala cavabınızı daxil edin.
Fariz niyə İlahə_88-ə toyuq üçün aspirinin dəqiq miqdarın deyə bilmir?"
R548-ChickenForum,10,1,Azerbaijani / Azeri,aze-QAZ,PISA
R548-ChickenForum,10,2,Azerbaijani / Azeri,aze-QAZ,"www.toyugunsaglamligi.com/forum/aspirin-toyuqlar
Toyuğun Sağlamlığı
Sağlam toyuqlar üçün sizin elektron mənbəniz
Haqqında
Forum
Şəkillər
Toyuqlara Aspirinin Verilməsi
İlahə_88 Müəllif 28 oktyabr tarixində saat 18:12-də yerləşdirilmişdir.
Hər kəsə salamlar!  Toyuğuma aspirin verə bilərəm ?  Onun 2 yaşı var və düşünürəm ki, o, ayağını zədələyib.  Bazar ertəsinə qədər baytarın yanına gedə bilmirəm və baytar telefon zənglərimə cavab vermir. Toyuğum ağrıdan çox əziyyət çəkir.  Baytara gedənə qədər özünü daha yaxşı hiss etməsi üçün ona nə isə vermək istəyirəm.  Köməyinizə görə təşəkkür edirəm.
NailəB79 28 oktyabr tarixində saat 18:36-da yerləşdirilmişdir.
Mən aspirinin toyuqlar üçün ziyansız olub-olmadığını bilmirəm. Mən quşlarıma dərman verməmişdən öncə həmişə baytarla məsləhətləşirəm.  Mən bilirəm ki, insanlar üçün təhlükəsiz olan bəzi dərmanlar quşlar üçün çox təhlükəli ola bilər.
Məryəm 28 oktyabr tarixində saat 18:52-də yerləşdirilmişdir.
Toyuqlarımdan biri zədə alanda mən ona aspirini vermişəm.  Heç bir problem olmamışdır.  Növbəti gün mən baytarın yanına getdim, amma, o, artıq yaxşı idi.  Məncə, onu həddən artıq çox versəniz təhlükəli ola bilər, buna görə də doza həddini keçməyin!  Ümid edirəm, o, yaxşılaşacaq!
Quş _Təklifləri 28 oktyabr tarixində saat 19:07-də yerləşdirilmişdir.
Salam!  Bütün quşlara qulluqla bağlı mənim ən əla və aşağı qiymətlə olan təkliflərimə nəzər salmağı unutmayın!  Məndə indi böyük güzəştlər vardır!
Bilal  28 oktyabr tarixində saat 19:15-də yerləşdirilmişdir.
Kimsə mənə deyə bilərmi ki, cücənin xəstə olduğunu necə müəyyən etmək olar?  Sağ olun.
Fariz 28 oktyabr tarixində saat 19:21-də yerləşdirilmişdir.
Salam İlahə Mən quşlar üzrə ixtisaslaşan baytaram.  Zədə almış ev quşlarında ağrıma əlamətləri müşahidə olunduğu halda onlara aspirin vermək olar.  Quşlara aspirin təyin edərkən mən ""Clinical Avian Medicine"" (""Kliniki Quş Dərmanları"") çap olunmuş təlimatlarına əməl edirəm.  Toyuqlar bədən çəkisinin hər kıloqramı üçün 5 milliqram aspirin qəbul etməlidirlər. Siz baytarın yanına gedənə qədər hər gün 3-4 dəfə verə bilərsiniz.  Baytarınızın məsləhətinə riayət edin. Uğurlar!"
R548-ChickenForum,10,3,Azerbaijani / Azeri,aze-QAZ,"Toyuq Forumu Sual 7 / 7
Sağda verilmiş ""Toyuğun Sağlamlığı Forumu"" mətninə müraciət edin.  Suala cavabınızı daxil edin.
Fariz niyə İlahə_88-ə toyuq üçün aspirinin dəqiq miqdarın deyə bilmir?"
R548-ChickenForum,1,1,Basque,eus-ESP,PISA
R548-ChickenForum,1,2,Basque,eus-ESP,"Oiloei buruzko foroa Sarrera
Irakurri sarrera. Ondoren, egin klik HURRENGOA gezian.
Familiari bisitatzera joan zara. Duela gutxi baserri batera bizitzera joan dira, eta oiloak hazten dituzte han. Izebari galdetu diozu: “Nola ikasi duzu oiloak hazten?”
Eta erantzun dizu: “Oiloak hazten dituen jende askorekin hitz egin dugu. Interneten ere baliabide asko daude erabilgarri. Adibidez, bada Oiloen Osasuna izeneko foro bat, gustuko dudana. Oso lagungarri izan nuen duela gutxi, oilo batek hankan min hartu zuenean. Hango elkarrizketa erakutsiko dizut.”
Egin klik HURRENGOA gezian, foroa irakurtzeko."
R548-ChickenForum,2,1,Basque,eus-ESP,PISA
R548-ChickenForum,2,2,Basque,eus-ESP,"www.oiloenosasuna.com/foroa/aspirina-oiloak
Oiloen Osasuna
Oilo osasuntsuak izateko sareko baliabidea
Honi buruz
Foroa
Argazkiak
Aspirina oiloentzat
Iraia_88 Hizketaren hasiera Bidalketa: urriak 28, 18:12
Kaixo denei! Eman al diezaioket aspirina oiloari? 2 urte ditu eta uste dut mina duela hankan. Ezin naiz astelehenera arte albaitariarengana joan, eta ez dit telefonorik hartzen. Oiloak min handia duela dirudi. Zerbait eman nahi nioke, albaitariarengana joan arte hobeto senti dadin. Eskerrik asko laguntzeagatik.
NereaB79 Bidalketa: urriak 28, 18:36
Ez dakit aspirina oiloentzat egokia den edo ez. Nik beti albaitariari galdetzen diot hegaztiei botikak eman aurretik. Badakit gizakiontzat seguruak diren botikak oso arriskutsuak izan daitezkeela hegaztientzat.
Maite Bidalketa: urriak 28, 18:52
Nik aspirina eman nion gure oiloetako bati mina zuenean. Ez zuen arazorik izan. Hurrengo egunean albaitariarengana joan nintzen, baina ordurako hobeto zegoen. Uste dut arriskutsua izan litekeela gehiegi ematea; beraz, ez gainditu dosiaren mugak! Ea hobeto jartzen den!
Hegaztietan_Eskaintzak Bidalketa: urriak 28, 19:07
Kaixo! Ez ahaztu hegaztientzako hornigaietan ditudan eskaintza merke-merkeak begiratzea. Sekulako beherapena dut oraintxe!
Bittor Bidalketa: urriak 28, 19:15
Norbaitek esango al dit nola jakin oilo bat gaixo ote dagoen? Mila esker.
Felix Bidalketa: urriak 28, 19:21
Kaixo, Iraia: Albaitaria naiz, eta hegaztietan espezializatuta. Ondo dago mina duten oiloei aspirina ematea, baldin eta minez daudela ikusten bazaie. Hegaztiei aspirina emateko agintzean, Hegaztiei buruzko Medikuntza Klinikoa liburuko gidalerroei jarraitzen diet. Oiloei 5 mg aspirina eman behar zaie gorputzeko pisuaren kilo bakoitzeko. Egunean 3-4 aldiz eman dakieke albaitariarengana joan arte. Oso garrantzitsua da albaitariarekin segimendua egitea. Zorte on!"
R548-ChickenForum,2,3,Basque,eus-ESP,"Oiloei buruzko foroa Galdera 1 / 7
Begiratu Oiloen Osasuna foroari eskuinean. Egin klik aukera batean, galderari erantzuteko.
Zer jakin nahi du Iraia_88-k?
Ea aspirina eman diezaiokeen mina duen oilo bati.
Ea aspirina zenbatean behin eman diezaiokeen mina duen oilo bati.
Ea  nola jarri harremanetan albaitariarekin, mina duen oilo bati buruz.
Ea nola zehaztu ote dezakeen mina zenbatekoa den, mina duen oilo batengan."
R548-ChickenForum,3,1,Basque,eus-ESP,PISA
R548-ChickenForum,3,2,Basque,eus-ESP,"www.oiloenosasuna.com/foroa/aspirina-oiloak
Oiloen Osasuna
Oilo osasuntsuak izateko sareko baliabidea
Honi buruz
Foroa
Argazkiak
Aspirina oiloentzat
Iraia_88 Hizketaren hasiera Bidalketa: urriak 28, 18:12
Kaixo denei! Eman al diezaioket aspirina oiloari? 2 urte ditu eta uste dut mina duela hankan. Ezin naiz astelehenera arte albaitariarengana joan, eta ez dit telefonorik hartzen. Oiloak min handia duela dirudi. Zerbait eman nahi nioke, albaitariarengana joan arte hobeto senti dadin. Eskerrik asko laguntzeagatik.
NereaB79 Bidalketa: urriak 28, 18:36
Ez dakit aspirina oiloentzat egokia den edo ez. Nik beti albaitariari galdetzen diot hegaztiei botikak eman aurretik. Badakit gizakiontzat seguruak diren botikak oso arriskutsuak izan daitezkeela hegaztientzat.
Maite Bidalketa: urriak 28, 18:52
Nik aspirina eman nion gure oiloetako bati mina zuenean. Ez zuen arazorik izan. Hurrengo egunean albaitariarengana joan nintzen, baina ordurako hobeto zegoen. Uste dut arriskutsua izan litekeela gehiegi ematea; beraz, ez gainditu dosiaren mugak! Ea hobeto jartzen den!
Hegaztietan_Eskaintzak Bidalketa: urriak 28, 19:07
Kaixo! Ez ahaztu hegaztientzako hornigaietan ditudan eskaintza merke-merkeak begiratzea. Sekulako beherapena dut oraintxe!
Bittor Bidalketa: urriak 28, 19:15
Norbaitek esango al dit nola jakin oilo bat gaixo ote dagoen? Mila esker.
Felix Bidalketa: urriak 28, 19:21
Kaixo, Iraia: Albaitaria naiz, eta hegaztietan espezializatuta. Ondo dago mina duten oiloei aspirina ematea, baldin eta minez daudela ikusten bazaie. Hegaztiei aspirina emateko agintzean, Hegaztiei buruzko Medikuntza Klinikoa liburuko gidalerroei jarraitzen diet. Oiloei 5 mg aspirina eman behar zaie gorputzeko pisuaren kilo bakoitzeko. Egunean 3-4 aldiz eman dakieke albaitariarengana joan arte. Oso garrantzitsua da albaitariarekin segimendua egitea. Zorte on!"
R548-ChickenForum,3,3,Basque,eus-ESP,"Oiloei buruzko foroa Galdera 2 / 7
Begiratu Oiloen Osasuna foroari eskuinean. Egin klik aukera batean, galderari erantzuteko.
Zergatik erabaki du Iraia_88-k galdera Interneteko foro batera bidaltzea?
Albaitari bat nola aurkitu ez dakielako.
Oiloaren arazoa ez dela larria uste duelako.
Oiloari, ahal bezain laster, lagundu egin nahi diolako.
Albaitariaren kontsulta baterako dirurik ez duelako."
R548-ChickenForum,4,1,Basque,eus-ESP,PISA
R548-ChickenForum,4,2,Basque,eus-ESP,"www.oiloenosasuna.com/foroa/aspirina-oiloak
Oiloen Osasuna
Oilo osasuntsuak izateko sareko baliabidea
Honi buruz
Foroa
Argazkiak
Aspirina oiloentzat
Iraia_88 Hizketaren hasiera Bidalketa: urriak 28, 18:12
Kaixo denei! Eman al diezaioket aspirina oiloari? 2 urte ditu eta uste dut mina duela hankan. Ezin naiz astelehenera arte albaitariarengana joan, eta ez dit telefonorik hartzen. Oiloak min handia duela dirudi. Zerbait eman nahi nioke, albaitariarengana joan arte hobeto senti dadin. Eskerrik asko laguntzeagatik.
NereaB79 Bidalketa: urriak 28, 18:36
Ez dakit aspirina oiloentzat egokia den edo ez. Nik beti albaitariari galdetzen diot hegaztiei botikak eman aurretik. Badakit gizakiontzat seguruak diren botikak oso arriskutsuak izan daitezkeela hegaztientzat.
Maite Bidalketa: urriak 28, 18:52
Nik aspirina eman nion gure oiloetako bati mina zuenean. Ez zuen arazorik izan. Hurrengo egunean albaitariarengana joan nintzen, baina ordurako hobeto zegoen. Uste dut arriskutsua izan litekeela gehiegi ematea; beraz, ez gainditu dosiaren mugak! Ea hobeto jartzen den!
Hegaztietan_Eskaintzak Bidalketa: urriak 28, 19:07
Kaixo! Ez ahaztu hegaztientzako hornigaietan ditudan eskaintza merke-merkeak begiratzea. Sekulako beherapena dut oraintxe!
Bittor Bidalketa: urriak 28, 19:15
Norbaitek esango al dit nola jakin oilo bat gaixo ote dagoen? Mila esker.
Felix Bidalketa: urriak 28, 19:21
Kaixo, Iraia: Albaitaria naiz, eta hegaztietan espezializatuta. Ondo dago mina duten oiloei aspirina ematea, baldin eta minez daudela ikusten bazaie. Hegaztiei aspirina emateko agintzean, Hegaztiei buruzko Medikuntza Klinikoa liburuko gidalerroei jarraitzen diet. Oiloei 5 mg aspirina eman behar zaie gorputzeko pisuaren kilo bakoitzeko. Egunean 3-4 aldiz eman dakieke albaitariarengana joan arte. Oso garrantzitsua da albaitariarekin segimendua egitea. Zorte on!"
R548-ChickenForum,4,3,Basque,eus-ESP,"Oiloei buruzko foroa Galdera 3 / 7
Begiratu Oiloen Osasuna foroari eskuinean. Egin klik taulako aukeretan, galderari erantzuteko.
Foroetarako mezu batzuk gaiari lotuta daude, eta beste batzuk, aldiz, ez. Egin klik Bai edo Ez aukeretan, beheko taulako mezuak Iraia_88-ren arazoarekin lotuta dauden edo ez adierazteko.
Mezua lotuta al dago Iraia_88-ren arazoarekin?
Bai
Ez
NereaB79-ren mezua
Maiteren mezua
Hegaztietan_Eskaintzak-en mezua
Bittorren mezua
Felixen mezua"
R548-ChickenForum,5,1,Basque,eus-ESP,PISA
R548-ChickenForum,5,2,Basque,eus-ESP,"www.oiloenosasuna.com/foroa/aspirina-oiloak
Oiloen Osasuna
Oilo osasuntsuak izateko sareko baliabidea
Honi buruz
Foroa
Argazkiak
Aspirina oiloentzat
Iraia_88 Hizketaren hasiera Bidalketa: urriak 28, 18:12
Kaixo denei! Eman al diezaioket aspirina oiloari? 2 urte ditu eta uste dut mina duela hankan. Ezin naiz astelehenera arte albaitariarengana joan, eta ez dit telefonorik hartzen. Oiloak min handia duela dirudi. Zerbait eman nahi nioke, albaitariarengana joan arte hobeto senti dadin. Eskerrik asko laguntzeagatik.
NereaB79 Bidalketa: urriak 28, 18:36
Ez dakit aspirina oiloentzat egokia den edo ez. Nik beti albaitariari galdetzen diot hegaztiei botikak eman aurretik. Badakit gizakiontzat seguruak diren botikak oso arriskutsuak izan daitezkeela hegaztientzat.
Maite Bidalketa: urriak 28, 18:52
Nik aspirina eman nion gure oiloetako bati mina zuenean. Ez zuen arazorik izan. Hurrengo egunean albaitariarengana joan nintzen, baina ordurako hobeto zegoen. Uste dut arriskutsua izan litekeela gehiegi ematea; beraz, ez gainditu dosiaren mugak! Ea hobeto jartzen den!
Hegaztietan_Eskaintzak Bidalketa: urriak 28, 19:07
Kaixo! Ez ahaztu hegaztientzako hornigaietan ditudan eskaintza merke-merkeak begiratzea. Sekulako beherapena dut oraintxe!
Bittor Bidalketa: urriak 28, 19:15
Norbaitek esango al dit nola jakin oilo bat gaixo ote dagoen? Mila esker.
Felix Bidalketa: urriak 28, 19:21
Kaixo, Iraia: Albaitaria naiz, eta hegaztietan espezializatuta. Ondo dago mina duten oiloei aspirina ematea, baldin eta minez daudela ikusten bazaie. Hegaztiei aspirina emateko agintzean, Hegaztiei buruzko Medikuntza Klinikoa liburuko gidalerroei jarraitzen diet. Oiloei 5 mg aspirina eman behar zaie gorputzeko pisuaren kilo bakoitzeko. Egunean 3-4 aldiz eman dakieke albaitariarengana joan arte. Oso garrantzitsua da albaitariarekin segimendua egitea. Zorte on!"
R548-ChickenForum,5,3,Basque,eus-ESP,"Oiloei buruzko foroa Galdera 4 / 7
Begiratu Oiloen Osasuna foroari eskuinean. Egin klik aukera batean, galderari erantzuteko.
Nork izan du esperientzia positiboa mina zuen oilo bati aspirina emanda?
Iraia_88-k
NereaB79-k
Maitek
Bittorrek"
R548-ChickenForum,6,1,Basque,eus-ESP,PISA
R548-ChickenForum,6,2,Basque,eus-ESP,"www.oiloenosasuna.com/foroa/aspirina-oiloak
Oiloen Osasuna
Oilo osasuntsuak izateko sareko baliabidea
Honi buruz
Foroa
Argazkiak
Aspirina oiloentzat
Iraia_88 Hizketaren hasiera Bidalketa: urriak 28, 18:12
Kaixo denei! Eman al diezaioket aspirina oiloari? 2 urte ditu eta uste dut mina duela hankan. Ezin naiz astelehenera arte albaitariarengana joan, eta ez dit telefonorik hartzen. Oiloak min handia duela dirudi. Zerbait eman nahi nioke, albaitariarengana joan arte hobeto senti dadin. Eskerrik asko laguntzeagatik.
NereaB79 Bidalketa: urriak 28, 18:36
Ez dakit aspirina oiloentzat egokia den edo ez. Nik beti albaitariari galdetzen diot hegaztiei botikak eman aurretik. Badakit gizakiontzat seguruak diren botikak oso arriskutsuak izan daitezkeela hegaztientzat.
Maite Bidalketa: urriak 28, 18:52
Nik aspirina eman nion gure oiloetako bati mina zuenean. Ez zuen arazorik izan. Hurrengo egunean albaitariarengana joan nintzen, baina ordurako hobeto zegoen. Uste dut arriskutsua izan litekeela gehiegi ematea; beraz, ez gainditu dosiaren mugak! Ea hobeto jartzen den!
Hegaztietan_Eskaintzak Bidalketa: urriak 28, 19:07
Kaixo! Ez ahaztu hegaztientzako hornigaietan ditudan eskaintza merke-merkeak begiratzea. Sekulako beherapena dut oraintxe!
Bittor Bidalketa: urriak 28, 19:15
Norbaitek esango al dit nola jakin oilo bat gaixo ote dagoen? Mila esker.
Felix Bidalketa: urriak 28, 19:21
Kaixo, Iraia: Albaitaria naiz, eta hegaztietan espezializatuta. Ondo dago mina duten oiloei aspirina ematea, baldin eta minez daudela ikusten bazaie. Hegaztiei aspirina emateko agintzean, Hegaztiei buruzko Medikuntza Klinikoa liburuko gidalerroei jarraitzen diet. Oiloei 5 mg aspirina eman behar zaie gorputzeko pisuaren kilo bakoitzeko. Egunean 3-4 aldiz eman dakieke albaitariarengana joan arte. Oso garrantzitsua da albaitariarekin segimendua egitea. Zorte on!"
R548-ChickenForum,6,3,Basque,eus-ESP,"Oiloei buruzko foroa Galdera 5 / 7
Begiratu Oiloen Osasuna foroari eskuinean. Egin klik aukera batean, galderari erantzuteko.
Zergatik erantzun dio Hegaztietan_Eskaintzak-ek Iraia_88-ren mezuari?
Negozio bat sustatzeko.
Iraia_88-ren galderari erantzuteko.
Maiteren aholkua osatzeko.
Hegazti-kontuetan esperientzia duela erakusteko."
R548-ChickenForum,7,1,Basque,eus-ESP,PISA
R548-ChickenForum,7,2,Basque,eus-ESP,"www.oiloenosasuna.com/foroa/aspirina-oiloak
Oiloen Osasuna
Oilo osasuntsuak izateko sareko baliabidea
Honi buruz
Foroa
Argazkiak
Aspirina oiloentzat
Iraia_88 Hizketaren hasiera Bidalketa: urriak 28, 18:12
Kaixo denei! Eman al diezaioket aspirina oiloari? 2 urte ditu eta uste dut mina duela hankan. Ezin naiz astelehenera arte albaitariarengana joan, eta ez dit telefonorik hartzen. Oiloak min handia duela dirudi. Zerbait eman nahi nioke, albaitariarengana joan arte hobeto senti dadin. Eskerrik asko laguntzeagatik.
NereaB79 Bidalketa: urriak 28, 18:36
Ez dakit aspirina oiloentzat egokia den edo ez. Nik beti albaitariari galdetzen diot hegaztiei botikak eman aurretik. Badakit gizakiontzat seguruak diren botikak oso arriskutsuak izan daitezkeela hegaztientzat.
Maite Bidalketa: urriak 28, 18:52
Nik aspirina eman nion gure oiloetako bati mina zuenean. Ez zuen arazorik izan. Hurrengo egunean albaitariarengana joan nintzen, baina ordurako hobeto zegoen. Uste dut arriskutsua izan litekeela gehiegi ematea; beraz, ez gainditu dosiaren mugak! Ea hobeto jartzen den!
Hegaztietan_Eskaintzak Bidalketa: urriak 28, 19:07
Kaixo! Ez ahaztu hegaztientzako hornigaietan ditudan eskaintza merke-merkeak begiratzea. Sekulako beherapena dut oraintxe!
Bittor Bidalketa: urriak 28, 19:15
Norbaitek esango al dit nola jakin oilo bat gaixo ote dagoen? Mila esker.
Felix Bidalketa: urriak 28, 19:21
Kaixo, Iraia: Albaitaria naiz, eta hegaztietan espezializatuta. Ondo dago mina duten oiloei aspirina ematea, baldin eta minez daudela ikusten bazaie. Hegaztiei aspirina emateko agintzean, Hegaztiei buruzko Medikuntza Klinikoa liburuko gidalerroei jarraitzen diet. Oiloei 5 mg aspirina eman behar zaie gorputzeko pisuaren kilo bakoitzeko. Egunean 3-4 aldiz eman dakieke albaitariarengana joan arte. Oso garrantzitsua da albaitariarekin segimendua egitea. Zorte on!"
R548-ChickenForum,7,3,Basque,eus-ESP,"Oiloei buruzko foroa Galdera 6 / 7
Begiratu Oiloen Osasuna foroari eskuinean. Egin klik aukera batean eta, ondoren, idatzi azalpen bat, galderari erantzuteko.
Nork bidali du Iraia_88-ren galderarentzako erantzun fidagarriena?
NereaB79-k
Maitek
Hegaztietan_Eskaintzak-ek
Felixek
Arrazoitu erantzuna."
R548-ChickenForum,8,1,Basque,eus-ESP,PISA
R548-ChickenForum,8,2,Basque,eus-ESP,"www.oiloenosasuna.com/foroa/aspirina-oiloak
Oiloen Osasuna
Oilo osasuntsuak izateko sareko baliabidea
Honi buruz
Foroa
Argazkiak
Aspirina oiloentzat
Iraia_88 Hizketaren hasiera Bidalketa: urriak 28, 18:12
Kaixo denei! Eman al diezaioket aspirina oiloari? 2 urte ditu eta uste dut mina duela hankan. Ezin naiz astelehenera arte albaitariarengana joan, eta ez dit telefonorik hartzen. Oiloak min handia duela dirudi. Zerbait eman nahi nioke, albaitariarengana joan arte hobeto senti dadin. Eskerrik asko laguntzeagatik.
NereaB79 Bidalketa: urriak 28, 18:36
Ez dakit aspirina oiloentzat egokia den edo ez. Nik beti albaitariari galdetzen diot hegaztiei botikak eman aurretik. Badakit gizakiontzat seguruak diren botikak oso arriskutsuak izan daitezkeela hegaztientzat.
Maite Bidalketa: urriak 28, 18:52
Nik aspirina eman nion gure oiloetako bati mina zuenean. Ez zuen arazorik izan. Hurrengo egunean albaitariarengana joan nintzen, baina ordurako hobeto zegoen. Uste dut arriskutsua izan litekeela gehiegi ematea; beraz, ez gainditu dosiaren mugak! Ea hobeto jartzen den!
Hegaztietan_Eskaintzak Bidalketa: urriak 28, 19:07
Kaixo! Ez ahaztu hegaztientzako hornigaietan ditudan eskaintza merke-merkeak begiratzea. Sekulako beherapena dut oraintxe!
Bittor Bidalketa: urriak 28, 19:15
Norbaitek esango al dit nola jakin oilo bat gaixo ote dagoen? Mila esker.
Felix Bidalketa: urriak 28, 19:21
Kaixo, Iraia: Albaitaria naiz, eta hegaztietan espezializatuta. Ondo dago mina duten oiloei aspirina ematea, baldin eta minez daudela ikusten bazaie. Hegaztiei aspirina emateko agintzean, Hegaztiei buruzko Medikuntza Klinikoa liburuko gidalerroei jarraitzen diet. Oiloei 5 mg aspirina eman behar zaie gorputzeko pisuaren kilo bakoitzeko. Egunean 3-4 aldiz eman dakieke albaitariarengana joan arte. Oso garrantzitsua da albaitariarekin segimendua egitea. Zorte on!"
R548-ChickenForum,8,3,Basque,eus-ESP,"Oiloei buruzko foroa Galdera 7 / 7
Begiratu Oiloen Osasuna foroari eskuinean. Idatzi galderaren erantzuna.
Zergatik ezin dio Felixek Iraia_88-ri zenbat aspirina eman behar dion zehatz esan?"
R548-ChickenForum,9,1,Basque,eus-ESP,PISA
R548-ChickenForum,9,2,Basque,eus-ESP,"www.oiloenosasuna.com/foroa/aspirina-oiloak
Oiloen Osasuna
Oilo osasuntsuak izateko sareko baliabidea
Honi buruz
Foroa
Argazkiak
Aspirina oiloentzat
Iraia_88 Hizketaren hasiera Bidalketa: urriak 28, 18:12
Kaixo denei! Eman al diezaioket aspirina oiloari? 2 urte ditu eta uste dut mina duela hankan. Ezin naiz astelehenera arte albaitariarengana joan, eta ez dit telefonorik hartzen. Oiloak min handia duela dirudi. Zerbait eman nahi nioke, albaitariarengana joan arte hobeto senti dadin. Eskerrik asko laguntzeagatik.
NereaB79 Bidalketa: urriak 28, 18:36
Ez dakit aspirina oiloentzat egokia den edo ez. Nik beti albaitariari galdetzen diot hegaztiei botikak eman aurretik. Badakit gizakiontzat seguruak diren botikak oso arriskutsuak izan daitezkeela hegaztientzat.
Maite Bidalketa: urriak 28, 18:52
Nik aspirina eman nion gure oiloetako bati mina zuenean. Ez zuen arazorik izan. Hurrengo egunean albaitariarengana joan nintzen, baina ordurako hobeto zegoen. Uste dut arriskutsua izan litekeela gehiegi ematea; beraz, ez gainditu dosiaren mugak! Ea hobeto jartzen den!
Hegaztietan_Eskaintzak Bidalketa: urriak 28, 19:07
Kaixo! Ez ahaztu hegaztientzako hornigaietan ditudan eskaintza merke-merkeak begiratzea. Sekulako beherapena dut oraintxe!
Bittor Bidalketa: urriak 28, 19:15
Norbaitek esango al dit nola jakin oilo bat gaixo ote dagoen? Mila esker.
Felix Bidalketa: urriak 28, 19:21
Kaixo, Iraia: Albaitaria naiz, eta hegaztietan espezializatuta. Ondo dago mina duten oiloei aspirina ematea, baldin eta minez daudela ikusten bazaie. Hegaztiei aspirina emateko agintzean, Hegaztiei buruzko Medikuntza Klinikoa liburuko gidalerroei jarraitzen diet. Oiloei 5 mg aspirina eman behar zaie gorputzeko pisuaren kilo bakoitzeko. Egunean 3-4 aldiz eman dakieke albaitariarengana joan arte. Oso garrantzitsua da albaitariarekin segimendua egitea. Zorte on!"
R548-ChickenForum,9,3,Basque,eus-ESP,"Oiloei buruzko foroa Galdera 7 / 7
Begiratu Oiloen Osasuna foroari eskuinean. Idatzi galderaren erantzuna.
Zergatik ezin dio Felixek Iraia_88-ri zenbat aspirina eman behar dion zehatz esan?"
R548-ChickenForum,10,1,Basque,eus-ESP,PISA
R548-ChickenForum,10,2,Basque,eus-ESP,"www.oiloenosasuna.com/foroa/aspirina-oiloak
Oiloen Osasuna
Oilo osasuntsuak izateko sareko baliabidea
Honi buruz
Foroa
Argazkiak
Aspirina oiloentzat
Iraia_88 Hizketaren hasiera Bidalketa: urriak 28, 18:12
Kaixo denei! Eman al diezaioket aspirina oiloari? 2 urte ditu eta uste dut mina duela hankan. Ezin naiz astelehenera arte albaitariarengana joan, eta ez dit telefonorik hartzen. Oiloak min handia duela dirudi. Zerbait eman nahi nioke, albaitariarengana joan arte hobeto senti dadin. Eskerrik asko laguntzeagatik.
NereaB79 Bidalketa: urriak 28, 18:36
Ez dakit aspirina oiloentzat egokia den edo ez. Nik beti albaitariari galdetzen diot hegaztiei botikak eman aurretik. Badakit gizakiontzat seguruak diren botikak oso arriskutsuak izan daitezkeela hegaztientzat.
Maite Bidalketa: urriak 28, 18:52
Nik aspirina eman nion gure oiloetako bati mina zuenean. Ez zuen arazorik izan. Hurrengo egunean albaitariarengana joan nintzen, baina ordurako hobeto zegoen. Uste dut arriskutsua izan litekeela gehiegi ematea; beraz, ez gainditu dosiaren mugak! Ea hobeto jartzen den!
Hegaztietan_Eskaintzak Bidalketa: urriak 28, 19:07
Kaixo! Ez ahaztu hegaztientzako hornigaietan ditudan eskaintza merke-merkeak begiratzea. Sekulako beherapena dut oraintxe!
Bittor Bidalketa: urriak 28, 19:15
Norbaitek esango al dit nola jakin oilo bat gaixo ote dagoen? Mila esker.
Felix Bidalketa: urriak 28, 19:21
Kaixo, Iraia: Albaitaria naiz, eta hegaztietan espezializatuta. Ondo dago mina duten oiloei aspirina ematea, baldin eta minez daudela ikusten bazaie. Hegaztiei aspirina emateko agintzean, Hegaztiei buruzko Medikuntza Klinikoa liburuko gidalerroei jarraitzen diet. Oiloei 5 mg aspirina eman behar zaie gorputzeko pisuaren kilo bakoitzeko. Egunean 3-4 aldiz eman dakieke albaitariarengana joan arte. Oso garrantzitsua da albaitariarekin segimendua egitea. Zorte on!"
R548-ChickenForum,10,3,Basque,eus-ESP,"Oiloei buruzko foroa Galdera 7 / 7
Begiratu Oiloen Osasuna foroari eskuinean. Idatzi galderaren erantzuna.
Zergatik ezin dio Felixek Iraia_88-ri zenbat aspirina eman behar dion zehatz esan?"
R548-ChickenForum,1,1,Bokmål,nob-NOR,PISA
R548-ChickenForum,1,2,Bokmål,nob-NOR,"Kyllinghelse Innledning
Les innledningen. Klikk deretter på NESTE-pilen.
Tenk deg at du er på besøk hos noen slektninger som har flyttet til en gård for å drive kyllingoppdrett. Du spør tanten din: ""Hvordan lærte du å drive med kyllingoppdrett?""
Hun svarer: ""Vi snakket med andre som driver med oppdrett, og i tillegg finnes det mange nyttige nettsider. Det finnes for eksempel et forum om kyllinghelse som jeg har nytte av. Det var til stor hjelp nå nylig, da en av hønene mine skadet foten. Du skal få se diskusjonen vi hadde.""
Klikk på NESTE-pilen for å lese diskusjonen i forumet."
R548-ChickenForum,2,1,Bokmål,nob-NOR,PISA
R548-ChickenForum,2,2,Bokmål,nob-NOR,"www.kyllinghelse.com/forum/aspirin_kylling
Kyllinghelse
Din nettkilde til friske kyllinger
Om oss
Forum
Bilder
Å gi aspirin til kyllinger
Irene_88 Startet diskusjonen Publisert 28. oktober 18:12
Hei, alle sammen! Er det greit å gi aspirin til en høne? Den er to år gammel, og jeg tror den har skadet foten. Jeg kommer meg ikke til dyrlegen før på mandag, og han tar ikke telefonen. Høna ser ut til å ha vondt. Jeg vil gjerne gi den noe så den får det bedre fram til vi kommer oss til dyrlegen. Takk skal dere ha for hjelpen.
NilleB79 Publisert 28. oktober 18:36
Jeg vet ikke om det er trygt å gi aspirin til høner eller ikke. Jeg sjekker alltid med dyrlegen før jeg gir medisin til fuglene mine. Jeg vet at noen medisiner som kan brukes av mennesker, kan være veldig skadelig for fugler.
Monika Publisert 28. oktober 18:52
Jeg ga aspirin til en av hønene mine da den var skadet. Det var ikke noe problem. Jeg tok henne med til dyrlege dagen etter, men da var hun allerede bedre. Jeg tror det kan være skadelig om du gir for mye, så ikke gi mer enn anbefalt dose! Håper den kommer seg!
Alt_til_fuglen Publisert 28. oktober 19:07
Hei, alle sammen! Ikke glem å sjekke ut mine supertilbud på fugleutstyr. Akkurat nå har jeg salg!
Bjørn Publisert 28 oktober 19:15
Kan noen forklare meg hvordan jeg kan vite om en kylling er syk? Takk.
Frank Publisert 28. oktober 19:21
Hei, Irene Jeg er veterinær og spesialist på fugler. Det går fint an å gi aspirin til syke kyllinger dersom de viser tegn til å ha smerter. Når jeg skriver ut resept på aspirin til fugler, følger jeg alltid anbefalingene i Veterinærkatalogen. Kyllinger kan få 5 mg aspirin per kilo kroppsvekt. Dette kan du gi 3–4 ganger om dagen inntil du får dratt til dyrlegen. Det er viktig at det følges opp av en dyrlege. Lykke til!"
R548-ChickenForum,2,3,Bokmål,nob-NOR,"Kyllinghelse Spørsmål 1 / 7
Les Kyllinghelse til høyre. Svar på spørsmålet ved å klikke på et av alternativene.
Hva ønsker Irene_88 å få svar på?
Om hun kan gi aspirin til en skadet høne
Hvor ofte hun kan gi aspirin til en skadet høne
Hvor hun kan få snakket med en dyrlege om en skadet høne
Om hun kan bedømme smertene til en skadet høne"
R548-ChickenForum,3,1,Bokmål,nob-NOR,PISA
R548-ChickenForum,3,2,Bokmål,nob-NOR,"www.kyllinghelse.com/forum/aspirin_kylling
Kyllinghelse
Din nettkilde til friske kyllinger
Om oss
Forum
Bilder
Å gi aspirin til kyllinger
Irene_88 Startet diskusjonen Publisert 28. oktober 18:12
Hei, alle sammen! Er det greit å gi aspirin til en høne? Den er to år gammel, og jeg tror den har skadet foten. Jeg kommer meg ikke til dyrlegen før på mandag, og han tar ikke telefonen. Høna ser ut til å ha vondt. Jeg vil gjerne gi den noe så den får det bedre fram til vi kommer oss til dyrlegen. Takk skal dere ha for hjelpen.
NilleB79 Publisert 28. oktober 18:36
Jeg vet ikke om det er trygt å gi aspirin til høner eller ikke. Jeg sjekker alltid med dyrlegen før jeg gir medisin til fuglene mine. Jeg vet at noen medisiner som kan brukes av mennesker, kan være veldig skadelig for fugler.
Monika Publisert 28. oktober 18:52
Jeg ga aspirin til en av hønene mine da den var skadet. Det var ikke noe problem. Jeg tok henne med til dyrlege dagen etter, men da var hun allerede bedre. Jeg tror det kan være skadelig om du gir for mye, så ikke gi mer enn anbefalt dose! Håper den kommer seg!
Alt_til_fuglen Publisert 28. oktober 19:07
Hei, alle sammen! Ikke glem å sjekke ut mine supertilbud på fugleutstyr. Akkurat nå har jeg salg!
Bjørn Publisert 28 oktober 19:15
Kan noen forklare meg hvordan jeg kan vite om en kylling er syk? Takk.
Frank Publisert 28. oktober 19:21
Hei, Irene Jeg er veterinær og spesialist på fugler. Det går fint an å gi aspirin til syke kyllinger dersom de viser tegn til å ha smerter. Når jeg skriver ut resept på aspirin til fugler, følger jeg alltid anbefalingene i Veterinærkatalogen. Kyllinger kan få 5 mg aspirin per kilo kroppsvekt. Dette kan du gi 3–4 ganger om dagen inntil du får dratt til dyrlegen. Det er viktig at det følges opp av en dyrlege. Lykke til!"
R548-ChickenForum,3,3,Bokmål,nob-NOR,"Kyllinghelse Spørsmål 2 / 7
Les Kyllinghelse til høyre. Svar på spørsmålet ved å klikke på et av alternativene.
Hvorfor bestemmer Irene_88 seg for å legge ut spørsmålet sitt på et nettforum?
Fordi hun ikke vet hvordan hun får tak i en dyrlege
Fordi hun ikke tror at det feiler høna noe alvorlig
Fordi hun vil hjelpe høna så raskt som mulig
Fordi hun ikke har råd til å gå til dyrlegen"
R548-ChickenForum,4,1,Bokmål,nob-NOR,PISA
R548-ChickenForum,4,2,Bokmål,nob-NOR,"www.kyllinghelse.com/forum/aspirin_kylling
Kyllinghelse
Din nettkilde til friske kyllinger
Om oss
Forum
Bilder
Å gi aspirin til kyllinger
Irene_88 Startet diskusjonen Publisert 28. oktober 18:12
Hei, alle sammen! Er det greit å gi aspirin til en høne? Den er to år gammel, og jeg tror den har skadet foten. Jeg kommer meg ikke til dyrlegen før på mandag, og han tar ikke telefonen. Høna ser ut til å ha vondt. Jeg vil gjerne gi den noe så den får det bedre fram til vi kommer oss til dyrlegen. Takk skal dere ha for hjelpen.
NilleB79 Publisert 28. oktober 18:36
Jeg vet ikke om det er trygt å gi aspirin til høner eller ikke. Jeg sjekker alltid med dyrlegen før jeg gir medisin til fuglene mine. Jeg vet at noen medisiner som kan brukes av mennesker, kan være veldig skadelig for fugler.
Monika Publisert 28. oktober 18:52
Jeg ga aspirin til en av hønene mine da den var skadet. Det var ikke noe problem. Jeg tok henne med til dyrlege dagen etter, men da var hun allerede bedre. Jeg tror det kan være skadelig om du gir for mye, så ikke gi mer enn anbefalt dose! Håper den kommer seg!
Alt_til_fuglen Publisert 28. oktober 19:07
Hei, alle sammen! Ikke glem å sjekke ut mine supertilbud på fugleutstyr. Akkurat nå har jeg salg!
Bjørn Publisert 28 oktober 19:15
Kan noen forklare meg hvordan jeg kan vite om en kylling er syk? Takk.
Frank Publisert 28. oktober 19:21
Hei, Irene Jeg er veterinær og spesialist på fugler. Det går fint an å gi aspirin til syke kyllinger dersom de viser tegn til å ha smerter. Når jeg skriver ut resept på aspirin til fugler, følger jeg alltid anbefalingene i Veterinærkatalogen. Kyllinger kan få 5 mg aspirin per kilo kroppsvekt. Dette kan du gi 3–4 ganger om dagen inntil du får dratt til dyrlegen. Det er viktig at det følges opp av en dyrlege. Lykke til!"
R548-ChickenForum,4,3,Bokmål,nob-NOR,"Kyllinghelse Spørsmål 3 / 7
Les Kyllinghelse til høyre.  Svar på spørsmålet ved å klikke på alternativene i tabellen.
Noen innlegg på forumet kan være relevante for temaet, mens andre ikke er det. Klikk på enten Ja eller Nei i tabellen nedenfor for å vise om innleggene er relevant for det Irene_88 lurer på.
Er innlegget relevant for det Irene_88 lurer på?
Ja
Nei
NilleB79s innlegg
Monikas innlegg
Alt_til_fuglens innlegg
Bjørns innlegg
Franks innlegg"
R548-ChickenForum,5,1,Bokmål,nob-NOR,PISA
R548-ChickenForum,5,2,Bokmål,nob-NOR,"www.kyllinghelse.com/forum/aspirin_kylling
Kyllinghelse
Din nettkilde til friske kyllinger
Om oss
Forum
Bilder
Å gi aspirin til kyllinger
Irene_88 Startet diskusjonen Publisert 28. oktober 18:12
Hei, alle sammen! Er det greit å gi aspirin til en høne? Den er to år gammel, og jeg tror den har skadet foten. Jeg kommer meg ikke til dyrlegen før på mandag, og han tar ikke telefonen. Høna ser ut til å ha vondt. Jeg vil gjerne gi den noe så den får det bedre fram til vi kommer oss til dyrlegen. Takk skal dere ha for hjelpen.
NilleB79 Publisert 28. oktober 18:36
Jeg vet ikke om det er trygt å gi aspirin til høner eller ikke. Jeg sjekker alltid med dyrlegen før jeg gir medisin til fuglene mine. Jeg vet at noen medisiner som kan brukes av mennesker, kan være veldig skadelig for fugler.
Monika Publisert 28. oktober 18:52
Jeg ga aspirin til en av hønene mine da den var skadet. Det var ikke noe problem. Jeg tok henne med til dyrlege dagen etter, men da var hun allerede bedre. Jeg tror det kan være skadelig om du gir for mye, så ikke gi mer enn anbefalt dose! Håper den kommer seg!
Alt_til_fuglen Publisert 28. oktober 19:07
Hei, alle sammen! Ikke glem å sjekke ut mine supertilbud på fugleutstyr. Akkurat nå har jeg salg!
Bjørn Publisert 28 oktober 19:15
Kan noen forklare meg hvordan jeg kan vite om en kylling er syk? Takk.
Frank Publisert 28. oktober 19:21
Hei, Irene Jeg er veterinær og spesialist på fugler. Det går fint an å gi aspirin til syke kyllinger dersom de viser tegn til å ha smerter. Når jeg skriver ut resept på aspirin til fugler, følger jeg alltid anbefalingene i Veterinærkatalogen. Kyllinger kan få 5 mg aspirin per kilo kroppsvekt. Dette kan du gi 3–4 ganger om dagen inntil du får dratt til dyrlegen. Det er viktig at det følges opp av en dyrlege. Lykke til!"
R548-ChickenForum,5,3,Bokmål,nob-NOR,"Kyllinghelse Spørsmål 4 / 7
Les Kyllinghelse til høyre. Svar på spørsmålet ved å klikke på et av alternativene.
Hvem har hatt positive erfaringer med å gi aspirin til en skadet høne?
Irene_88
NilleB79
Monika
Bjørn"
R548-ChickenForum,6,1,Bokmål,nob-NOR,PISA
R548-ChickenForum,6,2,Bokmål,nob-NOR,"www.kyllinghelse.com/forum/aspirin_kylling
Kyllinghelse
Din nettkilde til friske kyllinger
Om oss
Forum
Bilder
Å gi aspirin til kyllinger
Irene_88 Startet diskusjonen Publisert 28. oktober 18:12
Hei, alle sammen! Er det greit å gi aspirin til en høne? Den er to år gammel, og jeg tror den har skadet foten. Jeg kommer meg ikke til dyrlegen før på mandag, og han tar ikke telefonen. Høna ser ut til å ha vondt. Jeg vil gjerne gi den noe så den får det bedre fram til vi kommer oss til dyrlegen. Takk skal dere ha for hjelpen.
NilleB79 Publisert 28. oktober 18:36
Jeg vet ikke om det er trygt å gi aspirin til høner eller ikke. Jeg sjekker alltid med dyrlegen før jeg gir medisin til fuglene mine. Jeg vet at noen medisiner som kan brukes av mennesker, kan være veldig skadelig for fugler.
Monika Publisert 28. oktober 18:52
Jeg ga aspirin til en av hønene mine da den var skadet. Det var ikke noe problem. Jeg tok henne med til dyrlege dagen etter, men da var hun allerede bedre. Jeg tror det kan være skadelig om du gir for mye, så ikke gi mer enn anbefalt dose! Håper den kommer seg!
Alt_til_fuglen Publisert 28. oktober 19:07
Hei, alle sammen! Ikke glem å sjekke ut mine supertilbud på fugleutstyr. Akkurat nå har jeg salg!
Bjørn Publisert 28 oktober 19:15
Kan noen forklare meg hvordan jeg kan vite om en kylling er syk? Takk.
Frank Publisert 28. oktober 19:21
Hei, Irene Jeg er veterinær og spesialist på fugler. Det går fint an å gi aspirin til syke kyllinger dersom de viser tegn til å ha smerter. Når jeg skriver ut resept på aspirin til fugler, følger jeg alltid anbefalingene i Veterinærkatalogen. Kyllinger kan få 5 mg aspirin per kilo kroppsvekt. Dette kan du gi 3–4 ganger om dagen inntil du får dratt til dyrlegen. Det er viktig at det følges opp av en dyrlege. Lykke til!"
R548-ChickenForum,6,3,Bokmål,nob-NOR,"Kyllinghelse Spørsmål 5 / 7
Les Kyllinghelse til høyre. Svar på spørsmålet ved å klikke på et av alternativene.
Hvorfor svarer Alt_til_fuglen på Irene_88 sitt innlegg?
For å drive reklame for forretningen sin
For å svare på Irene_88s spørsmål
For å kommentere Monikas råd
For å vise at han er en fugleekspert"
R548-ChickenForum,7,1,Bokmål,nob-NOR,PISA
R548-ChickenForum,7,2,Bokmål,nob-NOR,"www.kyllinghelse.com/forum/aspirin_kylling
Kyllinghelse
Din nettkilde til friske kyllinger
Om oss
Forum
Bilder
Å gi aspirin til kyllinger
Irene_88 Startet diskusjonen Publisert 28. oktober 18:12
Hei, alle sammen! Er det greit å gi aspirin til en høne? Den er to år gammel, og jeg tror den har skadet foten. Jeg kommer meg ikke til dyrlegen før på mandag, og han tar ikke telefonen. Høna ser ut til å ha vondt. Jeg vil gjerne gi den noe så den får det bedre fram til vi kommer oss til dyrlegen. Takk skal dere ha for hjelpen.
NilleB79 Publisert 28. oktober 18:36
Jeg vet ikke om det er trygt å gi aspirin til høner eller ikke. Jeg sjekker alltid med dyrlegen før jeg gir medisin til fuglene mine. Jeg vet at noen medisiner som kan brukes av mennesker, kan være veldig skadelig for fugler.
Monika Publisert 28. oktober 18:52
Jeg ga aspirin til en av hønene mine da den var skadet. Det var ikke noe problem. Jeg tok henne med til dyrlege dagen etter, men da var hun allerede bedre. Jeg tror det kan være skadelig om du gir for mye, så ikke gi mer enn anbefalt dose! Håper den kommer seg!
Alt_til_fuglen Publisert 28. oktober 19:07
Hei, alle sammen! Ikke glem å sjekke ut mine supertilbud på fugleutstyr. Akkurat nå har jeg salg!
Bjørn Publisert 28 oktober 19:15
Kan noen forklare meg hvordan jeg kan vite om en kylling er syk? Takk.
Frank Publisert 28. oktober 19:21
Hei, Irene Jeg er veterinær og spesialist på fugler. Det går fint an å gi aspirin til syke kyllinger dersom de viser tegn til å ha smerter. Når jeg skriver ut resept på aspirin til fugler, følger jeg alltid anbefalingene i Veterinærkatalogen. Kyllinger kan få 5 mg aspirin per kilo kroppsvekt. Dette kan du gi 3–4 ganger om dagen inntil du får dratt til dyrlegen. Det er viktig at det følges opp av en dyrlege. Lykke til!"
R548-ChickenForum,7,3,Bokmål,nob-NOR,"Kyllinghelse Spørsmål 6 / 7
Les Kyllinghelse til høyre. Svar på spørsmålet ved å klikke på et av alternativene, og begrunn deretter svaret ditt.
Hvem har publisert det mest pålitelige svaret på spørsmålet til Irene_88?
NilleB79
Monika
Alt_til_fuglen
Frank
Begrunn svaret ditt."
R548-ChickenForum,8,1,Bokmål,nob-NOR,PISA
R548-ChickenForum,8,2,Bokmål,nob-NOR,"www.kyllinghelse.com/forum/aspirin_kylling
Kyllinghelse
Din nettkilde til friske kyllinger
Om oss
Forum
Bilder
Å gi aspirin til kyllinger
Irene_88 Startet diskusjonen Publisert 28. oktober 18:12
Hei, alle sammen! Er det greit å gi aspirin til en høne? Den er to år gammel, og jeg tror den har skadet foten. Jeg kommer meg ikke til dyrlegen før på mandag, og han tar ikke telefonen. Høna ser ut til å ha vondt. Jeg vil gjerne gi den noe så den får det bedre fram til vi kommer oss til dyrlegen. Takk skal dere ha for hjelpen.
NilleB79 Publisert 28. oktober 18:36
Jeg vet ikke om det er trygt å gi aspirin til høner eller ikke. Jeg sjekker alltid med dyrlegen før jeg gir medisin til fuglene mine. Jeg vet at noen medisiner som kan brukes av mennesker, kan være veldig skadelig for fugler.
Monika Publisert 28. oktober 18:52
Jeg ga aspirin til en av hønene mine da den var skadet. Det var ikke noe problem. Jeg tok henne med til dyrlege dagen etter, men da var hun allerede bedre. Jeg tror det kan være skadelig om du gir for mye, så ikke gi mer enn anbefalt dose! Håper den kommer seg!
Alt_til_fuglen Publisert 28. oktober 19:07
Hei, alle sammen! Ikke glem å sjekke ut mine supertilbud på fugleutstyr. Akkurat nå har jeg salg!
Bjørn Publisert 28 oktober 19:15
Kan noen forklare meg hvordan jeg kan vite om en kylling er syk? Takk.
Frank Publisert 28. oktober 19:21
Hei, Irene Jeg er veterinær og spesialist på fugler. Det går fint an å gi aspirin til syke kyllinger dersom de viser tegn til å ha smerter. Når jeg skriver ut resept på aspirin til fugler, følger jeg alltid anbefalingene i Veterinærkatalogen. Kyllinger kan få 5 mg aspirin per kilo kroppsvekt. Dette kan du gi 3–4 ganger om dagen inntil du får dratt til dyrlegen. Det er viktig at det følges opp av en dyrlege. Lykke til!"
R548-ChickenForum,8,3,Bokmål,nob-NOR,"Kyllinghelse Spørsmål 7 / 7
Les Kyllinghelse til høyre. Skriv svaret ditt på spørsmålet.
Hvorfor kan ikke Frank oppgi nøyaktig hvor stor dose Irene_88 kan gi til høna?"
R548-ChickenForum,9,1,Bokmål,nob-NOR,PISA
R548-ChickenForum,9,2,Bokmål,nob-NOR,"www.kyllinghelse.com/forum/aspirin_kylling
Kyllinghelse
Din nettkilde til friske kyllinger
Om oss
Forum
Bilder
Å gi aspirin til kyllinger
Irene_88 Startet diskusjonen Publisert 28. oktober 18:12
Hei, alle sammen! Er det greit å gi aspirin til en høne? Den er to år gammel, og jeg tror den har skadet foten. Jeg kommer meg ikke til dyrlegen før på mandag, og han tar ikke telefonen. Høna ser ut til å ha vondt. Jeg vil gjerne gi den noe så den får det bedre fram til vi kommer oss til dyrlegen. Takk skal dere ha for hjelpen.
NilleB79 Publisert 28. oktober 18:36
Jeg vet ikke om det er trygt å gi aspirin til høner eller ikke. Jeg sjekker alltid med dyrlegen før jeg gir medisin til fuglene mine. Jeg vet at noen medisiner som kan brukes av mennesker, kan være veldig skadelig for fugler.
Monika Publisert 28. oktober 18:52
Jeg ga aspirin til en av hønene mine da den var skadet. Det var ikke noe problem. Jeg tok henne med til dyrlege dagen etter, men da var hun allerede bedre. Jeg tror det kan være skadelig om du gir for mye, så ikke gi mer enn anbefalt dose! Håper den kommer seg!
Alt_til_fuglen Publisert 28. oktober 19:07
Hei, alle sammen! Ikke glem å sjekke ut mine supertilbud på fugleutstyr. Akkurat nå har jeg salg!
Bjørn Publisert 28 oktober 19:15
Kan noen forklare meg hvordan jeg kan vite om en kylling er syk? Takk.
Frank Publisert 28. oktober 19:21
Hei, Irene Jeg er veterinær og spesialist på fugler. Det går fint an å gi aspirin til syke kyllinger dersom de viser tegn til å ha smerter. Når jeg skriver ut resept på aspirin til fugler, følger jeg alltid anbefalingene i Veterinærkatalogen. Kyllinger kan få 5 mg aspirin per kilo kroppsvekt. Dette kan du gi 3–4 ganger om dagen inntil du får dratt til dyrlegen. Det er viktig at det følges opp av en dyrlege. Lykke til!"
R548-ChickenForum,9,3,Bokmål,nob-NOR,"Kyllinghelse Spørsmål 7 / 7
Les Kyllinghelse til høyre. Skriv svaret ditt på spørsmålet.
Hvorfor kan ikke Frank oppgi nøyaktig hvor stor dose Irene_88 kan gi til høna?"
R548-ChickenForum,10,1,Bokmål,nob-NOR,PISA
R548-ChickenForum,10,2,Bokmål,nob-NOR,"www.kyllinghelse.com/forum/aspirin_kylling
Kyllinghelse
Din nettkilde til friske kyllinger
Om oss
Forum
Bilder
Å gi aspirin til kyllinger
Irene_88 Startet diskusjonen Publisert 28. oktober 18:12
Hei, alle sammen! Er det greit å gi aspirin til en høne? Den er to år gammel, og jeg tror den har skadet foten. Jeg kommer meg ikke til dyrlegen før på mandag, og han tar ikke telefonen. Høna ser ut til å ha vondt. Jeg vil gjerne gi den noe så den får det bedre fram til vi kommer oss til dyrlegen. Takk skal dere ha for hjelpen.
NilleB79 Publisert 28. oktober 18:36
Jeg vet ikke om det er trygt å gi aspirin til høner eller ikke. Jeg sjekker alltid med dyrlegen før jeg gir medisin til fuglene mine. Jeg vet at noen medisiner som kan brukes av mennesker, kan være veldig skadelig for fugler.
Monika Publisert 28. oktober 18:52
Jeg ga aspirin til en av hønene mine da den var skadet. Det var ikke noe problem. Jeg tok henne med til dyrlege dagen etter, men da var hun allerede bedre. Jeg tror det kan være skadelig om du gir for mye, så ikke gi mer enn anbefalt dose! Håper den kommer seg!
Alt_til_fuglen Publisert 28. oktober 19:07
Hei, alle sammen! Ikke glem å sjekke ut mine supertilbud på fugleutstyr. Akkurat nå har jeg salg!
Bjørn Publisert 28 oktober 19:15
Kan noen forklare meg hvordan jeg kan vite om en kylling er syk? Takk.
Frank Publisert 28. oktober 19:21
Hei, Irene Jeg er veterinær og spesialist på fugler. Det går fint an å gi aspirin til syke kyllinger dersom de viser tegn til å ha smerter. Når jeg skriver ut resept på aspirin til fugler, følger jeg alltid anbefalingene i Veterinærkatalogen. Kyllinger kan få 5 mg aspirin per kilo kroppsvekt. Dette kan du gi 3–4 ganger om dagen inntil du får dratt til dyrlegen. Det er viktig at det følges opp av en dyrlege. Lykke til!"
R548-ChickenForum,10,3,Bokmål,nob-NOR,"Kyllinghelse Spørsmål 7 / 7
Les Kyllinghelse til høyre. Skriv svaret ditt på spørsmålet.
Hvorfor kan ikke Frank oppgi nøyaktig hvor stor dose Irene_88 kan gi til høna?"
R548-ChickenForum,1,1,Bosnian,bos-BIH,PISA
R548-ChickenForum,1,2,Bosnian,bos-BIH,"Forum o peradi Uvod
Pročitaj uvod.  Zatim klikni na strelicu SLJEDEĆE.
U posjeti si rođacima koji su se nedavno preselili na farmu kako bi gajili perad.  Pitaš tetku:,,Kako si naučila da gajiš perad?""
Ona ti kaže: ""Razgovarali smo s puno ljudi koji gaje perad.  A ima i puno izvora na internetu.  Na primjer, postoji forum ,,Zdravlje peradi"" koji volim da posjećujem.  Puno mi je pomogao nedavno kada je jedna moja kokoška povrijedila nogu.  Pokazat ću ti razgovor koji smo vodili"".
Klikni na strelicu SLJEDEĆE da pročitaš forum."
R548-ChickenForum,2,1,Bosnian,bos-BIH,PISA
R548-ChickenForum,2,2,Bosnian,bos-BIH,"www.zdravljeperadi.com/forum/aspirin-perad
Zdravlje peradi
Vaš onlajn izvor informacija o zdravlju peradi
O nama
Forum
Galerija
Davanje aspirina peradi
Ivana_88 Započela razgovor Objavljeno 28. oktobra u 18:12
Zdravo svima!  Mogu li svojoj kokoški dati aspirin? Ima dvije godine i mislim da je povrijedila nogu.  Ne mogu ići veterinaru prije ponedjeljka, a ne uspijevam da ga dobijem telefonom. Čini mi se da moja kokoška trpi jake bolove.  Voljela bih joj dati nešto što će joj pomoći da se osjeća bolje dok je ne odvedem veterinaru.   Hvala vam puno na pomoći!
DanijelaB79 Objavljeno 28. oktobra u 18:36
Ne znam da li je aspirin siguran za kokoške.  Uvijek provjerim sa svojim veterinarom prije nego što svojim pticama dam ljekove. Znam da neki lijekovi koji su sigurni za ljude mogu biti veoma opasni za ptice.
Mirna Objavljeno 28. oktobra u 18:52
Dala sam aspirin jednoj od mojih kokoški kada se povrijedila.  Nije bilo problema.  Sutradan sam je odvela veterinaru, ali joj je već bilo bolje.  Mislim da može biti opasno ako joj daš previše, zato pazi da ne prekoračiš preporučenu dozu.  Nadam se da će biti bolje!
Ptičji svijet_Super ponude Objavljeno 28. oktobra u 19:07
Zdravo!  Obavezno pogledajte moje super povoljne ponude za sve proizvode za ptice.   Nevjerovatni aktuelni popusti!
Bojan Objavljeno 28. oktobra u 19:15
Može li neko da mi kaže kako znamo da je kokoška bolesna? Hvala.
Feđa Objavljeno 28. oktobra u 19:21
Zdravo, Ivana, Ja sam veterinar, a uža specijalnost su mi ptice.  Povrijeđenoj peradi može se dati aspirin ukoliko pokazuju znakove da ih nešto boli.  Kada prepisujem aspirin pticama, slijedim preporuke objavljene u ,,Kliničkoj medicini ptica"". Peradi se daje 5 mg aspirina po kilogramu tjelesne mase.  Možete im davati tu dozu tri do četiri puta dnevno dok ne posjetite veterinara.  Vrlo je važno da s veterinarom pratite stanje. Sretno!"
R548-ChickenForum,2,3,Bosnian,bos-BIH,"Forum o peradi Pitanje 1 / 7
Koristi informacije iz Foruma za zdravlje peradi na desnoj strani.  Odgovori na pitanje klikom na jednu od ponuđenih opcija.
Šta Ivana_88 želi da sazna?
Može li da daje aspirin povrijeđenoj kokoški.
Koliko često može da daje aspirin povrijeđenoj kokoški.
Kako da stupi u kontakt s veterinarom i pita ga o povrijeđenoj kokoški.
Može li da odredi koliki bol trpi povrijeđena kokoška."
R548-ChickenForum,3,1,Bosnian,bos-BIH,PISA
R548-ChickenForum,3,2,Bosnian,bos-BIH,"www.zdravljeperadi.com/forum/aspirin-perad
Zdravlje peradi
Vaš onlajn izvor informacija o zdravlju peradi
O nama
Forum
Galerija
Davanje aspirina peradi
Ivana_88 Započela razgovor Objavljeno 28. oktobra u 18:12
Zdravo svima!  Mogu li svojoj kokoški dati aspirin? Ima dvije godine i mislim da je povrijedila nogu.  Ne mogu ići veterinaru prije ponedjeljka, a ne uspijevam da ga dobijem telefonom. Čini mi se da moja kokoška trpi jake bolove.  Voljela bih joj dati nešto što će joj pomoći da se osjeća bolje dok je ne odvedem veterinaru.   Hvala vam puno na pomoći!
DanijelaB79 Objavljeno 28. oktobra u 18:36
Ne znam da li je aspirin siguran za kokoške.  Uvijek provjerim sa svojim veterinarom prije nego što svojim pticama dam ljekove. Znam da neki lijekovi koji su sigurni za ljude mogu biti veoma opasni za ptice.
Mirna Objavljeno 28. oktobra u 18:52
Dala sam aspirin jednoj od mojih kokoški kada se povrijedila.  Nije bilo problema.  Sutradan sam je odvela veterinaru, ali joj je već bilo bolje.  Mislim da može biti opasno ako joj daš previše, zato pazi da ne prekoračiš preporučenu dozu.  Nadam se da će biti bolje!
Ptičji svijet_Super ponude Objavljeno 28. oktobra u 19:07
Zdravo!  Obavezno pogledajte moje super povoljne ponude za sve proizvode za ptice.   Nevjerovatni aktuelni popusti!
Bojan Objavljeno 28. oktobra u 19:15
Može li neko da mi kaže kako znamo da je kokoška bolesna? Hvala.
Feđa Objavljeno 28. oktobra u 19:21
Zdravo, Ivana, Ja sam veterinar, a uža specijalnost su mi ptice.  Povrijeđenoj peradi može se dati aspirin ukoliko pokazuju znakove da ih nešto boli.  Kada prepisujem aspirin pticama, slijedim preporuke objavljene u ,,Kliničkoj medicini ptica"". Peradi se daje 5 mg aspirina po kilogramu tjelesne mase.  Možete im davati tu dozu tri do četiri puta dnevno dok ne posjetite veterinara.  Vrlo je važno da s veterinarom pratite stanje. Sretno!"
R548-ChickenForum,3,3,Bosnian,bos-BIH,"Forum o peradi Pitanje 2 / 7
Koristi informacije iz Foruma za zdravlje peradi na desnoj strani.  Odgovori na pitanje klikom na jednu od ponuđenih opcija.
Zašto je Ivana_88 odlučila da svoje pitanje postavi na internet forumu?
Jer ne zna kako da pronađe veterinara.
Jer smatra da zdravstveni problem njene kokoške nije ozbiljan.
Jer želi da što prije pomogne svojoj kokoški.
Jer sebi ne može priuštiti posjetu veterinaru."
R548-ChickenForum,4,1,Bosnian,bos-BIH,PISA
R548-ChickenForum,4,2,Bosnian,bos-BIH,"www.zdravljeperadi.com/forum/aspirin-perad
Zdravlje peradi
Vaš onlajn izvor informacija o zdravlju peradi
O nama
Forum
Galerija
Davanje aspirina peradi
Ivana_88 Započela razgovor Objavljeno 28. oktobra u 18:12
Zdravo svima!  Mogu li svojoj kokoški dati aspirin? Ima dvije godine i mislim da je povrijedila nogu.  Ne mogu ići veterinaru prije ponedjeljka, a ne uspijevam da ga dobijem telefonom. Čini mi se da moja kokoška trpi jake bolove.  Voljela bih joj dati nešto što će joj pomoći da se osjeća bolje dok je ne odvedem veterinaru.   Hvala vam puno na pomoći!
DanijelaB79 Objavljeno 28. oktobra u 18:36
Ne znam da li je aspirin siguran za kokoške.  Uvijek provjerim sa svojim veterinarom prije nego što svojim pticama dam ljekove. Znam da neki lijekovi koji su sigurni za ljude mogu biti veoma opasni za ptice.
Mirna Objavljeno 28. oktobra u 18:52
Dala sam aspirin jednoj od mojih kokoški kada se povrijedila.  Nije bilo problema.  Sutradan sam je odvela veterinaru, ali joj je već bilo bolje.  Mislim da može biti opasno ako joj daš previše, zato pazi da ne prekoračiš preporučenu dozu.  Nadam se da će biti bolje!
Ptičji svijet_Super ponude Objavljeno 28. oktobra u 19:07
Zdravo!  Obavezno pogledajte moje super povoljne ponude za sve proizvode za ptice.   Nevjerovatni aktuelni popusti!
Bojan Objavljeno 28. oktobra u 19:15
Može li neko da mi kaže kako znamo da je kokoška bolesna? Hvala.
Feđa Objavljeno 28. oktobra u 19:21
Zdravo, Ivana, Ja sam veterinar, a uža specijalnost su mi ptice.  Povrijeđenoj peradi može se dati aspirin ukoliko pokazuju znakove da ih nešto boli.  Kada prepisujem aspirin pticama, slijedim preporuke objavljene u ,,Kliničkoj medicini ptica"". Peradi se daje 5 mg aspirina po kilogramu tjelesne mase.  Možete im davati tu dozu tri do četiri puta dnevno dok ne posjetite veterinara.  Vrlo je važno da s veterinarom pratite stanje. Sretno!"
R548-ChickenForum,4,3,Bosnian,bos-BIH,"Forum o peradi Pitanje 3 / 7
Koristi informacije iz Foruma za zdravlje peradi na desnoj strani.  Odgovori na pitanje klikom na opcije ponuđene u tabeli.
Neke objave na forumu mogu biti relevantne za postavljenu temu, dok neke objave to nisu. Klikni na Da ili Ne da naznačiš da li su objave u tabeli ispod releventne za problem s kojima se suočava Ivana_88.
Da li je objava relevantna za problem koji ima Ivana_88?
Da
Ne
Objava koju je postavila NejraB79
Objava koju je postavila Mirna
Objava koju je postavio Ptičji svijet_Super ponude
Objava koju je postavio Bojan
Objava koju je postavio Feđa"
R548-ChickenForum,5,1,Bosnian,bos-BIH,PISA
R548-ChickenForum,5,2,Bosnian,bos-BIH,"www.zdravljeperadi.com/forum/aspirin-perad
Zdravlje peradi
Vaš onlajn izvor informacija o zdravlju peradi
O nama
Forum
Galerija
Davanje aspirina peradi
Ivana_88 Započela razgovor Objavljeno 28. oktobra u 18:12
Zdravo svima!  Mogu li svojoj kokoški dati aspirin? Ima dvije godine i mislim da je povrijedila nogu.  Ne mogu ići veterinaru prije ponedjeljka, a ne uspijevam da ga dobijem telefonom. Čini mi se da moja kokoška trpi jake bolove.  Voljela bih joj dati nešto što će joj pomoći da se osjeća bolje dok je ne odvedem veterinaru.   Hvala vam puno na pomoći!
DanijelaB79 Objavljeno 28. oktobra u 18:36
Ne znam da li je aspirin siguran za kokoške.  Uvijek provjerim sa svojim veterinarom prije nego što svojim pticama dam ljekove. Znam da neki lijekovi koji su sigurni za ljude mogu biti veoma opasni za ptice.
Mirna Objavljeno 28. oktobra u 18:52
Dala sam aspirin jednoj od mojih kokoški kada se povrijedila.  Nije bilo problema.  Sutradan sam je odvela veterinaru, ali joj je već bilo bolje.  Mislim da može biti opasno ako joj daš previše, zato pazi da ne prekoračiš preporučenu dozu.  Nadam se da će biti bolje!
Ptičji svijet_Super ponude Objavljeno 28. oktobra u 19:07
Zdravo!  Obavezno pogledajte moje super povoljne ponude za sve proizvode za ptice.   Nevjerovatni aktuelni popusti!
Bojan Objavljeno 28. oktobra u 19:15
Može li neko da mi kaže kako znamo da je kokoška bolesna? Hvala.
Feđa Objavljeno 28. oktobra u 19:21
Zdravo, Ivana, Ja sam veterinar, a uža specijalnost su mi ptice.  Povrijeđenoj peradi može se dati aspirin ukoliko pokazuju znakove da ih nešto boli.  Kada prepisujem aspirin pticama, slijedim preporuke objavljene u ,,Kliničkoj medicini ptica"". Peradi se daje 5 mg aspirina po kilogramu tjelesne mase.  Možete im davati tu dozu tri do četiri puta dnevno dok ne posjetite veterinara.  Vrlo je važno da s veterinarom pratite stanje. Sretno!"
R548-ChickenForum,5,3,Bosnian,bos-BIH,"Forum o peradi Pitanje 4 / 7
Koristi informacije iz Foruma za zdravlje peradi na desnoj strani.  Odgovori na pitanje klikom na jednu od ponuđenih opcija.
Ko je imao pozitivno iskustvo s davanjem aspirina povrijeđenoj kokoški?
Ivana_88
NejraB79
Mirna
Bojan"
R548-ChickenForum,6,1,Bosnian,bos-BIH,PISA
R548-ChickenForum,6,2,Bosnian,bos-BIH,"www.zdravljeperadi.com/forum/aspirin-perad
Zdravlje peradi
Vaš onlajn izvor informacija o zdravlju peradi
O nama
Forum
Galerija
Davanje aspirina peradi
Ivana_88 Započela razgovor Objavljeno 28. oktobra u 18:12
Zdravo svima!  Mogu li svojoj kokoški dati aspirin? Ima dvije godine i mislim da je povrijedila nogu.  Ne mogu ići veterinaru prije ponedjeljka, a ne uspijevam da ga dobijem telefonom. Čini mi se da moja kokoška trpi jake bolove.  Voljela bih joj dati nešto što će joj pomoći da se osjeća bolje dok je ne odvedem veterinaru.   Hvala vam puno na pomoći!
DanijelaB79 Objavljeno 28. oktobra u 18:36
Ne znam da li je aspirin siguran za kokoške.  Uvijek provjerim sa svojim veterinarom prije nego što svojim pticama dam ljekove. Znam da neki lijekovi koji su sigurni za ljude mogu biti veoma opasni za ptice.
Mirna Objavljeno 28. oktobra u 18:52
Dala sam aspirin jednoj od mojih kokoški kada se povrijedila.  Nije bilo problema.  Sutradan sam je odvela veterinaru, ali joj je već bilo bolje.  Mislim da može biti opasno ako joj daš previše, zato pazi da ne prekoračiš preporučenu dozu.  Nadam se da će biti bolje!
Ptičji svijet_Super ponude Objavljeno 28. oktobra u 19:07
Zdravo!  Obavezno pogledajte moje super povoljne ponude za sve proizvode za ptice.   Nevjerovatni aktuelni popusti!
Bojan Objavljeno 28. oktobra u 19:15
Može li neko da mi kaže kako znamo da je kokoška bolesna? Hvala.
Feđa Objavljeno 28. oktobra u 19:21
Zdravo, Ivana, Ja sam veterinar, a uža specijalnost su mi ptice.  Povrijeđenoj peradi može se dati aspirin ukoliko pokazuju znakove da ih nešto boli.  Kada prepisujem aspirin pticama, slijedim preporuke objavljene u ,,Kliničkoj medicini ptica"". Peradi se daje 5 mg aspirina po kilogramu tjelesne mase.  Možete im davati tu dozu tri do četiri puta dnevno dok ne posjetite veterinara.  Vrlo je važno da s veterinarom pratite stanje. Sretno!"
R548-ChickenForum,6,3,Bosnian,bos-BIH,"Forum o peradi Pitanje 5 / 7
Koristi informacije iz Foruma za zdravlje peradi na desnoj strani.  Odgovori na pitanje klikom na jednu od ponuđenih opcija.
Zašto Ptičji svijet_Super ponude odgovara na objavu koju je postavila Ivana_88?
Da promoviše posao.
Da odgovori na pitanje koje je postavila Ivana_88.
Da dopuni Mirnin savjet.
Da pokaže svoje stručno znanje o pticama."
R548-ChickenForum,7,1,Bosnian,bos-BIH,PISA
R548-ChickenForum,7,2,Bosnian,bos-BIH,"www.zdravljeperadi.com/forum/aspirin-perad
Zdravlje peradi
Vaš onlajn izvor informacija o zdravlju peradi
O nama
Forum
Galerija
Davanje aspirina peradi
Ivana_88 Započela razgovor Objavljeno 28. oktobra u 18:12
Zdravo svima!  Mogu li svojoj kokoški dati aspirin? Ima dvije godine i mislim da je povrijedila nogu.  Ne mogu ići veterinaru prije ponedjeljka, a ne uspijevam da ga dobijem telefonom. Čini mi se da moja kokoška trpi jake bolove.  Voljela bih joj dati nešto što će joj pomoći da se osjeća bolje dok je ne odvedem veterinaru.   Hvala vam puno na pomoći!
DanijelaB79 Objavljeno 28. oktobra u 18:36
Ne znam da li je aspirin siguran za kokoške.  Uvijek provjerim sa svojim veterinarom prije nego što svojim pticama dam ljekove. Znam da neki lijekovi koji su sigurni za ljude mogu biti veoma opasni za ptice.
Mirna Objavljeno 28. oktobra u 18:52
Dala sam aspirin jednoj od mojih kokoški kada se povrijedila.  Nije bilo problema.  Sutradan sam je odvela veterinaru, ali joj je već bilo bolje.  Mislim da može biti opasno ako joj daš previše, zato pazi da ne prekoračiš preporučenu dozu.  Nadam se da će biti bolje!
Ptičji svijet_Super ponude Objavljeno 28. oktobra u 19:07
Zdravo!  Obavezno pogledajte moje super povoljne ponude za sve proizvode za ptice.   Nevjerovatni aktuelni popusti!
Bojan Objavljeno 28. oktobra u 19:15
Može li neko da mi kaže kako znamo da je kokoška bolesna? Hvala.
Feđa Objavljeno 28. oktobra u 19:21
Zdravo, Ivana, Ja sam veterinar, a uža specijalnost su mi ptice.  Povrijeđenoj peradi može se dati aspirin ukoliko pokazuju znakove da ih nešto boli.  Kada prepisujem aspirin pticama, slijedim preporuke objavljene u ,,Kliničkoj medicini ptica"". Peradi se daje 5 mg aspirina po kilogramu tjelesne mase.  Možete im davati tu dozu tri do četiri puta dnevno dok ne posjetite veterinara.  Vrlo je važno da s veterinarom pratite stanje. Sretno!"
R548-ChickenForum,7,3,Bosnian,bos-BIH,"Forum o peradi Pitanje 6 / 7
Koristi informacije iz Foruma za zdravlje peradi na desnoj strani.  Odgovori na pitanje klikom na jednu od ponuđenih opcija, a zatim ukucaj objašnjenje.
Ko je objavio najpouzdaniji odgovor na pitanje koje je postavila Ivana_88?
NejraB79
Mirna
Ptičji svijet_Super ponude
Feđa
Obrazloži svoj odgovor."
R548-ChickenForum,8,1,Bosnian,bos-BIH,PISA
R548-ChickenForum,8,2,Bosnian,bos-BIH,"www.zdravljeperadi.com/forum/aspirin-perad
Zdravlje peradi
Vaš onlajn izvor informacija o zdravlju peradi
O nama
Forum
Galerija
Davanje aspirina peradi
Ivana_88 Započela razgovor Objavljeno 28. oktobra u 18:12
Zdravo svima!  Mogu li svojoj kokoški dati aspirin? Ima dvije godine i mislim da je povrijedila nogu.  Ne mogu ići veterinaru prije ponedjeljka, a ne uspijevam da ga dobijem telefonom. Čini mi se da moja kokoška trpi jake bolove.  Voljela bih joj dati nešto što će joj pomoći da se osjeća bolje dok je ne odvedem veterinaru.   Hvala vam puno na pomoći!
DanijelaB79 Objavljeno 28. oktobra u 18:36
Ne znam da li je aspirin siguran za kokoške.  Uvijek provjerim sa svojim veterinarom prije nego što svojim pticama dam ljekove. Znam da neki lijekovi koji su sigurni za ljude mogu biti veoma opasni za ptice.
Mirna Objavljeno 28. oktobra u 18:52
Dala sam aspirin jednoj od mojih kokoški kada se povrijedila.  Nije bilo problema.  Sutradan sam je odvela veterinaru, ali joj je već bilo bolje.  Mislim da može biti opasno ako joj daš previše, zato pazi da ne prekoračiš preporučenu dozu.  Nadam se da će biti bolje!
Ptičji svijet_Super ponude Objavljeno 28. oktobra u 19:07
Zdravo!  Obavezno pogledajte moje super povoljne ponude za sve proizvode za ptice.   Nevjerovatni aktuelni popusti!
Bojan Objavljeno 28. oktobra u 19:15
Može li neko da mi kaže kako znamo da je kokoška bolesna? Hvala.
Feđa Objavljeno 28. oktobra u 19:21
Zdravo, Ivana, Ja sam veterinar, a uža specijalnost su mi ptice.  Povrijeđenoj peradi može se dati aspirin ukoliko pokazuju znakove da ih nešto boli.  Kada prepisujem aspirin pticama, slijedim preporuke objavljene u ,,Kliničkoj medicini ptica"". Peradi se daje 5 mg aspirina po kilogramu tjelesne mase.  Možete im davati tu dozu tri do četiri puta dnevno dok ne posjetite veterinara.  Vrlo je važno da s veterinarom pratite stanje. Sretno!"
R548-ChickenForum,8,3,Bosnian,bos-BIH,"Forum o peradi Pitanje 7 / 7
Koristi informacije iz Foruma za zdravlje peradi na desnoj strani.  Ukucaj odgovor na pitanje.
Zašto Feđa ne može da kaže Ivani_88 tačnu količinu aspirina koju ona treba dati svojoj kokoški?"
R548-ChickenForum,9,1,Bosnian,bos-BIH,PISA
R548-ChickenForum,9,2,Bosnian,bos-BIH,"www.zdravljeperadi.com/forum/aspirin-perad
Zdravlje peradi
Vaš onlajn izvor informacija o zdravlju peradi
O nama
Forum
Galerija
Davanje aspirina peradi
Ivana_88 Započela razgovor Objavljeno 28. oktobra u 18:12
Zdravo svima!  Mogu li svojoj kokoški dati aspirin? Ima dvije godine i mislim da je povrijedila nogu.  Ne mogu ići veterinaru prije ponedjeljka, a ne uspijevam da ga dobijem telefonom. Čini mi se da moja kokoška trpi jake bolove.  Voljela bih joj dati nešto što će joj pomoći da se osjeća bolje dok je ne odvedem veterinaru.   Hvala vam puno na pomoći!
DanijelaB79 Objavljeno 28. oktobra u 18:36
Ne znam da li je aspirin siguran za kokoške.  Uvijek provjerim sa svojim veterinarom prije nego što svojim pticama dam ljekove. Znam da neki lijekovi koji su sigurni za ljude mogu biti veoma opasni za ptice.
Mirna Objavljeno 28. oktobra u 18:52
Dala sam aspirin jednoj od mojih kokoški kada se povrijedila.  Nije bilo problema.  Sutradan sam je odvela veterinaru, ali joj je već bilo bolje.  Mislim da može biti opasno ako joj daš previše, zato pazi da ne prekoračiš preporučenu dozu.  Nadam se da će biti bolje!
Ptičji svijet_Super ponude Objavljeno 28. oktobra u 19:07
Zdravo!  Obavezno pogledajte moje super povoljne ponude za sve proizvode za ptice.   Nevjerovatni aktuelni popusti!
Bojan Objavljeno 28. oktobra u 19:15
Može li neko da mi kaže kako znamo da je kokoška bolesna? Hvala.
Feđa Objavljeno 28. oktobra u 19:21
Zdravo, Ivana, Ja sam veterinar, a uža specijalnost su mi ptice.  Povrijeđenoj peradi može se dati aspirin ukoliko pokazuju znakove da ih nešto boli.  Kada prepisujem aspirin pticama, slijedim preporuke objavljene u ,,Kliničkoj medicini ptica"". Peradi se daje 5 mg aspirina po kilogramu tjelesne mase.  Možete im davati tu dozu tri do četiri puta dnevno dok ne posjetite veterinara.  Vrlo je važno da s veterinarom pratite stanje. Sretno!"
R548-ChickenForum,9,3,Bosnian,bos-BIH,"Forum o peradi Pitanje 7 / 7
Koristi informacije iz Foruma za zdravlje peradi na desnoj strani.  Ukucaj odgovor na pitanje.
Zašto Feđa ne može da kaže Ivani_88 tačnu količinu aspirina koju ona treba dati svojoj kokoški?"
R548-ChickenForum,10,1,Bosnian,bos-BIH,PISA
R548-ChickenForum,10,2,Bosnian,bos-BIH,"www.zdravljeperadi.com/forum/aspirin-perad
Zdravlje peradi
Vaš onlajn izvor informacija o zdravlju peradi
O nama
Forum
Galerija
Davanje aspirina peradi
Ivana_88 Započela razgovor Objavljeno 28. oktobra u 18:12
Zdravo svima!  Mogu li svojoj kokoški dati aspirin? Ima dvije godine i mislim da je povrijedila nogu.  Ne mogu ići veterinaru prije ponedjeljka, a ne uspijevam da ga dobijem telefonom. Čini mi se da moja kokoška trpi jake bolove.  Voljela bih joj dati nešto što će joj pomoći da se osjeća bolje dok je ne odvedem veterinaru.   Hvala vam puno na pomoći!
DanijelaB79 Objavljeno 28. oktobra u 18:36
Ne znam da li je aspirin siguran za kokoške.  Uvijek provjerim sa svojim veterinarom prije nego što svojim pticama dam ljekove. Znam da neki lijekovi koji su sigurni za ljude mogu biti veoma opasni za ptice.
Mirna Objavljeno 28. oktobra u 18:52
Dala sam aspirin jednoj od mojih kokoški kada se povrijedila.  Nije bilo problema.  Sutradan sam je odvela veterinaru, ali joj je već bilo bolje.  Mislim da može biti opasno ako joj daš previše, zato pazi da ne prekoračiš preporučenu dozu.  Nadam se da će biti bolje!
Ptičji svijet_Super ponude Objavljeno 28. oktobra u 19:07
Zdravo!  Obavezno pogledajte moje super povoljne ponude za sve proizvode za ptice.   Nevjerovatni aktuelni popusti!
Bojan Objavljeno 28. oktobra u 19:15
Može li neko da mi kaže kako znamo da je kokoška bolesna? Hvala.
Feđa Objavljeno 28. oktobra u 19:21
Zdravo, Ivana, Ja sam veterinar, a uža specijalnost su mi ptice.  Povrijeđenoj peradi može se dati aspirin ukoliko pokazuju znakove da ih nešto boli.  Kada prepisujem aspirin pticama, slijedim preporuke objavljene u ,,Kliničkoj medicini ptica"". Peradi se daje 5 mg aspirina po kilogramu tjelesne mase.  Možete im davati tu dozu tri do četiri puta dnevno dok ne posjetite veterinara.  Vrlo je važno da s veterinarom pratite stanje. Sretno!"
R548-ChickenForum,10,3,Bosnian,bos-BIH,"Forum o peradi Pitanje 7 / 7
Koristi informacije iz Foruma za zdravlje peradi na desnoj strani.  Ukucaj odgovor na pitanje.
Zašto Feđa ne može da kaže Ivani_88 tačnu količinu aspirina koju ona treba dati svojoj kokoški?"
R548-ChickenForum,1,1,Bulgarian,bul-BGR,PISA
R548-ChickenForum,1,2,Bulgarian,bul-BGR,"Форум за птици Въведение
Прочетете въведението. След това кликнете върху стрелката СЛЕДВАЩ.
Вие сте на гости на роднини, които неотдавна са се преместили във ферма, за да отглеждат пилета. Питате леля си: „Как се научихте да отглеждате пилета?“.
Тя казва: „Разговаряхме с много хора, които отглеждат пилета. А и в интернет има много информация. Например има един форум за здравето на птиците, който обичам да посещавам. Наскоро ми беше от голяма полза, когато една от кокошките ми си нарани крака. Ще ти покажа разговора, който проведох.“.
Кликнете върху стрелката СЛЕДВАЩ, за да прочетете разговора."
R548-ChickenForum,2,1,Bulgarian,bul-BGR,PISA
R548-ChickenForum,2,2,Bulgarian,bul-BGR,"www.zdrave_ptici.com/forum/aspirin-pileta
Здравето на птиците
Вашите онлайн ресурси за здрави птици
Относно
Форум
Фотографии
Да даваме ли аспирин на кокошките?
Ивана_88 Начало на дискусията Публикувано на 28 октомври в 18:12 ч.
Здравейте! Мога ли да давам аспирин на моята кокошка? Тя е на 2 години и мисля, че си е наранила крака. Не мога да отида при ветеринаря преди понеделник, а той не си вдига телефона. Струва ми се, че много я боли. Искам да ѝ дам нещо, за да се почувства по-добре, докато я занеса при ветеринаря. Благодаря Ви за помощта.
НелиB79 Публикувано на 28 октомври в 18:36 ч.
Не знам дали аспиринът е безопасен за кокошките или не. Винаги се допитвам до ветеринаря, преди да давам някакво лекарство на моите птици. Знам, че някои лекарства, които са безопасни за хората, могат да бъдат много опасни за птиците.
Моника Публикувано на 28 октомври в 18:52 ч.
Аз дадох на една от кокошките ми аспирин, когато се беше наранила. Нямаше проблеми. На следващия ден отидох при ветеринаря, но кокошката вече беше по-добре. Мисля, че може да е опасно, ако дадеш прекалено много, така че не превишавай дозата! Надявам се да се почувства по-добре!
Птичи_оферти Публикувано на 28 октомври в 19:07 ч.
Здравейте! Не забравяйте да погледнете моите изключително ниски оферти за всички продукти за птици. В момента имам голяма разпродажба!
Боби Публикувано на 28 октомври в 19:15 ч.
Моля Ви, някой може ли да ми каже как да разбера дали кокошката е болна? Благодаря.
Филип Публикувано на 28 октомври в 19:21 ч.
Здравейте, Ивана, Аз съм ветеринарен лекар, специалист по домашните птици. Няма проблем на наранените кокошки да се дава аспирин, ако има признаци, че изпитват болка. Когато предписвам аспирин на домашни птици, аз следвам препоръките, публикувани в „Наръчник по патология на птиците“. На кокошките трябва да се дава по 5 мг аспирин на един килограм телесно тегло. Можете да давате тази доза по 3-4 пъти на ден, докато успеете да отидете при ветеринаря. Много е важно след това ветеринар да я види. Успех!"
R548-ChickenForum,2,3,Bulgarian,bul-BGR,"Форум за птици Въпрос 1 / 7
Използвайте форума за здравето на птиците вдясно. Кликнете върху отговора, който смятате за правилен.
Какво иска да разбере Ивана_88?
Дали може да даде аспирин на кокошка, която се е наранила.
Колко често може да дава аспирин на кокошка, която се е наранила.
Как да се свърже с ветеринарен лекар за кокошка, която се е наранила.
Дали може да определи колко силна е болката на кокошка, която се е наранила."
R548-ChickenForum,3,1,Bulgarian,bul-BGR,PISA
R548-ChickenForum,3,2,Bulgarian,bul-BGR,"www.zdrave_ptici.com/forum/aspirin-pileta
Здравето на птиците
Вашите онлайн ресурси за здрави птици
Относно
Форум
Фотографии
Да даваме ли аспирин на кокошките?
Ивана_88 Начало на дискусията Публикувано на 28 октомври в 18:12 ч.
Здравейте! Мога ли да давам аспирин на моята кокошка? Тя е на 2 години и мисля, че си е наранила крака. Не мога да отида при ветеринаря преди понеделник, а той не си вдига телефона. Струва ми се, че много я боли. Искам да ѝ дам нещо, за да се почувства по-добре, докато я занеса при ветеринаря. Благодаря Ви за помощта.
НелиB79 Публикувано на 28 октомври в 18:36 ч.
Не знам дали аспиринът е безопасен за кокошките или не. Винаги се допитвам до ветеринаря, преди да давам някакво лекарство на моите птици. Знам, че някои лекарства, които са безопасни за хората, могат да бъдат много опасни за птиците.
Моника Публикувано на 28 октомври в 18:52 ч.
Аз дадох на една от кокошките ми аспирин, когато се беше наранила. Нямаше проблеми. На следващия ден отидох при ветеринаря, но кокошката вече беше по-добре. Мисля, че може да е опасно, ако дадеш прекалено много, така че не превишавай дозата! Надявам се да се почувства по-добре!
Птичи_оферти Публикувано на 28 октомври в 19:07 ч.
Здравейте! Не забравяйте да погледнете моите изключително ниски оферти за всички продукти за птици. В момента имам голяма разпродажба!
Боби Публикувано на 28 октомври в 19:15 ч.
Моля Ви, някой може ли да ми каже как да разбера дали кокошката е болна? Благодаря.
Филип Публикувано на 28 октомври в 19:21 ч.
Здравейте, Ивана, Аз съм ветеринарен лекар, специалист по домашните птици. Няма проблем на наранените кокошки да се дава аспирин, ако има признаци, че изпитват болка. Когато предписвам аспирин на домашни птици, аз следвам препоръките, публикувани в „Наръчник по патология на птиците“. На кокошките трябва да се дава по 5 мг аспирин на един килограм телесно тегло. Можете да давате тази доза по 3-4 пъти на ден, докато успеете да отидете при ветеринаря. Много е важно след това ветеринар да я види. Успех!"
R548-ChickenForum,3,3,Bulgarian,bul-BGR,"Форум за птици Въпрос 2 / 7
Използвайте форума за здравето на птиците вдясно. Кликнете върху отговора, който смятате за правилен.
Защо Ивана_88 е решила да зададе въпроса си в интернет форум?
Защото не знае как да намери ветеринарен лекар.
Защото си мисли, че проблемът с кокошката не е сериозен.
Защото иска да помогне на кокошката си възможно най-бързо.
Защото няма възможност да отиде при ветеринарен лекар."
R548-ChickenForum,4,1,Bulgarian,bul-BGR,PISA
R548-ChickenForum,4,2,Bulgarian,bul-BGR,"www.zdrave_ptici.com/forum/aspirin-pileta
Здравето на птиците
Вашите онлайн ресурси за здрави птици
Относно
Форум
Фотографии
Да даваме ли аспирин на кокошките?
Ивана_88 Начало на дискусията Публикувано на 28 октомври в 18:12 ч.
Здравейте! Мога ли да давам аспирин на моята кокошка? Тя е на 2 години и мисля, че си е наранила крака. Не мога да отида при ветеринаря преди понеделник, а той не си вдига телефона. Струва ми се, че много я боли. Искам да ѝ дам нещо, за да се почувства по-добре, докато я занеса при ветеринаря. Благодаря Ви за помощта.
НелиB79 Публикувано на 28 октомври в 18:36 ч.
Не знам дали аспиринът е безопасен за кокошките или не. Винаги се допитвам до ветеринаря, преди да давам някакво лекарство на моите птици. Знам, че някои лекарства, които са безопасни за хората, могат да бъдат много опасни за птиците.
Моника Публикувано на 28 октомври в 18:52 ч.
Аз дадох на една от кокошките ми аспирин, когато се беше наранила. Нямаше проблеми. На следващия ден отидох при ветеринаря, но кокошката вече беше по-добре. Мисля, че може да е опасно, ако дадеш прекалено много, така че не превишавай дозата! Надявам се да се почувства по-добре!
Птичи_оферти Публикувано на 28 октомври в 19:07 ч.
Здравейте! Не забравяйте да погледнете моите изключително ниски оферти за всички продукти за птици. В момента имам голяма разпродажба!
Боби Публикувано на 28 октомври в 19:15 ч.
Моля Ви, някой може ли да ми каже как да разбера дали кокошката е болна? Благодаря.
Филип Публикувано на 28 октомври в 19:21 ч.
Здравейте, Ивана, Аз съм ветеринарен лекар, специалист по домашните птици. Няма проблем на наранените кокошки да се дава аспирин, ако има признаци, че изпитват болка. Когато предписвам аспирин на домашни птици, аз следвам препоръките, публикувани в „Наръчник по патология на птиците“. На кокошките трябва да се дава по 5 мг аспирин на един килограм телесно тегло. Можете да давате тази доза по 3-4 пъти на ден, докато успеете да отидете при ветеринаря. Много е важно след това ветеринар да я види. Успех!"
R548-ChickenForum,4,3,Bulgarian,bul-BGR,"Форум за птици Въпрос 3 / 7
Използвайте форума за здравето на птиците вдясно.  Кликнете върху отговорите в таблицата, които смятате за правилни.
Някои публикации във форума са свързани с темата, но други не са. Кликнете върху Да или Не, за да посочите дали публикациите в таблицата по-долу са свързани с проблема на  Ивана_88.
Публикацията свързана ли е с проблема на Ивана_88?
Да
Не
Публикацията на НелиB79
Публикацията на Моника
Публикацията на Птичи_оферти
Публикацията на Боби
Публикацията на Филип"
R548-ChickenForum,5,1,Bulgarian,bul-BGR,PISA
R548-ChickenForum,5,2,Bulgarian,bul-BGR,"www.zdrave_ptici.com/forum/aspirin-pileta
Здравето на птиците
Вашите онлайн ресурси за здрави птици
Относно
Форум
Фотографии
Да даваме ли аспирин на кокошките?
Ивана_88 Начало на дискусията Публикувано на 28 октомври в 18:12 ч.
Здравейте! Мога ли да давам аспирин на моята кокошка? Тя е на 2 години и мисля, че си е наранила крака. Не мога да отида при ветеринаря преди понеделник, а той не си вдига телефона. Струва ми се, че много я боли. Искам да ѝ дам нещо, за да се почувства по-добре, докато я занеса при ветеринаря. Благодаря Ви за помощта.
НелиB79 Публикувано на 28 октомври в 18:36 ч.
Не знам дали аспиринът е безопасен за кокошките или не. Винаги се допитвам до ветеринаря, преди да давам някакво лекарство на моите птици. Знам, че някои лекарства, които са безопасни за хората, могат да бъдат много опасни за птиците.
Моника Публикувано на 28 октомври в 18:52 ч.
Аз дадох на една от кокошките ми аспирин, когато се беше наранила. Нямаше проблеми. На следващия ден отидох при ветеринаря, но кокошката вече беше по-добре. Мисля, че може да е опасно, ако дадеш прекалено много, така че не превишавай дозата! Надявам се да се почувства по-добре!
Птичи_оферти Публикувано на 28 октомври в 19:07 ч.
Здравейте! Не забравяйте да погледнете моите изключително ниски оферти за всички продукти за птици. В момента имам голяма разпродажба!
Боби Публикувано на 28 октомври в 19:15 ч.
Моля Ви, някой може ли да ми каже как да разбера дали кокошката е болна? Благодаря.
Филип Публикувано на 28 октомври в 19:21 ч.
Здравейте, Ивана, Аз съм ветеринарен лекар, специалист по домашните птици. Няма проблем на наранените кокошки да се дава аспирин, ако има признаци, че изпитват болка. Когато предписвам аспирин на домашни птици, аз следвам препоръките, публикувани в „Наръчник по патология на птиците“. На кокошките трябва да се дава по 5 мг аспирин на един килограм телесно тегло. Можете да давате тази доза по 3-4 пъти на ден, докато успеете да отидете при ветеринаря. Много е важно след това ветеринар да я види. Успех!"
R548-ChickenForum,5,3,Bulgarian,bul-BGR,"Форум за птици Въпрос 4 / 7
Използвайте форума за здравето на птиците вдясно. Кликнете върху отговора, който смятате за правилен.
Кой е наблюдавал положителен резултат, след като е дал аспирин на наранена кокошка?
Ивана_88
НелиB79
Моника
Боби"
R548-ChickenForum,6,1,Bulgarian,bul-BGR,PISA
R548-ChickenForum,6,2,Bulgarian,bul-BGR,"www.zdrave_ptici.com/forum/aspirin-pileta
Здравето на птиците
Вашите онлайн ресурси за здрави птици
Относно
Форум
Фотографии
Да даваме ли аспирин на кокошките?
Ивана_88 Начало на дискусията Публикувано на 28 октомври в 18:12 ч.
Здравейте! Мога ли да давам аспирин на моята кокошка? Тя е на 2 години и мисля, че си е наранила крака. Не мога да отида при ветеринаря преди понеделник, а той не си вдига телефона. Струва ми се, че много я боли. Искам да ѝ дам нещо, за да се почувства по-добре, докато я занеса при ветеринаря. Благодаря Ви за помощта.
НелиB79 Публикувано на 28 октомври в 18:36 ч.
Не знам дали аспиринът е безопасен за кокошките или не. Винаги се допитвам до ветеринаря, преди да давам някакво лекарство на моите птици. Знам, че някои лекарства, които са безопасни за хората, могат да бъдат много опасни за птиците.
Моника Публикувано на 28 октомври в 18:52 ч.
Аз дадох на една от кокошките ми аспирин, когато се беше наранила. Нямаше проблеми. На следващия ден отидох при ветеринаря, но кокошката вече беше по-добре. Мисля, че може да е опасно, ако дадеш прекалено много, така че не превишавай дозата! Надявам се да се почувства по-добре!
Птичи_оферти Публикувано на 28 октомври в 19:07 ч.
Здравейте! Не забравяйте да погледнете моите изключително ниски оферти за всички продукти за птици. В момента имам голяма разпродажба!
Боби Публикувано на 28 октомври в 19:15 ч.
Моля Ви, някой може ли да ми каже как да разбера дали кокошката е болна? Благодаря.
Филип Публикувано на 28 октомври в 19:21 ч.
Здравейте, Ивана, Аз съм ветеринарен лекар, специалист по домашните птици. Няма проблем на наранените кокошки да се дава аспирин, ако има признаци, че изпитват болка. Когато предписвам аспирин на домашни птици, аз следвам препоръките, публикувани в „Наръчник по патология на птиците“. На кокошките трябва да се дава по 5 мг аспирин на един килограм телесно тегло. Можете да давате тази доза по 3-4 пъти на ден, докато успеете да отидете при ветеринаря. Много е важно след това ветеринар да я види. Успех!"
R548-ChickenForum,6,3,Bulgarian,bul-BGR,"Форум за птици Въпрос 5 / 7
Използвайте форума за здравето на птиците вдясно. Кликнете върху отговора, който смятате за правилен.
Защо Птичи_оферти отговаря на публикацията на Ивана_88?
За да рекламира бизнеса си.
За да отговори на въпроса на Ивана_88.
За да допълни съвета на Моника.
За да покаже своите познания за птиците."
R548-ChickenForum,7,1,Bulgarian,bul-BGR,PISA
R548-ChickenForum,7,2,Bulgarian,bul-BGR,"www.zdrave_ptici.com/forum/aspirin-pileta
Здравето на птиците
Вашите онлайн ресурси за здрави птици
Относно
Форум
Фотографии
Да даваме ли аспирин на кокошките?
Ивана_88 Начало на дискусията Публикувано на 28 октомври в 18:12 ч.
Здравейте! Мога ли да давам аспирин на моята кокошка? Тя е на 2 години и мисля, че си е наранила крака. Не мога да отида при ветеринаря преди понеделник, а той не си вдига телефона. Струва ми се, че много я боли. Искам да ѝ дам нещо, за да се почувства по-добре, докато я занеса при ветеринаря. Благодаря Ви за помощта.
НелиB79 Публикувано на 28 октомври в 18:36 ч.
Не знам дали аспиринът е безопасен за кокошките или не. Винаги се допитвам до ветеринаря, преди да давам някакво лекарство на моите птици. Знам, че някои лекарства, които са безопасни за хората, могат да бъдат много опасни за птиците.
Моника Публикувано на 28 октомври в 18:52 ч.
Аз дадох на една от кокошките ми аспирин, когато се беше наранила. Нямаше проблеми. На следващия ден отидох при ветеринаря, но кокошката вече беше по-добре. Мисля, че може да е опасно, ако дадеш прекалено много, така че не превишавай дозата! Надявам се да се почувства по-добре!
Птичи_оферти Публикувано на 28 октомври в 19:07 ч.
Здравейте! Не забравяйте да погледнете моите изключително ниски оферти за всички продукти за птици. В момента имам голяма разпродажба!
Боби Публикувано на 28 октомври в 19:15 ч.
Моля Ви, някой може ли да ми каже как да разбера дали кокошката е болна? Благодаря.
Филип Публикувано на 28 октомври в 19:21 ч.
Здравейте, Ивана, Аз съм ветеринарен лекар, специалист по домашните птици. Няма проблем на наранените кокошки да се дава аспирин, ако има признаци, че изпитват болка. Когато предписвам аспирин на домашни птици, аз следвам препоръките, публикувани в „Наръчник по патология на птиците“. На кокошките трябва да се дава по 5 мг аспирин на един килограм телесно тегло. Можете да давате тази доза по 3-4 пъти на ден, докато успеете да отидете при ветеринаря. Много е важно след това ветеринар да я види. Успех!"
R548-ChickenForum,7,3,Bulgarian,bul-BGR,"Форум за птици Въпрос 6 / 7
Използвайте форума за здравето на птиците вдясно. Кликнете върху отговора, който смятате за правилен, и след това се аргументирайте.
Кой е публикувал най-надежден отговор на въпроса на Ивана_88?
НелиB79
Моника
Птичи_оферти
Филип
Обяснете своя отговор."
R548-ChickenForum,8,1,Bulgarian,bul-BGR,PISA
R548-ChickenForum,8,2,Bulgarian,bul-BGR,"www.zdrave_ptici.com/forum/aspirin-pileta
Здравето на птиците
Вашите онлайн ресурси за здрави птици
Относно
Форум
Фотографии
Да даваме ли аспирин на кокошките?
Ивана_88 Начало на дискусията Публикувано на 28 октомври в 18:12 ч.
Здравейте! Мога ли да давам аспирин на моята кокошка? Тя е на 2 години и мисля, че си е наранила крака. Не мога да отида при ветеринаря преди понеделник, а той не си вдига телефона. Струва ми се, че много я боли. Искам да ѝ дам нещо, за да се почувства по-добре, докато я занеса при ветеринаря. Благодаря Ви за помощта.
НелиB79 Публикувано на 28 октомври в 18:36 ч.
Не знам дали аспиринът е безопасен за кокошките или не. Винаги се допитвам до ветеринаря, преди да давам някакво лекарство на моите птици. Знам, че някои лекарства, които са безопасни за хората, могат да бъдат много опасни за птиците.
Моника Публикувано на 28 октомври в 18:52 ч.
Аз дадох на една от кокошките ми аспирин, когато се беше наранила. Нямаше проблеми. На следващия ден отидох при ветеринаря, но кокошката вече беше по-добре. Мисля, че може да е опасно, ако дадеш прекалено много, така че не превишавай дозата! Надявам се да се почувства по-добре!
Птичи_оферти Публикувано на 28 октомври в 19:07 ч.
Здравейте! Не забравяйте да погледнете моите изключително ниски оферти за всички продукти за птици. В момента имам голяма разпродажба!
Боби Публикувано на 28 октомври в 19:15 ч.
Моля Ви, някой може ли да ми каже как да разбера дали кокошката е болна? Благодаря.
Филип Публикувано на 28 октомври в 19:21 ч.
Здравейте, Ивана, Аз съм ветеринарен лекар, специалист по домашните птици. Няма проблем на наранените кокошки да се дава аспирин, ако има признаци, че изпитват болка. Когато предписвам аспирин на домашни птици, аз следвам препоръките, публикувани в „Наръчник по патология на птиците“. На кокошките трябва да се дава по 5 мг аспирин на един килограм телесно тегло. Можете да давате тази доза по 3-4 пъти на ден, докато успеете да отидете при ветеринаря. Много е важно след това ветеринар да я види. Успех!"
R548-ChickenForum,8,3,Bulgarian,bul-BGR,"Форум за птици Въпрос 7 / 7
Използвайте форума за здравето на птиците вдясно. Напишете своя отговор на въпроса.
Защо Филип не може да каже на Ивана_88 точното количество аспирин, което тя трябва да даде на своята кокошка?"
R548-ChickenForum,9,1,Bulgarian,bul-BGR,PISA
R548-ChickenForum,9,2,Bulgarian,bul-BGR,"www.zdrave_ptici.com/forum/aspirin-pileta
Здравето на птиците
Вашите онлайн ресурси за здрави птици
Относно
Форум
Фотографии
Да даваме ли аспирин на кокошките?
Ивана_88 Начало на дискусията Публикувано на 28 октомври в 18:12 ч.
Здравейте! Мога ли да давам аспирин на моята кокошка? Тя е на 2 години и мисля, че си е наранила крака. Не мога да отида при ветеринаря преди понеделник, а той не си вдига телефона. Струва ми се, че много я боли. Искам да ѝ дам нещо, за да се почувства по-добре, докато я занеса при ветеринаря. Благодаря Ви за помощта.
НелиB79 Публикувано на 28 октомври в 18:36 ч.
Не знам дали аспиринът е безопасен за кокошките или не. Винаги се допитвам до ветеринаря, преди да давам някакво лекарство на моите птици. Знам, че някои лекарства, които са безопасни за хората, могат да бъдат много опасни за птиците.
Моника Публикувано на 28 октомври в 18:52 ч.
Аз дадох на една от кокошките ми аспирин, когато се беше наранила. Нямаше проблеми. На следващия ден отидох при ветеринаря, но кокошката вече беше по-добре. Мисля, че може да е опасно, ако дадеш прекалено много, така че не превишавай дозата! Надявам се да се почувства по-добре!
Птичи_оферти Публикувано на 28 октомври в 19:07 ч.
Здравейте! Не забравяйте да погледнете моите изключително ниски оферти за всички продукти за птици. В момента имам голяма разпродажба!
Боби Публикувано на 28 октомври в 19:15 ч.
Моля Ви, някой може ли да ми каже как да разбера дали кокошката е болна? Благодаря.
Филип Публикувано на 28 октомври в 19:21 ч.
Здравейте, Ивана, Аз съм ветеринарен лекар, специалист по домашните птици. Няма проблем на наранените кокошки да се дава аспирин, ако има признаци, че изпитват болка. Когато предписвам аспирин на домашни птици, аз следвам препоръките, публикувани в „Наръчник по патология на птиците“. На кокошките трябва да се дава по 5 мг аспирин на един килограм телесно тегло. Можете да давате тази доза по 3-4 пъти на ден, докато успеете да отидете при ветеринаря. Много е важно след това ветеринар да я види. Успех!"
R548-ChickenForum,9,3,Bulgarian,bul-BGR,"Форум за птици Въпрос 7 / 7
Използвайте форума за здравето на птиците вдясно. Напишете своя отговор на въпроса.
Защо Филип не може да каже на Ивана_88 точното количество аспирин, което тя трябва да даде на своята кокошка?"
R548-ChickenForum,10,1,Bulgarian,bul-BGR,PISA
R548-ChickenForum,10,2,Bulgarian,bul-BGR,"www.zdrave_ptici.com/forum/aspirin-pileta
Здравето на птиците
Вашите онлайн ресурси за здрави птици
Относно
Форум
Фотографии
Да даваме ли аспирин на кокошките?
Ивана_88 Начало на дискусията Публикувано на 28 октомври в 18:12 ч.
Здравейте! Мога ли да давам аспирин на моята кокошка? Тя е на 2 години и мисля, че си е наранила крака. Не мога да отида при ветеринаря преди понеделник, а той не си вдига телефона. Струва ми се, че много я боли. Искам да ѝ дам нещо, за да се почувства по-добре, докато я занеса при ветеринаря. Благодаря Ви за помощта.
НелиB79 Публикувано на 28 октомври в 18:36 ч.
Не знам дали аспиринът е безопасен за кокошките или не. Винаги се допитвам до ветеринаря, преди да давам някакво лекарство на моите птици. Знам, че някои лекарства, които са безопасни за хората, могат да бъдат много опасни за птиците.
Моника Публикувано на 28 октомври в 18:52 ч.
Аз дадох на една от кокошките ми аспирин, когато се беше наранила. Нямаше проблеми. На следващия ден отидох при ветеринаря, но кокошката вече беше по-добре. Мисля, че може да е опасно, ако дадеш прекалено много, така че не превишавай дозата! Надявам се да се почувства по-добре!
Птичи_оферти Публикувано на 28 октомври в 19:07 ч.
Здравейте! Не забравяйте да погледнете моите изключително ниски оферти за всички продукти за птици. В момента имам голяма разпродажба!
Боби Публикувано на 28 октомври в 19:15 ч.
Моля Ви, някой може ли да ми каже как да разбера дали кокошката е болна? Благодаря.
Филип Публикувано на 28 октомври в 19:21 ч.
Здравейте, Ивана, Аз съм ветеринарен лекар, специалист по домашните птици. Няма проблем на наранените кокошки да се дава аспирин, ако има признаци, че изпитват болка. Когато предписвам аспирин на домашни птици, аз следвам препоръките, публикувани в „Наръчник по патология на птиците“. На кокошките трябва да се дава по 5 мг аспирин на един килограм телесно тегло. Можете да давате тази доза по 3-4 пъти на ден, докато успеете да отидете при ветеринаря. Много е важно след това ветеринар да я види. Успех!"
R548-ChickenForum,10,3,Bulgarian,bul-BGR,"Форум за птици Въпрос 7 / 7
Използвайте форума за здравето на птиците вдясно. Напишете своя отговор на въпроса.
Защо Филип не може да каже на Ивана_88 точното количество аспирин, което тя трябва да даде на своята кокошка?"
R548-ChickenForum,1,1,Catalan,cat-ESP,PISA
R548-ChickenForum,1,2,Catalan,cat-ESP,"Fòrum aviar Introducció
Llegeix la introducció. Després clica la fletxa SEGÜENT.
Estàs visitant uns familiars que fa poc s'han traslladat a una granja per criar pollastres. Preguntes a la teva tieta: “Com vau aprendre a criar pollastres?”
Ella diu: “Vam parlar amb molta gent que en cria i a Internet hi ha molts recursos. Per exemple, hi ha un fòrum sobre salut de l'aviram que m’agrada consultar. Em va ser molt útil quan fa poc una de les meves gallines es va fer mal en una pota. T'ensenyaré la conversa que vaig tenir.”
Clica la fletxa SEGÜENT per llegir el fòrum."
R548-ChickenForum,2,1,Catalan,cat-ESP,PISA
R548-ChickenForum,2,2,Catalan,cat-ESP,"www.salutaviram.com/forum/aviram-aspirina
Salut de l'aviram
El teu recurs en línia sobre la salut de l'aviram
Sobre nosaltres
Fòrum
Imatges
Donar aspirina a les gallines
Ivana_88 Inici del fil de conversa Publicat el 28 d'octubre a les 18.12 h
Hola a tothom! Li puc donar una aspirina a la meva gallina? Té 2 anys i crec que s'ha fet mal a una pota. No puc anar al veterinari fins dilluns i no contesta el telèfon. Sembla que la gallina té molt de dolor. M'agradaria donar-li alguna cosa perquè es trobi millor fins que pugui anar al veterinari. Gràcies per la vostra ajuda.
NúriaB79 Publicat el 28 d'octubre a les 18.36 h
No sé si és segur donar aspirina a les gallines o no. Sempre ho consulto al veterinari abans de donar algun medicament als meus ocells. Sé que alguns medicaments que són inofensius per a les persones poden ser molt perillosos per als ocells.
Mònica Publicat el 28 d'octubre a les 18.52 h
Jo li vaig donar una aspirina a una de les meves gallines quan es va fer mal. No hi va haver cap problema. L'endemà vaig anar al veterinari, però ja estava millor. Crec que pot ser perillós si n'hi dónes massa, així que no superis els límits de la dosi! Espero que es trobi millor!
Ofertes_aviàries Publicat el 28 d'octubre a les 19.07 h
Hola! Doneu una ullada a les meves superofertes de tots els productes per a aus. S'està venent tot molt bé en aquests moments!
Robert Publicat el 28 d'octubre a les 19.15 h
Algú em pot dir com saber si un pollastre està malalt? Gràcies.
Francesc Publicat el 28 d'octubre a les 19.21 h
Hola, Ivana, Sóc veterinari especialitzat en ocells. Pots donar aspirina als pollastres ferits si mostren senyals de patir dolor. Quan recepto aspirina a les aus, segueixo les directrius publicades a Medicina Aviària. Els pollastres haurien de rebre 5 mg d'aspirina per kg de massa corporal. Li pots donar aquesta quantitat 3-4 cops al dia fins que puguis anar al veterinari. És molt important que en facis un seguiment amb el veterinari. Bona sort!"
R548-ChickenForum,2,3,Catalan,cat-ESP,"Fòrum aviar Pregunta 1 / 7
Consulta el fòrum sobre salut de l'aviram a la dreta. Clica una opció per respondre la pregunta.
Què vol saber la Ivana_88?
Si pot donar aspirina a una gallina ferida.
Amb quina freqüència pot donar aspirina a una gallina ferida.
Com posar-se en contacte amb un veterinari per parlar d'una gallina ferida.
Si pot determinar el grau de dolor d'una gallina ferida."
R548-ChickenForum,3,1,Catalan,cat-ESP,PISA
R548-ChickenForum,3,2,Catalan,cat-ESP,"www.salutaviram.com/forum/aviram-aspirina
Salut de l'aviram
El teu recurs en línia sobre la salut de l'aviram
Sobre nosaltres
Fòrum
Imatges
Donar aspirina a les gallines
Ivana_88 Inici del fil de conversa Publicat el 28 d'octubre a les 18.12 h
Hola a tothom! Li puc donar una aspirina a la meva gallina? Té 2 anys i crec que s'ha fet mal a una pota. No puc anar al veterinari fins dilluns i no contesta el telèfon. Sembla que la gallina té molt de dolor. M'agradaria donar-li alguna cosa perquè es trobi millor fins que pugui anar al veterinari. Gràcies per la vostra ajuda.
NúriaB79 Publicat el 28 d'octubre a les 18.36 h
No sé si és segur donar aspirina a les gallines o no. Sempre ho consulto al veterinari abans de donar algun medicament als meus ocells. Sé que alguns medicaments que són inofensius per a les persones poden ser molt perillosos per als ocells.
Mònica Publicat el 28 d'octubre a les 18.52 h
Jo li vaig donar una aspirina a una de les meves gallines quan es va fer mal. No hi va haver cap problema. L'endemà vaig anar al veterinari, però ja estava millor. Crec que pot ser perillós si n'hi dónes massa, així que no superis els límits de la dosi! Espero que es trobi millor!
Ofertes_aviàries Publicat el 28 d'octubre a les 19.07 h
Hola! Doneu una ullada a les meves superofertes de tots els productes per a aus. S'està venent tot molt bé en aquests moments!
Robert Publicat el 28 d'octubre a les 19.15 h
Algú em pot dir com saber si un pollastre està malalt? Gràcies.
Francesc Publicat el 28 d'octubre a les 19.21 h
Hola, Ivana, Sóc veterinari especialitzat en ocells. Pots donar aspirina als pollastres ferits si mostren senyals de patir dolor. Quan recepto aspirina a les aus, segueixo les directrius publicades a Medicina Aviària. Els pollastres haurien de rebre 5 mg d'aspirina per kg de massa corporal. Li pots donar aquesta quantitat 3-4 cops al dia fins que puguis anar al veterinari. És molt important que en facis un seguiment amb el veterinari. Bona sort!"
R548-ChickenForum,3,3,Catalan,cat-ESP,"Fòrum aviar Pregunta 2 / 7
Consulta el fòrum sobre salut de l'aviram a la dreta. Clica una opció per respondre la pregunta.
Per què decideix la Ivana_88 publicar la seva pregunta en un fòrum d'Internet?
Perquè no sap com trobar un veterinari.
Perquè no creu que el problema de la gallina sigui greu.
Perquè vol ajudar la gallina com més aviat millor.
Perquè no es pot permetre anar al veterinari."
R548-ChickenForum,4,1,Catalan,cat-ESP,PISA
R548-ChickenForum,4,2,Catalan,cat-ESP,"www.salutaviram.com/forum/aviram-aspirina
Salut de l'aviram
El teu recurs en línia sobre la salut de l'aviram
Sobre nosaltres
Fòrum
Imatges
Donar aspirina a les gallines
Ivana_88 Inici del fil de conversa Publicat el 28 d'octubre a les 18.12 h
Hola a tothom! Li puc donar una aspirina a la meva gallina? Té 2 anys i crec que s'ha fet mal a una pota. No puc anar al veterinari fins dilluns i no contesta el telèfon. Sembla que la gallina té molt de dolor. M'agradaria donar-li alguna cosa perquè es trobi millor fins que pugui anar al veterinari. Gràcies per la vostra ajuda.
NúriaB79 Publicat el 28 d'octubre a les 18.36 h
No sé si és segur donar aspirina a les gallines o no. Sempre ho consulto al veterinari abans de donar algun medicament als meus ocells. Sé que alguns medicaments que són inofensius per a les persones poden ser molt perillosos per als ocells.
Mònica Publicat el 28 d'octubre a les 18.52 h
Jo li vaig donar una aspirina a una de les meves gallines quan es va fer mal. No hi va haver cap problema. L'endemà vaig anar al veterinari, però ja estava millor. Crec que pot ser perillós si n'hi dónes massa, així que no superis els límits de la dosi! Espero que es trobi millor!
Ofertes_aviàries Publicat el 28 d'octubre a les 19.07 h
Hola! Doneu una ullada a les meves superofertes de tots els productes per a aus. S'està venent tot molt bé en aquests moments!
Robert Publicat el 28 d'octubre a les 19.15 h
Algú em pot dir com saber si un pollastre està malalt? Gràcies.
Francesc Publicat el 28 d'octubre a les 19.21 h
Hola, Ivana, Sóc veterinari especialitzat en ocells. Pots donar aspirina als pollastres ferits si mostren senyals de patir dolor. Quan recepto aspirina a les aus, segueixo les directrius publicades a Medicina Aviària. Els pollastres haurien de rebre 5 mg d'aspirina per kg de massa corporal. Li pots donar aquesta quantitat 3-4 cops al dia fins que puguis anar al veterinari. És molt important que en facis un seguiment amb el veterinari. Bona sort!"
R548-ChickenForum,4,3,Catalan,cat-ESP,"Fòrum aviar Pregunta 3 / 7
Consulta el fòrum sobre salut de l'aviram a la dreta. Clica les opcions de la taula per respondre la pregunta.
Algunes publicacions en un fòrum poden ser pertinents per al tema mentre que d'altres no ho són. Clica Sí o No per indicar si les publicacions de la taula següent són pertinents per al problema de la Ivana_88.
La publicació és pertinent per al problema de la Ivana_88?
Sí
No
Publicació de la NúriaB79
Publicació de la Mònica
Publicació d’Ofertes_aviàries
Publicació d'en Robert
Publicació d'en Francesc"
R548-ChickenForum,5,1,Catalan,cat-ESP,PISA
R548-ChickenForum,5,2,Catalan,cat-ESP,"www.salutaviram.com/forum/aviram-aspirina
Salut de l'aviram
El teu recurs en línia sobre la salut de l'aviram
Sobre nosaltres
Fòrum
Imatges
Donar aspirina a les gallines
Ivana_88 Inici del fil de conversa Publicat el 28 d'octubre a les 18.12 h
Hola a tothom! Li puc donar una aspirina a la meva gallina? Té 2 anys i crec que s'ha fet mal a una pota. No puc anar al veterinari fins dilluns i no contesta el telèfon. Sembla que la gallina té molt de dolor. M'agradaria donar-li alguna cosa perquè es trobi millor fins que pugui anar al veterinari. Gràcies per la vostra ajuda.
NúriaB79 Publicat el 28 d'octubre a les 18.36 h
No sé si és segur donar aspirina a les gallines o no. Sempre ho consulto al veterinari abans de donar algun medicament als meus ocells. Sé que alguns medicaments que són inofensius per a les persones poden ser molt perillosos per als ocells.
Mònica Publicat el 28 d'octubre a les 18.52 h
Jo li vaig donar una aspirina a una de les meves gallines quan es va fer mal. No hi va haver cap problema. L'endemà vaig anar al veterinari, però ja estava millor. Crec que pot ser perillós si n'hi dónes massa, així que no superis els límits de la dosi! Espero que es trobi millor!
Ofertes_aviàries Publicat el 28 d'octubre a les 19.07 h
Hola! Doneu una ullada a les meves superofertes de tots els productes per a aus. S'està venent tot molt bé en aquests moments!
Robert Publicat el 28 d'octubre a les 19.15 h
Algú em pot dir com saber si un pollastre està malalt? Gràcies.
Francesc Publicat el 28 d'octubre a les 19.21 h
Hola, Ivana, Sóc veterinari especialitzat en ocells. Pots donar aspirina als pollastres ferits si mostren senyals de patir dolor. Quan recepto aspirina a les aus, segueixo les directrius publicades a Medicina Aviària. Els pollastres haurien de rebre 5 mg d'aspirina per kg de massa corporal. Li pots donar aquesta quantitat 3-4 cops al dia fins que puguis anar al veterinari. És molt important que en facis un seguiment amb el veterinari. Bona sort!"
R548-ChickenForum,5,3,Catalan,cat-ESP,"Fòrum aviar Pregunta 4 / 7
Consulta el fòrum sobre salut de l'aviram a la dreta. Clica una opció per respondre la pregunta.
Qui ha tingut experiències positives en donar una aspirina a una gallina ferida?
Ivana_88
NúriaB79
Mònica
Robert"
R548-ChickenForum,6,1,Catalan,cat-ESP,PISA
R548-ChickenForum,6,2,Catalan,cat-ESP,"www.salutaviram.com/forum/aviram-aspirina
Salut de l'aviram
El teu recurs en línia sobre la salut de l'aviram
Sobre nosaltres
Fòrum
Imatges
Donar aspirina a les gallines
Ivana_88 Inici del fil de conversa Publicat el 28 d'octubre a les 18.12 h
Hola a tothom! Li puc donar una aspirina a la meva gallina? Té 2 anys i crec que s'ha fet mal a una pota. No puc anar al veterinari fins dilluns i no contesta el telèfon. Sembla que la gallina té molt de dolor. M'agradaria donar-li alguna cosa perquè es trobi millor fins que pugui anar al veterinari. Gràcies per la vostra ajuda.
NúriaB79 Publicat el 28 d'octubre a les 18.36 h
No sé si és segur donar aspirina a les gallines o no. Sempre ho consulto al veterinari abans de donar algun medicament als meus ocells. Sé que alguns medicaments que són inofensius per a les persones poden ser molt perillosos per als ocells.
Mònica Publicat el 28 d'octubre a les 18.52 h
Jo li vaig donar una aspirina a una de les meves gallines quan es va fer mal. No hi va haver cap problema. L'endemà vaig anar al veterinari, però ja estava millor. Crec que pot ser perillós si n'hi dónes massa, així que no superis els límits de la dosi! Espero que es trobi millor!
Ofertes_aviàries Publicat el 28 d'octubre a les 19.07 h
Hola! Doneu una ullada a les meves superofertes de tots els productes per a aus. S'està venent tot molt bé en aquests moments!
Robert Publicat el 28 d'octubre a les 19.15 h
Algú em pot dir com saber si un pollastre està malalt? Gràcies.
Francesc Publicat el 28 d'octubre a les 19.21 h
Hola, Ivana, Sóc veterinari especialitzat en ocells. Pots donar aspirina als pollastres ferits si mostren senyals de patir dolor. Quan recepto aspirina a les aus, segueixo les directrius publicades a Medicina Aviària. Els pollastres haurien de rebre 5 mg d'aspirina per kg de massa corporal. Li pots donar aquesta quantitat 3-4 cops al dia fins que puguis anar al veterinari. És molt important que en facis un seguiment amb el veterinari. Bona sort!"
R548-ChickenForum,6,3,Catalan,cat-ESP,"Fòrum aviar Pregunta 5 / 7
Consulta el fòrum sobre salut de l'aviram a la dreta. Clica una opció per respondre la pregunta.
Per què respon Ofertes_aviàries a la publicació de la Ivana_88?
Per fer publicitat del seu negoci.
Per respondre la pregunta de la Ivana_88.
Per afegir-se al consell de la Mònica.
Per demostrar que és un expert en ocells."
R548-ChickenForum,7,1,Catalan,cat-ESP,PISA
R548-ChickenForum,7,2,Catalan,cat-ESP,"www.salutaviram.com/forum/aviram-aspirina
Salut de l'aviram
El teu recurs en línia sobre la salut de l'aviram
Sobre nosaltres
Fòrum
Imatges
Donar aspirina a les gallines
Ivana_88 Inici del fil de conversa Publicat el 28 d'octubre a les 18.12 h
Hola a tothom! Li puc donar una aspirina a la meva gallina? Té 2 anys i crec que s'ha fet mal a una pota. No puc anar al veterinari fins dilluns i no contesta el telèfon. Sembla que la gallina té molt de dolor. M'agradaria donar-li alguna cosa perquè es trobi millor fins que pugui anar al veterinari. Gràcies per la vostra ajuda.
NúriaB79 Publicat el 28 d'octubre a les 18.36 h
No sé si és segur donar aspirina a les gallines o no. Sempre ho consulto al veterinari abans de donar algun medicament als meus ocells. Sé que alguns medicaments que són inofensius per a les persones poden ser molt perillosos per als ocells.
Mònica Publicat el 28 d'octubre a les 18.52 h
Jo li vaig donar una aspirina a una de les meves gallines quan es va fer mal. No hi va haver cap problema. L'endemà vaig anar al veterinari, però ja estava millor. Crec que pot ser perillós si n'hi dónes massa, així que no superis els límits de la dosi! Espero que es trobi millor!
Ofertes_aviàries Publicat el 28 d'octubre a les 19.07 h
Hola! Doneu una ullada a les meves superofertes de tots els productes per a aus. S'està venent tot molt bé en aquests moments!
Robert Publicat el 28 d'octubre a les 19.15 h
Algú em pot dir com saber si un pollastre està malalt? Gràcies.
Francesc Publicat el 28 d'octubre a les 19.21 h
Hola, Ivana, Sóc veterinari especialitzat en ocells. Pots donar aspirina als pollastres ferits si mostren senyals de patir dolor. Quan recepto aspirina a les aus, segueixo les directrius publicades a Medicina Aviària. Els pollastres haurien de rebre 5 mg d'aspirina per kg de massa corporal. Li pots donar aquesta quantitat 3-4 cops al dia fins que puguis anar al veterinari. És molt important que en facis un seguiment amb el veterinari. Bona sort!"
R548-ChickenForum,7,3,Catalan,cat-ESP,"Fòrum aviar Pregunta 6 / 7
Consulta el fòrum sobre salut de l'aviram a la dreta. Clica una opció i a continuació escriu una explicació per respondre la pregunta.
Qui va publicar la resposta més fiable a la pregunta de la Ivana_88?
NúriaB79
Mònica
Ofertes_aviàries
Francesc
Justifica la teva resposta."
R548-ChickenForum,8,1,Catalan,cat-ESP,PISA
R548-ChickenForum,8,2,Catalan,cat-ESP,"www.salutaviram.com/forum/aviram-aspirina
Salut de l'aviram
El teu recurs en línia sobre la salut de l'aviram
Sobre nosaltres
Fòrum
Imatges
Donar aspirina a les gallines
Ivana_88 Inici del fil de conversa Publicat el 28 d'octubre a les 18.12 h
Hola a tothom! Li puc donar una aspirina a la meva gallina? Té 2 anys i crec que s'ha fet mal a una pota. No puc anar al veterinari fins dilluns i no contesta el telèfon. Sembla que la gallina té molt de dolor. M'agradaria donar-li alguna cosa perquè es trobi millor fins que pugui anar al veterinari. Gràcies per la vostra ajuda.
NúriaB79 Publicat el 28 d'octubre a les 18.36 h
No sé si és segur donar aspirina a les gallines o no. Sempre ho consulto al veterinari abans de donar algun medicament als meus ocells. Sé que alguns medicaments que són inofensius per a les persones poden ser molt perillosos per als ocells.
Mònica Publicat el 28 d'octubre a les 18.52 h
Jo li vaig donar una aspirina a una de les meves gallines quan es va fer mal. No hi va haver cap problema. L'endemà vaig anar al veterinari, però ja estava millor. Crec que pot ser perillós si n'hi dónes massa, així que no superis els límits de la dosi! Espero que es trobi millor!
Ofertes_aviàries Publicat el 28 d'octubre a les 19.07 h
Hola! Doneu una ullada a les meves superofertes de tots els productes per a aus. S'està venent tot molt bé en aquests moments!
Robert Publicat el 28 d'octubre a les 19.15 h
Algú em pot dir com saber si un pollastre està malalt? Gràcies.
Francesc Publicat el 28 d'octubre a les 19.21 h
Hola, Ivana, Sóc veterinari especialitzat en ocells. Pots donar aspirina als pollastres ferits si mostren senyals de patir dolor. Quan recepto aspirina a les aus, segueixo les directrius publicades a Medicina Aviària. Els pollastres haurien de rebre 5 mg d'aspirina per kg de massa corporal. Li pots donar aquesta quantitat 3-4 cops al dia fins que puguis anar al veterinari. És molt important que en facis un seguiment amb el veterinari. Bona sort!"
R548-ChickenForum,8,3,Catalan,cat-ESP,"Fòrum aviar Pregunta 7 / 7
Consulta el fòrum sobre salut de l'aviram a la dreta. Escriu la resposta a la pregunta.
Per què en Francesc no pot dir a la Ivana_88 la quantitat d'aspirina exacta per a la seva gallina?"
R548-ChickenForum,9,1,Catalan,cat-ESP,PISA
R548-ChickenForum,9,2,Catalan,cat-ESP,"www.salutaviram.com/forum/aviram-aspirina
Salut de l'aviram
El teu recurs en línia sobre la salut de l'aviram
Sobre nosaltres
Fòrum
Imatges
Donar aspirina a les gallines
Ivana_88 Inici del fil de conversa Publicat el 28 d'octubre a les 18.12 h
Hola a tothom! Li puc donar una aspirina a la meva gallina? Té 2 anys i crec que s'ha fet mal a una pota. No puc anar al veterinari fins dilluns i no contesta el telèfon. Sembla que la gallina té molt de dolor. M'agradaria donar-li alguna cosa perquè es trobi millor fins que pugui anar al veterinari. Gràcies per la vostra ajuda.
NúriaB79 Publicat el 28 d'octubre a les 18.36 h
No sé si és segur donar aspirina a les gallines o no. Sempre ho consulto al veterinari abans de donar algun medicament als meus ocells. Sé que alguns medicaments que són inofensius per a les persones poden ser molt perillosos per als ocells.
Mònica Publicat el 28 d'octubre a les 18.52 h
Jo li vaig donar una aspirina a una de les meves gallines quan es va fer mal. No hi va haver cap problema. L'endemà vaig anar al veterinari, però ja estava millor. Crec que pot ser perillós si n'hi dónes massa, així que no superis els límits de la dosi! Espero que es trobi millor!
Ofertes_aviàries Publicat el 28 d'octubre a les 19.07 h
Hola! Doneu una ullada a les meves superofertes de tots els productes per a aus. S'està venent tot molt bé en aquests moments!
Robert Publicat el 28 d'octubre a les 19.15 h
Algú em pot dir com saber si un pollastre està malalt? Gràcies.
Francesc Publicat el 28 d'octubre a les 19.21 h
Hola, Ivana, Sóc veterinari especialitzat en ocells. Pots donar aspirina als pollastres ferits si mostren senyals de patir dolor. Quan recepto aspirina a les aus, segueixo les directrius publicades a Medicina Aviària. Els pollastres haurien de rebre 5 mg d'aspirina per kg de massa corporal. Li pots donar aquesta quantitat 3-4 cops al dia fins que puguis anar al veterinari. És molt important que en facis un seguiment amb el veterinari. Bona sort!"
R548-ChickenForum,9,3,Catalan,cat-ESP,"Fòrum aviar Pregunta 7 / 7
Consulta el fòrum sobre salut de l'aviram a la dreta. Escriu la resposta a la pregunta.
Per què en Francesc no pot dir a la Ivana_88 la quantitat d'aspirina exacta per a la seva gallina?"
R548-ChickenForum,10,1,Catalan,cat-ESP,PISA
R548-ChickenForum,10,2,Catalan,cat-ESP,"www.salutaviram.com/forum/aviram-aspirina
Salut de l'aviram
El teu recurs en línia sobre la salut de l'aviram
Sobre nosaltres
Fòrum
Imatges
Donar aspirina a les gallines
Ivana_88 Inici del fil de conversa Publicat el 28 d'octubre a les 18.12 h
Hola a tothom! Li puc donar una aspirina a la meva gallina? Té 2 anys i crec que s'ha fet mal a una pota. No puc anar al veterinari fins dilluns i no contesta el telèfon. Sembla que la gallina té molt de dolor. M'agradaria donar-li alguna cosa perquè es trobi millor fins que pugui anar al veterinari. Gràcies per la vostra ajuda.
NúriaB79 Publicat el 28 d'octubre a les 18.36 h
No sé si és segur donar aspirina a les gallines o no. Sempre ho consulto al veterinari abans de donar algun medicament als meus ocells. Sé que alguns medicaments que són inofensius per a les persones poden ser molt perillosos per als ocells.
Mònica Publicat el 28 d'octubre a les 18.52 h
Jo li vaig donar una aspirina a una de les meves gallines quan es va fer mal. No hi va haver cap problema. L'endemà vaig anar al veterinari, però ja estava millor. Crec que pot ser perillós si n'hi dónes massa, així que no superis els límits de la dosi! Espero que es trobi millor!
Ofertes_aviàries Publicat el 28 d'octubre a les 19.07 h
Hola! Doneu una ullada a les meves superofertes de tots els productes per a aus. S'està venent tot molt bé en aquests moments!
Robert Publicat el 28 d'octubre a les 19.15 h
Algú em pot dir com saber si un pollastre està malalt? Gràcies.
Francesc Publicat el 28 d'octubre a les 19.21 h
Hola, Ivana, Sóc veterinari especialitzat en ocells. Pots donar aspirina als pollastres ferits si mostren senyals de patir dolor. Quan recepto aspirina a les aus, segueixo les directrius publicades a Medicina Aviària. Els pollastres haurien de rebre 5 mg d'aspirina per kg de massa corporal. Li pots donar aquesta quantitat 3-4 cops al dia fins que puguis anar al veterinari. És molt important que en facis un seguiment amb el veterinari. Bona sort!"
R548-ChickenForum,10,3,Catalan,cat-ESP,"Fòrum aviar Pregunta 7 / 7
Consulta el fòrum sobre salut de l'aviram a la dreta. Escriu la resposta a la pregunta.
Per què en Francesc no pot dir a la Ivana_88 la quantitat d'aspirina exacta per a la seva gallina?"
R548-ChickenForum,1,1,Chinese,zho-CHN,PISA
R548-ChickenForum,1,2,Chinese,zho-CHN,"家禽论坛 简介
阅读简介， 然后点击“下一页”的箭头。
你正在探访一位刚刚搬到农场养鸡的亲戚， 你问姑姑：“你是怎么学养鸡的？”
姑姑说：“我们与很多养鸡的人交流， 同时，互联网上也有很多资源。 例如，我喜欢浏览的家禽健康论坛。 最近，我有一只母鸡的腿部受了伤，这个论坛就对我很有帮助 。 让你看看我的一些讨论内容。”
点击“下一页”的箭头来阅读论坛。"
R548-ChickenForum,2,1,Chinese,zho-CHN,PISA
R548-ChickenForum,2,2,Chinese,zho-CHN,"www.chickenhealth.com/forum/aspirin-chickens
家禽健康
你的健康家禽网上资源
关于
论坛
图片
给鸡喂食阿司匹林
伊凡娜_88 楼主 发表于10月28日18:12
大家好！ 给母鸡喂食阿司匹林会有问题吗？ 它2岁，我觉得它的腿受了伤。 星期一之前，我没法去找兽医，而兽医又没有接听我的电话。 我的母鸡看起来非常痛苦， 我想在我能带它看兽医之前先给它一些东西，让它感觉舒服点。 感谢帮忙！
纳莉B79 发表于10月28日18:36
我不知道阿司匹林对母鸡是否安全。 在给家禽喂药之前，我总是先咨询兽医。 我知道一些对人类安全的药物对鸟类是非常危险的。
莫妮 发表于10月28日18:52
我家一只母鸡受伤时，我给它喂过阿司匹林， 没出现问题。 第二天，我去找兽医，但它已经好多了。 我认为如果喂食过多，可能会有危险，所以不要超出剂量限制！ 希望它快点好！
禽鸟_交易 发表于10月28日19:07
嘿！ 嘿！别忘了过来看看我的超低价禽鸟用品。 全面大减价中！
鲍伯 发表于10月28日19:15
有人能告诉我如何判断鸡是否生病了吗？ 谢谢！
富兰克 发表于10月28日19:21
你好，伊凡娜， 我是鸟类专科的兽医。 如果受伤的鸡有疼痛的迹象，给它喂食阿司匹林是没有问题的。 给禽鸟喂食阿司匹林时，我会遵循《临床禽鸟医疗》发布的指南。 每公斤的鸡应摄取5毫克的阿司匹林。 在去看兽医之前，可以每天喂食3-4次。 找兽医跟进是十分重要的。 祝你好运！"
R548-ChickenForum,2,3,Chinese,zho-CHN,"家禽论坛 问题 1 / 7
参考右侧的“家禽健康论坛”， 点击一个选项来回答本题。
伊凡娜_88想知道什么？
她是否可以为受伤的母鸡喂食阿司匹林。
她为受伤的母鸡喂食阿司匹林的频次。
如何为受伤的母鸡找兽医。
她是否可以判断受伤母鸡的疼痛程度。"
R548-ChickenForum,3,1,Chinese,zho-CHN,PISA
R548-ChickenForum,3,2,Chinese,zho-CHN,"www.chickenhealth.com/forum/aspirin-chickens
家禽健康
你的健康家禽网上资源
关于
论坛
图片
给鸡喂食阿司匹林
伊凡娜_88 楼主 发表于10月28日18:12
大家好！ 给母鸡喂食阿司匹林会有问题吗？ 它2岁，我觉得它的腿受了伤。 星期一之前，我没法去找兽医，而兽医又没有接听我的电话。 我的母鸡看起来非常痛苦， 我想在我能带它看兽医之前先给它一些东西，让它感觉舒服点。 感谢帮忙！
纳莉B79 发表于10月28日18:36
我不知道阿司匹林对母鸡是否安全。 在给家禽喂药之前，我总是先咨询兽医。 我知道一些对人类安全的药物对鸟类是非常危险的。
莫妮 发表于10月28日18:52
我家一只母鸡受伤时，我给它喂过阿司匹林， 没出现问题。 第二天，我去找兽医，但它已经好多了。 我认为如果喂食过多，可能会有危险，所以不要超出剂量限制！ 希望它快点好！
禽鸟_交易 发表于10月28日19:07
嘿！ 嘿！别忘了过来看看我的超低价禽鸟用品。 全面大减价中！
鲍伯 发表于10月28日19:15
有人能告诉我如何判断鸡是否生病了吗？ 谢谢！
富兰克 发表于10月28日19:21
你好，伊凡娜， 我是鸟类专科的兽医。 如果受伤的鸡有疼痛的迹象，给它喂食阿司匹林是没有问题的。 给禽鸟喂食阿司匹林时，我会遵循《临床禽鸟医疗》发布的指南。 每公斤的鸡应摄取5毫克的阿司匹林。 在去看兽医之前，可以每天喂食3-4次。 找兽医跟进是十分重要的。 祝你好运！"
R548-ChickenForum,3,3,Chinese,zho-CHN,"家禽论坛 问题 2 / 7
参考右侧的“家禽健康论坛”， 点击一个选项来回答本题。
为什么伊凡娜_88决定在互联网论坛上发表她的问题？
因为她不知道如何找兽医。
因为她认为母鸡的问题不严重。
因为她想尽快帮助她的母鸡。
因为她负担不起看兽医的费用。"
R548-ChickenForum,4,1,Chinese,zho-CHN,PISA
R548-ChickenForum,4,2,Chinese,zho-CHN,"www.chickenhealth.com/forum/aspirin-chickens
家禽健康
你的健康家禽网上资源
关于
论坛
图片
给鸡喂食阿司匹林
伊凡娜_88 楼主 发表于10月28日18:12
大家好！ 给母鸡喂食阿司匹林会有问题吗？ 它2岁，我觉得它的腿受了伤。 星期一之前，我没法去找兽医，而兽医又没有接听我的电话。 我的母鸡看起来非常痛苦， 我想在我能带它看兽医之前先给它一些东西，让它感觉舒服点。 感谢帮忙！
纳莉B79 发表于10月28日18:36
我不知道阿司匹林对母鸡是否安全。 在给家禽喂药之前，我总是先咨询兽医。 我知道一些对人类安全的药物对鸟类是非常危险的。
莫妮 发表于10月28日18:52
我家一只母鸡受伤时，我给它喂过阿司匹林， 没出现问题。 第二天，我去找兽医，但它已经好多了。 我认为如果喂食过多，可能会有危险，所以不要超出剂量限制！ 希望它快点好！
禽鸟_交易 发表于10月28日19:07
嘿！ 嘿！别忘了过来看看我的超低价禽鸟用品。 全面大减价中！
鲍伯 发表于10月28日19:15
有人能告诉我如何判断鸡是否生病了吗？ 谢谢！
富兰克 发表于10月28日19:21
你好，伊凡娜， 我是鸟类专科的兽医。 如果受伤的鸡有疼痛的迹象，给它喂食阿司匹林是没有问题的。 给禽鸟喂食阿司匹林时，我会遵循《临床禽鸟医疗》发布的指南。 每公斤的鸡应摄取5毫克的阿司匹林。 在去看兽医之前，可以每天喂食3-4次。 找兽医跟进是十分重要的。 祝你好运！"
R548-ChickenForum,4,3,Chinese,zho-CHN,"家禽论坛 问题 3 / 7
参考右侧的“家禽健康论坛”，  点击表格中的选项来回答本题。
论坛上有些帖子可以与主题拉上关系，但有些并不能。 点击“是”或“否”，来指出下表的帖子是否与伊凡娜_88的问题相关。
帖子是否与伊凡娜_88的问题相关？
是
否
纳莉B79的帖子
莫妮的帖子
禽鸟_交易的帖子
鲍伯的帖子
富兰克的帖子"
R548-ChickenForum,5,1,Chinese,zho-CHN,PISA
R548-ChickenForum,5,2,Chinese,zho-CHN,"www.chickenhealth.com/forum/aspirin-chickens
家禽健康
你的健康家禽网上资源
关于
论坛
图片
给鸡喂食阿司匹林
伊凡娜_88 楼主 发表于10月28日18:12
大家好！ 给母鸡喂食阿司匹林会有问题吗？ 它2岁，我觉得它的腿受了伤。 星期一之前，我没法去找兽医，而兽医又没有接听我的电话。 我的母鸡看起来非常痛苦， 我想在我能带它看兽医之前先给它一些东西，让它感觉舒服点。 感谢帮忙！
纳莉B79 发表于10月28日18:36
我不知道阿司匹林对母鸡是否安全。 在给家禽喂药之前，我总是先咨询兽医。 我知道一些对人类安全的药物对鸟类是非常危险的。
莫妮 发表于10月28日18:52
我家一只母鸡受伤时，我给它喂过阿司匹林， 没出现问题。 第二天，我去找兽医，但它已经好多了。 我认为如果喂食过多，可能会有危险，所以不要超出剂量限制！ 希望它快点好！
禽鸟_交易 发表于10月28日19:07
嘿！ 嘿！别忘了过来看看我的超低价禽鸟用品。 全面大减价中！
鲍伯 发表于10月28日19:15
有人能告诉我如何判断鸡是否生病了吗？ 谢谢！
富兰克 发表于10月28日19:21
你好，伊凡娜， 我是鸟类专科的兽医。 如果受伤的鸡有疼痛的迹象，给它喂食阿司匹林是没有问题的。 给禽鸟喂食阿司匹林时，我会遵循《临床禽鸟医疗》发布的指南。 每公斤的鸡应摄取5毫克的阿司匹林。 在去看兽医之前，可以每天喂食3-4次。 找兽医跟进是十分重要的。 祝你好运！"
R548-ChickenForum,5,3,Chinese,zho-CHN,"家禽论坛 问题 4 / 7
参考右侧的“家禽健康论坛”， 点击一个选项来回答本题。
谁在给母鸡喂食阿司匹林方面有正面经验？
伊凡娜_88
纳莉B79
莫妮
鲍伯"
R548-ChickenForum,6,1,Chinese,zho-CHN,PISA
R548-ChickenForum,6,2,Chinese,zho-CHN,"www.chickenhealth.com/forum/aspirin-chickens
家禽健康
你的健康家禽网上资源
关于
论坛
图片
给鸡喂食阿司匹林
伊凡娜_88 楼主 发表于10月28日18:12
大家好！ 给母鸡喂食阿司匹林会有问题吗？ 它2岁，我觉得它的腿受了伤。 星期一之前，我没法去找兽医，而兽医又没有接听我的电话。 我的母鸡看起来非常痛苦， 我想在我能带它看兽医之前先给它一些东西，让它感觉舒服点。 感谢帮忙！
纳莉B79 发表于10月28日18:36
我不知道阿司匹林对母鸡是否安全。 在给家禽喂药之前，我总是先咨询兽医。 我知道一些对人类安全的药物对鸟类是非常危险的。
莫妮 发表于10月28日18:52
我家一只母鸡受伤时，我给它喂过阿司匹林， 没出现问题。 第二天，我去找兽医，但它已经好多了。 我认为如果喂食过多，可能会有危险，所以不要超出剂量限制！ 希望它快点好！
禽鸟_交易 发表于10月28日19:07
嘿！ 嘿！别忘了过来看看我的超低价禽鸟用品。 全面大减价中！
鲍伯 发表于10月28日19:15
有人能告诉我如何判断鸡是否生病了吗？ 谢谢！
富兰克 发表于10月28日19:21
你好，伊凡娜， 我是鸟类专科的兽医。 如果受伤的鸡有疼痛的迹象，给它喂食阿司匹林是没有问题的。 给禽鸟喂食阿司匹林时，我会遵循《临床禽鸟医疗》发布的指南。 每公斤的鸡应摄取5毫克的阿司匹林。 在去看兽医之前，可以每天喂食3-4次。 找兽医跟进是十分重要的。 祝你好运！"
R548-ChickenForum,6,3,Chinese,zho-CHN,"家禽论坛 问题 5 / 7
参考右侧的“家禽健康论坛”， 点击一个选项来回答本题。
禽鸟_交易为什么回复伊凡娜_88的帖子？
为了推销生意。
为了回答伊凡娜_88的问题。
为了补充莫妮的建议。
为了展示在禽鸟方面的专门知识。"
R548-ChickenForum,7,1,Chinese,zho-CHN,PISA
R548-ChickenForum,7,2,Chinese,zho-CHN,"www.chickenhealth.com/forum/aspirin-chickens
家禽健康
你的健康家禽网上资源
关于
论坛
图片
给鸡喂食阿司匹林
伊凡娜_88 楼主 发表于10月28日18:12
大家好！ 给母鸡喂食阿司匹林会有问题吗？ 它2岁，我觉得它的腿受了伤。 星期一之前，我没法去找兽医，而兽医又没有接听我的电话。 我的母鸡看起来非常痛苦， 我想在我能带它看兽医之前先给它一些东西，让它感觉舒服点。 感谢帮忙！
纳莉B79 发表于10月28日18:36
我不知道阿司匹林对母鸡是否安全。 在给家禽喂药之前，我总是先咨询兽医。 我知道一些对人类安全的药物对鸟类是非常危险的。
莫妮 发表于10月28日18:52
我家一只母鸡受伤时，我给它喂过阿司匹林， 没出现问题。 第二天，我去找兽医，但它已经好多了。 我认为如果喂食过多，可能会有危险，所以不要超出剂量限制！ 希望它快点好！
禽鸟_交易 发表于10月28日19:07
嘿！ 嘿！别忘了过来看看我的超低价禽鸟用品。 全面大减价中！
鲍伯 发表于10月28日19:15
有人能告诉我如何判断鸡是否生病了吗？ 谢谢！
富兰克 发表于10月28日19:21
你好，伊凡娜， 我是鸟类专科的兽医。 如果受伤的鸡有疼痛的迹象，给它喂食阿司匹林是没有问题的。 给禽鸟喂食阿司匹林时，我会遵循《临床禽鸟医疗》发布的指南。 每公斤的鸡应摄取5毫克的阿司匹林。 在去看兽医之前，可以每天喂食3-4次。 找兽医跟进是十分重要的。 祝你好运！"
R548-ChickenForum,7,3,Chinese,zho-CHN,"家禽论坛 问题 6 / 7
参考右侧的“家禽健康论坛”， 点击一个选项，然后输入一个解释来回答本题。
谁对伊凡娜_88的问题发表了最可靠的回答？
纳莉B79
莫妮
禽鸟_交易
富兰克
给出一个理由来支持你的答案。"
R548-ChickenForum,8,1,Chinese,zho-CHN,PISA
R548-ChickenForum,8,2,Chinese,zho-CHN,"www.chickenhealth.com/forum/aspirin-chickens
家禽健康
你的健康家禽网上资源
关于
论坛
图片
给鸡喂食阿司匹林
伊凡娜_88 楼主 发表于10月28日18:12
大家好！ 给母鸡喂食阿司匹林会有问题吗？ 它2岁，我觉得它的腿受了伤。 星期一之前，我没法去找兽医，而兽医又没有接听我的电话。 我的母鸡看起来非常痛苦， 我想在我能带它看兽医之前先给它一些东西，让它感觉舒服点。 感谢帮忙！
纳莉B79 发表于10月28日18:36
我不知道阿司匹林对母鸡是否安全。 在给家禽喂药之前，我总是先咨询兽医。 我知道一些对人类安全的药物对鸟类是非常危险的。
莫妮 发表于10月28日18:52
我家一只母鸡受伤时，我给它喂过阿司匹林， 没出现问题。 第二天，我去找兽医，但它已经好多了。 我认为如果喂食过多，可能会有危险，所以不要超出剂量限制！ 希望它快点好！
禽鸟_交易 发表于10月28日19:07
嘿！ 嘿！别忘了过来看看我的超低价禽鸟用品。 全面大减价中！
鲍伯 发表于10月28日19:15
有人能告诉我如何判断鸡是否生病了吗？ 谢谢！
富兰克 发表于10月28日19:21
你好，伊凡娜， 我是鸟类专科的兽医。 如果受伤的鸡有疼痛的迹象，给它喂食阿司匹林是没有问题的。 给禽鸟喂食阿司匹林时，我会遵循《临床禽鸟医疗》发布的指南。 每公斤的鸡应摄取5毫克的阿司匹林。 在去看兽医之前，可以每天喂食3-4次。 找兽医跟进是十分重要的。 祝你好运！"
R548-ChickenForum,8,3,Chinese,zho-CHN,"家禽论坛 问题 7 / 7
参考右侧的“家禽健康论坛”， 输入你的答案。
富兰克为什么无法告诉伊凡娜_88给母鸡喂食阿司匹林的准确剂量？"
R548-ChickenForum,9,1,Chinese,zho-CHN,PISA
R548-ChickenForum,9,2,Chinese,zho-CHN,"www.chickenhealth.com/forum/aspirin-chickens
家禽健康
你的健康家禽网上资源
关于
论坛
图片
给鸡喂食阿司匹林
伊凡娜_88 楼主 发表于10月28日18:12
大家好！ 给母鸡喂食阿司匹林会有问题吗？ 它2岁，我觉得它的腿受了伤。 星期一之前，我没法去找兽医，而兽医又没有接听我的电话。 我的母鸡看起来非常痛苦， 我想在我能带它看兽医之前先给它一些东西，让它感觉舒服点。 感谢帮忙！
纳莉B79 发表于10月28日18:36
我不知道阿司匹林对母鸡是否安全。 在给家禽喂药之前，我总是先咨询兽医。 我知道一些对人类安全的药物对鸟类是非常危险的。
莫妮 发表于10月28日18:52
我家一只母鸡受伤时，我给它喂过阿司匹林， 没出现问题。 第二天，我去找兽医，但它已经好多了。 我认为如果喂食过多，可能会有危险，所以不要超出剂量限制！ 希望它快点好！
禽鸟_交易 发表于10月28日19:07
嘿！ 嘿！别忘了过来看看我的超低价禽鸟用品。 全面大减价中！
鲍伯 发表于10月28日19:15
有人能告诉我如何判断鸡是否生病了吗？ 谢谢！
富兰克 发表于10月28日19:21
你好，伊凡娜， 我是鸟类专科的兽医。 如果受伤的鸡有疼痛的迹象，给它喂食阿司匹林是没有问题的。 给禽鸟喂食阿司匹林时，我会遵循《临床禽鸟医疗》发布的指南。 每公斤的鸡应摄取5毫克的阿司匹林。 在去看兽医之前，可以每天喂食3-4次。 找兽医跟进是十分重要的。 祝你好运！"
R548-ChickenForum,9,3,Chinese,zho-CHN,"家禽论坛 问题 7 / 7
参考右侧的“家禽健康论坛”， 输入你的答案。
富兰克为什么无法告诉伊凡娜_88给母鸡喂食阿司匹林的准确剂量？"
R548-ChickenForum,10,1,Chinese,zho-CHN,PISA
R548-ChickenForum,10,2,Chinese,zho-CHN,"www.chickenhealth.com/forum/aspirin-chickens
家禽健康
你的健康家禽网上资源
关于
论坛
图片
给鸡喂食阿司匹林
伊凡娜_88 楼主 发表于10月28日18:12
大家好！ 给母鸡喂食阿司匹林会有问题吗？ 它2岁，我觉得它的腿受了伤。 星期一之前，我没法去找兽医，而兽医又没有接听我的电话。 我的母鸡看起来非常痛苦， 我想在我能带它看兽医之前先给它一些东西，让它感觉舒服点。 感谢帮忙！
纳莉B79 发表于10月28日18:36
我不知道阿司匹林对母鸡是否安全。 在给家禽喂药之前，我总是先咨询兽医。 我知道一些对人类安全的药物对鸟类是非常危险的。
莫妮 发表于10月28日18:52
我家一只母鸡受伤时，我给它喂过阿司匹林， 没出现问题。 第二天，我去找兽医，但它已经好多了。 我认为如果喂食过多，可能会有危险，所以不要超出剂量限制！ 希望它快点好！
禽鸟_交易 发表于10月28日19:07
嘿！ 嘿！别忘了过来看看我的超低价禽鸟用品。 全面大减价中！
鲍伯 发表于10月28日19:15
有人能告诉我如何判断鸡是否生病了吗？ 谢谢！
富兰克 发表于10月28日19:21
你好，伊凡娜， 我是鸟类专科的兽医。 如果受伤的鸡有疼痛的迹象，给它喂食阿司匹林是没有问题的。 给禽鸟喂食阿司匹林时，我会遵循《临床禽鸟医疗》发布的指南。 每公斤的鸡应摄取5毫克的阿司匹林。 在去看兽医之前，可以每天喂食3-4次。 找兽医跟进是十分重要的。 祝你好运！"
R548-ChickenForum,10,3,Chinese,zho-CHN,"家禽论坛 问题 7 / 7
参考右侧的“家禽健康论坛”， 输入你的答案。
富兰克为什么无法告诉伊凡娜_88给母鸡喂食阿司匹林的准确剂量？"
R548-ChickenForum,1,1,Croatian,hrv-HRV,PISA
R548-ChickenForum,1,2,Croatian,hrv-HRV,"Peradarski forum Uvod
Pročitaj uvod, a zatim klikni na strelicu SLJEDEĆE.
U posjetu si kod svojih rođaka koji su se nedavno preselili na peradarsku farmu. Pitaš svoju tetu: ""Kako ste naučili uzgajati perad?""
Ona kaže: ""Razgovarali smo s mnogim uzgajivačima peradi. A i na internetu ima puno izvora informacija. Na primjer, ima jedan forum o zdravlju peradi koji rado posjećujem. Puno mi je pomogao kad je jedna od mojih kokoši nedavno ozlijedila nogu. Pokazat ću ti razgovor koji smo vodili.""
Klikni na strelicu SLJEDEĆE da pročitaš forum."
R548-ChickenForum,2,1,Croatian,hrv-HRV,PISA
R548-ChickenForum,2,2,Croatian,hrv-HRV,"www.zdravljeperadi.com/forum/aspirin-perad
Zdravlje peradi
Vaš internetski izvor informacija za zdravu perad
O nama
Forum
Fotografije
Davanje aspirina peradi
Ivana_88 Začetnik teme Objavljeno 28. listopada u 18:12
Pozdrav svima! Smijem li svojoj kokoši dati aspirin? Stara je dvije godine i mislim da je ozlijedila nogu. Ne mogu je odvesti veterinaru prije ponedjeljka, a veterinar mi se ne javlja na telefon. Čini mi se da je jako boli. Htjela bih joj dati nešto za ublažavanje boli dok ne odemo veterinaru. Hvala na pomoći.
NadaB79 Objavljeno 28. listopada u 18:36
Ne znam je li aspirin bezopasan za kokoši. Ja se uvijek prvo posavjetujem s veterinarom prije nego što svojim pticama dam lijek. Znam da neki lijekovi koji su sigurni za ljude mogu biti vrlo opasni za ptice.
Marta Objavljeno 28. listopada u 18:52
Ja sam dala aspirin jednoj svojoj kokoši kad se ozlijedila. Nije bilo nikakvih problema. Drugi dan sam otišla veterinaru, ali već joj je bilo bolje. Mislim da bi moglo biti opasno ako daš previše pa nemoj prekoračiti dozu! Nadam se da će joj biti bolje!
Ptičji_popusti Objavljeno 28. listopada u 19:07
Pozdrav! Ne zaboravite pogledati našu super povoljnu ponudu svih proizvoda za ptice. U tijeku je veliko sniženje!
Boris Objavljeno 28. listopada u 19:15
Zna li netko kako mogu znati je li kokoš bolesna? Hvala.
Fran Objavljeno 28. listopada u 19:21
Pozdrav, Ivana! Ja sam veterinar, specijalist za ptice. Aspirin možete dati ozlijeđenim kokošima ako pokazuju znakove boli. Kada pticama propisujem aspirin, slijedim preporuke Priručnika za ptičje bolesti.  Kokoši bi trebale primiti 5 mg aspirina po kilogramu tjelesne težine. Ovu im dozu možete dati 3-4 puta dnevno do odlaska veterinaru. Vrlo je važno obaviti pregled kod vašeg veterinara. Sretno!"
R548-ChickenForum,2,3,Croatian,hrv-HRV,"Peradarski forum Pitanje 1 / 7
Pročitaj forum o zdravlju peradi na desnoj strani. Odgovori na pitanje klikom na jedan od ponuđenih odgovora.
Što bi Ivana_88 htjela znati?
Može li dati aspirin ozlijeđenoj kokoši.
Koliko često može dati aspirin ozlijeđenoj kokoši.
Kako da kontaktira veterinara zbog ozlijeđene kokoši.
Može li utvrditi razinu boli ozlijeđene kokoši."
R548-ChickenForum,3,1,Croatian,hrv-HRV,PISA
R548-ChickenForum,3,2,Croatian,hrv-HRV,"www.zdravljeperadi.com/forum/aspirin-perad
Zdravlje peradi
Vaš internetski izvor informacija za zdravu perad
O nama
Forum
Fotografije
Davanje aspirina peradi
Ivana_88 Začetnik teme Objavljeno 28. listopada u 18:12
Pozdrav svima! Smijem li svojoj kokoši dati aspirin? Stara je dvije godine i mislim da je ozlijedila nogu. Ne mogu je odvesti veterinaru prije ponedjeljka, a veterinar mi se ne javlja na telefon. Čini mi se da je jako boli. Htjela bih joj dati nešto za ublažavanje boli dok ne odemo veterinaru. Hvala na pomoći.
NadaB79 Objavljeno 28. listopada u 18:36
Ne znam je li aspirin bezopasan za kokoši. Ja se uvijek prvo posavjetujem s veterinarom prije nego što svojim pticama dam lijek. Znam da neki lijekovi koji su sigurni za ljude mogu biti vrlo opasni za ptice.
Marta Objavljeno 28. listopada u 18:52
Ja sam dala aspirin jednoj svojoj kokoši kad se ozlijedila. Nije bilo nikakvih problema. Drugi dan sam otišla veterinaru, ali već joj je bilo bolje. Mislim da bi moglo biti opasno ako daš previše pa nemoj prekoračiti dozu! Nadam se da će joj biti bolje!
Ptičji_popusti Objavljeno 28. listopada u 19:07
Pozdrav! Ne zaboravite pogledati našu super povoljnu ponudu svih proizvoda za ptice. U tijeku je veliko sniženje!
Boris Objavljeno 28. listopada u 19:15
Zna li netko kako mogu znati je li kokoš bolesna? Hvala.
Fran Objavljeno 28. listopada u 19:21
Pozdrav, Ivana! Ja sam veterinar, specijalist za ptice. Aspirin možete dati ozlijeđenim kokošima ako pokazuju znakove boli. Kada pticama propisujem aspirin, slijedim preporuke Priručnika za ptičje bolesti.  Kokoši bi trebale primiti 5 mg aspirina po kilogramu tjelesne težine. Ovu im dozu možete dati 3-4 puta dnevno do odlaska veterinaru. Vrlo je važno obaviti pregled kod vašeg veterinara. Sretno!"
R548-ChickenForum,3,3,Croatian,hrv-HRV,"Peradarski forum Pitanje 2 / 7
Pročitaj forum o zdravlju peradi na desnoj strani. Odgovori na pitanje klikom na jedan od ponuđenih odgovora.
Zašto je Ivana_88 odlučila objaviti svoje pitanje na internetskom forumu?
Zato što ne zna kako pronaći veterinara.
Zato što misli da problem njene kokoši nije ozbiljan.
Zato što želi što prije pomoći svojoj kokoši.
Zato što si ne može priuštiti odlazak veterinaru."
R548-ChickenForum,4,1,Croatian,hrv-HRV,PISA
R548-ChickenForum,4,2,Croatian,hrv-HRV,"www.zdravljeperadi.com/forum/aspirin-perad
Zdravlje peradi
Vaš internetski izvor informacija za zdravu perad
O nama
Forum
Fotografije
Davanje aspirina peradi
Ivana_88 Začetnik teme Objavljeno 28. listopada u 18:12
Pozdrav svima! Smijem li svojoj kokoši dati aspirin? Stara je dvije godine i mislim da je ozlijedila nogu. Ne mogu je odvesti veterinaru prije ponedjeljka, a veterinar mi se ne javlja na telefon. Čini mi se da je jako boli. Htjela bih joj dati nešto za ublažavanje boli dok ne odemo veterinaru. Hvala na pomoći.
NadaB79 Objavljeno 28. listopada u 18:36
Ne znam je li aspirin bezopasan za kokoši. Ja se uvijek prvo posavjetujem s veterinarom prije nego što svojim pticama dam lijek. Znam da neki lijekovi koji su sigurni za ljude mogu biti vrlo opasni za ptice.
Marta Objavljeno 28. listopada u 18:52
Ja sam dala aspirin jednoj svojoj kokoši kad se ozlijedila. Nije bilo nikakvih problema. Drugi dan sam otišla veterinaru, ali već joj je bilo bolje. Mislim da bi moglo biti opasno ako daš previše pa nemoj prekoračiti dozu! Nadam se da će joj biti bolje!
Ptičji_popusti Objavljeno 28. listopada u 19:07
Pozdrav! Ne zaboravite pogledati našu super povoljnu ponudu svih proizvoda za ptice. U tijeku je veliko sniženje!
Boris Objavljeno 28. listopada u 19:15
Zna li netko kako mogu znati je li kokoš bolesna? Hvala.
Fran Objavljeno 28. listopada u 19:21
Pozdrav, Ivana! Ja sam veterinar, specijalist za ptice. Aspirin možete dati ozlijeđenim kokošima ako pokazuju znakove boli. Kada pticama propisujem aspirin, slijedim preporuke Priručnika za ptičje bolesti.  Kokoši bi trebale primiti 5 mg aspirina po kilogramu tjelesne težine. Ovu im dozu možete dati 3-4 puta dnevno do odlaska veterinaru. Vrlo je važno obaviti pregled kod vašeg veterinara. Sretno!"
R548-ChickenForum,4,3,Croatian,hrv-HRV,"Peradarski forum Pitanje 3 / 7
Pročitaj forum o zdravlju peradi na desnoj strani.  Odgovori na pitanje klikom na ponuđene odgovore u tablici.
Neke objave na forumu mogu biti vezane za temu, a neke objave ne. Klikni na Da ili Ne da naznačiš jesu li objave u donjoj tablici vezane za problem Ivane_88:
Je li ova objava vezana za problem Ivane_88?
Da
Ne
Objava NadeB79
Objava Marte
Objava Ptičjih_popusta
Objava Borisa
Objava Frana"
R548-ChickenForum,5,1,Croatian,hrv-HRV,PISA
R548-ChickenForum,5,2,Croatian,hrv-HRV,"www.zdravljeperadi.com/forum/aspirin-perad
Zdravlje peradi
Vaš internetski izvor informacija za zdravu perad
O nama
Forum
Fotografije
Davanje aspirina peradi
Ivana_88 Začetnik teme Objavljeno 28. listopada u 18:12
Pozdrav svima! Smijem li svojoj kokoši dati aspirin? Stara je dvije godine i mislim da je ozlijedila nogu. Ne mogu je odvesti veterinaru prije ponedjeljka, a veterinar mi se ne javlja na telefon. Čini mi se da je jako boli. Htjela bih joj dati nešto za ublažavanje boli dok ne odemo veterinaru. Hvala na pomoći.
NadaB79 Objavljeno 28. listopada u 18:36
Ne znam je li aspirin bezopasan za kokoši. Ja se uvijek prvo posavjetujem s veterinarom prije nego što svojim pticama dam lijek. Znam da neki lijekovi koji su sigurni za ljude mogu biti vrlo opasni za ptice.
Marta Objavljeno 28. listopada u 18:52
Ja sam dala aspirin jednoj svojoj kokoši kad se ozlijedila. Nije bilo nikakvih problema. Drugi dan sam otišla veterinaru, ali već joj je bilo bolje. Mislim da bi moglo biti opasno ako daš previše pa nemoj prekoračiti dozu! Nadam se da će joj biti bolje!
Ptičji_popusti Objavljeno 28. listopada u 19:07
Pozdrav! Ne zaboravite pogledati našu super povoljnu ponudu svih proizvoda za ptice. U tijeku je veliko sniženje!
Boris Objavljeno 28. listopada u 19:15
Zna li netko kako mogu znati je li kokoš bolesna? Hvala.
Fran Objavljeno 28. listopada u 19:21
Pozdrav, Ivana! Ja sam veterinar, specijalist za ptice. Aspirin možete dati ozlijeđenim kokošima ako pokazuju znakove boli. Kada pticama propisujem aspirin, slijedim preporuke Priručnika za ptičje bolesti.  Kokoši bi trebale primiti 5 mg aspirina po kilogramu tjelesne težine. Ovu im dozu možete dati 3-4 puta dnevno do odlaska veterinaru. Vrlo je važno obaviti pregled kod vašeg veterinara. Sretno!"
R548-ChickenForum,5,3,Croatian,hrv-HRV,"Peradarski forum Pitanje 4 / 7
Pročitaj forum o zdravlju peradi na desnoj strani. Odgovori na pitanje klikom na jedan od ponuđenih odgovora.
Tko je imao pozitivno iskustvo s davanjem aspirina ozlijeđenoj kokoši?
Ivana_88
NadaB79
Marta
Boris"
R548-ChickenForum,6,1,Croatian,hrv-HRV,PISA
R548-ChickenForum,6,2,Croatian,hrv-HRV,"www.zdravljeperadi.com/forum/aspirin-perad
Zdravlje peradi
Vaš internetski izvor informacija za zdravu perad
O nama
Forum
Fotografije
Davanje aspirina peradi
Ivana_88 Začetnik teme Objavljeno 28. listopada u 18:12
Pozdrav svima! Smijem li svojoj kokoši dati aspirin? Stara je dvije godine i mislim da je ozlijedila nogu. Ne mogu je odvesti veterinaru prije ponedjeljka, a veterinar mi se ne javlja na telefon. Čini mi se da je jako boli. Htjela bih joj dati nešto za ublažavanje boli dok ne odemo veterinaru. Hvala na pomoći.
NadaB79 Objavljeno 28. listopada u 18:36
Ne znam je li aspirin bezopasan za kokoši. Ja se uvijek prvo posavjetujem s veterinarom prije nego što svojim pticama dam lijek. Znam da neki lijekovi koji su sigurni za ljude mogu biti vrlo opasni za ptice.
Marta Objavljeno 28. listopada u 18:52
Ja sam dala aspirin jednoj svojoj kokoši kad se ozlijedila. Nije bilo nikakvih problema. Drugi dan sam otišla veterinaru, ali već joj je bilo bolje. Mislim da bi moglo biti opasno ako daš previše pa nemoj prekoračiti dozu! Nadam se da će joj biti bolje!
Ptičji_popusti Objavljeno 28. listopada u 19:07
Pozdrav! Ne zaboravite pogledati našu super povoljnu ponudu svih proizvoda za ptice. U tijeku je veliko sniženje!
Boris Objavljeno 28. listopada u 19:15
Zna li netko kako mogu znati je li kokoš bolesna? Hvala.
Fran Objavljeno 28. listopada u 19:21
Pozdrav, Ivana! Ja sam veterinar, specijalist za ptice. Aspirin možete dati ozlijeđenim kokošima ako pokazuju znakove boli. Kada pticama propisujem aspirin, slijedim preporuke Priručnika za ptičje bolesti.  Kokoši bi trebale primiti 5 mg aspirina po kilogramu tjelesne težine. Ovu im dozu možete dati 3-4 puta dnevno do odlaska veterinaru. Vrlo je važno obaviti pregled kod vašeg veterinara. Sretno!"
R548-ChickenForum,6,3,Croatian,hrv-HRV,"Peradarski forum Pitanje 5 / 7
Pročitaj forum o zdravlju peradi na desnoj strani. Odgovori na pitanje klikom na jedan od ponuđenih odgovora.
Zašto korisnik Ptičji_popusti odgovara na objavu Ivane_88?
Da reklamira svoj posao.
Da odgovori na pitanje Ivane_88.
Da nadopuni Martin savjet.
Da pokaže da je stručnjak za ptice."
R548-ChickenForum,7,1,Croatian,hrv-HRV,PISA
R548-ChickenForum,7,2,Croatian,hrv-HRV,"www.zdravljeperadi.com/forum/aspirin-perad
Zdravlje peradi
Vaš internetski izvor informacija za zdravu perad
O nama
Forum
Fotografije
Davanje aspirina peradi
Ivana_88 Začetnik teme Objavljeno 28. listopada u 18:12
Pozdrav svima! Smijem li svojoj kokoši dati aspirin? Stara je dvije godine i mislim da je ozlijedila nogu. Ne mogu je odvesti veterinaru prije ponedjeljka, a veterinar mi se ne javlja na telefon. Čini mi se da je jako boli. Htjela bih joj dati nešto za ublažavanje boli dok ne odemo veterinaru. Hvala na pomoći.
NadaB79 Objavljeno 28. listopada u 18:36
Ne znam je li aspirin bezopasan za kokoši. Ja se uvijek prvo posavjetujem s veterinarom prije nego što svojim pticama dam lijek. Znam da neki lijekovi koji su sigurni za ljude mogu biti vrlo opasni za ptice.
Marta Objavljeno 28. listopada u 18:52
Ja sam dala aspirin jednoj svojoj kokoši kad se ozlijedila. Nije bilo nikakvih problema. Drugi dan sam otišla veterinaru, ali već joj je bilo bolje. Mislim da bi moglo biti opasno ako daš previše pa nemoj prekoračiti dozu! Nadam se da će joj biti bolje!
Ptičji_popusti Objavljeno 28. listopada u 19:07
Pozdrav! Ne zaboravite pogledati našu super povoljnu ponudu svih proizvoda za ptice. U tijeku je veliko sniženje!
Boris Objavljeno 28. listopada u 19:15
Zna li netko kako mogu znati je li kokoš bolesna? Hvala.
Fran Objavljeno 28. listopada u 19:21
Pozdrav, Ivana! Ja sam veterinar, specijalist za ptice. Aspirin možete dati ozlijeđenim kokošima ako pokazuju znakove boli. Kada pticama propisujem aspirin, slijedim preporuke Priručnika za ptičje bolesti.  Kokoši bi trebale primiti 5 mg aspirina po kilogramu tjelesne težine. Ovu im dozu možete dati 3-4 puta dnevno do odlaska veterinaru. Vrlo je važno obaviti pregled kod vašeg veterinara. Sretno!"
R548-ChickenForum,7,3,Croatian,hrv-HRV,"Peradarski forum Pitanje 6 / 7
Pročitaj forum o zdravlju peradi na desnoj strani. Odgovori na pitanje klikom na jedan od ponuđenih odgovora, a zatim utipkaj obrazloženje.
Tko je objavio najpouzdaniji odgovor na pitanje Ivane_88?
NadaB79
Marta
Ptičji_popusti
Fran
Obrazloži svoj odgovor:"
R548-ChickenForum,8,1,Croatian,hrv-HRV,PISA
R548-ChickenForum,8,2,Croatian,hrv-HRV,"www.zdravljeperadi.com/forum/aspirin-perad
Zdravlje peradi
Vaš internetski izvor informacija za zdravu perad
O nama
Forum
Fotografije
Davanje aspirina peradi
Ivana_88 Začetnik teme Objavljeno 28. listopada u 18:12
Pozdrav svima! Smijem li svojoj kokoši dati aspirin? Stara je dvije godine i mislim da je ozlijedila nogu. Ne mogu je odvesti veterinaru prije ponedjeljka, a veterinar mi se ne javlja na telefon. Čini mi se da je jako boli. Htjela bih joj dati nešto za ublažavanje boli dok ne odemo veterinaru. Hvala na pomoći.
NadaB79 Objavljeno 28. listopada u 18:36
Ne znam je li aspirin bezopasan za kokoši. Ja se uvijek prvo posavjetujem s veterinarom prije nego što svojim pticama dam lijek. Znam da neki lijekovi koji su sigurni za ljude mogu biti vrlo opasni za ptice.
Marta Objavljeno 28. listopada u 18:52
Ja sam dala aspirin jednoj svojoj kokoši kad se ozlijedila. Nije bilo nikakvih problema. Drugi dan sam otišla veterinaru, ali već joj je bilo bolje. Mislim da bi moglo biti opasno ako daš previše pa nemoj prekoračiti dozu! Nadam se da će joj biti bolje!
Ptičji_popusti Objavljeno 28. listopada u 19:07
Pozdrav! Ne zaboravite pogledati našu super povoljnu ponudu svih proizvoda za ptice. U tijeku je veliko sniženje!
Boris Objavljeno 28. listopada u 19:15
Zna li netko kako mogu znati je li kokoš bolesna? Hvala.
Fran Objavljeno 28. listopada u 19:21
Pozdrav, Ivana! Ja sam veterinar, specijalist za ptice. Aspirin možete dati ozlijeđenim kokošima ako pokazuju znakove boli. Kada pticama propisujem aspirin, slijedim preporuke Priručnika za ptičje bolesti.  Kokoši bi trebale primiti 5 mg aspirina po kilogramu tjelesne težine. Ovu im dozu možete dati 3-4 puta dnevno do odlaska veterinaru. Vrlo je važno obaviti pregled kod vašeg veterinara. Sretno!"
R548-ChickenForum,8,3,Croatian,hrv-HRV,"Peradarski forum Pitanje 7 / 7
Pročitaj forum o zdravlju peradi na desnoj strani. Utipkaj odgovor na pitanje.
Zašto Fran ne može reći  Ivani_88 koju točno količinu aspirina može dati svojoj kokoši?"
R548-ChickenForum,9,1,Croatian,hrv-HRV,PISA
R548-ChickenForum,9,2,Croatian,hrv-HRV,"www.zdravljeperadi.com/forum/aspirin-perad
Zdravlje peradi
Vaš internetski izvor informacija za zdravu perad
O nama
Forum
Fotografije
Davanje aspirina peradi
Ivana_88 Začetnik teme Objavljeno 28. listopada u 18:12
Pozdrav svima! Smijem li svojoj kokoši dati aspirin? Stara je dvije godine i mislim da je ozlijedila nogu. Ne mogu je odvesti veterinaru prije ponedjeljka, a veterinar mi se ne javlja na telefon. Čini mi se da je jako boli. Htjela bih joj dati nešto za ublažavanje boli dok ne odemo veterinaru. Hvala na pomoći.
NadaB79 Objavljeno 28. listopada u 18:36
Ne znam je li aspirin bezopasan za kokoši. Ja se uvijek prvo posavjetujem s veterinarom prije nego što svojim pticama dam lijek. Znam da neki lijekovi koji su sigurni za ljude mogu biti vrlo opasni za ptice.
Marta Objavljeno 28. listopada u 18:52
Ja sam dala aspirin jednoj svojoj kokoši kad se ozlijedila. Nije bilo nikakvih problema. Drugi dan sam otišla veterinaru, ali već joj je bilo bolje. Mislim da bi moglo biti opasno ako daš previše pa nemoj prekoračiti dozu! Nadam se da će joj biti bolje!
Ptičji_popusti Objavljeno 28. listopada u 19:07
Pozdrav! Ne zaboravite pogledati našu super povoljnu ponudu svih proizvoda za ptice. U tijeku je veliko sniženje!
Boris Objavljeno 28. listopada u 19:15
Zna li netko kako mogu znati je li kokoš bolesna? Hvala.
Fran Objavljeno 28. listopada u 19:21
Pozdrav, Ivana! Ja sam veterinar, specijalist za ptice. Aspirin možete dati ozlijeđenim kokošima ako pokazuju znakove boli. Kada pticama propisujem aspirin, slijedim preporuke Priručnika za ptičje bolesti.  Kokoši bi trebale primiti 5 mg aspirina po kilogramu tjelesne težine. Ovu im dozu možete dati 3-4 puta dnevno do odlaska veterinaru. Vrlo je važno obaviti pregled kod vašeg veterinara. Sretno!"
R548-ChickenForum,9,3,Croatian,hrv-HRV,"Peradarski forum Pitanje 7 / 7
Pročitaj forum o zdravlju peradi na desnoj strani. Utipkaj odgovor na pitanje.
Zašto Fran ne može reći  Ivani_88 koju točno količinu aspirina može dati svojoj kokoši?"
R548-ChickenForum,10,1,Croatian,hrv-HRV,PISA
R548-ChickenForum,10,2,Croatian,hrv-HRV,"www.zdravljeperadi.com/forum/aspirin-perad
Zdravlje peradi
Vaš internetski izvor informacija za zdravu perad
O nama
Forum
Fotografije
Davanje aspirina peradi
Ivana_88 Začetnik teme Objavljeno 28. listopada u 18:12
Pozdrav svima! Smijem li svojoj kokoši dati aspirin? Stara je dvije godine i mislim da je ozlijedila nogu. Ne mogu je odvesti veterinaru prije ponedjeljka, a veterinar mi se ne javlja na telefon. Čini mi se da je jako boli. Htjela bih joj dati nešto za ublažavanje boli dok ne odemo veterinaru. Hvala na pomoći.
NadaB79 Objavljeno 28. listopada u 18:36
Ne znam je li aspirin bezopasan za kokoši. Ja se uvijek prvo posavjetujem s veterinarom prije nego što svojim pticama dam lijek. Znam da neki lijekovi koji su sigurni za ljude mogu biti vrlo opasni za ptice.
Marta Objavljeno 28. listopada u 18:52
Ja sam dala aspirin jednoj svojoj kokoši kad se ozlijedila. Nije bilo nikakvih problema. Drugi dan sam otišla veterinaru, ali već joj je bilo bolje. Mislim da bi moglo biti opasno ako daš previše pa nemoj prekoračiti dozu! Nadam se da će joj biti bolje!
Ptičji_popusti Objavljeno 28. listopada u 19:07
Pozdrav! Ne zaboravite pogledati našu super povoljnu ponudu svih proizvoda za ptice. U tijeku je veliko sniženje!
Boris Objavljeno 28. listopada u 19:15
Zna li netko kako mogu znati je li kokoš bolesna? Hvala.
Fran Objavljeno 28. listopada u 19:21
Pozdrav, Ivana! Ja sam veterinar, specijalist za ptice. Aspirin možete dati ozlijeđenim kokošima ako pokazuju znakove boli. Kada pticama propisujem aspirin, slijedim preporuke Priručnika za ptičje bolesti.  Kokoši bi trebale primiti 5 mg aspirina po kilogramu tjelesne težine. Ovu im dozu možete dati 3-4 puta dnevno do odlaska veterinaru. Vrlo je važno obaviti pregled kod vašeg veterinara. Sretno!"
R548-ChickenForum,10,3,Croatian,hrv-HRV,"Peradarski forum Pitanje 7 / 7
Pročitaj forum o zdravlju peradi na desnoj strani. Utipkaj odgovor na pitanje.
Zašto Fran ne može reći  Ivani_88 koju točno količinu aspirina može dati svojoj kokoši?"
R548-ChickenForum,1,1,Czech,ces-CZE,PISA
R548-ChickenForum,1,2,Czech,ces-CZE,"Slepičí fórum Úvod
Přečti si úvod. Pak klikni na šipku DALŠÍ.
Jsi na návštěvě u příbuzných, kteří se nedávno přestěhovali na statek, kde chovají slepice. Zeptal/a ses tety: „Jak jste se naučili chovat slepice?“
Teta odpověděla: „Bavili jsme se s mnoha chovateli slepic. A spousta informací je taky na internetu. Například je tam fórum o zdraví slepic, kam ráda chodím. Nedávno mi tam dobře poradili, když si jedna slepice poranila nohu. Ukážu ti diskusi, kterou jsme vedli.“
Klikni na šipku DALŠÍ a přečti si fórum."
R548-ChickenForum,2,1,Czech,ces-CZE,PISA
R548-ChickenForum,2,2,Czech,ces-CZE,"www.zdravislepic.cz/forum/aspirin-slepice
Zdraví slepic
Váš on-line zdroj informací pro zdravé slepice
O nás
Fórum
Fotografie
Podávání aspirinu slepicím
Ivana_88 Úvodní příspěvek k tématu 28. října, 18:12
Dobrý den všem! Můžu dát své slepici aspirin? Jsou jí 2 roky a myslím, že si poranila nohu. K veterináři se nedostanu dřív než v pondělí, a telefon mi nezvedá. Mám pocit, že to slepici dost bolí. Chtěla bych jí něco dát, aby se jí ulevilo, než budu moct zajít k veterináři. Díky za vaši pomoc.
NelaB79 28. října, 18:36
Nevím, jestli je aspirin pro slepice bezpečný. Vždycky se nejdřív poradím s veterinářem, než dám slepicím nějaký lék. Vím, že některé léky, které jsou bezpečné pro lidi, mohou být pro slepice velmi nebezpečné.
Monča 28. října, 18:52
Já už jsem jednou dala zraněné slepici aspirin. Nebyl s tím žádný problém. Druhý den jsem šla k veterináři, ale už jí bylo líp. Myslím, že by mohlo být nebezpečné, kdybyste jí toho dala moc, takže nepřekračujte doporučené dávkování! Doufám, že se jí brzy uleví!
Akce_drůbež 28. října, 19:07
Hezký den! Nezapomeňte se podívat na moji super akční nabídku veškerého zboží pro drůbež. Nyní velké slevy!
Bob 28. října, 19:15
Může mi prosím někdo poradit, jak poznám, že je slepice nemocná? Díky.
Franta 28. října, 19:21
Dobrý den Ivano, jsem veterinář, který se specializuje na drůbež. Můžete podávat raněným slepicím aspirin, pokud projevují známky bolesti. Když drůbeži předepisuji aspirin, řídím se pokyny uvedenými v příručce Nemoci drůbeže a ptactva. Slepice by měly dostat 5 mg aspirinu na kg tělesné hmotnosti. Tuto dávku můžete podávat 3–4krát denně až do prohlídky u veterináře. Je velmi důležité, abyste zašla na kontrolu k veterináři. Hodně štěstí!"
R548-ChickenForum,2,3,Czech,ces-CZE,"Slepičí fórum Otázka 1 / 7
Přečti si fórum Zdraví slepic na pravé straně. Odpověz na otázku kliknutím na jednu z možností.
Co chce Ivana_88 vědět?
Jestli může dát aspirin raněné slepici.
Jak často může dávat aspirin raněné slepici.
Jak kontaktovat veterináře kvůli raněné slepici.
Jestli může určit míru bolesti raněné slepice."
R548-ChickenForum,3,1,Czech,ces-CZE,PISA
R548-ChickenForum,3,2,Czech,ces-CZE,"www.zdravislepic.cz/forum/aspirin-slepice
Zdraví slepic
Váš on-line zdroj informací pro zdravé slepice
O nás
Fórum
Fotografie
Podávání aspirinu slepicím
Ivana_88 Úvodní příspěvek k tématu 28. října, 18:12
Dobrý den všem! Můžu dát své slepici aspirin? Jsou jí 2 roky a myslím, že si poranila nohu. K veterináři se nedostanu dřív než v pondělí, a telefon mi nezvedá. Mám pocit, že to slepici dost bolí. Chtěla bych jí něco dát, aby se jí ulevilo, než budu moct zajít k veterináři. Díky za vaši pomoc.
NelaB79 28. října, 18:36
Nevím, jestli je aspirin pro slepice bezpečný. Vždycky se nejdřív poradím s veterinářem, než dám slepicím nějaký lék. Vím, že některé léky, které jsou bezpečné pro lidi, mohou být pro slepice velmi nebezpečné.
Monča 28. října, 18:52
Já už jsem jednou dala zraněné slepici aspirin. Nebyl s tím žádný problém. Druhý den jsem šla k veterináři, ale už jí bylo líp. Myslím, že by mohlo být nebezpečné, kdybyste jí toho dala moc, takže nepřekračujte doporučené dávkování! Doufám, že se jí brzy uleví!
Akce_drůbež 28. října, 19:07
Hezký den! Nezapomeňte se podívat na moji super akční nabídku veškerého zboží pro drůbež. Nyní velké slevy!
Bob 28. října, 19:15
Může mi prosím někdo poradit, jak poznám, že je slepice nemocná? Díky.
Franta 28. října, 19:21
Dobrý den Ivano, jsem veterinář, který se specializuje na drůbež. Můžete podávat raněným slepicím aspirin, pokud projevují známky bolesti. Když drůbeži předepisuji aspirin, řídím se pokyny uvedenými v příručce Nemoci drůbeže a ptactva. Slepice by měly dostat 5 mg aspirinu na kg tělesné hmotnosti. Tuto dávku můžete podávat 3–4krát denně až do prohlídky u veterináře. Je velmi důležité, abyste zašla na kontrolu k veterináři. Hodně štěstí!"
R548-ChickenForum,3,3,Czech,ces-CZE,"Slepičí fórum Otázka 2 / 7
Přečti si fórum Zdraví slepic na pravé straně. Odpověz na otázku kliknutím na jednu z možností.
Proč se Ivana_88 rozhodla položit otázku na internetovém fóru?
Protože neví, jak najít veterináře.
Protože si myslí, že problém její slepice není vážný.
Protože chce své slepici pomoci co nejrychleji.
Protože nemá peníze na veterináře."
R548-ChickenForum,4,1,Czech,ces-CZE,PISA
R548-ChickenForum,4,2,Czech,ces-CZE,"www.zdravislepic.cz/forum/aspirin-slepice
Zdraví slepic
Váš on-line zdroj informací pro zdravé slepice
O nás
Fórum
Fotografie
Podávání aspirinu slepicím
Ivana_88 Úvodní příspěvek k tématu 28. října, 18:12
Dobrý den všem! Můžu dát své slepici aspirin? Jsou jí 2 roky a myslím, že si poranila nohu. K veterináři se nedostanu dřív než v pondělí, a telefon mi nezvedá. Mám pocit, že to slepici dost bolí. Chtěla bych jí něco dát, aby se jí ulevilo, než budu moct zajít k veterináři. Díky za vaši pomoc.
NelaB79 28. října, 18:36
Nevím, jestli je aspirin pro slepice bezpečný. Vždycky se nejdřív poradím s veterinářem, než dám slepicím nějaký lék. Vím, že některé léky, které jsou bezpečné pro lidi, mohou být pro slepice velmi nebezpečné.
Monča 28. října, 18:52
Já už jsem jednou dala zraněné slepici aspirin. Nebyl s tím žádný problém. Druhý den jsem šla k veterináři, ale už jí bylo líp. Myslím, že by mohlo být nebezpečné, kdybyste jí toho dala moc, takže nepřekračujte doporučené dávkování! Doufám, že se jí brzy uleví!
Akce_drůbež 28. října, 19:07
Hezký den! Nezapomeňte se podívat na moji super akční nabídku veškerého zboží pro drůbež. Nyní velké slevy!
Bob 28. října, 19:15
Může mi prosím někdo poradit, jak poznám, že je slepice nemocná? Díky.
Franta 28. října, 19:21
Dobrý den Ivano, jsem veterinář, který se specializuje na drůbež. Můžete podávat raněným slepicím aspirin, pokud projevují známky bolesti. Když drůbeži předepisuji aspirin, řídím se pokyny uvedenými v příručce Nemoci drůbeže a ptactva. Slepice by měly dostat 5 mg aspirinu na kg tělesné hmotnosti. Tuto dávku můžete podávat 3–4krát denně až do prohlídky u veterináře. Je velmi důležité, abyste zašla na kontrolu k veterináři. Hodně štěstí!"
R548-ChickenForum,4,3,Czech,ces-CZE,"Slepičí fórum Otázka 3 / 7
Přečti si fórum Zdraví slepic na pravé straně.  Odpověz na otázku kliknutím na možnosti v tabulce.
Některé příspěvky na fóru se vztahují k tématu, jiné ne. V následující tabulce kliknutím na Ano nebo Ne u každého příspěvku označ, jestli se vztahuje k problému Ivany_88.
Vztahuje se tento příspěvek k problému Ivany_88?
Ano
Ne
Příspěvek NelyB79
Příspěvek Monči
Příspěvek Akce_drůbež
Příspěvek Boba
Příspěvek Franty"
R548-ChickenForum,5,1,Czech,ces-CZE,PISA
R548-ChickenForum,5,2,Czech,ces-CZE,"www.zdravislepic.cz/forum/aspirin-slepice
Zdraví slepic
Váš on-line zdroj informací pro zdravé slepice
O nás
Fórum
Fotografie
Podávání aspirinu slepicím
Ivana_88 Úvodní příspěvek k tématu 28. října, 18:12
Dobrý den všem! Můžu dát své slepici aspirin? Jsou jí 2 roky a myslím, že si poranila nohu. K veterináři se nedostanu dřív než v pondělí, a telefon mi nezvedá. Mám pocit, že to slepici dost bolí. Chtěla bych jí něco dát, aby se jí ulevilo, než budu moct zajít k veterináři. Díky za vaši pomoc.
NelaB79 28. října, 18:36
Nevím, jestli je aspirin pro slepice bezpečný. Vždycky se nejdřív poradím s veterinářem, než dám slepicím nějaký lék. Vím, že některé léky, které jsou bezpečné pro lidi, mohou být pro slepice velmi nebezpečné.
Monča 28. října, 18:52
Já už jsem jednou dala zraněné slepici aspirin. Nebyl s tím žádný problém. Druhý den jsem šla k veterináři, ale už jí bylo líp. Myslím, že by mohlo být nebezpečné, kdybyste jí toho dala moc, takže nepřekračujte doporučené dávkování! Doufám, že se jí brzy uleví!
Akce_drůbež 28. října, 19:07
Hezký den! Nezapomeňte se podívat na moji super akční nabídku veškerého zboží pro drůbež. Nyní velké slevy!
Bob 28. října, 19:15
Může mi prosím někdo poradit, jak poznám, že je slepice nemocná? Díky.
Franta 28. října, 19:21
Dobrý den Ivano, jsem veterinář, který se specializuje na drůbež. Můžete podávat raněným slepicím aspirin, pokud projevují známky bolesti. Když drůbeži předepisuji aspirin, řídím se pokyny uvedenými v příručce Nemoci drůbeže a ptactva. Slepice by měly dostat 5 mg aspirinu na kg tělesné hmotnosti. Tuto dávku můžete podávat 3–4krát denně až do prohlídky u veterináře. Je velmi důležité, abyste zašla na kontrolu k veterináři. Hodně štěstí!"
R548-ChickenForum,5,3,Czech,ces-CZE,"Slepičí fórum Otázka 4 / 7
Přečti si fórum Zdraví slepic na pravé straně. Odpověz na otázku kliknutím na jednu z možností.
Kdo měl pozitivní zkušenost s podáváním aspirinu raněné slepici?
Ivana_88
NelaB79
Monča
Bob"
R548-ChickenForum,6,1,Czech,ces-CZE,PISA
R548-ChickenForum,6,2,Czech,ces-CZE,"www.zdravislepic.cz/forum/aspirin-slepice
Zdraví slepic
Váš on-line zdroj informací pro zdravé slepice
O nás
Fórum
Fotografie
Podávání aspirinu slepicím
Ivana_88 Úvodní příspěvek k tématu 28. října, 18:12
Dobrý den všem! Můžu dát své slepici aspirin? Jsou jí 2 roky a myslím, že si poranila nohu. K veterináři se nedostanu dřív než v pondělí, a telefon mi nezvedá. Mám pocit, že to slepici dost bolí. Chtěla bych jí něco dát, aby se jí ulevilo, než budu moct zajít k veterináři. Díky za vaši pomoc.
NelaB79 28. října, 18:36
Nevím, jestli je aspirin pro slepice bezpečný. Vždycky se nejdřív poradím s veterinářem, než dám slepicím nějaký lék. Vím, že některé léky, které jsou bezpečné pro lidi, mohou být pro slepice velmi nebezpečné.
Monča 28. října, 18:52
Já už jsem jednou dala zraněné slepici aspirin. Nebyl s tím žádný problém. Druhý den jsem šla k veterináři, ale už jí bylo líp. Myslím, že by mohlo být nebezpečné, kdybyste jí toho dala moc, takže nepřekračujte doporučené dávkování! Doufám, že se jí brzy uleví!
Akce_drůbež 28. října, 19:07
Hezký den! Nezapomeňte se podívat na moji super akční nabídku veškerého zboží pro drůbež. Nyní velké slevy!
Bob 28. října, 19:15
Může mi prosím někdo poradit, jak poznám, že je slepice nemocná? Díky.
Franta 28. října, 19:21
Dobrý den Ivano, jsem veterinář, který se specializuje na drůbež. Můžete podávat raněným slepicím aspirin, pokud projevují známky bolesti. Když drůbeži předepisuji aspirin, řídím se pokyny uvedenými v příručce Nemoci drůbeže a ptactva. Slepice by měly dostat 5 mg aspirinu na kg tělesné hmotnosti. Tuto dávku můžete podávat 3–4krát denně až do prohlídky u veterináře. Je velmi důležité, abyste zašla na kontrolu k veterináři. Hodně štěstí!"
R548-ChickenForum,6,3,Czech,ces-CZE,"Slepičí fórum Otázka 5 / 7
Přečti si fórum Zdraví slepic na pravé straně. Odpověz na otázku kliknutím na jednu z možností.
Proč uživatel Akce_drůbež reaguje na příspěvek Ivany_88?
Aby propagoval firmu.
Aby odpověděl na otázku Ivany_88.
Aby něco dodal k radě Monči.
Aby prokázal, že je odborník na drůbež."
R548-ChickenForum,7,1,Czech,ces-CZE,PISA
R548-ChickenForum,7,2,Czech,ces-CZE,"www.zdravislepic.cz/forum/aspirin-slepice
Zdraví slepic
Váš on-line zdroj informací pro zdravé slepice
O nás
Fórum
Fotografie
Podávání aspirinu slepicím
Ivana_88 Úvodní příspěvek k tématu 28. října, 18:12
Dobrý den všem! Můžu dát své slepici aspirin? Jsou jí 2 roky a myslím, že si poranila nohu. K veterináři se nedostanu dřív než v pondělí, a telefon mi nezvedá. Mám pocit, že to slepici dost bolí. Chtěla bych jí něco dát, aby se jí ulevilo, než budu moct zajít k veterináři. Díky za vaši pomoc.
NelaB79 28. října, 18:36
Nevím, jestli je aspirin pro slepice bezpečný. Vždycky se nejdřív poradím s veterinářem, než dám slepicím nějaký lék. Vím, že některé léky, které jsou bezpečné pro lidi, mohou být pro slepice velmi nebezpečné.
Monča 28. října, 18:52
Já už jsem jednou dala zraněné slepici aspirin. Nebyl s tím žádný problém. Druhý den jsem šla k veterináři, ale už jí bylo líp. Myslím, že by mohlo být nebezpečné, kdybyste jí toho dala moc, takže nepřekračujte doporučené dávkování! Doufám, že se jí brzy uleví!
Akce_drůbež 28. října, 19:07
Hezký den! Nezapomeňte se podívat na moji super akční nabídku veškerého zboží pro drůbež. Nyní velké slevy!
Bob 28. října, 19:15
Může mi prosím někdo poradit, jak poznám, že je slepice nemocná? Díky.
Franta 28. října, 19:21
Dobrý den Ivano, jsem veterinář, který se specializuje na drůbež. Můžete podávat raněným slepicím aspirin, pokud projevují známky bolesti. Když drůbeži předepisuji aspirin, řídím se pokyny uvedenými v příručce Nemoci drůbeže a ptactva. Slepice by měly dostat 5 mg aspirinu na kg tělesné hmotnosti. Tuto dávku můžete podávat 3–4krát denně až do prohlídky u veterináře. Je velmi důležité, abyste zašla na kontrolu k veterináři. Hodně štěstí!"
R548-ChickenForum,7,3,Czech,ces-CZE,"Slepičí fórum Otázka 6 / 7
Přečti si fórum Zdraví slepic na pravé straně. Odpověz na otázku kliknutím na jednu z možností a svou odpověď zdůvodni.
Kdo dal Ivaně_88 nejdůvěryhodnější odpověď na její otázku?
NelaB79
Monča
Akce_drůbež
Franta
Svou odpověď zdůvodni."
R548-ChickenForum,8,1,Czech,ces-CZE,PISA
R548-ChickenForum,8,2,Czech,ces-CZE,"www.zdravislepic.cz/forum/aspirin-slepice
Zdraví slepic
Váš on-line zdroj informací pro zdravé slepice
O nás
Fórum
Fotografie
Podávání aspirinu slepicím
Ivana_88 Úvodní příspěvek k tématu 28. října, 18:12
Dobrý den všem! Můžu dát své slepici aspirin? Jsou jí 2 roky a myslím, že si poranila nohu. K veterináři se nedostanu dřív než v pondělí, a telefon mi nezvedá. Mám pocit, že to slepici dost bolí. Chtěla bych jí něco dát, aby se jí ulevilo, než budu moct zajít k veterináři. Díky za vaši pomoc.
NelaB79 28. října, 18:36
Nevím, jestli je aspirin pro slepice bezpečný. Vždycky se nejdřív poradím s veterinářem, než dám slepicím nějaký lék. Vím, že některé léky, které jsou bezpečné pro lidi, mohou být pro slepice velmi nebezpečné.
Monča 28. října, 18:52
Já už jsem jednou dala zraněné slepici aspirin. Nebyl s tím žádný problém. Druhý den jsem šla k veterináři, ale už jí bylo líp. Myslím, že by mohlo být nebezpečné, kdybyste jí toho dala moc, takže nepřekračujte doporučené dávkování! Doufám, že se jí brzy uleví!
Akce_drůbež 28. října, 19:07
Hezký den! Nezapomeňte se podívat na moji super akční nabídku veškerého zboží pro drůbež. Nyní velké slevy!
Bob 28. října, 19:15
Může mi prosím někdo poradit, jak poznám, že je slepice nemocná? Díky.
Franta 28. října, 19:21
Dobrý den Ivano, jsem veterinář, který se specializuje na drůbež. Můžete podávat raněným slepicím aspirin, pokud projevují známky bolesti. Když drůbeži předepisuji aspirin, řídím se pokyny uvedenými v příručce Nemoci drůbeže a ptactva. Slepice by měly dostat 5 mg aspirinu na kg tělesné hmotnosti. Tuto dávku můžete podávat 3–4krát denně až do prohlídky u veterináře. Je velmi důležité, abyste zašla na kontrolu k veterináři. Hodně štěstí!"
R548-ChickenForum,8,3,Czech,ces-CZE,"Slepičí fórum Otázka 7 / 7
Přečti si fórum Zdraví slepic na pravé straně. Napiš svou odpověď na otázku.
Proč Franta nemůže Ivaně_88 sdělit přesné množství aspirinu pro její slepici?"
R548-ChickenForum,9,1,Czech,ces-CZE,PISA
R548-ChickenForum,9,2,Czech,ces-CZE,"www.zdravislepic.cz/forum/aspirin-slepice
Zdraví slepic
Váš on-line zdroj informací pro zdravé slepice
O nás
Fórum
Fotografie
Podávání aspirinu slepicím
Ivana_88 Úvodní příspěvek k tématu 28. října, 18:12
Dobrý den všem! Můžu dát své slepici aspirin? Jsou jí 2 roky a myslím, že si poranila nohu. K veterináři se nedostanu dřív než v pondělí, a telefon mi nezvedá. Mám pocit, že to slepici dost bolí. Chtěla bych jí něco dát, aby se jí ulevilo, než budu moct zajít k veterináři. Díky za vaši pomoc.
NelaB79 28. října, 18:36
Nevím, jestli je aspirin pro slepice bezpečný. Vždycky se nejdřív poradím s veterinářem, než dám slepicím nějaký lék. Vím, že některé léky, které jsou bezpečné pro lidi, mohou být pro slepice velmi nebezpečné.
Monča 28. října, 18:52
Já už jsem jednou dala zraněné slepici aspirin. Nebyl s tím žádný problém. Druhý den jsem šla k veterináři, ale už jí bylo líp. Myslím, že by mohlo být nebezpečné, kdybyste jí toho dala moc, takže nepřekračujte doporučené dávkování! Doufám, že se jí brzy uleví!
Akce_drůbež 28. října, 19:07
Hezký den! Nezapomeňte se podívat na moji super akční nabídku veškerého zboží pro drůbež. Nyní velké slevy!
Bob 28. října, 19:15
Může mi prosím někdo poradit, jak poznám, že je slepice nemocná? Díky.
Franta 28. října, 19:21
Dobrý den Ivano, jsem veterinář, který se specializuje na drůbež. Můžete podávat raněným slepicím aspirin, pokud projevují známky bolesti. Když drůbeži předepisuji aspirin, řídím se pokyny uvedenými v příručce Nemoci drůbeže a ptactva. Slepice by měly dostat 5 mg aspirinu na kg tělesné hmotnosti. Tuto dávku můžete podávat 3–4krát denně až do prohlídky u veterináře. Je velmi důležité, abyste zašla na kontrolu k veterináři. Hodně štěstí!"
R548-ChickenForum,9,3,Czech,ces-CZE,"Slepičí fórum Otázka 7 / 7
Přečti si fórum Zdraví slepic na pravé straně. Napiš svou odpověď na otázku.
Proč Franta nemůže Ivaně_88 sdělit přesné množství aspirinu pro její slepici?"
R548-ChickenForum,10,1,Czech,ces-CZE,PISA
R548-ChickenForum,10,2,Czech,ces-CZE,"www.zdravislepic.cz/forum/aspirin-slepice
Zdraví slepic
Váš on-line zdroj informací pro zdravé slepice
O nás
Fórum
Fotografie
Podávání aspirinu slepicím
Ivana_88 Úvodní příspěvek k tématu 28. října, 18:12
Dobrý den všem! Můžu dát své slepici aspirin? Jsou jí 2 roky a myslím, že si poranila nohu. K veterináři se nedostanu dřív než v pondělí, a telefon mi nezvedá. Mám pocit, že to slepici dost bolí. Chtěla bych jí něco dát, aby se jí ulevilo, než budu moct zajít k veterináři. Díky za vaši pomoc.
NelaB79 28. října, 18:36
Nevím, jestli je aspirin pro slepice bezpečný. Vždycky se nejdřív poradím s veterinářem, než dám slepicím nějaký lék. Vím, že některé léky, které jsou bezpečné pro lidi, mohou být pro slepice velmi nebezpečné.
Monča 28. října, 18:52
Já už jsem jednou dala zraněné slepici aspirin. Nebyl s tím žádný problém. Druhý den jsem šla k veterináři, ale už jí bylo líp. Myslím, že by mohlo být nebezpečné, kdybyste jí toho dala moc, takže nepřekračujte doporučené dávkování! Doufám, že se jí brzy uleví!
Akce_drůbež 28. října, 19:07
Hezký den! Nezapomeňte se podívat na moji super akční nabídku veškerého zboží pro drůbež. Nyní velké slevy!
Bob 28. října, 19:15
Může mi prosím někdo poradit, jak poznám, že je slepice nemocná? Díky.
Franta 28. října, 19:21
Dobrý den Ivano, jsem veterinář, který se specializuje na drůbež. Můžete podávat raněným slepicím aspirin, pokud projevují známky bolesti. Když drůbeži předepisuji aspirin, řídím se pokyny uvedenými v příručce Nemoci drůbeže a ptactva. Slepice by měly dostat 5 mg aspirinu na kg tělesné hmotnosti. Tuto dávku můžete podávat 3–4krát denně až do prohlídky u veterináře. Je velmi důležité, abyste zašla na kontrolu k veterináři. Hodně štěstí!"
R548-ChickenForum,10,3,Czech,ces-CZE,"Slepičí fórum Otázka 7 / 7
Přečti si fórum Zdraví slepic na pravé straně. Napiš svou odpověď na otázku.
Proč Franta nemůže Ivaně_88 sdělit přesné množství aspirinu pro její slepici?"
R548-ChickenForum,1,1,Danish,dan-DNK,PISA
R548-ChickenForum,1,2,Danish,dan-DNK,"Kyllingeforum Indledning
Læs indledningen.  Klik derefter på NÆSTE-pilen.
Du er på besøg hos din familie, som lige er flyttet til en gård, hvor de vil avle høns. Du spørger din faster: ”Hvordan har I lært at avle høns?”
Hun siger: ”Vi har talt med en masse mennesker, som avler høns. Og der er mange oplysninger om det på internettet. Der er f.eks. et forum, der hedder Sunde Kyllinger, som jeg bruger meget. Der fik jeg hjælp for et par dage siden, da en af mine høner var kommet til skade med sit ben. Jeg kan vise dig samtalen.”
Klik på NÆSTE-pilen for at læse forummet."
R548-ChickenForum,2,1,Danish,dan-DNK,PISA
R548-ChickenForum,2,2,Danish,dan-DNK,"www.sundekyllinger.dk/forum/aspirin-kyllinger
Sunde Kyllinger
Din onlineressource om kyllingers sundhed
Om os
Forum
Billeder
Aspirin til kyllinger
Ida_88 Starter af tråden Den 28. oktober kl. 18.12
Hejsa! Er det ok at give min høne aspirin? Hun er to år gammel, og jeg tror, at hun er kommet til skade med sit ben. Jeg kan ikke komme til en dyrlæge før mandag, og de tager ikke telefonen. Hun virker til at have rigtigt ondt. Jeg vil gerne give hende noget, der kan tage smerten, indtil jeg kan komme til dyrlægen. Tak for hjælpen.
NilleB79 Den 28. oktober kl. 18.36
Jeg ved ikke, om høns kan tåle aspirin. Jeg spørger altid dyrlægen, før jeg giver mine fugle medicin. Jeg ved, at noget medicin, der bruges til mennesker, er meget farligt for fugle.
Monika Den 28. oktober 18.52
Jeg har givet aspirin til en af mine høns, da hun var kommet til skade. Det var ikke noget problem. Dagen efter tog jeg til dyrlægen, men hun havde det allerede bedre. Jeg tror, at det kan være farligt, hvis man giver dem for meget, så hold dig til den anbefalede dosis! God bedring med hende!
Fjerkræ_Deals Den 28. oktober 19.07
Hej! Husk lige at kigge på mine fantastiske tilbud på produkter til fugle! Jeg holder udsalg lige nu!
Brian Den 28. oktober 19.15
Kan nogen fortælle mig, hvordan jeg kan se, om en kylling er syg? Tak.
Frank Den 28. oktober 19.21
Hej Ida Jeg er dyrlæge med speciale i fugle. Det er ok at give høns aspirin, hvis de virker til at have ondt. Når jeg udskriver aspirin til fugle, følger jeg retningslinjerne i Klinisk Aviær Medicin. Høns må få 5 mg aspirin pr. kg kropsvægt. Du kan give denne dosis 3-4 gange om dagen, indtil du kan komme til dyrlægen. Det er meget vigtigt, at dyrlægen kigger på hende. Held og lykke!"
R548-ChickenForum,2,3,Danish,dan-DNK,"Kyllingeforum Spørgsmål 1 / 7
Tag udgangspunkt i forummet Sunde Kyllinger til højre. Klik på en af valgmulighederne for at besvare spørgsmålet.
Hvad vil Ida_88 gerne vide?
Om hun må give aspirin til en høne, der er kommet til skade.
Hvor tit hun må give aspirin til en høne, der er kommet til skade.
Hvordan man kontakter en dyrlæge om en høne, der er kommet til skade.
Om hun kan finde ud af, hvor ondt en høne, der er kommet til skade, har."
R548-ChickenForum,3,1,Danish,dan-DNK,PISA
R548-ChickenForum,3,2,Danish,dan-DNK,"www.sundekyllinger.dk/forum/aspirin-kyllinger
Sunde Kyllinger
Din onlineressource om kyllingers sundhed
Om os
Forum
Billeder
Aspirin til kyllinger
Ida_88 Starter af tråden Den 28. oktober kl. 18.12
Hejsa! Er det ok at give min høne aspirin? Hun er to år gammel, og jeg tror, at hun er kommet til skade med sit ben. Jeg kan ikke komme til en dyrlæge før mandag, og de tager ikke telefonen. Hun virker til at have rigtigt ondt. Jeg vil gerne give hende noget, der kan tage smerten, indtil jeg kan komme til dyrlægen. Tak for hjælpen.
NilleB79 Den 28. oktober kl. 18.36
Jeg ved ikke, om høns kan tåle aspirin. Jeg spørger altid dyrlægen, før jeg giver mine fugle medicin. Jeg ved, at noget medicin, der bruges til mennesker, er meget farligt for fugle.
Monika Den 28. oktober 18.52
Jeg har givet aspirin til en af mine høns, da hun var kommet til skade. Det var ikke noget problem. Dagen efter tog jeg til dyrlægen, men hun havde det allerede bedre. Jeg tror, at det kan være farligt, hvis man giver dem for meget, så hold dig til den anbefalede dosis! God bedring med hende!
Fjerkræ_Deals Den 28. oktober 19.07
Hej! Husk lige at kigge på mine fantastiske tilbud på produkter til fugle! Jeg holder udsalg lige nu!
Brian Den 28. oktober 19.15
Kan nogen fortælle mig, hvordan jeg kan se, om en kylling er syg? Tak.
Frank Den 28. oktober 19.21
Hej Ida Jeg er dyrlæge med speciale i fugle. Det er ok at give høns aspirin, hvis de virker til at have ondt. Når jeg udskriver aspirin til fugle, følger jeg retningslinjerne i Klinisk Aviær Medicin. Høns må få 5 mg aspirin pr. kg kropsvægt. Du kan give denne dosis 3-4 gange om dagen, indtil du kan komme til dyrlægen. Det er meget vigtigt, at dyrlægen kigger på hende. Held og lykke!"
R548-ChickenForum,3,3,Danish,dan-DNK,"Kyllingeforum Spørgsmål 2 / 7
Tag udgangspunkt i forummet Sunde Kyllinger til højre. Klik på en af valgmulighederne for at besvare spørgsmålet.
Hvorfor vælger Ida_88 at lægge sit spørgsmål ud på et internetforum?
Fordi hun ikke ved, hvordan hun finder en dyrlæge.
Fordi hun ikke tror, at hønens problem er alvorligt.
Fordi hun vil hjælpe sin høne så hurtigt som muligt.
Fordi hun ikke har råd til at gå til dyrlægen."
R548-ChickenForum,4,1,Danish,dan-DNK,PISA
R548-ChickenForum,4,2,Danish,dan-DNK,"www.sundekyllinger.dk/forum/aspirin-kyllinger
Sunde Kyllinger
Din onlineressource om kyllingers sundhed
Om os
Forum
Billeder
Aspirin til kyllinger
Ida_88 Starter af tråden Den 28. oktober kl. 18.12
Hejsa! Er det ok at give min høne aspirin? Hun er to år gammel, og jeg tror, at hun er kommet til skade med sit ben. Jeg kan ikke komme til en dyrlæge før mandag, og de tager ikke telefonen. Hun virker til at have rigtigt ondt. Jeg vil gerne give hende noget, der kan tage smerten, indtil jeg kan komme til dyrlægen. Tak for hjælpen.
NilleB79 Den 28. oktober kl. 18.36
Jeg ved ikke, om høns kan tåle aspirin. Jeg spørger altid dyrlægen, før jeg giver mine fugle medicin. Jeg ved, at noget medicin, der bruges til mennesker, er meget farligt for fugle.
Monika Den 28. oktober 18.52
Jeg har givet aspirin til en af mine høns, da hun var kommet til skade. Det var ikke noget problem. Dagen efter tog jeg til dyrlægen, men hun havde det allerede bedre. Jeg tror, at det kan være farligt, hvis man giver dem for meget, så hold dig til den anbefalede dosis! God bedring med hende!
Fjerkræ_Deals Den 28. oktober 19.07
Hej! Husk lige at kigge på mine fantastiske tilbud på produkter til fugle! Jeg holder udsalg lige nu!
Brian Den 28. oktober 19.15
Kan nogen fortælle mig, hvordan jeg kan se, om en kylling er syg? Tak.
Frank Den 28. oktober 19.21
Hej Ida Jeg er dyrlæge med speciale i fugle. Det er ok at give høns aspirin, hvis de virker til at have ondt. Når jeg udskriver aspirin til fugle, følger jeg retningslinjerne i Klinisk Aviær Medicin. Høns må få 5 mg aspirin pr. kg kropsvægt. Du kan give denne dosis 3-4 gange om dagen, indtil du kan komme til dyrlægen. Det er meget vigtigt, at dyrlægen kigger på hende. Held og lykke!"
R548-ChickenForum,4,3,Danish,dan-DNK,"Kyllingeforum Spørgsmål 3 / 7
Tag udgangspunkt i forummet Sunde Kyllinger til højre.  Klik på valgmulighederne i tabellen for at besvare spørgsmålet.
Nogle indlæg i et forum er relevante, mens andre indlæg ikke er. Klik på enten Ja eller Nej for at angive, om indlæggene i tabellen nedenfor er relevante i forhold til Ida_88's problem.
Er indlægget relevant for Ida_88’s problem?
Ja
Nej
NilleB79’s indlæg
Monikas indlæg
Fjerkræ_Deals’ indlæg
Brians indlæg
Franks indlæg"
R548-ChickenForum,5,1,Danish,dan-DNK,PISA
R548-ChickenForum,5,2,Danish,dan-DNK,"www.sundekyllinger.dk/forum/aspirin-kyllinger
Sunde Kyllinger
Din onlineressource om kyllingers sundhed
Om os
Forum
Billeder
Aspirin til kyllinger
Ida_88 Starter af tråden Den 28. oktober kl. 18.12
Hejsa! Er det ok at give min høne aspirin? Hun er to år gammel, og jeg tror, at hun er kommet til skade med sit ben. Jeg kan ikke komme til en dyrlæge før mandag, og de tager ikke telefonen. Hun virker til at have rigtigt ondt. Jeg vil gerne give hende noget, der kan tage smerten, indtil jeg kan komme til dyrlægen. Tak for hjælpen.
NilleB79 Den 28. oktober kl. 18.36
Jeg ved ikke, om høns kan tåle aspirin. Jeg spørger altid dyrlægen, før jeg giver mine fugle medicin. Jeg ved, at noget medicin, der bruges til mennesker, er meget farligt for fugle.
Monika Den 28. oktober 18.52
Jeg har givet aspirin til en af mine høns, da hun var kommet til skade. Det var ikke noget problem. Dagen efter tog jeg til dyrlægen, men hun havde det allerede bedre. Jeg tror, at det kan være farligt, hvis man giver dem for meget, så hold dig til den anbefalede dosis! God bedring med hende!
Fjerkræ_Deals Den 28. oktober 19.07
Hej! Husk lige at kigge på mine fantastiske tilbud på produkter til fugle! Jeg holder udsalg lige nu!
Brian Den 28. oktober 19.15
Kan nogen fortælle mig, hvordan jeg kan se, om en kylling er syg? Tak.
Frank Den 28. oktober 19.21
Hej Ida Jeg er dyrlæge med speciale i fugle. Det er ok at give høns aspirin, hvis de virker til at have ondt. Når jeg udskriver aspirin til fugle, følger jeg retningslinjerne i Klinisk Aviær Medicin. Høns må få 5 mg aspirin pr. kg kropsvægt. Du kan give denne dosis 3-4 gange om dagen, indtil du kan komme til dyrlægen. Det er meget vigtigt, at dyrlægen kigger på hende. Held og lykke!"
R548-ChickenForum,5,3,Danish,dan-DNK,"Kyllingeforum Spørgsmål 4 / 7
Tag udgangspunkt i forummet Sunde Kyllinger til højre. Klik på en af valgmulighederne for at besvare spørgsmålet.
Hvem har gode erfaringer med at give en skadet høne aspirin?
Ida_88
NilleB79
Monika
Brian"
R548-ChickenForum,6,1,Danish,dan-DNK,PISA
R548-ChickenForum,6,2,Danish,dan-DNK,"www.sundekyllinger.dk/forum/aspirin-kyllinger
Sunde Kyllinger
Din onlineressource om kyllingers sundhed
Om os
Forum
Billeder
Aspirin til kyllinger
Ida_88 Starter af tråden Den 28. oktober kl. 18.12
Hejsa! Er det ok at give min høne aspirin? Hun er to år gammel, og jeg tror, at hun er kommet til skade med sit ben. Jeg kan ikke komme til en dyrlæge før mandag, og de tager ikke telefonen. Hun virker til at have rigtigt ondt. Jeg vil gerne give hende noget, der kan tage smerten, indtil jeg kan komme til dyrlægen. Tak for hjælpen.
NilleB79 Den 28. oktober kl. 18.36
Jeg ved ikke, om høns kan tåle aspirin. Jeg spørger altid dyrlægen, før jeg giver mine fugle medicin. Jeg ved, at noget medicin, der bruges til mennesker, er meget farligt for fugle.
Monika Den 28. oktober 18.52
Jeg har givet aspirin til en af mine høns, da hun var kommet til skade. Det var ikke noget problem. Dagen efter tog jeg til dyrlægen, men hun havde det allerede bedre. Jeg tror, at det kan være farligt, hvis man giver dem for meget, så hold dig til den anbefalede dosis! God bedring med hende!
Fjerkræ_Deals Den 28. oktober 19.07
Hej! Husk lige at kigge på mine fantastiske tilbud på produkter til fugle! Jeg holder udsalg lige nu!
Brian Den 28. oktober 19.15
Kan nogen fortælle mig, hvordan jeg kan se, om en kylling er syg? Tak.
Frank Den 28. oktober 19.21
Hej Ida Jeg er dyrlæge med speciale i fugle. Det er ok at give høns aspirin, hvis de virker til at have ondt. Når jeg udskriver aspirin til fugle, følger jeg retningslinjerne i Klinisk Aviær Medicin. Høns må få 5 mg aspirin pr. kg kropsvægt. Du kan give denne dosis 3-4 gange om dagen, indtil du kan komme til dyrlægen. Det er meget vigtigt, at dyrlægen kigger på hende. Held og lykke!"
R548-ChickenForum,6,3,Danish,dan-DNK,"Kyllingeforum Spørgsmål 5 / 7
Tag udgangspunkt i forummet Sunde Kyllinger til højre. Klik på en af valgmulighederne for at besvare spørgsmålet.
Hvorfor svarer Fjerkræ_Deals på Ida_88’s indlæg?
For at gøre reklame.
For at besvare Ida_88’s spørgsmål.
For at tilføje noget til Monikas råd.
For at demonstrere sin viden om fugle."
R548-ChickenForum,7,1,Danish,dan-DNK,PISA
R548-ChickenForum,7,2,Danish,dan-DNK,"www.sundekyllinger.dk/forum/aspirin-kyllinger
Sunde Kyllinger
Din onlineressource om kyllingers sundhed
Om os
Forum
Billeder
Aspirin til kyllinger
Ida_88 Starter af tråden Den 28. oktober kl. 18.12
Hejsa! Er det ok at give min høne aspirin? Hun er to år gammel, og jeg tror, at hun er kommet til skade med sit ben. Jeg kan ikke komme til en dyrlæge før mandag, og de tager ikke telefonen. Hun virker til at have rigtigt ondt. Jeg vil gerne give hende noget, der kan tage smerten, indtil jeg kan komme til dyrlægen. Tak for hjælpen.
NilleB79 Den 28. oktober kl. 18.36
Jeg ved ikke, om høns kan tåle aspirin. Jeg spørger altid dyrlægen, før jeg giver mine fugle medicin. Jeg ved, at noget medicin, der bruges til mennesker, er meget farligt for fugle.
Monika Den 28. oktober 18.52
Jeg har givet aspirin til en af mine høns, da hun var kommet til skade. Det var ikke noget problem. Dagen efter tog jeg til dyrlægen, men hun havde det allerede bedre. Jeg tror, at det kan være farligt, hvis man giver dem for meget, så hold dig til den anbefalede dosis! God bedring med hende!
Fjerkræ_Deals Den 28. oktober 19.07
Hej! Husk lige at kigge på mine fantastiske tilbud på produkter til fugle! Jeg holder udsalg lige nu!
Brian Den 28. oktober 19.15
Kan nogen fortælle mig, hvordan jeg kan se, om en kylling er syg? Tak.
Frank Den 28. oktober 19.21
Hej Ida Jeg er dyrlæge med speciale i fugle. Det er ok at give høns aspirin, hvis de virker til at have ondt. Når jeg udskriver aspirin til fugle, følger jeg retningslinjerne i Klinisk Aviær Medicin. Høns må få 5 mg aspirin pr. kg kropsvægt. Du kan give denne dosis 3-4 gange om dagen, indtil du kan komme til dyrlægen. Det er meget vigtigt, at dyrlægen kigger på hende. Held og lykke!"
R548-ChickenForum,7,3,Danish,dan-DNK,"Kyllingeforum Spørgsmål 6 / 7
Tag udgangspunkt i forummet Sunde Kyllinger til højre. Klik på en valgmulighed, og skriv derefter en forklaring for at besvare spørgsmålet.
Hvem har skrevet det mest pålidelige svar på Ida_88's spørgsmål?
NilleB79
Monika
Fjerkræ_Deals
Frank
Giv en begrundelse for dit svar."
R548-ChickenForum,8,1,Danish,dan-DNK,PISA
R548-ChickenForum,8,2,Danish,dan-DNK,"www.sundekyllinger.dk/forum/aspirin-kyllinger
Sunde Kyllinger
Din onlineressource om kyllingers sundhed
Om os
Forum
Billeder
Aspirin til kyllinger
Ida_88 Starter af tråden Den 28. oktober kl. 18.12
Hejsa! Er det ok at give min høne aspirin? Hun er to år gammel, og jeg tror, at hun er kommet til skade med sit ben. Jeg kan ikke komme til en dyrlæge før mandag, og de tager ikke telefonen. Hun virker til at have rigtigt ondt. Jeg vil gerne give hende noget, der kan tage smerten, indtil jeg kan komme til dyrlægen. Tak for hjælpen.
NilleB79 Den 28. oktober kl. 18.36
Jeg ved ikke, om høns kan tåle aspirin. Jeg spørger altid dyrlægen, før jeg giver mine fugle medicin. Jeg ved, at noget medicin, der bruges til mennesker, er meget farligt for fugle.
Monika Den 28. oktober 18.52
Jeg har givet aspirin til en af mine høns, da hun var kommet til skade. Det var ikke noget problem. Dagen efter tog jeg til dyrlægen, men hun havde det allerede bedre. Jeg tror, at det kan være farligt, hvis man giver dem for meget, så hold dig til den anbefalede dosis! God bedring med hende!
Fjerkræ_Deals Den 28. oktober 19.07
Hej! Husk lige at kigge på mine fantastiske tilbud på produkter til fugle! Jeg holder udsalg lige nu!
Brian Den 28. oktober 19.15
Kan nogen fortælle mig, hvordan jeg kan se, om en kylling er syg? Tak.
Frank Den 28. oktober 19.21
Hej Ida Jeg er dyrlæge med speciale i fugle. Det er ok at give høns aspirin, hvis de virker til at have ondt. Når jeg udskriver aspirin til fugle, følger jeg retningslinjerne i Klinisk Aviær Medicin. Høns må få 5 mg aspirin pr. kg kropsvægt. Du kan give denne dosis 3-4 gange om dagen, indtil du kan komme til dyrlægen. Det er meget vigtigt, at dyrlægen kigger på hende. Held og lykke!"
R548-ChickenForum,8,3,Danish,dan-DNK,"Kyllingeforum Spørgsmål 7 / 7
Tag udgangspunkt i forummet Sunde Kyllinger til højre. Skriv dit svar på spørgsmålet.
Hvorfor kan Frank ikke fortælle Ida_88 nøjagtigt, hvor meget aspirin hun skal give sin høne?"
R548-ChickenForum,9,1,Danish,dan-DNK,PISA
R548-ChickenForum,9,2,Danish,dan-DNK,"www.sundekyllinger.dk/forum/aspirin-kyllinger
Sunde Kyllinger
Din onlineressource om kyllingers sundhed
Om os
Forum
Billeder
Aspirin til kyllinger
Ida_88 Starter af tråden Den 28. oktober kl. 18.12
Hejsa! Er det ok at give min høne aspirin? Hun er to år gammel, og jeg tror, at hun er kommet til skade med sit ben. Jeg kan ikke komme til en dyrlæge før mandag, og de tager ikke telefonen. Hun virker til at have rigtigt ondt. Jeg vil gerne give hende noget, der kan tage smerten, indtil jeg kan komme til dyrlægen. Tak for hjælpen.
NilleB79 Den 28. oktober kl. 18.36
Jeg ved ikke, om høns kan tåle aspirin. Jeg spørger altid dyrlægen, før jeg giver mine fugle medicin. Jeg ved, at noget medicin, der bruges til mennesker, er meget farligt for fugle.
Monika Den 28. oktober 18.52
Jeg har givet aspirin til en af mine høns, da hun var kommet til skade. Det var ikke noget problem. Dagen efter tog jeg til dyrlægen, men hun havde det allerede bedre. Jeg tror, at det kan være farligt, hvis man giver dem for meget, så hold dig til den anbefalede dosis! God bedring med hende!
Fjerkræ_Deals Den 28. oktober 19.07
Hej! Husk lige at kigge på mine fantastiske tilbud på produkter til fugle! Jeg holder udsalg lige nu!
Brian Den 28. oktober 19.15
Kan nogen fortælle mig, hvordan jeg kan se, om en kylling er syg? Tak.
Frank Den 28. oktober 19.21
Hej Ida Jeg er dyrlæge med speciale i fugle. Det er ok at give høns aspirin, hvis de virker til at have ondt. Når jeg udskriver aspirin til fugle, følger jeg retningslinjerne i Klinisk Aviær Medicin. Høns må få 5 mg aspirin pr. kg kropsvægt. Du kan give denne dosis 3-4 gange om dagen, indtil du kan komme til dyrlægen. Det er meget vigtigt, at dyrlægen kigger på hende. Held og lykke!"
R548-ChickenForum,9,3,Danish,dan-DNK,"Kyllingeforum Spørgsmål 7 / 7
Tag udgangspunkt i forummet Sunde Kyllinger til højre. Skriv dit svar på spørgsmålet.
Hvorfor kan Frank ikke fortælle Ida_88 nøjagtigt, hvor meget aspirin hun skal give sin høne?"
R548-ChickenForum,10,1,Danish,dan-DNK,PISA
R548-ChickenForum,10,2,Danish,dan-DNK,"www.sundekyllinger.dk/forum/aspirin-kyllinger
Sunde Kyllinger
Din onlineressource om kyllingers sundhed
Om os
Forum
Billeder
Aspirin til kyllinger
Ida_88 Starter af tråden Den 28. oktober kl. 18.12
Hejsa! Er det ok at give min høne aspirin? Hun er to år gammel, og jeg tror, at hun er kommet til skade med sit ben. Jeg kan ikke komme til en dyrlæge før mandag, og de tager ikke telefonen. Hun virker til at have rigtigt ondt. Jeg vil gerne give hende noget, der kan tage smerten, indtil jeg kan komme til dyrlægen. Tak for hjælpen.
NilleB79 Den 28. oktober kl. 18.36
Jeg ved ikke, om høns kan tåle aspirin. Jeg spørger altid dyrlægen, før jeg giver mine fugle medicin. Jeg ved, at noget medicin, der bruges til mennesker, er meget farligt for fugle.
Monika Den 28. oktober 18.52
Jeg har givet aspirin til en af mine høns, da hun var kommet til skade. Det var ikke noget problem. Dagen efter tog jeg til dyrlægen, men hun havde det allerede bedre. Jeg tror, at det kan være farligt, hvis man giver dem for meget, så hold dig til den anbefalede dosis! God bedring med hende!
Fjerkræ_Deals Den 28. oktober 19.07
Hej! Husk lige at kigge på mine fantastiske tilbud på produkter til fugle! Jeg holder udsalg lige nu!
Brian Den 28. oktober 19.15
Kan nogen fortælle mig, hvordan jeg kan se, om en kylling er syg? Tak.
Frank Den 28. oktober 19.21
Hej Ida Jeg er dyrlæge med speciale i fugle. Det er ok at give høns aspirin, hvis de virker til at have ondt. Når jeg udskriver aspirin til fugle, følger jeg retningslinjerne i Klinisk Aviær Medicin. Høns må få 5 mg aspirin pr. kg kropsvægt. Du kan give denne dosis 3-4 gange om dagen, indtil du kan komme til dyrlægen. Det er meget vigtigt, at dyrlægen kigger på hende. Held og lykke!"
R548-ChickenForum,10,3,Danish,dan-DNK,"Kyllingeforum Spørgsmål 7 / 7
Tag udgangspunkt i forummet Sunde Kyllinger til højre. Skriv dit svar på spørgsmålet.
Hvorfor kan Frank ikke fortælle Ida_88 nøjagtigt, hvor meget aspirin hun skal give sin høne?"
R548-ChickenForum,1,1,Dutch,nld-NLD,PISA
R548-ChickenForum,1,2,Dutch,nld-NLD,"Kippenforum Inleiding
Lees de inleiding. Klik daarna op de pijl VOLGENDE.
Je bent op bezoek bij familieleden die onlangs naar een boerderij zijn verhuisd om kippen te fokken. Je vraagt je tante: 'Hoe heb je geleerd hoe je kippen moet fokken?'
Ze zegt: 'We hebben veel gesproken met mensen die kippen fokken. En er is veel informatie te vinden op internet. Er is bijvoorbeeld een Kippengezondheidsforum waar ik graag op kom. Daar had ik laatst heel veel aan toen een van mijn kippen haar poot had bezeerd. Ik laat je de discussie zien die ik had.'
Klik op de pijl VOLGENDE om het forum te bekijken."
R548-ChickenForum,2,1,Dutch,nld-NLD,PISA
R548-ChickenForum,2,2,Dutch,nld-NLD,"www.kippengezondheid.nl/forum/aspirine-kippen
Kippen en gezondheid
Uw online informatiebron voor gezonde kippen
Over
Forum
Foto's
Aspirine geven aan kippen
Ivana_88 Topicstarter Geplaatst 28 oktober 18.12
Hallo iedereen! Is het oké om aspirine te geven aan mijn hen? Ze is 2 jaar oud en ik denk dat ze haar poot bezeerd heeft. Ik kan pas maandag naar de dierenarts en de dierenarts neemt de telefoon niet op. Mijn hen lijkt veel pijn te hebben. Ik zou haar iets willen geven zodat ze zich beter voelt totdat ik naar de dierenarts kan. Dank jullie wel voor jullie hulp.
NellieB79 Geplaatst 28 oktober 18.36
Ik weet niet of aspirine wel of niet veilig is voor hennen. Ik vraag het altijd na bij mijn dierenarts voordat ik mijn vogels medicijnen geef. Ik weet dat sommige medicijnen die veilig zijn voor mensen, heel gevaarlijk kunnen zijn voor vogels.
Monie Geplaatst 28 oktober 18.52
Ik heb een van mijn kippen aspirine gegeven toen ze zich bezeerd had. Dat was geen probleem. De volgende dag ging ik naar de dierenarts, maar ze was al beter. Ik denk dat het gevaarlijk zou kunnen zijn als je teveel geeft, dus overschrijd de maximale dosis niet! Ik hoop dat ze zich beter voelt!
Vogel_Deals Geplaatst 28 oktober 19.07
Hoi! Vergeet niet mijn superaanbiedingen voor alle vogelbenodigdheden te checken. Ik houd op dit moment een grote uitverkoop!
Bob Geplaatst 28 oktober 19.15
Kan iemand me alsjeblieft vertellen hoe je weet of een kip ziek is? Dank je.
Frank Geplaatst 28 oktober 19.21
Hallo Ivana, Ik ben een dierenarts, gespecialiseerd in vogels. Het is oké om gewonde kippen aspirine te geven als ze tekenen van pijn vertonen. Bij het voorschrijven van aspirine aan vogels volg ik de richtlijnen die zijn gepubliceerd in Klinische Vogelgeneeskunde. Kippen dienen 5 mg aspirine per kg lichaamsgewicht te krijgen. Je kunt dit 3 tot 4 keer per dag geven totdat je naar je dierenarts kunt gaan. Het is heel belangrijk dat je je dierenarts er nog naar laat kijken. Succes!"
R548-ChickenForum,2,3,Dutch,nld-NLD,"Kippenforum Vraag 1 / 7
Raadpleeg het Kippengezondheidsforum aan de rechterkant. Beantwoord de vraag door een van de opties aan te klikken.
Wat wil Ivana_88 weten?
Of ze aspirine kan geven aan een gewonde hen.
Hoe vaak ze aspirine kan geven aan een gewonde hen.
Hoe ze contact kan opnemen met een dierenarts over een gewonde hen.
Of ze het pijnniveau van een gewonde hen kan bepalen."
R548-ChickenForum,3,1,Dutch,nld-NLD,PISA
R548-ChickenForum,3,2,Dutch,nld-NLD,"www.kippengezondheid.nl/forum/aspirine-kippen
Kippen en gezondheid
Uw online informatiebron voor gezonde kippen
Over
Forum
Foto's
Aspirine geven aan kippen
Ivana_88 Topicstarter Geplaatst 28 oktober 18.12
Hallo iedereen! Is het oké om aspirine te geven aan mijn hen? Ze is 2 jaar oud en ik denk dat ze haar poot bezeerd heeft. Ik kan pas maandag naar de dierenarts en de dierenarts neemt de telefoon niet op. Mijn hen lijkt veel pijn te hebben. Ik zou haar iets willen geven zodat ze zich beter voelt totdat ik naar de dierenarts kan. Dank jullie wel voor jullie hulp.
NellieB79 Geplaatst 28 oktober 18.36
Ik weet niet of aspirine wel of niet veilig is voor hennen. Ik vraag het altijd na bij mijn dierenarts voordat ik mijn vogels medicijnen geef. Ik weet dat sommige medicijnen die veilig zijn voor mensen, heel gevaarlijk kunnen zijn voor vogels.
Monie Geplaatst 28 oktober 18.52
Ik heb een van mijn kippen aspirine gegeven toen ze zich bezeerd had. Dat was geen probleem. De volgende dag ging ik naar de dierenarts, maar ze was al beter. Ik denk dat het gevaarlijk zou kunnen zijn als je teveel geeft, dus overschrijd de maximale dosis niet! Ik hoop dat ze zich beter voelt!
Vogel_Deals Geplaatst 28 oktober 19.07
Hoi! Vergeet niet mijn superaanbiedingen voor alle vogelbenodigdheden te checken. Ik houd op dit moment een grote uitverkoop!
Bob Geplaatst 28 oktober 19.15
Kan iemand me alsjeblieft vertellen hoe je weet of een kip ziek is? Dank je.
Frank Geplaatst 28 oktober 19.21
Hallo Ivana, Ik ben een dierenarts, gespecialiseerd in vogels. Het is oké om gewonde kippen aspirine te geven als ze tekenen van pijn vertonen. Bij het voorschrijven van aspirine aan vogels volg ik de richtlijnen die zijn gepubliceerd in Klinische Vogelgeneeskunde. Kippen dienen 5 mg aspirine per kg lichaamsgewicht te krijgen. Je kunt dit 3 tot 4 keer per dag geven totdat je naar je dierenarts kunt gaan. Het is heel belangrijk dat je je dierenarts er nog naar laat kijken. Succes!"
R548-ChickenForum,3,3,Dutch,nld-NLD,"Kippenforum Vraag 2 / 7
Raadpleeg het Kippengezondheidsforum aan de rechterkant. Beantwoord de vraag door een van de opties aan te klikken.
Waarom besluit Ivana_88 om haar vraag op een internetforum te plaatsen?
Omdat ze niet weet hoe ze een dierenarts kan vinden.
Omdat ze denkt dat het probleem van de hen niet ernstig is.
Omdat ze haar hen zo snel mogelijk wil helpen.
Omdat ze het zich niet kan veroorloven om naar een dierenarts te gaan."
R548-ChickenForum,4,1,Dutch,nld-NLD,PISA
R548-ChickenForum,4,2,Dutch,nld-NLD,"www.kippengezondheid.nl/forum/aspirine-kippen
Kippen en gezondheid
Uw online informatiebron voor gezonde kippen
Over
Forum
Foto's
Aspirine geven aan kippen
Ivana_88 Topicstarter Geplaatst 28 oktober 18.12
Hallo iedereen! Is het oké om aspirine te geven aan mijn hen? Ze is 2 jaar oud en ik denk dat ze haar poot bezeerd heeft. Ik kan pas maandag naar de dierenarts en de dierenarts neemt de telefoon niet op. Mijn hen lijkt veel pijn te hebben. Ik zou haar iets willen geven zodat ze zich beter voelt totdat ik naar de dierenarts kan. Dank jullie wel voor jullie hulp.
NellieB79 Geplaatst 28 oktober 18.36
Ik weet niet of aspirine wel of niet veilig is voor hennen. Ik vraag het altijd na bij mijn dierenarts voordat ik mijn vogels medicijnen geef. Ik weet dat sommige medicijnen die veilig zijn voor mensen, heel gevaarlijk kunnen zijn voor vogels.
Monie Geplaatst 28 oktober 18.52
Ik heb een van mijn kippen aspirine gegeven toen ze zich bezeerd had. Dat was geen probleem. De volgende dag ging ik naar de dierenarts, maar ze was al beter. Ik denk dat het gevaarlijk zou kunnen zijn als je teveel geeft, dus overschrijd de maximale dosis niet! Ik hoop dat ze zich beter voelt!
Vogel_Deals Geplaatst 28 oktober 19.07
Hoi! Vergeet niet mijn superaanbiedingen voor alle vogelbenodigdheden te checken. Ik houd op dit moment een grote uitverkoop!
Bob Geplaatst 28 oktober 19.15
Kan iemand me alsjeblieft vertellen hoe je weet of een kip ziek is? Dank je.
Frank Geplaatst 28 oktober 19.21
Hallo Ivana, Ik ben een dierenarts, gespecialiseerd in vogels. Het is oké om gewonde kippen aspirine te geven als ze tekenen van pijn vertonen. Bij het voorschrijven van aspirine aan vogels volg ik de richtlijnen die zijn gepubliceerd in Klinische Vogelgeneeskunde. Kippen dienen 5 mg aspirine per kg lichaamsgewicht te krijgen. Je kunt dit 3 tot 4 keer per dag geven totdat je naar je dierenarts kunt gaan. Het is heel belangrijk dat je je dierenarts er nog naar laat kijken. Succes!"
R548-ChickenForum,4,3,Dutch,nld-NLD,"Kippenforum Vraag 3 / 7
Raadpleeg het Kippengezondheidsforum aan de rechterkant.  Beantwoord de vraag door de opties in de tabel aan te klikken.
Sommige berichten op een forum zijn mogelijk relevant voor het onderwerp, en andere berichten zijn dat niet. Klik op Ja of Nee om aan te geven of de berichten in de onderstaande tabel relevant zijn voor het probleem van Ivana_88.
Is het bericht relevant voor het probleem van Ivana_88?
Ja
Nee
Het bericht van NellieB79
Het bericht van Monie
Het bericht van Vogel_Deals
Het bericht van Bob
Het bericht van Frank"
R548-ChickenForum,5,1,Dutch,nld-NLD,PISA
R548-ChickenForum,5,2,Dutch,nld-NLD,"www.kippengezondheid.nl/forum/aspirine-kippen
Kippen en gezondheid
Uw online informatiebron voor gezonde kippen
Over
Forum
Foto's
Aspirine geven aan kippen
Ivana_88 Topicstarter Geplaatst 28 oktober 18.12
Hallo iedereen! Is het oké om aspirine te geven aan mijn hen? Ze is 2 jaar oud en ik denk dat ze haar poot bezeerd heeft. Ik kan pas maandag naar de dierenarts en de dierenarts neemt de telefoon niet op. Mijn hen lijkt veel pijn te hebben. Ik zou haar iets willen geven zodat ze zich beter voelt totdat ik naar de dierenarts kan. Dank jullie wel voor jullie hulp.
NellieB79 Geplaatst 28 oktober 18.36
Ik weet niet of aspirine wel of niet veilig is voor hennen. Ik vraag het altijd na bij mijn dierenarts voordat ik mijn vogels medicijnen geef. Ik weet dat sommige medicijnen die veilig zijn voor mensen, heel gevaarlijk kunnen zijn voor vogels.
Monie Geplaatst 28 oktober 18.52
Ik heb een van mijn kippen aspirine gegeven toen ze zich bezeerd had. Dat was geen probleem. De volgende dag ging ik naar de dierenarts, maar ze was al beter. Ik denk dat het gevaarlijk zou kunnen zijn als je teveel geeft, dus overschrijd de maximale dosis niet! Ik hoop dat ze zich beter voelt!
Vogel_Deals Geplaatst 28 oktober 19.07
Hoi! Vergeet niet mijn superaanbiedingen voor alle vogelbenodigdheden te checken. Ik houd op dit moment een grote uitverkoop!
Bob Geplaatst 28 oktober 19.15
Kan iemand me alsjeblieft vertellen hoe je weet of een kip ziek is? Dank je.
Frank Geplaatst 28 oktober 19.21
Hallo Ivana, Ik ben een dierenarts, gespecialiseerd in vogels. Het is oké om gewonde kippen aspirine te geven als ze tekenen van pijn vertonen. Bij het voorschrijven van aspirine aan vogels volg ik de richtlijnen die zijn gepubliceerd in Klinische Vogelgeneeskunde. Kippen dienen 5 mg aspirine per kg lichaamsgewicht te krijgen. Je kunt dit 3 tot 4 keer per dag geven totdat je naar je dierenarts kunt gaan. Het is heel belangrijk dat je je dierenarts er nog naar laat kijken. Succes!"
R548-ChickenForum,5,3,Dutch,nld-NLD,"Kippenforum Vraag 4 / 7
Raadpleeg het Kippengezondheidsforum aan de rechterkant. Beantwoord de vraag door een van de opties aan te klikken.
Wie heeft positieve ervaringen gehad met het geven van aspirine aan een gewonde hen?
Ivana_88
NellieB79
Monie
Bob"
R548-ChickenForum,6,1,Dutch,nld-NLD,PISA
R548-ChickenForum,6,2,Dutch,nld-NLD,"www.kippengezondheid.nl/forum/aspirine-kippen
Kippen en gezondheid
Uw online informatiebron voor gezonde kippen
Over
Forum
Foto's
Aspirine geven aan kippen
Ivana_88 Topicstarter Geplaatst 28 oktober 18.12
Hallo iedereen! Is het oké om aspirine te geven aan mijn hen? Ze is 2 jaar oud en ik denk dat ze haar poot bezeerd heeft. Ik kan pas maandag naar de dierenarts en de dierenarts neemt de telefoon niet op. Mijn hen lijkt veel pijn te hebben. Ik zou haar iets willen geven zodat ze zich beter voelt totdat ik naar de dierenarts kan. Dank jullie wel voor jullie hulp.
NellieB79 Geplaatst 28 oktober 18.36
Ik weet niet of aspirine wel of niet veilig is voor hennen. Ik vraag het altijd na bij mijn dierenarts voordat ik mijn vogels medicijnen geef. Ik weet dat sommige medicijnen die veilig zijn voor mensen, heel gevaarlijk kunnen zijn voor vogels.
Monie Geplaatst 28 oktober 18.52
Ik heb een van mijn kippen aspirine gegeven toen ze zich bezeerd had. Dat was geen probleem. De volgende dag ging ik naar de dierenarts, maar ze was al beter. Ik denk dat het gevaarlijk zou kunnen zijn als je teveel geeft, dus overschrijd de maximale dosis niet! Ik hoop dat ze zich beter voelt!
Vogel_Deals Geplaatst 28 oktober 19.07
Hoi! Vergeet niet mijn superaanbiedingen voor alle vogelbenodigdheden te checken. Ik houd op dit moment een grote uitverkoop!
Bob Geplaatst 28 oktober 19.15
Kan iemand me alsjeblieft vertellen hoe je weet of een kip ziek is? Dank je.
Frank Geplaatst 28 oktober 19.21
Hallo Ivana, Ik ben een dierenarts, gespecialiseerd in vogels. Het is oké om gewonde kippen aspirine te geven als ze tekenen van pijn vertonen. Bij het voorschrijven van aspirine aan vogels volg ik de richtlijnen die zijn gepubliceerd in Klinische Vogelgeneeskunde. Kippen dienen 5 mg aspirine per kg lichaamsgewicht te krijgen. Je kunt dit 3 tot 4 keer per dag geven totdat je naar je dierenarts kunt gaan. Het is heel belangrijk dat je je dierenarts er nog naar laat kijken. Succes!"
R548-ChickenForum,6,3,Dutch,nld-NLD,"Kippenforum Vraag 5 / 7
Raadpleeg het Kippengezondheidsforum aan de rechterkant. Beantwoord de vraag door een van de opties aan te klikken.
Waarom reageert Vogel_Deals op het bericht van Ivana_88?
Om een bedrijf te promoten.
Om de vraag van Ivana_88 te beantwoorden.
Om het advies van Monie aan te vullen.
Om te laten zien dat hij deskundig is op het gebied van vogels."
R548-ChickenForum,7,1,Dutch,nld-NLD,PISA
R548-ChickenForum,7,2,Dutch,nld-NLD,"www.kippengezondheid.nl/forum/aspirine-kippen
Kippen en gezondheid
Uw online informatiebron voor gezonde kippen
Over
Forum
Foto's
Aspirine geven aan kippen
Ivana_88 Topicstarter Geplaatst 28 oktober 18.12
Hallo iedereen! Is het oké om aspirine te geven aan mijn hen? Ze is 2 jaar oud en ik denk dat ze haar poot bezeerd heeft. Ik kan pas maandag naar de dierenarts en de dierenarts neemt de telefoon niet op. Mijn hen lijkt veel pijn te hebben. Ik zou haar iets willen geven zodat ze zich beter voelt totdat ik naar de dierenarts kan. Dank jullie wel voor jullie hulp.
NellieB79 Geplaatst 28 oktober 18.36
Ik weet niet of aspirine wel of niet veilig is voor hennen. Ik vraag het altijd na bij mijn dierenarts voordat ik mijn vogels medicijnen geef. Ik weet dat sommige medicijnen die veilig zijn voor mensen, heel gevaarlijk kunnen zijn voor vogels.
Monie Geplaatst 28 oktober 18.52
Ik heb een van mijn kippen aspirine gegeven toen ze zich bezeerd had. Dat was geen probleem. De volgende dag ging ik naar de dierenarts, maar ze was al beter. Ik denk dat het gevaarlijk zou kunnen zijn als je teveel geeft, dus overschrijd de maximale dosis niet! Ik hoop dat ze zich beter voelt!
Vogel_Deals Geplaatst 28 oktober 19.07
Hoi! Vergeet niet mijn superaanbiedingen voor alle vogelbenodigdheden te checken. Ik houd op dit moment een grote uitverkoop!
Bob Geplaatst 28 oktober 19.15
Kan iemand me alsjeblieft vertellen hoe je weet of een kip ziek is? Dank je.
Frank Geplaatst 28 oktober 19.21
Hallo Ivana, Ik ben een dierenarts, gespecialiseerd in vogels. Het is oké om gewonde kippen aspirine te geven als ze tekenen van pijn vertonen. Bij het voorschrijven van aspirine aan vogels volg ik de richtlijnen die zijn gepubliceerd in Klinische Vogelgeneeskunde. Kippen dienen 5 mg aspirine per kg lichaamsgewicht te krijgen. Je kunt dit 3 tot 4 keer per dag geven totdat je naar je dierenarts kunt gaan. Het is heel belangrijk dat je je dierenarts er nog naar laat kijken. Succes!"
R548-ChickenForum,7,3,Dutch,nld-NLD,"Kippenforum Vraag 6 / 7
Raadpleeg het Kippengezondheidsforum aan de rechterkant. Beantwoord de vraag door een van de opties aan te klikken en typ vervolgens je toelichting.
Wie heeft het meest betrouwbare antwoord op de vraag van Ivana_88 geplaatst?
NellieB79
Monie
Vogel_Deals
Frank
Geef een reden voor je antwoord."
R548-ChickenForum,8,1,Dutch,nld-NLD,PISA
R548-ChickenForum,8,2,Dutch,nld-NLD,"www.kippengezondheid.nl/forum/aspirine-kippen
Kippen en gezondheid
Uw online informatiebron voor gezonde kippen
Over
Forum
Foto's
Aspirine geven aan kippen
Ivana_88 Topicstarter Geplaatst 28 oktober 18.12
Hallo iedereen! Is het oké om aspirine te geven aan mijn hen? Ze is 2 jaar oud en ik denk dat ze haar poot bezeerd heeft. Ik kan pas maandag naar de dierenarts en de dierenarts neemt de telefoon niet op. Mijn hen lijkt veel pijn te hebben. Ik zou haar iets willen geven zodat ze zich beter voelt totdat ik naar de dierenarts kan. Dank jullie wel voor jullie hulp.
NellieB79 Geplaatst 28 oktober 18.36
Ik weet niet of aspirine wel of niet veilig is voor hennen. Ik vraag het altijd na bij mijn dierenarts voordat ik mijn vogels medicijnen geef. Ik weet dat sommige medicijnen die veilig zijn voor mensen, heel gevaarlijk kunnen zijn voor vogels.
Monie Geplaatst 28 oktober 18.52
Ik heb een van mijn kippen aspirine gegeven toen ze zich bezeerd had. Dat was geen probleem. De volgende dag ging ik naar de dierenarts, maar ze was al beter. Ik denk dat het gevaarlijk zou kunnen zijn als je teveel geeft, dus overschrijd de maximale dosis niet! Ik hoop dat ze zich beter voelt!
Vogel_Deals Geplaatst 28 oktober 19.07
Hoi! Vergeet niet mijn superaanbiedingen voor alle vogelbenodigdheden te checken. Ik houd op dit moment een grote uitverkoop!
Bob Geplaatst 28 oktober 19.15
Kan iemand me alsjeblieft vertellen hoe je weet of een kip ziek is? Dank je.
Frank Geplaatst 28 oktober 19.21
Hallo Ivana, Ik ben een dierenarts, gespecialiseerd in vogels. Het is oké om gewonde kippen aspirine te geven als ze tekenen van pijn vertonen. Bij het voorschrijven van aspirine aan vogels volg ik de richtlijnen die zijn gepubliceerd in Klinische Vogelgeneeskunde. Kippen dienen 5 mg aspirine per kg lichaamsgewicht te krijgen. Je kunt dit 3 tot 4 keer per dag geven totdat je naar je dierenarts kunt gaan. Het is heel belangrijk dat je je dierenarts er nog naar laat kijken. Succes!"
R548-ChickenForum,8,3,Dutch,nld-NLD,"Kippenforum Vraag 7 / 7
Raadpleeg het Kippengezondheidsforum aan de rechterkant. Typ je antwoord op de vraag.
Waarom kan Frank Ivana_88 niet de precieze hoeveelheid aspirine geven voor haar hen?"
R548-ChickenForum,9,1,Dutch,nld-NLD,PISA
R548-ChickenForum,9,2,Dutch,nld-NLD,"www.kippengezondheid.nl/forum/aspirine-kippen
Kippen en gezondheid
Uw online informatiebron voor gezonde kippen
Over
Forum
Foto's
Aspirine geven aan kippen
Ivana_88 Topicstarter Geplaatst 28 oktober 18.12
Hallo iedereen! Is het oké om aspirine te geven aan mijn hen? Ze is 2 jaar oud en ik denk dat ze haar poot bezeerd heeft. Ik kan pas maandag naar de dierenarts en de dierenarts neemt de telefoon niet op. Mijn hen lijkt veel pijn te hebben. Ik zou haar iets willen geven zodat ze zich beter voelt totdat ik naar de dierenarts kan. Dank jullie wel voor jullie hulp.
NellieB79 Geplaatst 28 oktober 18.36
Ik weet niet of aspirine wel of niet veilig is voor hennen. Ik vraag het altijd na bij mijn dierenarts voordat ik mijn vogels medicijnen geef. Ik weet dat sommige medicijnen die veilig zijn voor mensen, heel gevaarlijk kunnen zijn voor vogels.
Monie Geplaatst 28 oktober 18.52
Ik heb een van mijn kippen aspirine gegeven toen ze zich bezeerd had. Dat was geen probleem. De volgende dag ging ik naar de dierenarts, maar ze was al beter. Ik denk dat het gevaarlijk zou kunnen zijn als je teveel geeft, dus overschrijd de maximale dosis niet! Ik hoop dat ze zich beter voelt!
Vogel_Deals Geplaatst 28 oktober 19.07
Hoi! Vergeet niet mijn superaanbiedingen voor alle vogelbenodigdheden te checken. Ik houd op dit moment een grote uitverkoop!
Bob Geplaatst 28 oktober 19.15
Kan iemand me alsjeblieft vertellen hoe je weet of een kip ziek is? Dank je.
Frank Geplaatst 28 oktober 19.21
Hallo Ivana, Ik ben een dierenarts, gespecialiseerd in vogels. Het is oké om gewonde kippen aspirine te geven als ze tekenen van pijn vertonen. Bij het voorschrijven van aspirine aan vogels volg ik de richtlijnen die zijn gepubliceerd in Klinische Vogelgeneeskunde. Kippen dienen 5 mg aspirine per kg lichaamsgewicht te krijgen. Je kunt dit 3 tot 4 keer per dag geven totdat je naar je dierenarts kunt gaan. Het is heel belangrijk dat je je dierenarts er nog naar laat kijken. Succes!"
R548-ChickenForum,9,3,Dutch,nld-NLD,"Kippenforum Vraag 7 / 7
Raadpleeg het Kippengezondheidsforum aan de rechterkant. Typ je antwoord op de vraag.
Waarom kan Frank Ivana_88 niet de precieze hoeveelheid aspirine geven voor haar hen?"
R548-ChickenForum,10,1,Dutch,nld-NLD,PISA
R548-ChickenForum,10,2,Dutch,nld-NLD,"www.kippengezondheid.nl/forum/aspirine-kippen
Kippen en gezondheid
Uw online informatiebron voor gezonde kippen
Over
Forum
Foto's
Aspirine geven aan kippen
Ivana_88 Topicstarter Geplaatst 28 oktober 18.12
Hallo iedereen! Is het oké om aspirine te geven aan mijn hen? Ze is 2 jaar oud en ik denk dat ze haar poot bezeerd heeft. Ik kan pas maandag naar de dierenarts en de dierenarts neemt de telefoon niet op. Mijn hen lijkt veel pijn te hebben. Ik zou haar iets willen geven zodat ze zich beter voelt totdat ik naar de dierenarts kan. Dank jullie wel voor jullie hulp.
NellieB79 Geplaatst 28 oktober 18.36
Ik weet niet of aspirine wel of niet veilig is voor hennen. Ik vraag het altijd na bij mijn dierenarts voordat ik mijn vogels medicijnen geef. Ik weet dat sommige medicijnen die veilig zijn voor mensen, heel gevaarlijk kunnen zijn voor vogels.
Monie Geplaatst 28 oktober 18.52
Ik heb een van mijn kippen aspirine gegeven toen ze zich bezeerd had. Dat was geen probleem. De volgende dag ging ik naar de dierenarts, maar ze was al beter. Ik denk dat het gevaarlijk zou kunnen zijn als je teveel geeft, dus overschrijd de maximale dosis niet! Ik hoop dat ze zich beter voelt!
Vogel_Deals Geplaatst 28 oktober 19.07
Hoi! Vergeet niet mijn superaanbiedingen voor alle vogelbenodigdheden te checken. Ik houd op dit moment een grote uitverkoop!
Bob Geplaatst 28 oktober 19.15
Kan iemand me alsjeblieft vertellen hoe je weet of een kip ziek is? Dank je.
Frank Geplaatst 28 oktober 19.21
Hallo Ivana, Ik ben een dierenarts, gespecialiseerd in vogels. Het is oké om gewonde kippen aspirine te geven als ze tekenen van pijn vertonen. Bij het voorschrijven van aspirine aan vogels volg ik de richtlijnen die zijn gepubliceerd in Klinische Vogelgeneeskunde. Kippen dienen 5 mg aspirine per kg lichaamsgewicht te krijgen. Je kunt dit 3 tot 4 keer per dag geven totdat je naar je dierenarts kunt gaan. Het is heel belangrijk dat je je dierenarts er nog naar laat kijken. Succes!"
R548-ChickenForum,10,3,Dutch,nld-NLD,"Kippenforum Vraag 7 / 7
Raadpleeg het Kippengezondheidsforum aan de rechterkant. Typ je antwoord op de vraag.
Waarom kan Frank Ivana_88 niet de precieze hoeveelheid aspirine geven voor haar hen?"
R548-ChickenForum,1,1,English,eng-CAN,PISA
R548-ChickenForum,1,2,English,eng-CAN,"Chicken Forum Introduction
Read the introduction. Then click on the NEXT arrow.
You are visiting your relatives, who recently moved to a farm to raise chickens. You ask your aunt, “How did you learn how to raise chickens?”
She says, “We talked to a lot of people who raise chickens. And, there are lots of resources on the Internet. For example, there is a Chicken Health forum that I like to visit. It was very helpful to me recently when one of my hens hurt her leg. I’ll show you the conversation I had.”
Click on the NEXT arrow to read the forum."
R548-ChickenForum,2,1,English,eng-CAN,PISA
R548-ChickenForum,2,2,English,eng-CAN,"www.chickenhealth.com/forum/aspirin-chickens
Chicken Health
Your online resource for healthy chickens
About
Forum
Pictures
Giving Aspirin to Chickens
Ivana_88 Thread Starter Posted 28 October 6:12 p.m.
Hello everyone! Is it okay to give aspirin to my hen? She is 2 years old and I think she hurt her leg. I can’t get to the veterinarian until Monday, and the vet isn’t answering the phone. My hen seems to be in a lot of pain. I’d like to give her something to make her feel better until I can go to the vet. Thank you for your help.
NellieB79 Posted 28 October 6:36 p.m.
I don’t know if aspirin is safe for hens or not. I always check with my vet before giving my birds medicine. I know that some drugs that are safe for humans can be very dangerous for birds.
Monie Posted 28 October 6:52 p.m.
I gave an aspirin to one of my hens when she was hurt. There was no problem. The next day I went to the vet but she was already better. I think it might be dangerous if you give too much, so don’t exceed the dose limits! I hope she feels better!
Avian_Deals Posted 28 October 7:07 p.m.
Hi! Don’t forget to check out my super low deals on all bird supplies. I’m having a great sale right now!
Bob Posted 28 October 7:15 p.m.
Can someone please tell me how to know if a chicken is sick? Thanks.
Frank Posted 28 October 7:21 p.m.
Hello Ivana, I am a veterinarian, specialising in birds. It is okay to give injured chickens aspirin if they are showing signs that they are in pain. When prescribing aspirin to birds, I follow the guidelines published in Clinical Avian Medicine. Chickens should receive 5 mg of aspirin per kg of body weight. You can give this 3-4 times per day until you can see your veterinarian. It is very important to follow up with your vet. Good luck!"
R548-ChickenForum,2,3,English,eng-CAN,"Chicken Forum Question 1 / 7
Refer to the Chicken Health Forum on the right. Click on a choice to answer the question.
What does Ivana_88 want to know?
If she can give aspirin to an injured hen.
How often she can give aspirin to an injured hen.
How to contact a veterinarian about an injured hen.
If she can determine the pain level of an injured hen."
R548-ChickenForum,3,1,English,eng-CAN,PISA
R548-ChickenForum,3,2,English,eng-CAN,"www.chickenhealth.com/forum/aspirin-chickens
Chicken Health
Your online resource for healthy chickens
About
Forum
Pictures
Giving Aspirin to Chickens
Ivana_88 Thread Starter Posted 28 October 6:12 p.m.
Hello everyone! Is it okay to give aspirin to my hen? She is 2 years old and I think she hurt her leg. I can’t get to the veterinarian until Monday, and the vet isn’t answering the phone. My hen seems to be in a lot of pain. I’d like to give her something to make her feel better until I can go to the vet. Thank you for your help.
NellieB79 Posted 28 October 6:36 p.m.
I don’t know if aspirin is safe for hens or not. I always check with my vet before giving my birds medicine. I know that some drugs that are safe for humans can be very dangerous for birds.
Monie Posted 28 October 6:52 p.m.
I gave an aspirin to one of my hens when she was hurt. There was no problem. The next day I went to the vet but she was already better. I think it might be dangerous if you give too much, so don’t exceed the dose limits! I hope she feels better!
Avian_Deals Posted 28 October 7:07 p.m.
Hi! Don’t forget to check out my super low deals on all bird supplies. I’m having a great sale right now!
Bob Posted 28 October 7:15 p.m.
Can someone please tell me how to know if a chicken is sick? Thanks.
Frank Posted 28 October 7:21 p.m.
Hello Ivana, I am a veterinarian, specialising in birds. It is okay to give injured chickens aspirin if they are showing signs that they are in pain. When prescribing aspirin to birds, I follow the guidelines published in Clinical Avian Medicine. Chickens should receive 5 mg of aspirin per kg of body weight. You can give this 3-4 times per day until you can see your veterinarian. It is very important to follow up with your vet. Good luck!"
R548-ChickenForum,3,3,English,eng-CAN,"Chicken Forum Question 2 / 7
Refer to the Chicken Health Forum on the right. Click on a choice to answer the question.
Why does Ivana_88 decide to post her question on an Internet forum?
Because she doesn’t know how to find a veterinarian.
Because she thinks the hen’s problem isn’t serious.
Because she wants to help her hen as soon as possible.
Because she cannot afford to go to the veterinarian."
R548-ChickenForum,4,1,English,eng-CAN,PISA
R548-ChickenForum,4,2,English,eng-CAN,"www.chickenhealth.com/forum/aspirin-chickens
Chicken Health
Your online resource for healthy chickens
About
Forum
Pictures
Giving Aspirin to Chickens
Ivana_88 Thread Starter Posted 28 October 6:12 p.m.
Hello everyone! Is it okay to give aspirin to my hen? She is 2 years old and I think she hurt her leg. I can’t get to the veterinarian until Monday, and the vet isn’t answering the phone. My hen seems to be in a lot of pain. I’d like to give her something to make her feel better until I can go to the vet. Thank you for your help.
NellieB79 Posted 28 October 6:36 p.m.
I don’t know if aspirin is safe for hens or not. I always check with my vet before giving my birds medicine. I know that some drugs that are safe for humans can be very dangerous for birds.
Monie Posted 28 October 6:52 p.m.
I gave an aspirin to one of my hens when she was hurt. There was no problem. The next day I went to the vet but she was already better. I think it might be dangerous if you give too much, so don’t exceed the dose limits! I hope she feels better!
Avian_Deals Posted 28 October 7:07 p.m.
Hi! Don’t forget to check out my super low deals on all bird supplies. I’m having a great sale right now!
Bob Posted 28 October 7:15 p.m.
Can someone please tell me how to know if a chicken is sick? Thanks.
Frank Posted 28 October 7:21 p.m.
Hello Ivana, I am a veterinarian, specialising in birds. It is okay to give injured chickens aspirin if they are showing signs that they are in pain. When prescribing aspirin to birds, I follow the guidelines published in Clinical Avian Medicine. Chickens should receive 5 mg of aspirin per kg of body weight. You can give this 3-4 times per day until you can see your veterinarian. It is very important to follow up with your vet. Good luck!"
R548-ChickenForum,4,3,English,eng-CAN,"Chicken Forum Question 3 / 7
Refer to the Chicken Health Forum on the right.  Click on the choices in the table to answer the question.
Some posts on a forum can be relevant to the topic while some posts are not. Click on either Yes or No to indicate whether the posts in the table below are relevant to Ivana_88’s problem.
Is the post relevant to Ivana_88’s problem?
Yes
No
NellieB79’s post
Monie’s post
Avian_Deals’ post
Bob’s post
Frank’s post"
R548-ChickenForum,5,1,English,eng-CAN,PISA
R548-ChickenForum,5,2,English,eng-CAN,"www.chickenhealth.com/forum/aspirin-chickens
Chicken Health
Your online resource for healthy chickens
About
Forum
Pictures
Giving Aspirin to Chickens
Ivana_88 Thread Starter Posted 28 October 6:12 p.m.
Hello everyone! Is it okay to give aspirin to my hen? She is 2 years old and I think she hurt her leg. I can’t get to the veterinarian until Monday, and the vet isn’t answering the phone. My hen seems to be in a lot of pain. I’d like to give her something to make her feel better until I can go to the vet. Thank you for your help.
NellieB79 Posted 28 October 6:36 p.m.
I don’t know if aspirin is safe for hens or not. I always check with my vet before giving my birds medicine. I know that some drugs that are safe for humans can be very dangerous for birds.
Monie Posted 28 October 6:52 p.m.
I gave an aspirin to one of my hens when she was hurt. There was no problem. The next day I went to the vet but she was already better. I think it might be dangerous if you give too much, so don’t exceed the dose limits! I hope she feels better!
Avian_Deals Posted 28 October 7:07 p.m.
Hi! Don’t forget to check out my super low deals on all bird supplies. I’m having a great sale right now!
Bob Posted 28 October 7:15 p.m.
Can someone please tell me how to know if a chicken is sick? Thanks.
Frank Posted 28 October 7:21 p.m.
Hello Ivana, I am a veterinarian, specialising in birds. It is okay to give injured chickens aspirin if they are showing signs that they are in pain. When prescribing aspirin to birds, I follow the guidelines published in Clinical Avian Medicine. Chickens should receive 5 mg of aspirin per kg of body weight. You can give this 3-4 times per day until you can see your veterinarian. It is very important to follow up with your vet. Good luck!"
R548-ChickenForum,5,3,English,eng-CAN,"Chicken Forum Question 4 / 7
Refer to the Chicken Health Forum on the right. Click on a choice to answer the question.
Who has had positive experiences giving aspirin to an injured hen?
Ivana_88
NellieB79
Monie
Bob"
R548-ChickenForum,6,1,English,eng-CAN,PISA
R548-ChickenForum,6,2,English,eng-CAN,"www.chickenhealth.com/forum/aspirin-chickens
Chicken Health
Your online resource for healthy chickens
About
Forum
Pictures
Giving Aspirin to Chickens
Ivana_88 Thread Starter Posted 28 October 6:12 p.m.
Hello everyone! Is it okay to give aspirin to my hen? She is 2 years old and I think she hurt her leg. I can’t get to the veterinarian until Monday, and the vet isn’t answering the phone. My hen seems to be in a lot of pain. I’d like to give her something to make her feel better until I can go to the vet. Thank you for your help.
NellieB79 Posted 28 October 6:36 p.m.
I don’t know if aspirin is safe for hens or not. I always check with my vet before giving my birds medicine. I know that some drugs that are safe for humans can be very dangerous for birds.
Monie Posted 28 October 6:52 p.m.
I gave an aspirin to one of my hens when she was hurt. There was no problem. The next day I went to the vet but she was already better. I think it might be dangerous if you give too much, so don’t exceed the dose limits! I hope she feels better!
Avian_Deals Posted 28 October 7:07 p.m.
Hi! Don’t forget to check out my super low deals on all bird supplies. I’m having a great sale right now!
Bob Posted 28 October 7:15 p.m.
Can someone please tell me how to know if a chicken is sick? Thanks.
Frank Posted 28 October 7:21 p.m.
Hello Ivana, I am a veterinarian, specialising in birds. It is okay to give injured chickens aspirin if they are showing signs that they are in pain. When prescribing aspirin to birds, I follow the guidelines published in Clinical Avian Medicine. Chickens should receive 5 mg of aspirin per kg of body weight. You can give this 3-4 times per day until you can see your veterinarian. It is very important to follow up with your vet. Good luck!"
R548-ChickenForum,6,3,English,eng-CAN,"Chicken Forum Question 5 / 7
Refer to the Chicken Health Forum on the right. Click on a choice to answer the question.
Why does Avian_Deals respond to Ivana_88’s post?
To promote a business.
To answer Ivana_88’s question.
To add to Monie’s advice.
To demonstrate expertise with birds."
R548-ChickenForum,7,1,English,eng-CAN,PISA
R548-ChickenForum,7,2,English,eng-CAN,"www.chickenhealth.com/forum/aspirin-chickens
Chicken Health
Your online resource for healthy chickens
About
Forum
Pictures
Giving Aspirin to Chickens
Ivana_88 Thread Starter Posted 28 October 6:12 p.m.
Hello everyone! Is it okay to give aspirin to my hen? She is 2 years old and I think she hurt her leg. I can’t get to the veterinarian until Monday, and the vet isn’t answering the phone. My hen seems to be in a lot of pain. I’d like to give her something to make her feel better until I can go to the vet. Thank you for your help.
NellieB79 Posted 28 October 6:36 p.m.
I don’t know if aspirin is safe for hens or not. I always check with my vet before giving my birds medicine. I know that some drugs that are safe for humans can be very dangerous for birds.
Monie Posted 28 October 6:52 p.m.
I gave an aspirin to one of my hens when she was hurt. There was no problem. The next day I went to the vet but she was already better. I think it might be dangerous if you give too much, so don’t exceed the dose limits! I hope she feels better!
Avian_Deals Posted 28 October 7:07 p.m.
Hi! Don’t forget to check out my super low deals on all bird supplies. I’m having a great sale right now!
Bob Posted 28 October 7:15 p.m.
Can someone please tell me how to know if a chicken is sick? Thanks.
Frank Posted 28 October 7:21 p.m.
Hello Ivana, I am a veterinarian, specialising in birds. It is okay to give injured chickens aspirin if they are showing signs that they are in pain. When prescribing aspirin to birds, I follow the guidelines published in Clinical Avian Medicine. Chickens should receive 5 mg of aspirin per kg of body weight. You can give this 3-4 times per day until you can see your veterinarian. It is very important to follow up with your vet. Good luck!"
R548-ChickenForum,7,3,English,eng-CAN,"Chicken Forum Question 6 / 7
Refer to the Chicken Health Forum on the right. Click on a choice and then type an explanation to answer the question.
Who posted the most reliable answer to Ivana_88’s question?
NellieB79
Monie
Avian_Deals
Frank
Give a reason for your answer."
R548-ChickenForum,8,1,English,eng-CAN,PISA
R548-ChickenForum,8,2,English,eng-CAN,"www.chickenhealth.com/forum/aspirin-chickens
Chicken Health
Your online resource for healthy chickens
About
Forum
Pictures
Giving Aspirin to Chickens
Ivana_88 Thread Starter Posted 28 October 6:12 p.m.
Hello everyone! Is it okay to give aspirin to my hen? She is 2 years old and I think she hurt her leg. I can’t get to the veterinarian until Monday, and the vet isn’t answering the phone. My hen seems to be in a lot of pain. I’d like to give her something to make her feel better until I can go to the vet. Thank you for your help.
NellieB79 Posted 28 October 6:36 p.m.
I don’t know if aspirin is safe for hens or not. I always check with my vet before giving my birds medicine. I know that some drugs that are safe for humans can be very dangerous for birds.
Monie Posted 28 October 6:52 p.m.
I gave an aspirin to one of my hens when she was hurt. There was no problem. The next day I went to the vet but she was already better. I think it might be dangerous if you give too much, so don’t exceed the dose limits! I hope she feels better!
Avian_Deals Posted 28 October 7:07 p.m.
Hi! Don’t forget to check out my super low deals on all bird supplies. I’m having a great sale right now!
Bob Posted 28 October 7:15 p.m.
Can someone please tell me how to know if a chicken is sick? Thanks.
Frank Posted 28 October 7:21 p.m.
Hello Ivana, I am a veterinarian, specialising in birds. It is okay to give injured chickens aspirin if they are showing signs that they are in pain. When prescribing aspirin to birds, I follow the guidelines published in Clinical Avian Medicine. Chickens should receive 5 mg of aspirin per kg of body weight. You can give this 3-4 times per day until you can see your veterinarian. It is very important to follow up with your vet. Good luck!"
R548-ChickenForum,8,3,English,eng-CAN,"Chicken Forum Question 7 / 7
Refer to the Chicken Health Forum on the right. Type your answer to the question.
Why can’t Frank give Ivana_88 the exact amount of aspirin for her hen?"
R548-ChickenForum,9,1,English,eng-CAN,PISA
R548-ChickenForum,9,2,English,eng-CAN,"www.chickenhealth.com/forum/aspirin-chickens
Chicken Health
Your online resource for healthy chickens
About
Forum
Pictures
Giving Aspirin to Chickens
Ivana_88 Thread Starter Posted 28 October 6:12 p.m.
Hello everyone! Is it okay to give aspirin to my hen? She is 2 years old and I think she hurt her leg. I can’t get to the veterinarian until Monday, and the vet isn’t answering the phone. My hen seems to be in a lot of pain. I’d like to give her something to make her feel better until I can go to the vet. Thank you for your help.
NellieB79 Posted 28 October 6:36 p.m.
I don’t know if aspirin is safe for hens or not. I always check with my vet before giving my birds medicine. I know that some drugs that are safe for humans can be very dangerous for birds.
Monie Posted 28 October 6:52 p.m.
I gave an aspirin to one of my hens when she was hurt. There was no problem. The next day I went to the vet but she was already better. I think it might be dangerous if you give too much, so don’t exceed the dose limits! I hope she feels better!
Avian_Deals Posted 28 October 7:07 p.m.
Hi! Don’t forget to check out my super low deals on all bird supplies. I’m having a great sale right now!
Bob Posted 28 October 7:15 p.m.
Can someone please tell me how to know if a chicken is sick? Thanks.
Frank Posted 28 October 7:21 p.m.
Hello Ivana, I am a veterinarian, specialising in birds. It is okay to give injured chickens aspirin if they are showing signs that they are in pain. When prescribing aspirin to birds, I follow the guidelines published in Clinical Avian Medicine. Chickens should receive 5 mg of aspirin per kg of body weight. You can give this 3-4 times per day until you can see your veterinarian. It is very important to follow up with your vet. Good luck!"
R548-ChickenForum,9,3,English,eng-CAN,"Chicken Forum Question 7 / 7
Refer to the Chicken Health Forum on the right. Type your answer to the question.
Why can’t Frank give Ivana_88 the exact amount of aspirin for her hen?"
R548-ChickenForum,10,1,English,eng-CAN,PISA
R548-ChickenForum,10,2,English,eng-CAN,"www.chickenhealth.com/forum/aspirin-chickens
Chicken Health
Your online resource for healthy chickens
About
Forum
Pictures
Giving Aspirin to Chickens
Ivana_88 Thread Starter Posted 28 October 6:12 p.m.
Hello everyone! Is it okay to give aspirin to my hen? She is 2 years old and I think she hurt her leg. I can’t get to the veterinarian until Monday, and the vet isn’t answering the phone. My hen seems to be in a lot of pain. I’d like to give her something to make her feel better until I can go to the vet. Thank you for your help.
NellieB79 Posted 28 October 6:36 p.m.
I don’t know if aspirin is safe for hens or not. I always check with my vet before giving my birds medicine. I know that some drugs that are safe for humans can be very dangerous for birds.
Monie Posted 28 October 6:52 p.m.
I gave an aspirin to one of my hens when she was hurt. There was no problem. The next day I went to the vet but she was already better. I think it might be dangerous if you give too much, so don’t exceed the dose limits! I hope she feels better!
Avian_Deals Posted 28 October 7:07 p.m.
Hi! Don’t forget to check out my super low deals on all bird supplies. I’m having a great sale right now!
Bob Posted 28 October 7:15 p.m.
Can someone please tell me how to know if a chicken is sick? Thanks.
Frank Posted 28 October 7:21 p.m.
Hello Ivana, I am a veterinarian, specialising in birds. It is okay to give injured chickens aspirin if they are showing signs that they are in pain. When prescribing aspirin to birds, I follow the guidelines published in Clinical Avian Medicine. Chickens should receive 5 mg of aspirin per kg of body weight. You can give this 3-4 times per day until you can see your veterinarian. It is very important to follow up with your vet. Good luck!"
R548-ChickenForum,10,3,English,eng-CAN,"Chicken Forum Question 7 / 7
Refer to the Chicken Health Forum on the right. Type your answer to the question.
Why can’t Frank give Ivana_88 the exact amount of aspirin for her hen?"
R548-ChickenForum,1,1,Estonian,est-EST,PISA
R548-ChickenForum,1,2,Estonian,est-EST,"Kanafoorum Sissejuhatus
Loe läbi sissejuhatus. Seejärel klõpsa noolt EDASI.
Sa oled külas sugulastel, kes kolisid hiljuti tallu elama ja kasvatavad kanu. Sa küsid oma tädilt: „Kuidas sa kanu kasvatama õppisid?”
Ta vastab: „Me rääkisime paljude inimestega, kes kanu kasvatavad. Ja palju informatsiooni on Internetis. Näiteks on olemas üks kanade tervise foorum, mida mulle meeldib külastada. Sellest oli mulle hiljuti palju abi, kui üks mu kana jalga vigastas. Ma näitan sulle vestlust, mida ma seal pidasin.”
Foorumi lugemiseks klõpsa noolt EDASI."
R548-ChickenForum,2,1,Estonian,est-EST,PISA
R548-ChickenForum,2,2,Estonian,est-EST,"Kanafoorum Küsimus 1 / 7
Toetu kanade tervise foorumile paremal. Küsimusele vastamiseks klõpsa ühte vastusevarianti.
Mida Ilona_88 teada tahab?
Kas ta võib vigastatud kanale aspiriini anda.
Kui tihti ta võib vigastatud kanale aspiriini anda.
Kuidas vigastatud kana asjus loomaarstiga ühendust võtta.
Kas ta saab vigastatud kana valutaseme kindlaks määrata."
R548-ChickenForum,2,3,Estonian,est-EST,"www.kanadetervis.ee/foorum/aspiirin-kanadele
Kanade tervis
Veebiallikas kanade tervise heaks
Meist
Foorum
Pildid
Kanadele aspiriini andmine
Ilona_88Teemaalgataja Postitatud 28. oktoobril 18:12
Tere kõigile! Kas ma võin oma kanale aspiriini anda? Ta on 2-aastane ja minu arvates on ta jalga vigastanud. Ma ei saa enne esmaspäeva loomaarsti vastuvõtule minna ja telefonile loomaarst ei vasta. Tundub, et kanal on väga valus. Tahaksin talle midagi anda, et ta end paremini tunneks, kuni ta loomaarsti juurde viia saan. Tänan abi eest.
NeleB79Postitatud 28. oktoobril 18:36
Ma ei tea, kas aspiriin on kanadele ohutu või mitte. Mina konsulteerin alati loomaarstiga, enne kui oma lindudele ravimit annan. Ma tean, et mõned rohud, mis on inimestele ohutud, võivad lindudele väga ohtlikud olla.
MonikaPostitatud 28. oktoobril 18:52
Mina andsin ühele oma kanale aspiriini, kui ta vigastatud oli. Polnud probleemi. Järgmisel päeval läksin loomaarsti juurde, aga tal oli juba parem. Arvan, et kui sa annad liiga palju, siis võib see olla ohtlik, nii et ära maksimaalset doosi ületa! Loodan, et tal hakkab parem!
Linnu_ÄriPostitatud 28. oktoobril 19:07
Tere! Vaadake kindlasti minu supermadala hinnaga pakkumisi kõigile linnukaupadele. Mul on praegu suur soodusmüük!
RobiPostitatud 28. oktoobril 19:15
Kas keegi oskaks ütelda, kuidas teada saada, kas kana on haige? Tänan.
ValloPostitatud 28. oktoobril 19:21
Tere, Ilona! Ma olen lindudele spetsialiseerunud loomaarst. Vigastatud kanadele võib anda aspiriini, kui on näha, et nad valu käes kannatavad. Lindudele aspiriini välja kirjutades järgin ma „Lindude tervishoiu käsiraamatu” juhiseid. Kanad peaksid saama 5 mg aspiriini kehakaalu kg kohta. Seda võib anda 3–4 korda päevas, kuni saate loomaarsti juurde minna. On väga tähtis pärast loomaarstiga konsulteerida. Palju edu!"
R548-ChickenForum,3,1,Estonian,est-EST,PISA
R548-ChickenForum,3,2,Estonian,est-EST,"Kanafoorum Küsimus 2 / 7
Toetu kanade tervise foorumile paremal. Küsimusele vastamiseks klõpsa ühte vastusevarianti.
Miks otsustas Ilona_88 postitada oma küsimuse internetifoorumisse?
Sest ta ei tea, kuidas leida loomaarsti.
Sest ta arvab, et kana probleem ei ole tõsine.
Sest ta tahab kana aidata nii kiiresti kui võimalik.
Sest ta ei saa endale lubada loomaarsti juurde minna."
R548-ChickenForum,3,3,Estonian,est-EST,"www.kanadetervis.ee/foorum/aspiirin-kanadele
Kanade tervis
Veebiallikas kanade tervise heaks
Meist
Foorum
Pildid
Kanadele aspiriini andmine
Ilona_88Teemaalgataja Postitatud 28. oktoobril 18:12
Tere kõigile! Kas ma võin oma kanale aspiriini anda? Ta on 2-aastane ja minu arvates on ta jalga vigastanud. Ma ei saa enne esmaspäeva loomaarsti vastuvõtule minna ja telefonile loomaarst ei vasta. Tundub, et kanal on väga valus. Tahaksin talle midagi anda, et ta end paremini tunneks, kuni ta loomaarsti juurde viia saan. Tänan abi eest.
NeleB79Postitatud 28. oktoobril 18:36
Ma ei tea, kas aspiriin on kanadele ohutu või mitte. Mina konsulteerin alati loomaarstiga, enne kui oma lindudele ravimit annan. Ma tean, et mõned rohud, mis on inimestele ohutud, võivad lindudele väga ohtlikud olla.
MonikaPostitatud 28. oktoobril 18:52
Mina andsin ühele oma kanale aspiriini, kui ta vigastatud oli. Polnud probleemi. Järgmisel päeval läksin loomaarsti juurde, aga tal oli juba parem. Arvan, et kui sa annad liiga palju, siis võib see olla ohtlik, nii et ära maksimaalset doosi ületa! Loodan, et tal hakkab parem!
Linnu_ÄriPostitatud 28. oktoobril 19:07
Tere! Vaadake kindlasti minu supermadala hinnaga pakkumisi kõigile linnukaupadele. Mul on praegu suur soodusmüük!
RobiPostitatud 28. oktoobril 19:15
Kas keegi oskaks ütelda, kuidas teada saada, kas kana on haige? Tänan.
ValloPostitatud 28. oktoobril 19:21
Tere, Ilona! Ma olen lindudele spetsialiseerunud loomaarst. Vigastatud kanadele võib anda aspiriini, kui on näha, et nad valu käes kannatavad. Lindudele aspiriini välja kirjutades järgin ma „Lindude tervishoiu käsiraamatu” juhiseid. Kanad peaksid saama 5 mg aspiriini kehakaalu kg kohta. Seda võib anda 3–4 korda päevas, kuni saate loomaarsti juurde minna. On väga tähtis pärast loomaarstiga konsulteerida. Palju edu!"
R548-ChickenForum,4,1,Estonian,est-EST,PISA
R548-ChickenForum,4,2,Estonian,est-EST,"Kanafoorum Küsimus 3 / 7
Toetu kanade tervise foorumile paremal. Küsimusele vastamiseks klõpsa tabelis vastusevariante.
Mõned postitused foorumis on teemaga seotud, mõned postitused aga mitte. Klõpsa vastust Jah või Ei, et näidata, kas järgmises tabelis olevad postitused on seotud Ilona_88 probleemiga.
Kas postitus on seotud Ilona_88 probleemiga?
Jah
Ei
NeleB79 postitus
Monika postitus
Linnu_Äri postitus
Robi postitus
Vallo postitus"
R548-ChickenForum,4,3,Estonian,est-EST,"www.kanadetervis.ee/foorum/aspiirin-kanadele
Kanade tervis
Veebiallikas kanade tervise heaks
Meist
Foorum
Pildid
Kanadele aspiriini andmine
Ilona_88Teemaalgataja Postitatud 28. oktoobril 18:12
Tere kõigile! Kas ma võin oma kanale aspiriini anda? Ta on 2-aastane ja minu arvates on ta jalga vigastanud. Ma ei saa enne esmaspäeva loomaarsti vastuvõtule minna ja telefonile loomaarst ei vasta. Tundub, et kanal on väga valus. Tahaksin talle midagi anda, et ta end paremini tunneks, kuni ta loomaarsti juurde viia saan. Tänan abi eest.
NeleB79Postitatud 28. oktoobril 18:36
Ma ei tea, kas aspiriin on kanadele ohutu või mitte. Mina konsulteerin alati loomaarstiga, enne kui oma lindudele ravimit annan. Ma tean, et mõned rohud, mis on inimestele ohutud, võivad lindudele väga ohtlikud olla.
MonikaPostitatud 28. oktoobril 18:52
Mina andsin ühele oma kanale aspiriini, kui ta vigastatud oli. Polnud probleemi. Järgmisel päeval läksin loomaarsti juurde, aga tal oli juba parem. Arvan, et kui sa annad liiga palju, siis võib see olla ohtlik, nii et ära maksimaalset doosi ületa! Loodan, et tal hakkab parem!
Linnu_ÄriPostitatud 28. oktoobril 19:07
Tere! Vaadake kindlasti minu supermadala hinnaga pakkumisi kõigile linnukaupadele. Mul on praegu suur soodusmüük!
RobiPostitatud 28. oktoobril 19:15
Kas keegi oskaks ütelda, kuidas teada saada, kas kana on haige? Tänan.
ValloPostitatud 28. oktoobril 19:21
Tere, Ilona! Ma olen lindudele spetsialiseerunud loomaarst. Vigastatud kanadele võib anda aspiriini, kui on näha, et nad valu käes kannatavad. Lindudele aspiriini välja kirjutades järgin ma „Lindude tervishoiu käsiraamatu” juhiseid. Kanad peaksid saama 5 mg aspiriini kehakaalu kg kohta. Seda võib anda 3–4 korda päevas, kuni saate loomaarsti juurde minna. On väga tähtis pärast loomaarstiga konsulteerida. Palju edu!"
R548-ChickenForum,5,1,Estonian,est-EST,PISA
R548-ChickenForum,5,2,Estonian,est-EST,"Kanafoorum Küsimus 4 / 7
Toetu kanade tervise foorumile paremal. Küsimusele vastamiseks klõpsa ühte vastusevarianti.
Kes on saanud vigastatud kanale aspiriini andmisega positiivseid tulemusi?
Ilona_88
NeleB79
Monika
Robi"
R548-ChickenForum,5,3,Estonian,est-EST,"www.kanadetervis.ee/foorum/aspiirin-kanadele
Kanade tervis
Veebiallikas kanade tervise heaks
Meist
Foorum
Pildid
Kanadele aspiriini andmine
Ilona_88Teemaalgataja Postitatud 28. oktoobril 18:12
Tere kõigile! Kas ma võin oma kanale aspiriini anda? Ta on 2-aastane ja minu arvates on ta jalga vigastanud. Ma ei saa enne esmaspäeva loomaarsti vastuvõtule minna ja telefonile loomaarst ei vasta. Tundub, et kanal on väga valus. Tahaksin talle midagi anda, et ta end paremini tunneks, kuni ta loomaarsti juurde viia saan. Tänan abi eest.
NeleB79Postitatud 28. oktoobril 18:36
Ma ei tea, kas aspiriin on kanadele ohutu või mitte. Mina konsulteerin alati loomaarstiga, enne kui oma lindudele ravimit annan. Ma tean, et mõned rohud, mis on inimestele ohutud, võivad lindudele väga ohtlikud olla.
MonikaPostitatud 28. oktoobril 18:52
Mina andsin ühele oma kanale aspiriini, kui ta vigastatud oli. Polnud probleemi. Järgmisel päeval läksin loomaarsti juurde, aga tal oli juba parem. Arvan, et kui sa annad liiga palju, siis võib see olla ohtlik, nii et ära maksimaalset doosi ületa! Loodan, et tal hakkab parem!
Linnu_ÄriPostitatud 28. oktoobril 19:07
Tere! Vaadake kindlasti minu supermadala hinnaga pakkumisi kõigile linnukaupadele. Mul on praegu suur soodusmüük!
RobiPostitatud 28. oktoobril 19:15
Kas keegi oskaks ütelda, kuidas teada saada, kas kana on haige? Tänan.
ValloPostitatud 28. oktoobril 19:21
Tere, Ilona! Ma olen lindudele spetsialiseerunud loomaarst. Vigastatud kanadele võib anda aspiriini, kui on näha, et nad valu käes kannatavad. Lindudele aspiriini välja kirjutades järgin ma „Lindude tervishoiu käsiraamatu” juhiseid. Kanad peaksid saama 5 mg aspiriini kehakaalu kg kohta. Seda võib anda 3–4 korda päevas, kuni saate loomaarsti juurde minna. On väga tähtis pärast loomaarstiga konsulteerida. Palju edu!"
R548-ChickenForum,6,1,Estonian,est-EST,PISA
R548-ChickenForum,6,2,Estonian,est-EST,"Kanafoorum Küsimus 5 / 7
Toetu kanade tervise foorumile paremal. Küsimusele vastamiseks klõpsa ühte vastusevarianti.
Miks Linnu_Äri vastab Ilona_88 postitusele?
Et reklaamida ühte ettevõtet.
Et vastata Ilona_88 küsimusele.
Et täiendada Monika nõuannet.
Et näidata oma asjatundlikkust lindude alal."
R548-ChickenForum,6,3,Estonian,est-EST,"www.kanadetervis.ee/foorum/aspiirin-kanadele
Kanade tervis
Veebiallikas kanade tervise heaks
Meist
Foorum
Pildid
Kanadele aspiriini andmine
Ilona_88Teemaalgataja Postitatud 28. oktoobril 18:12
Tere kõigile! Kas ma võin oma kanale aspiriini anda? Ta on 2-aastane ja minu arvates on ta jalga vigastanud. Ma ei saa enne esmaspäeva loomaarsti vastuvõtule minna ja telefonile loomaarst ei vasta. Tundub, et kanal on väga valus. Tahaksin talle midagi anda, et ta end paremini tunneks, kuni ta loomaarsti juurde viia saan. Tänan abi eest.
NeleB79Postitatud 28. oktoobril 18:36
Ma ei tea, kas aspiriin on kanadele ohutu või mitte. Mina konsulteerin alati loomaarstiga, enne kui oma lindudele ravimit annan. Ma tean, et mõned rohud, mis on inimestele ohutud, võivad lindudele väga ohtlikud olla.
MonikaPostitatud 28. oktoobril 18:52
Mina andsin ühele oma kanale aspiriini, kui ta vigastatud oli. Polnud probleemi. Järgmisel päeval läksin loomaarsti juurde, aga tal oli juba parem. Arvan, et kui sa annad liiga palju, siis võib see olla ohtlik, nii et ära maksimaalset doosi ületa! Loodan, et tal hakkab parem!
Linnu_ÄriPostitatud 28. oktoobril 19:07
Tere! Vaadake kindlasti minu supermadala hinnaga pakkumisi kõigile linnukaupadele. Mul on praegu suur soodusmüük!
RobiPostitatud 28. oktoobril 19:15
Kas keegi oskaks ütelda, kuidas teada saada, kas kana on haige? Tänan.
ValloPostitatud 28. oktoobril 19:21
Tere, Ilona! Ma olen lindudele spetsialiseerunud loomaarst. Vigastatud kanadele võib anda aspiriini, kui on näha, et nad valu käes kannatavad. Lindudele aspiriini välja kirjutades järgin ma „Lindude tervishoiu käsiraamatu” juhiseid. Kanad peaksid saama 5 mg aspiriini kehakaalu kg kohta. Seda võib anda 3–4 korda päevas, kuni saate loomaarsti juurde minna. On väga tähtis pärast loomaarstiga konsulteerida. Palju edu!"
R548-ChickenForum,7,1,Estonian,est-EST,PISA
R548-ChickenForum,7,2,Estonian,est-EST,"Kanafoorum Küsimus 6 / 7
Toetu kanade tervise foorumile paremal. Küsimusele vastamiseks klõpsa ühte vastusevarianti ja seejärel kirjuta põhjendus.
Kes postitas Ilona_88 küsimusele kõige usaldusväärsema vastuse?
NeleB79
Monika
Linnu_Äri
Vallo
Põhjenda oma vastust."
R548-ChickenForum,7,3,Estonian,est-EST,"www.kanadetervis.ee/foorum/aspiirin-kanadele
Kanade tervis
Veebiallikas kanade tervise heaks
Meist
Foorum
Pildid
Kanadele aspiriini andmine
Ilona_88Teemaalgataja Postitatud 28. oktoobril 18:12
Tere kõigile! Kas ma võin oma kanale aspiriini anda? Ta on 2-aastane ja minu arvates on ta jalga vigastanud. Ma ei saa enne esmaspäeva loomaarsti vastuvõtule minna ja telefonile loomaarst ei vasta. Tundub, et kanal on väga valus. Tahaksin talle midagi anda, et ta end paremini tunneks, kuni ta loomaarsti juurde viia saan. Tänan abi eest.
NeleB79Postitatud 28. oktoobril 18:36
Ma ei tea, kas aspiriin on kanadele ohutu või mitte. Mina konsulteerin alati loomaarstiga, enne kui oma lindudele ravimit annan. Ma tean, et mõned rohud, mis on inimestele ohutud, võivad lindudele väga ohtlikud olla.
MonikaPostitatud 28. oktoobril 18:52
Mina andsin ühele oma kanale aspiriini, kui ta vigastatud oli. Polnud probleemi. Järgmisel päeval läksin loomaarsti juurde, aga tal oli juba parem. Arvan, et kui sa annad liiga palju, siis võib see olla ohtlik, nii et ära maksimaalset doosi ületa! Loodan, et tal hakkab parem!
Linnu_ÄriPostitatud 28. oktoobril 19:07
Tere! Vaadake kindlasti minu supermadala hinnaga pakkumisi kõigile linnukaupadele. Mul on praegu suur soodusmüük!
RobiPostitatud 28. oktoobril 19:15
Kas keegi oskaks ütelda, kuidas teada saada, kas kana on haige? Tänan.
ValloPostitatud 28. oktoobril 19:21
Tere, Ilona! Ma olen lindudele spetsialiseerunud loomaarst. Vigastatud kanadele võib anda aspiriini, kui on näha, et nad valu käes kannatavad. Lindudele aspiriini välja kirjutades järgin ma „Lindude tervishoiu käsiraamatu” juhiseid. Kanad peaksid saama 5 mg aspiriini kehakaalu kg kohta. Seda võib anda 3–4 korda päevas, kuni saate loomaarsti juurde minna. On väga tähtis pärast loomaarstiga konsulteerida. Palju edu!"
R548-ChickenForum,8,1,Estonian,est-EST,PISA
R548-ChickenForum,8,2,Estonian,est-EST,"Kanafoorum Küsimus 7 / 7
Toetu kanade tervise foorumile paremal. Kirjuta küsimuse vastus.
Miks ei saa Vallo öelda Ilona_88 kana jaoks täpset aspiriinikogust?"
R548-ChickenForum,8,3,Estonian,est-EST,"www.kanadetervis.ee/foorum/aspiirin-kanadele
Kanade tervis
Veebiallikas kanade tervise heaks
Meist
Foorum
Pildid
Kanadele aspiriini andmine
Ilona_88Teemaalgataja Postitatud 28. oktoobril 18:12
Tere kõigile! Kas ma võin oma kanale aspiriini anda? Ta on 2-aastane ja minu arvates on ta jalga vigastanud. Ma ei saa enne esmaspäeva loomaarsti vastuvõtule minna ja telefonile loomaarst ei vasta. Tundub, et kanal on väga valus. Tahaksin talle midagi anda, et ta end paremini tunneks, kuni ta loomaarsti juurde viia saan. Tänan abi eest.
NeleB79Postitatud 28. oktoobril 18:36
Ma ei tea, kas aspiriin on kanadele ohutu või mitte. Mina konsulteerin alati loomaarstiga, enne kui oma lindudele ravimit annan. Ma tean, et mõned rohud, mis on inimestele ohutud, võivad lindudele väga ohtlikud olla.
MonikaPostitatud 28. oktoobril 18:52
Mina andsin ühele oma kanale aspiriini, kui ta vigastatud oli. Polnud probleemi. Järgmisel päeval läksin loomaarsti juurde, aga tal oli juba parem. Arvan, et kui sa annad liiga palju, siis võib see olla ohtlik, nii et ära maksimaalset doosi ületa! Loodan, et tal hakkab parem!
Linnu_ÄriPostitatud 28. oktoobril 19:07
Tere! Vaadake kindlasti minu supermadala hinnaga pakkumisi kõigile linnukaupadele. Mul on praegu suur soodusmüük!
RobiPostitatud 28. oktoobril 19:15
Kas keegi oskaks ütelda, kuidas teada saada, kas kana on haige? Tänan.
ValloPostitatud 28. oktoobril 19:21
Tere, Ilona! Ma olen lindudele spetsialiseerunud loomaarst. Vigastatud kanadele võib anda aspiriini, kui on näha, et nad valu käes kannatavad. Lindudele aspiriini välja kirjutades järgin ma „Lindude tervishoiu käsiraamatu” juhiseid. Kanad peaksid saama 5 mg aspiriini kehakaalu kg kohta. Seda võib anda 3–4 korda päevas, kuni saate loomaarsti juurde minna. On väga tähtis pärast loomaarstiga konsulteerida. Palju edu!"
R548-ChickenForum,9,1,Estonian,est-EST,PISA
R548-ChickenForum,9,2,Estonian,est-EST,"Kanafoorum Küsimus 7 / 7
Toetu kanade tervise foorumile paremal. Kirjuta küsimuse vastus.
Miks ei saa Vallo öelda Ilona_88 kana jaoks täpset aspiriinikogust?"
R548-ChickenForum,9,3,Estonian,est-EST,"www.kanadetervis.ee/foorum/aspiirin-kanadele
Kanade tervis
Veebiallikas kanade tervise heaks
Meist
Foorum
Pildid
Kanadele aspiriini andmine
Ilona_88Teemaalgataja Postitatud 28. oktoobril 18:12
Tere kõigile! Kas ma võin oma kanale aspiriini anda? Ta on 2-aastane ja minu arvates on ta jalga vigastanud. Ma ei saa enne esmaspäeva loomaarsti vastuvõtule minna ja telefonile loomaarst ei vasta. Tundub, et kanal on väga valus. Tahaksin talle midagi anda, et ta end paremini tunneks, kuni ta loomaarsti juurde viia saan. Tänan abi eest.
NeleB79Postitatud 28. oktoobril 18:36
Ma ei tea, kas aspiriin on kanadele ohutu või mitte. Mina konsulteerin alati loomaarstiga, enne kui oma lindudele ravimit annan. Ma tean, et mõned rohud, mis on inimestele ohutud, võivad lindudele väga ohtlikud olla.
MonikaPostitatud 28. oktoobril 18:52
Mina andsin ühele oma kanale aspiriini, kui ta vigastatud oli. Polnud probleemi. Järgmisel päeval läksin loomaarsti juurde, aga tal oli juba parem. Arvan, et kui sa annad liiga palju, siis võib see olla ohtlik, nii et ära maksimaalset doosi ületa! Loodan, et tal hakkab parem!
Linnu_ÄriPostitatud 28. oktoobril 19:07
Tere! Vaadake kindlasti minu supermadala hinnaga pakkumisi kõigile linnukaupadele. Mul on praegu suur soodusmüük!
RobiPostitatud 28. oktoobril 19:15
Kas keegi oskaks ütelda, kuidas teada saada, kas kana on haige? Tänan.
ValloPostitatud 28. oktoobril 19:21
Tere, Ilona! Ma olen lindudele spetsialiseerunud loomaarst. Vigastatud kanadele võib anda aspiriini, kui on näha, et nad valu käes kannatavad. Lindudele aspiriini välja kirjutades järgin ma „Lindude tervishoiu käsiraamatu” juhiseid. Kanad peaksid saama 5 mg aspiriini kehakaalu kg kohta. Seda võib anda 3–4 korda päevas, kuni saate loomaarsti juurde minna. On väga tähtis pärast loomaarstiga konsulteerida. Palju edu!"
R548-ChickenForum,10,1,Estonian,est-EST,PISA
R548-ChickenForum,10,2,Estonian,est-EST,"Kanafoorum Küsimus 7 / 7
Toetu kanade tervise foorumile paremal. Kirjuta küsimuse vastus.
Miks ei saa Vallo öelda Ilona_88 kana jaoks täpset aspiriinikogust?"
R548-ChickenForum,10,3,Estonian,est-EST,"www.kanadetervis.ee/foorum/aspiirin-kanadele
Kanade tervis
Veebiallikas kanade tervise heaks
Meist
Foorum
Pildid
Kanadele aspiriini andmine
Ilona_88Teemaalgataja Postitatud 28. oktoobril 18:12
Tere kõigile! Kas ma võin oma kanale aspiriini anda? Ta on 2-aastane ja minu arvates on ta jalga vigastanud. Ma ei saa enne esmaspäeva loomaarsti vastuvõtule minna ja telefonile loomaarst ei vasta. Tundub, et kanal on väga valus. Tahaksin talle midagi anda, et ta end paremini tunneks, kuni ta loomaarsti juurde viia saan. Tänan abi eest.
NeleB79Postitatud 28. oktoobril 18:36
Ma ei tea, kas aspiriin on kanadele ohutu või mitte. Mina konsulteerin alati loomaarstiga, enne kui oma lindudele ravimit annan. Ma tean, et mõned rohud, mis on inimestele ohutud, võivad lindudele väga ohtlikud olla.
MonikaPostitatud 28. oktoobril 18:52
Mina andsin ühele oma kanale aspiriini, kui ta vigastatud oli. Polnud probleemi. Järgmisel päeval läksin loomaarsti juurde, aga tal oli juba parem. Arvan, et kui sa annad liiga palju, siis võib see olla ohtlik, nii et ära maksimaalset doosi ületa! Loodan, et tal hakkab parem!
Linnu_ÄriPostitatud 28. oktoobril 19:07
Tere! Vaadake kindlasti minu supermadala hinnaga pakkumisi kõigile linnukaupadele. Mul on praegu suur soodusmüük!
RobiPostitatud 28. oktoobril 19:15
Kas keegi oskaks ütelda, kuidas teada saada, kas kana on haige? Tänan.
ValloPostitatud 28. oktoobril 19:21
Tere, Ilona! Ma olen lindudele spetsialiseerunud loomaarst. Vigastatud kanadele võib anda aspiriini, kui on näha, et nad valu käes kannatavad. Lindudele aspiriini välja kirjutades järgin ma „Lindude tervishoiu käsiraamatu” juhiseid. Kanad peaksid saama 5 mg aspiriini kehakaalu kg kohta. Seda võib anda 3–4 korda päevas, kuni saate loomaarsti juurde minna. On väga tähtis pärast loomaarstiga konsulteerida. Palju edu!"
R548-ChickenForum,1,1,Finnish,fin-FIN,PISA
R548-ChickenForum,1,2,Finnish,fin-FIN,"KANAFOORUMI Johdanto
Lue johdanto  ja napsauta sitten SEURAAVA-nuolta.
Olet vierailulla sukulaistesi luona. He muuttivat hiljattain maatilalle kasvattaakseen kanoja. Kysyt tädiltäsi: ”Miten oikein opit kasvattamaan kanoja?”.
Hän vastaa: ”Jututimme monia ihmisiä, jotka kasvattavat kanoja.  Internetistä löytyy myös aiheesta paljon tietoa. Käyn esimerkiksi usein eräällä kanojen terveyttä käsittelevällä keskustelufoorumilla. Siitä oli äskettäin paljon apua, kun yksi kanoistani satutti jalkansa. Näytän sinulle käymämme keskustelun.”
Napsauta SEURAAVA-nuolta, niin voit lukea foorumikeskustelun."
R548-ChickenForum,2,1,Finnish,fin-FIN,PISA
R548-ChickenForum,2,2,Finnish,fin-FIN,"www.kanojenterveys.fi/foorumi/aspiriinia-kanoille
Kanojen terveys
Kanojen terveyttä käsittelevä tietolähde verkossa
Tietoja
Foorumi
Kuvia
Aspiriinin antaminen kanoille
Ilona_88 Ketjun aloittaja Lähetetty 28. lokakuuta klo 18.12
Hei kaikki! Voinko antaa kanalleni aspiriini-kipulääkettä? Kanani on 2-vuotias. Luulen, että se on loukannut jalkansa. En pääse eläinlääkäriin ennen maanantaita, eikä hän vastaa puhelimeenkaan. Kanallani vaikuttaa olevan kovia kipuja. Haluaisin antaa sille jotain helpottaakseni sen oloa, ennen kuin pääsen eläinlääkäriin. Kiitoksia etukäteen avustanne.
NelliB79 Lähetetty 28. lokakuuta klo 18.36
En tiedä, onko aspiriinin antaminen kanoille turvallista. Varmistan aina ensin eläinlääkäriltäni, ennen kuin annan linnuilleni lääkkeitä. Tiedän, että jotkut ihmisille turvalliset lääkkeet voivat olla linnuille erittäin vaarallisia.
Moona Lähetetty 28. lokakuuta klo 18.52
Annoin aspiriinia yhdelle kanoistani, kun se oli loukannut itsensä. Mitään ongelmia ei tullut. Menin seuraavana päivänä eläinlääkäriin, mutta kanan vointi oli jo parempi. Voi kuitenkin olla vaarallista antaa liikaa, joten älä ylitä annosrajoja! Toivottavasti se paranee!
LintuTarjoukset Lähetetty 28. lokakuuta klo 19.07
Hei! Tutustukaapa superedullisiin tarjouksiini kaikista lintujen tarvikkeista. Meillä on nyt mahtavat alennusmyynnit!
Pena Lähetetty 28. lokakuuta klo 19.15
Voisiko joku kertoa, mistä näkee, onko kana sairas? Kiitos.
Raimo Lähetetty 28. lokakuuta klo 19.21
Hei Ilona. Olen lintuihin erikoistunut eläinlääkäri. Loukkaantuneille kanoille voi antaa aspiriinia, jos niillä näyttää olevan kipuja. Kun määrään linnuille aspiriinia, noudatan Lintujen lääketiede -teoksessa julkaistuja suosituksia. Kanoille tulisi antaa 5 mg aspiriinia painokiloa kohden. Voit antaa annoksen 3–4 kertaa päivässä, kunnes pääset käymään eläinlääkärissä. On erittäin tärkeää, että eläinlääkäri tutkii vielä tilanteen. Lykkyä tykö!"
R548-ChickenForum,2,3,Finnish,fin-FIN,"KANAFOORUMI Tehtävä 1 / 7
Tarkastele oikealla olevaa ”Kanojen terveys” -keskustelufoorumia. Vastaa napsauttamalla yhtä vaihtoehtoa.
Mitä Ilona_88 haluaa tietää?
Voiko hän antaa loukkaantuneelle kanalle aspiriinia.
Miten usein hän voi antaa loukkaantuneelle kanalle aspiriinia.
Miten saada yhteys eläinlääkäriin loukkaantuneen kanan vuoksi.
Voiko hän jotenkin määrittää loukkaantuneen kanan kiputason."
R548-ChickenForum,3,1,Finnish,fin-FIN,PISA
R548-ChickenForum,3,2,Finnish,fin-FIN,"www.kanojenterveys.fi/foorumi/aspiriinia-kanoille
Kanojen terveys
Kanojen terveyttä käsittelevä tietolähde verkossa
Tietoja
Foorumi
Kuvia
Aspiriinin antaminen kanoille
Ilona_88 Ketjun aloittaja Lähetetty 28. lokakuuta klo 18.12
Hei kaikki! Voinko antaa kanalleni aspiriini-kipulääkettä? Kanani on 2-vuotias. Luulen, että se on loukannut jalkansa. En pääse eläinlääkäriin ennen maanantaita, eikä hän vastaa puhelimeenkaan. Kanallani vaikuttaa olevan kovia kipuja. Haluaisin antaa sille jotain helpottaakseni sen oloa, ennen kuin pääsen eläinlääkäriin. Kiitoksia etukäteen avustanne.
NelliB79 Lähetetty 28. lokakuuta klo 18.36
En tiedä, onko aspiriinin antaminen kanoille turvallista. Varmistan aina ensin eläinlääkäriltäni, ennen kuin annan linnuilleni lääkkeitä. Tiedän, että jotkut ihmisille turvalliset lääkkeet voivat olla linnuille erittäin vaarallisia.
Moona Lähetetty 28. lokakuuta klo 18.52
Annoin aspiriinia yhdelle kanoistani, kun se oli loukannut itsensä. Mitään ongelmia ei tullut. Menin seuraavana päivänä eläinlääkäriin, mutta kanan vointi oli jo parempi. Voi kuitenkin olla vaarallista antaa liikaa, joten älä ylitä annosrajoja! Toivottavasti se paranee!
LintuTarjoukset Lähetetty 28. lokakuuta klo 19.07
Hei! Tutustukaapa superedullisiin tarjouksiini kaikista lintujen tarvikkeista. Meillä on nyt mahtavat alennusmyynnit!
Pena Lähetetty 28. lokakuuta klo 19.15
Voisiko joku kertoa, mistä näkee, onko kana sairas? Kiitos.
Raimo Lähetetty 28. lokakuuta klo 19.21
Hei Ilona. Olen lintuihin erikoistunut eläinlääkäri. Loukkaantuneille kanoille voi antaa aspiriinia, jos niillä näyttää olevan kipuja. Kun määrään linnuille aspiriinia, noudatan Lintujen lääketiede -teoksessa julkaistuja suosituksia. Kanoille tulisi antaa 5 mg aspiriinia painokiloa kohden. Voit antaa annoksen 3–4 kertaa päivässä, kunnes pääset käymään eläinlääkärissä. On erittäin tärkeää, että eläinlääkäri tutkii vielä tilanteen. Lykkyä tykö!"
R548-ChickenForum,3,3,Finnish,fin-FIN,"KANAFOORUMI Tehtävä 2 / 7
Tarkastele oikealla olevaa ”Kanojen terveys” -keskustelufoorumia. Vastaa napsauttamalla yhtä vaihtoehtoa.
Miksi Ilona_88 päätti esittää kysymyksensä internetfoorumilla?
Koska hän ei tiennyt, miten löytäisi eläinlääkärin.
Koska hänen mielestään kanan ongelma ei ole vakava.
Koska hän haluaa auttaa kanaansa mahdollisimman pikaisesti.
Koska hänellä ei ole varaa käydä eläinlääkärillä."
R548-ChickenForum,4,1,Finnish,fin-FIN,PISA
R548-ChickenForum,4,2,Finnish,fin-FIN,"www.kanojenterveys.fi/foorumi/aspiriinia-kanoille
Kanojen terveys
Kanojen terveyttä käsittelevä tietolähde verkossa
Tietoja
Foorumi
Kuvia
Aspiriinin antaminen kanoille
Ilona_88 Ketjun aloittaja Lähetetty 28. lokakuuta klo 18.12
Hei kaikki! Voinko antaa kanalleni aspiriini-kipulääkettä? Kanani on 2-vuotias. Luulen, että se on loukannut jalkansa. En pääse eläinlääkäriin ennen maanantaita, eikä hän vastaa puhelimeenkaan. Kanallani vaikuttaa olevan kovia kipuja. Haluaisin antaa sille jotain helpottaakseni sen oloa, ennen kuin pääsen eläinlääkäriin. Kiitoksia etukäteen avustanne.
NelliB79 Lähetetty 28. lokakuuta klo 18.36
En tiedä, onko aspiriinin antaminen kanoille turvallista. Varmistan aina ensin eläinlääkäriltäni, ennen kuin annan linnuilleni lääkkeitä. Tiedän, että jotkut ihmisille turvalliset lääkkeet voivat olla linnuille erittäin vaarallisia.
Moona Lähetetty 28. lokakuuta klo 18.52
Annoin aspiriinia yhdelle kanoistani, kun se oli loukannut itsensä. Mitään ongelmia ei tullut. Menin seuraavana päivänä eläinlääkäriin, mutta kanan vointi oli jo parempi. Voi kuitenkin olla vaarallista antaa liikaa, joten älä ylitä annosrajoja! Toivottavasti se paranee!
LintuTarjoukset Lähetetty 28. lokakuuta klo 19.07
Hei! Tutustukaapa superedullisiin tarjouksiini kaikista lintujen tarvikkeista. Meillä on nyt mahtavat alennusmyynnit!
Pena Lähetetty 28. lokakuuta klo 19.15
Voisiko joku kertoa, mistä näkee, onko kana sairas? Kiitos.
Raimo Lähetetty 28. lokakuuta klo 19.21
Hei Ilona. Olen lintuihin erikoistunut eläinlääkäri. Loukkaantuneille kanoille voi antaa aspiriinia, jos niillä näyttää olevan kipuja. Kun määrään linnuille aspiriinia, noudatan Lintujen lääketiede -teoksessa julkaistuja suosituksia. Kanoille tulisi antaa 5 mg aspiriinia painokiloa kohden. Voit antaa annoksen 3–4 kertaa päivässä, kunnes pääset käymään eläinlääkärissä. On erittäin tärkeää, että eläinlääkäri tutkii vielä tilanteen. Lykkyä tykö!"
R548-ChickenForum,4,3,Finnish,fin-FIN,"KANAFOORUMI Tehtävä 3 / 7
Tarkastele oikealla olevaa ”Kanojen terveys” -keskustelufoorumia. Vastaa napsauttamalla taulukossa olevia vaihtoehtoja.
Osa keskustelufoorumien viesteistä voi olla ketjujen aiheisiin nähden asiaankuuluvia, kun taas osa ei. Napsauta joko Kyllä tai Ei ilmaistaksesi, ovatko alla olevan taulukon viestit asiaankuuluvia Ilona_88:n ongelmaan nähden.
Onko viesti asiaankuuluva Ilona_88:n ongelmaan nähden?
Kyllä
Ei
NelliB79:n viesti
Moonan viesti
LintuTarjousten viesti
Penan viesti
Raimon viesti"
R548-ChickenForum,5,1,Finnish,fin-FIN,PISA
R548-ChickenForum,5,2,Finnish,fin-FIN,"www.kanojenterveys.fi/foorumi/aspiriinia-kanoille
Kanojen terveys
Kanojen terveyttä käsittelevä tietolähde verkossa
Tietoja
Foorumi
Kuvia
Aspiriinin antaminen kanoille
Ilona_88 Ketjun aloittaja Lähetetty 28. lokakuuta klo 18.12
Hei kaikki! Voinko antaa kanalleni aspiriini-kipulääkettä? Kanani on 2-vuotias. Luulen, että se on loukannut jalkansa. En pääse eläinlääkäriin ennen maanantaita, eikä hän vastaa puhelimeenkaan. Kanallani vaikuttaa olevan kovia kipuja. Haluaisin antaa sille jotain helpottaakseni sen oloa, ennen kuin pääsen eläinlääkäriin. Kiitoksia etukäteen avustanne.
NelliB79 Lähetetty 28. lokakuuta klo 18.36
En tiedä, onko aspiriinin antaminen kanoille turvallista. Varmistan aina ensin eläinlääkäriltäni, ennen kuin annan linnuilleni lääkkeitä. Tiedän, että jotkut ihmisille turvalliset lääkkeet voivat olla linnuille erittäin vaarallisia.
Moona Lähetetty 28. lokakuuta klo 18.52
Annoin aspiriinia yhdelle kanoistani, kun se oli loukannut itsensä. Mitään ongelmia ei tullut. Menin seuraavana päivänä eläinlääkäriin, mutta kanan vointi oli jo parempi. Voi kuitenkin olla vaarallista antaa liikaa, joten älä ylitä annosrajoja! Toivottavasti se paranee!
LintuTarjoukset Lähetetty 28. lokakuuta klo 19.07
Hei! Tutustukaapa superedullisiin tarjouksiini kaikista lintujen tarvikkeista. Meillä on nyt mahtavat alennusmyynnit!
Pena Lähetetty 28. lokakuuta klo 19.15
Voisiko joku kertoa, mistä näkee, onko kana sairas? Kiitos.
Raimo Lähetetty 28. lokakuuta klo 19.21
Hei Ilona. Olen lintuihin erikoistunut eläinlääkäri. Loukkaantuneille kanoille voi antaa aspiriinia, jos niillä näyttää olevan kipuja. Kun määrään linnuille aspiriinia, noudatan Lintujen lääketiede -teoksessa julkaistuja suosituksia. Kanoille tulisi antaa 5 mg aspiriinia painokiloa kohden. Voit antaa annoksen 3–4 kertaa päivässä, kunnes pääset käymään eläinlääkärissä. On erittäin tärkeää, että eläinlääkäri tutkii vielä tilanteen. Lykkyä tykö!"
R548-ChickenForum,5,3,Finnish,fin-FIN,"KANAFOORUMI Tehtävä 4 / 7
Tarkastele oikealla olevaa ”Kanojen terveys” -keskustelufoorumia. Vastaa napsauttamalla yhtä vaihtoehtoa.
Kenellä on ollut positiivisia kokemuksia aspiriinin antamisesta kanoille?
Ilona_88:lla
NelliB79:llä
Moonalla
Penalla"
R548-ChickenForum,6,1,Finnish,fin-FIN,PISA
R548-ChickenForum,6,2,Finnish,fin-FIN,"www.kanojenterveys.fi/foorumi/aspiriinia-kanoille
Kanojen terveys
Kanojen terveyttä käsittelevä tietolähde verkossa
Tietoja
Foorumi
Kuvia
Aspiriinin antaminen kanoille
Ilona_88 Ketjun aloittaja Lähetetty 28. lokakuuta klo 18.12
Hei kaikki! Voinko antaa kanalleni aspiriini-kipulääkettä? Kanani on 2-vuotias. Luulen, että se on loukannut jalkansa. En pääse eläinlääkäriin ennen maanantaita, eikä hän vastaa puhelimeenkaan. Kanallani vaikuttaa olevan kovia kipuja. Haluaisin antaa sille jotain helpottaakseni sen oloa, ennen kuin pääsen eläinlääkäriin. Kiitoksia etukäteen avustanne.
NelliB79 Lähetetty 28. lokakuuta klo 18.36
En tiedä, onko aspiriinin antaminen kanoille turvallista. Varmistan aina ensin eläinlääkäriltäni, ennen kuin annan linnuilleni lääkkeitä. Tiedän, että jotkut ihmisille turvalliset lääkkeet voivat olla linnuille erittäin vaarallisia.
Moona Lähetetty 28. lokakuuta klo 18.52
Annoin aspiriinia yhdelle kanoistani, kun se oli loukannut itsensä. Mitään ongelmia ei tullut. Menin seuraavana päivänä eläinlääkäriin, mutta kanan vointi oli jo parempi. Voi kuitenkin olla vaarallista antaa liikaa, joten älä ylitä annosrajoja! Toivottavasti se paranee!
LintuTarjoukset Lähetetty 28. lokakuuta klo 19.07
Hei! Tutustukaapa superedullisiin tarjouksiini kaikista lintujen tarvikkeista. Meillä on nyt mahtavat alennusmyynnit!
Pena Lähetetty 28. lokakuuta klo 19.15
Voisiko joku kertoa, mistä näkee, onko kana sairas? Kiitos.
Raimo Lähetetty 28. lokakuuta klo 19.21
Hei Ilona. Olen lintuihin erikoistunut eläinlääkäri. Loukkaantuneille kanoille voi antaa aspiriinia, jos niillä näyttää olevan kipuja. Kun määrään linnuille aspiriinia, noudatan Lintujen lääketiede -teoksessa julkaistuja suosituksia. Kanoille tulisi antaa 5 mg aspiriinia painokiloa kohden. Voit antaa annoksen 3–4 kertaa päivässä, kunnes pääset käymään eläinlääkärissä. On erittäin tärkeää, että eläinlääkäri tutkii vielä tilanteen. Lykkyä tykö!"
R548-ChickenForum,6,3,Finnish,fin-FIN,"KANAFOORUMI Tehtävä 5 / 7
Tarkastele oikealla olevaa ”Kanojen terveys” -keskustelufoorumia. Vastaa napsauttamalla yhtä vaihtoehtoa.
Miksi LintuTarjoukset vastaa Ilona_88:n viestiin?
Mainostaakseen yritystään.
Vastatakseen Ilona_88:n kysymykseen.
Täydentääkseen Moonan antamaa neuvoa.
Tuodakseen esille laajaa lintutietämystään."
R548-ChickenForum,7,1,Finnish,fin-FIN,PISA
R548-ChickenForum,7,2,Finnish,fin-FIN,"www.kanojenterveys.fi/foorumi/aspiriinia-kanoille
Kanojen terveys
Kanojen terveyttä käsittelevä tietolähde verkossa
Tietoja
Foorumi
Kuvia
Aspiriinin antaminen kanoille
Ilona_88 Ketjun aloittaja Lähetetty 28. lokakuuta klo 18.12
Hei kaikki! Voinko antaa kanalleni aspiriini-kipulääkettä? Kanani on 2-vuotias. Luulen, että se on loukannut jalkansa. En pääse eläinlääkäriin ennen maanantaita, eikä hän vastaa puhelimeenkaan. Kanallani vaikuttaa olevan kovia kipuja. Haluaisin antaa sille jotain helpottaakseni sen oloa, ennen kuin pääsen eläinlääkäriin. Kiitoksia etukäteen avustanne.
NelliB79 Lähetetty 28. lokakuuta klo 18.36
En tiedä, onko aspiriinin antaminen kanoille turvallista. Varmistan aina ensin eläinlääkäriltäni, ennen kuin annan linnuilleni lääkkeitä. Tiedän, että jotkut ihmisille turvalliset lääkkeet voivat olla linnuille erittäin vaarallisia.
Moona Lähetetty 28. lokakuuta klo 18.52
Annoin aspiriinia yhdelle kanoistani, kun se oli loukannut itsensä. Mitään ongelmia ei tullut. Menin seuraavana päivänä eläinlääkäriin, mutta kanan vointi oli jo parempi. Voi kuitenkin olla vaarallista antaa liikaa, joten älä ylitä annosrajoja! Toivottavasti se paranee!
LintuTarjoukset Lähetetty 28. lokakuuta klo 19.07
Hei! Tutustukaapa superedullisiin tarjouksiini kaikista lintujen tarvikkeista. Meillä on nyt mahtavat alennusmyynnit!
Pena Lähetetty 28. lokakuuta klo 19.15
Voisiko joku kertoa, mistä näkee, onko kana sairas? Kiitos.
Raimo Lähetetty 28. lokakuuta klo 19.21
Hei Ilona. Olen lintuihin erikoistunut eläinlääkäri. Loukkaantuneille kanoille voi antaa aspiriinia, jos niillä näyttää olevan kipuja. Kun määrään linnuille aspiriinia, noudatan Lintujen lääketiede -teoksessa julkaistuja suosituksia. Kanoille tulisi antaa 5 mg aspiriinia painokiloa kohden. Voit antaa annoksen 3–4 kertaa päivässä, kunnes pääset käymään eläinlääkärissä. On erittäin tärkeää, että eläinlääkäri tutkii vielä tilanteen. Lykkyä tykö!"
R548-ChickenForum,7,3,Finnish,fin-FIN,"KANAFOORUMI Tehtävä 6 / 7
Tarkastele oikealla olevaa ”Kanojen terveys” -keskustelufoorumia. Vastaa napsauttamalla yhtä vaihtoehtoa ja kirjoita sitten perustelusi tyhjään tilaan.
Kuka antoi luotettavimman vastauksen Ilona_88:n kysymykseen?
NelliB79
Moona
LintuTarjoukset
Raimo
Perustele vastauksesi."
R548-ChickenForum,8,1,Finnish,fin-FIN,PISA
R548-ChickenForum,8,2,Finnish,fin-FIN,"www.kanojenterveys.fi/foorumi/aspiriinia-kanoille
Kanojen terveys
Kanojen terveyttä käsittelevä tietolähde verkossa
Tietoja
Foorumi
Kuvia
Aspiriinin antaminen kanoille
Ilona_88 Ketjun aloittaja Lähetetty 28. lokakuuta klo 18.12
Hei kaikki! Voinko antaa kanalleni aspiriini-kipulääkettä? Kanani on 2-vuotias. Luulen, että se on loukannut jalkansa. En pääse eläinlääkäriin ennen maanantaita, eikä hän vastaa puhelimeenkaan. Kanallani vaikuttaa olevan kovia kipuja. Haluaisin antaa sille jotain helpottaakseni sen oloa, ennen kuin pääsen eläinlääkäriin. Kiitoksia etukäteen avustanne.
NelliB79 Lähetetty 28. lokakuuta klo 18.36
En tiedä, onko aspiriinin antaminen kanoille turvallista. Varmistan aina ensin eläinlääkäriltäni, ennen kuin annan linnuilleni lääkkeitä. Tiedän, että jotkut ihmisille turvalliset lääkkeet voivat olla linnuille erittäin vaarallisia.
Moona Lähetetty 28. lokakuuta klo 18.52
Annoin aspiriinia yhdelle kanoistani, kun se oli loukannut itsensä. Mitään ongelmia ei tullut. Menin seuraavana päivänä eläinlääkäriin, mutta kanan vointi oli jo parempi. Voi kuitenkin olla vaarallista antaa liikaa, joten älä ylitä annosrajoja! Toivottavasti se paranee!
LintuTarjoukset Lähetetty 28. lokakuuta klo 19.07
Hei! Tutustukaapa superedullisiin tarjouksiini kaikista lintujen tarvikkeista. Meillä on nyt mahtavat alennusmyynnit!
Pena Lähetetty 28. lokakuuta klo 19.15
Voisiko joku kertoa, mistä näkee, onko kana sairas? Kiitos.
Raimo Lähetetty 28. lokakuuta klo 19.21
Hei Ilona. Olen lintuihin erikoistunut eläinlääkäri. Loukkaantuneille kanoille voi antaa aspiriinia, jos niillä näyttää olevan kipuja. Kun määrään linnuille aspiriinia, noudatan Lintujen lääketiede -teoksessa julkaistuja suosituksia. Kanoille tulisi antaa 5 mg aspiriinia painokiloa kohden. Voit antaa annoksen 3–4 kertaa päivässä, kunnes pääset käymään eläinlääkärissä. On erittäin tärkeää, että eläinlääkäri tutkii vielä tilanteen. Lykkyä tykö!"
R548-ChickenForum,8,3,Finnish,fin-FIN,"KANAFOORUMI Tehtävä 7 / 7
Tarkastele oikealla olevaa ”Kanojen terveys” -keskustelufoorumia.  Kirjoita vastauksesi tyhjään tilaan.
Miksi Raimo ei voi kertoa Ilona_88:lle tarkasti, kuinka paljon hänen pitää antaa kanalleen aspiriinia?"
R548-ChickenForum,9,1,Finnish,fin-FIN,PISA
R548-ChickenForum,9,2,Finnish,fin-FIN,"www.kanojenterveys.fi/foorumi/aspiriinia-kanoille
Kanojen terveys
Kanojen terveyttä käsittelevä tietolähde verkossa
Tietoja
Foorumi
Kuvia
Aspiriinin antaminen kanoille
Ilona_88 Ketjun aloittaja Lähetetty 28. lokakuuta klo 18.12
Hei kaikki! Voinko antaa kanalleni aspiriini-kipulääkettä? Kanani on 2-vuotias. Luulen, että se on loukannut jalkansa. En pääse eläinlääkäriin ennen maanantaita, eikä hän vastaa puhelimeenkaan. Kanallani vaikuttaa olevan kovia kipuja. Haluaisin antaa sille jotain helpottaakseni sen oloa, ennen kuin pääsen eläinlääkäriin. Kiitoksia etukäteen avustanne.
NelliB79 Lähetetty 28. lokakuuta klo 18.36
En tiedä, onko aspiriinin antaminen kanoille turvallista. Varmistan aina ensin eläinlääkäriltäni, ennen kuin annan linnuilleni lääkkeitä. Tiedän, että jotkut ihmisille turvalliset lääkkeet voivat olla linnuille erittäin vaarallisia.
Moona Lähetetty 28. lokakuuta klo 18.52
Annoin aspiriinia yhdelle kanoistani, kun se oli loukannut itsensä. Mitään ongelmia ei tullut. Menin seuraavana päivänä eläinlääkäriin, mutta kanan vointi oli jo parempi. Voi kuitenkin olla vaarallista antaa liikaa, joten älä ylitä annosrajoja! Toivottavasti se paranee!
LintuTarjoukset Lähetetty 28. lokakuuta klo 19.07
Hei! Tutustukaapa superedullisiin tarjouksiini kaikista lintujen tarvikkeista. Meillä on nyt mahtavat alennusmyynnit!
Pena Lähetetty 28. lokakuuta klo 19.15
Voisiko joku kertoa, mistä näkee, onko kana sairas? Kiitos.
Raimo Lähetetty 28. lokakuuta klo 19.21
Hei Ilona. Olen lintuihin erikoistunut eläinlääkäri. Loukkaantuneille kanoille voi antaa aspiriinia, jos niillä näyttää olevan kipuja. Kun määrään linnuille aspiriinia, noudatan Lintujen lääketiede -teoksessa julkaistuja suosituksia. Kanoille tulisi antaa 5 mg aspiriinia painokiloa kohden. Voit antaa annoksen 3–4 kertaa päivässä, kunnes pääset käymään eläinlääkärissä. On erittäin tärkeää, että eläinlääkäri tutkii vielä tilanteen. Lykkyä tykö!"
R548-ChickenForum,9,3,Finnish,fin-FIN,"KANAFOORUMI Tehtävä 7 / 7
Tarkastele oikealla olevaa ”Kanojen terveys” -keskustelufoorumia.  Kirjoita vastauksesi tyhjään tilaan.
Miksi Raimo ei voi kertoa Ilona_88:lle tarkasti, kuinka paljon hänen pitää antaa kanalleen aspiriinia?"
R548-ChickenForum,10,1,Finnish,fin-FIN,PISA
R548-ChickenForum,10,2,Finnish,fin-FIN,"www.kanojenterveys.fi/foorumi/aspiriinia-kanoille
Kanojen terveys
Kanojen terveyttä käsittelevä tietolähde verkossa
Tietoja
Foorumi
Kuvia
Aspiriinin antaminen kanoille
Ilona_88 Ketjun aloittaja Lähetetty 28. lokakuuta klo 18.12
Hei kaikki! Voinko antaa kanalleni aspiriini-kipulääkettä? Kanani on 2-vuotias. Luulen, että se on loukannut jalkansa. En pääse eläinlääkäriin ennen maanantaita, eikä hän vastaa puhelimeenkaan. Kanallani vaikuttaa olevan kovia kipuja. Haluaisin antaa sille jotain helpottaakseni sen oloa, ennen kuin pääsen eläinlääkäriin. Kiitoksia etukäteen avustanne.
NelliB79 Lähetetty 28. lokakuuta klo 18.36
En tiedä, onko aspiriinin antaminen kanoille turvallista. Varmistan aina ensin eläinlääkäriltäni, ennen kuin annan linnuilleni lääkkeitä. Tiedän, että jotkut ihmisille turvalliset lääkkeet voivat olla linnuille erittäin vaarallisia.
Moona Lähetetty 28. lokakuuta klo 18.52
Annoin aspiriinia yhdelle kanoistani, kun se oli loukannut itsensä. Mitään ongelmia ei tullut. Menin seuraavana päivänä eläinlääkäriin, mutta kanan vointi oli jo parempi. Voi kuitenkin olla vaarallista antaa liikaa, joten älä ylitä annosrajoja! Toivottavasti se paranee!
LintuTarjoukset Lähetetty 28. lokakuuta klo 19.07
Hei! Tutustukaapa superedullisiin tarjouksiini kaikista lintujen tarvikkeista. Meillä on nyt mahtavat alennusmyynnit!
Pena Lähetetty 28. lokakuuta klo 19.15
Voisiko joku kertoa, mistä näkee, onko kana sairas? Kiitos.
Raimo Lähetetty 28. lokakuuta klo 19.21
Hei Ilona. Olen lintuihin erikoistunut eläinlääkäri. Loukkaantuneille kanoille voi antaa aspiriinia, jos niillä näyttää olevan kipuja. Kun määrään linnuille aspiriinia, noudatan Lintujen lääketiede -teoksessa julkaistuja suosituksia. Kanoille tulisi antaa 5 mg aspiriinia painokiloa kohden. Voit antaa annoksen 3–4 kertaa päivässä, kunnes pääset käymään eläinlääkärissä. On erittäin tärkeää, että eläinlääkäri tutkii vielä tilanteen. Lykkyä tykö!"
R548-ChickenForum,10,3,Finnish,fin-FIN,"KANAFOORUMI Tehtävä 7 / 7
Tarkastele oikealla olevaa ”Kanojen terveys” -keskustelufoorumia.  Kirjoita vastauksesi tyhjään tilaan.
Miksi Raimo ei voi kertoa Ilona_88:lle tarkasti, kuinka paljon hänen pitää antaa kanalleen aspiriinia?"
R548-ChickenForum,1,1,French,fra-FRA,PISA
R548-ChickenForum,1,2,French,fra-FRA,"Forum de la volaille  Introduction
Lisez l’introduction,  puis cliquez sur la flèche « SUIVANT ».
Vous rendez visite à des membres de votre famille, qui se sont récemment installés dans une ferme pour élever des volailles.  Vous demandez à votre tante : « Comment as-tu appris à élever les volailles ? »
Elle explique : « Nous avons parlé à de nombreux éleveurs de volailles.  Et puis il existe un tas de ressources sur internet.  Par exemple, il y a un forum sur la santé de la volaille que j’aime consulter.  Cela m’a beaucoup aidée dernièrement, quand une de mes poules s'est blessée à la patte.  Je vais te montrer la discussion qu’on a eue. »
Pour lire le forum, cliquez sur la flèche « SUIVANT »."
R548-ChickenForum,2,1,French,fra-FRA,PISA
R548-ChickenForum,2,2,French,fra-FRA,"www.santevolaille.com/forum/aspirine-poules
La santé de la volaille
Votre ressource en ligne pour des volailles en bonne santé
À propos
Forum
Photos
Donner de l’aspirine aux poules
Isabelle_88 Initiateur de la discussion Publié le 28 octobre à 18h12
Bonjour à tous ! Est-ce que je peux donner de l'aspirine à ma poule ? Elle a deux ans et je pense qu'elle s'est blessée à la patte. Je ne peux pas aller chez le vétérinaire avant lundi, et je n'arrive pas à l'avoir au téléphone. Elle a l'air d'avoir très mal. J'aimerais lui donner quelque chose pour la soulager en attendant d'aller chez le vétérinaire. Merci pour votre aide.
NoemieB79 Publié le 28 octobre à 18h36
Je ne sais pas si l’aspirine est sans danger pour les poules.  Je consulte toujours mon vétérinaire avant de donner des médicaments à mes oiseaux.  Je sais que certains médicaments convenant aux humains peuvent être très dangereux pour les oiseaux.
Monique Publié le 28 octobre à 18h52
J’ai déjà donné un cachet d’aspirine à l’une de mes poules blessées.  Il n’y a pas eu de problème.  Le lendemain, je suis allée chez le vétérinaire mais elle allait déjà mieux.  Je crois que ça peut être dangereux si tu lui en donnes trop : ne dépasse pas la dose !  J’espère qu’elle ira mieux !
Promos_Aviaires Publié le 28 octobre à 19h07
Bonjour !  N’oubliez pas de jeter un coup d’œil à mes offres exceptionnelles sur tous les articles pour oiseaux !  Promotions extraordinaires en ce moment !
Boris Publié le 28 octobre à 19h15
Est-ce que quelqu’un peut me dire comment savoir si une poule est malade ?  Merci.
Frank Publié le 28 octobre à 19h21
Bonjour Isabelle, Je suis vétérinaire spécialiste des oiseaux.  Vous pouvez donner de l’aspirine à vos poules blessées si elles montrent des signes de douleur.  Quand je prescris de l’aspirine à des oiseaux, je suis les recommandations du Manuel de pathologie aviaire.  Les poules doivent recevoir 5 mg d’aspirine par kg de masse corporelle.  Vous pouvez donner cette dose 3 à 4 fois par jour jusqu’à la visite chez le vétérinaire.  Il est très important d’avoir un suivi avec votre vétérinaire.  Bonne chance !"
R548-ChickenForum,2,3,French,fra-FRA,"Forum de la volaille  Question 1 / 7
Utilisez le forum sur la santé de la volaille à droite.  Cliquez sur la réponse de votre choix.
Que veut savoir Isabelle_88 ?
Si elle peut donner de l’aspirine à une poule blessée.
À quelle fréquence elle peut donner de l’aspirine à une poule blessée.
Comment contacter un vétérinaire au sujet d’une poule blessée.
Si elle peut déterminer le niveau de douleur d’une poule blessée."
R548-ChickenForum,3,1,French,fra-FRA,PISA
R548-ChickenForum,3,2,French,fra-FRA,"www.santevolaille.com/forum/aspirine-poules
La santé de la volaille
Votre ressource en ligne pour des volailles en bonne santé
À propos
Forum
Photos
Donner de l’aspirine aux poules
Isabelle_88 Initiateur de la discussion Publié le 28 octobre à 18h12
Bonjour à tous ! Est-ce que je peux donner de l'aspirine à ma poule ? Elle a deux ans et je pense qu'elle s'est blessée à la patte. Je ne peux pas aller chez le vétérinaire avant lundi, et je n'arrive pas à l'avoir au téléphone. Elle a l'air d'avoir très mal. J'aimerais lui donner quelque chose pour la soulager en attendant d'aller chez le vétérinaire. Merci pour votre aide.
NoemieB79 Publié le 28 octobre à 18h36
Je ne sais pas si l’aspirine est sans danger pour les poules.  Je consulte toujours mon vétérinaire avant de donner des médicaments à mes oiseaux.  Je sais que certains médicaments convenant aux humains peuvent être très dangereux pour les oiseaux.
Monique Publié le 28 octobre à 18h52
J’ai déjà donné un cachet d’aspirine à l’une de mes poules blessées.  Il n’y a pas eu de problème.  Le lendemain, je suis allée chez le vétérinaire mais elle allait déjà mieux.  Je crois que ça peut être dangereux si tu lui en donnes trop : ne dépasse pas la dose !  J’espère qu’elle ira mieux !
Promos_Aviaires Publié le 28 octobre à 19h07
Bonjour !  N’oubliez pas de jeter un coup d’œil à mes offres exceptionnelles sur tous les articles pour oiseaux !  Promotions extraordinaires en ce moment !
Boris Publié le 28 octobre à 19h15
Est-ce que quelqu’un peut me dire comment savoir si une poule est malade ?  Merci.
Frank Publié le 28 octobre à 19h21
Bonjour Isabelle, Je suis vétérinaire spécialiste des oiseaux.  Vous pouvez donner de l’aspirine à vos poules blessées si elles montrent des signes de douleur.  Quand je prescris de l’aspirine à des oiseaux, je suis les recommandations du Manuel de pathologie aviaire.  Les poules doivent recevoir 5 mg d’aspirine par kg de masse corporelle.  Vous pouvez donner cette dose 3 à 4 fois par jour jusqu’à la visite chez le vétérinaire.  Il est très important d’avoir un suivi avec votre vétérinaire.  Bonne chance !"
R548-ChickenForum,3,3,French,fra-FRA,"Forum de la volaille  Question 2 / 7
Utilisez le forum sur la santé de la volaille à droite.  Cliquez sur la réponse de votre choix.
Pourquoi Isabelle_88 a-t-elle décidé de poser sa question sur un forum internet ?
Parce qu’elle ne sait pas comment trouver un vétérinaire.
Parce qu’elle pense que le problème de la poule n’est pas grave.
Parce qu’elle veut aider sa poule le plus vite possible.
Parce qu’elle n’a pas les moyens d’aller chez le vétérinaire."
R548-ChickenForum,4,1,French,fra-FRA,PISA
R548-ChickenForum,4,2,French,fra-FRA,"www.santevolaille.com/forum/aspirine-poules
La santé de la volaille
Votre ressource en ligne pour des volailles en bonne santé
À propos
Forum
Photos
Donner de l’aspirine aux poules
Isabelle_88 Initiateur de la discussion Publié le 28 octobre à 18h12
Bonjour à tous ! Est-ce que je peux donner de l'aspirine à ma poule ? Elle a deux ans et je pense qu'elle s'est blessée à la patte. Je ne peux pas aller chez le vétérinaire avant lundi, et je n'arrive pas à l'avoir au téléphone. Elle a l'air d'avoir très mal. J'aimerais lui donner quelque chose pour la soulager en attendant d'aller chez le vétérinaire. Merci pour votre aide.
NoemieB79 Publié le 28 octobre à 18h36
Je ne sais pas si l’aspirine est sans danger pour les poules.  Je consulte toujours mon vétérinaire avant de donner des médicaments à mes oiseaux.  Je sais que certains médicaments convenant aux humains peuvent être très dangereux pour les oiseaux.
Monique Publié le 28 octobre à 18h52
J’ai déjà donné un cachet d’aspirine à l’une de mes poules blessées.  Il n’y a pas eu de problème.  Le lendemain, je suis allée chez le vétérinaire mais elle allait déjà mieux.  Je crois que ça peut être dangereux si tu lui en donnes trop : ne dépasse pas la dose !  J’espère qu’elle ira mieux !
Promos_Aviaires Publié le 28 octobre à 19h07
Bonjour !  N’oubliez pas de jeter un coup d’œil à mes offres exceptionnelles sur tous les articles pour oiseaux !  Promotions extraordinaires en ce moment !
Boris Publié le 28 octobre à 19h15
Est-ce que quelqu’un peut me dire comment savoir si une poule est malade ?  Merci.
Frank Publié le 28 octobre à 19h21
Bonjour Isabelle, Je suis vétérinaire spécialiste des oiseaux.  Vous pouvez donner de l’aspirine à vos poules blessées si elles montrent des signes de douleur.  Quand je prescris de l’aspirine à des oiseaux, je suis les recommandations du Manuel de pathologie aviaire.  Les poules doivent recevoir 5 mg d’aspirine par kg de masse corporelle.  Vous pouvez donner cette dose 3 à 4 fois par jour jusqu’à la visite chez le vétérinaire.  Il est très important d’avoir un suivi avec votre vétérinaire.  Bonne chance !"
R548-ChickenForum,4,3,French,fra-FRA,"Forum de la volaille  Question 3 / 7
Utilisez le forum sur la santé de la volaille à droite. Cliquez sur les réponses de votre choix dans le tableau.
Certains messages publiés sur le forum sont en rapport avec le sujet tandis que d’autres ne le sont pas.  Cliquez sur Oui ou Non  pour indiquer si les messages dans le tableau ci-dessous sont en rapport avec le problème d’Isabelle_88 ou non.
Ce message est-il en rapport avec le problème d’Isabelle_88 ?
Oui
Non
Le message de NoemieB79
Le message de Monique
Le message de Promos_Aviaires
Le message de Boris
Le message de Frank"
R548-ChickenForum,5,1,French,fra-FRA,PISA
R548-ChickenForum,5,2,French,fra-FRA,"www.santevolaille.com/forum/aspirine-poules
La santé de la volaille
Votre ressource en ligne pour des volailles en bonne santé
À propos
Forum
Photos
Donner de l’aspirine aux poules
Isabelle_88 Initiateur de la discussion Publié le 28 octobre à 18h12
Bonjour à tous ! Est-ce que je peux donner de l'aspirine à ma poule ? Elle a deux ans et je pense qu'elle s'est blessée à la patte. Je ne peux pas aller chez le vétérinaire avant lundi, et je n'arrive pas à l'avoir au téléphone. Elle a l'air d'avoir très mal. J'aimerais lui donner quelque chose pour la soulager en attendant d'aller chez le vétérinaire. Merci pour votre aide.
NoemieB79 Publié le 28 octobre à 18h36
Je ne sais pas si l’aspirine est sans danger pour les poules.  Je consulte toujours mon vétérinaire avant de donner des médicaments à mes oiseaux.  Je sais que certains médicaments convenant aux humains peuvent être très dangereux pour les oiseaux.
Monique Publié le 28 octobre à 18h52
J’ai déjà donné un cachet d’aspirine à l’une de mes poules blessées.  Il n’y a pas eu de problème.  Le lendemain, je suis allée chez le vétérinaire mais elle allait déjà mieux.  Je crois que ça peut être dangereux si tu lui en donnes trop : ne dépasse pas la dose !  J’espère qu’elle ira mieux !
Promos_Aviaires Publié le 28 octobre à 19h07
Bonjour !  N’oubliez pas de jeter un coup d’œil à mes offres exceptionnelles sur tous les articles pour oiseaux !  Promotions extraordinaires en ce moment !
Boris Publié le 28 octobre à 19h15
Est-ce que quelqu’un peut me dire comment savoir si une poule est malade ?  Merci.
Frank Publié le 28 octobre à 19h21
Bonjour Isabelle, Je suis vétérinaire spécialiste des oiseaux.  Vous pouvez donner de l’aspirine à vos poules blessées si elles montrent des signes de douleur.  Quand je prescris de l’aspirine à des oiseaux, je suis les recommandations du Manuel de pathologie aviaire.  Les poules doivent recevoir 5 mg d’aspirine par kg de masse corporelle.  Vous pouvez donner cette dose 3 à 4 fois par jour jusqu’à la visite chez le vétérinaire.  Il est très important d’avoir un suivi avec votre vétérinaire.  Bonne chance !"
R548-ChickenForum,5,3,French,fra-FRA,"Forum de la volaille  Question 4 / 7
Utilisez le forum sur la santé de la volaille à droite.  Cliquez sur la réponse de votre choix.
Qui a déjà observé un résultat positif après avoir donné de l’aspirine à une poule blessée ?
Isabelle_88
NoemieB79
Monique
Boris"
R548-ChickenForum,6,1,French,fra-FRA,PISA
R548-ChickenForum,6,2,French,fra-FRA,"www.santevolaille.com/forum/aspirine-poules
La santé de la volaille
Votre ressource en ligne pour des volailles en bonne santé
À propos
Forum
Photos
Donner de l’aspirine aux poules
Isabelle_88 Initiateur de la discussion Publié le 28 octobre à 18h12
Bonjour à tous ! Est-ce que je peux donner de l'aspirine à ma poule ? Elle a deux ans et je pense qu'elle s'est blessée à la patte. Je ne peux pas aller chez le vétérinaire avant lundi, et je n'arrive pas à l'avoir au téléphone. Elle a l'air d'avoir très mal. J'aimerais lui donner quelque chose pour la soulager en attendant d'aller chez le vétérinaire. Merci pour votre aide.
NoemieB79 Publié le 28 octobre à 18h36
Je ne sais pas si l’aspirine est sans danger pour les poules.  Je consulte toujours mon vétérinaire avant de donner des médicaments à mes oiseaux.  Je sais que certains médicaments convenant aux humains peuvent être très dangereux pour les oiseaux.
Monique Publié le 28 octobre à 18h52
J’ai déjà donné un cachet d’aspirine à l’une de mes poules blessées.  Il n’y a pas eu de problème.  Le lendemain, je suis allée chez le vétérinaire mais elle allait déjà mieux.  Je crois que ça peut être dangereux si tu lui en donnes trop : ne dépasse pas la dose !  J’espère qu’elle ira mieux !
Promos_Aviaires Publié le 28 octobre à 19h07
Bonjour !  N’oubliez pas de jeter un coup d’œil à mes offres exceptionnelles sur tous les articles pour oiseaux !  Promotions extraordinaires en ce moment !
Boris Publié le 28 octobre à 19h15
Est-ce que quelqu’un peut me dire comment savoir si une poule est malade ?  Merci.
Frank Publié le 28 octobre à 19h21
Bonjour Isabelle, Je suis vétérinaire spécialiste des oiseaux.  Vous pouvez donner de l’aspirine à vos poules blessées si elles montrent des signes de douleur.  Quand je prescris de l’aspirine à des oiseaux, je suis les recommandations du Manuel de pathologie aviaire.  Les poules doivent recevoir 5 mg d’aspirine par kg de masse corporelle.  Vous pouvez donner cette dose 3 à 4 fois par jour jusqu’à la visite chez le vétérinaire.  Il est très important d’avoir un suivi avec votre vétérinaire.  Bonne chance !"
R548-ChickenForum,6,3,French,fra-FRA,"Forum de la volaille  Question 5 / 7
Utilisez le forum sur la santé de la volaille à droite.  Cliquez sur la réponse de votre choix.
Pourquoi Promos_Aviaires répond-il au message d’Isabelle_88 ?
Pour faire la promotion d’un commerce.
Pour répondre à la question d’Isabelle_88.
Pour compléter le conseil de Monique.
Pour montrer sa connaissance des oiseaux."
R548-ChickenForum,7,1,French,fra-FRA,PISA
R548-ChickenForum,7,2,French,fra-FRA,"www.santevolaille.com/forum/aspirine-poules
La santé de la volaille
Votre ressource en ligne pour des volailles en bonne santé
À propos
Forum
Photos
Donner de l’aspirine aux poules
Isabelle_88 Initiateur de la discussion Publié le 28 octobre à 18h12
Bonjour à tous ! Est-ce que je peux donner de l'aspirine à ma poule ? Elle a deux ans et je pense qu'elle s'est blessée à la patte. Je ne peux pas aller chez le vétérinaire avant lundi, et je n'arrive pas à l'avoir au téléphone. Elle a l'air d'avoir très mal. J'aimerais lui donner quelque chose pour la soulager en attendant d'aller chez le vétérinaire. Merci pour votre aide.
NoemieB79 Publié le 28 octobre à 18h36
Je ne sais pas si l’aspirine est sans danger pour les poules.  Je consulte toujours mon vétérinaire avant de donner des médicaments à mes oiseaux.  Je sais que certains médicaments convenant aux humains peuvent être très dangereux pour les oiseaux.
Monique Publié le 28 octobre à 18h52
J’ai déjà donné un cachet d’aspirine à l’une de mes poules blessées.  Il n’y a pas eu de problème.  Le lendemain, je suis allée chez le vétérinaire mais elle allait déjà mieux.  Je crois que ça peut être dangereux si tu lui en donnes trop : ne dépasse pas la dose !  J’espère qu’elle ira mieux !
Promos_Aviaires Publié le 28 octobre à 19h07
Bonjour !  N’oubliez pas de jeter un coup d’œil à mes offres exceptionnelles sur tous les articles pour oiseaux !  Promotions extraordinaires en ce moment !
Boris Publié le 28 octobre à 19h15
Est-ce que quelqu’un peut me dire comment savoir si une poule est malade ?  Merci.
Frank Publié le 28 octobre à 19h21
Bonjour Isabelle, Je suis vétérinaire spécialiste des oiseaux.  Vous pouvez donner de l’aspirine à vos poules blessées si elles montrent des signes de douleur.  Quand je prescris de l’aspirine à des oiseaux, je suis les recommandations du Manuel de pathologie aviaire.  Les poules doivent recevoir 5 mg d’aspirine par kg de masse corporelle.  Vous pouvez donner cette dose 3 à 4 fois par jour jusqu’à la visite chez le vétérinaire.  Il est très important d’avoir un suivi avec votre vétérinaire.  Bonne chance !"
R548-ChickenForum,7,3,French,fra-FRA,"Forum de la volaille  Question 6 / 7
Utilisez le forum sur la santé de la volaille à droite.  Cliquez sur la réponse de  votre choix, puis tapez votre explication.
Qui a publié la réponse la plus fiable à la question d’Isabelle_88 ?
NoemieB79
Monique
Promos_Aviaires
Frank
Justifiez votre réponse."
R548-ChickenForum,8,1,French,fra-FRA,PISA
R548-ChickenForum,8,2,French,fra-FRA,"www.santevolaille.com/forum/aspirine-poules
La santé de la volaille
Votre ressource en ligne pour des volailles en bonne santé
À propos
Forum
Photos
Donner de l’aspirine aux poules
Isabelle_88 Initiateur de la discussion Publié le 28 octobre à 18h12
Bonjour à tous ! Est-ce que je peux donner de l'aspirine à ma poule ? Elle a deux ans et je pense qu'elle s'est blessée à la patte. Je ne peux pas aller chez le vétérinaire avant lundi, et je n'arrive pas à l'avoir au téléphone. Elle a l'air d'avoir très mal. J'aimerais lui donner quelque chose pour la soulager en attendant d'aller chez le vétérinaire. Merci pour votre aide.
NoemieB79 Publié le 28 octobre à 18h36
Je ne sais pas si l’aspirine est sans danger pour les poules.  Je consulte toujours mon vétérinaire avant de donner des médicaments à mes oiseaux.  Je sais que certains médicaments convenant aux humains peuvent être très dangereux pour les oiseaux.
Monique Publié le 28 octobre à 18h52
J’ai déjà donné un cachet d’aspirine à l’une de mes poules blessées.  Il n’y a pas eu de problème.  Le lendemain, je suis allée chez le vétérinaire mais elle allait déjà mieux.  Je crois que ça peut être dangereux si tu lui en donnes trop : ne dépasse pas la dose !  J’espère qu’elle ira mieux !
Promos_Aviaires Publié le 28 octobre à 19h07
Bonjour !  N’oubliez pas de jeter un coup d’œil à mes offres exceptionnelles sur tous les articles pour oiseaux !  Promotions extraordinaires en ce moment !
Boris Publié le 28 octobre à 19h15
Est-ce que quelqu’un peut me dire comment savoir si une poule est malade ?  Merci.
Frank Publié le 28 octobre à 19h21
Bonjour Isabelle, Je suis vétérinaire spécialiste des oiseaux.  Vous pouvez donner de l’aspirine à vos poules blessées si elles montrent des signes de douleur.  Quand je prescris de l’aspirine à des oiseaux, je suis les recommandations du Manuel de pathologie aviaire.  Les poules doivent recevoir 5 mg d’aspirine par kg de masse corporelle.  Vous pouvez donner cette dose 3 à 4 fois par jour jusqu’à la visite chez le vétérinaire.  Il est très important d’avoir un suivi avec votre vétérinaire.  Bonne chance !"
R548-ChickenForum,8,3,French,fra-FRA,"Forum de la volaille  Question 7 / 7
Utilisez le forum sur la santé de la volaille à droite.  Tapez votre réponse à la question.
Pourquoi Frank ne peut-il pas dire à Isabelle_88 la quantité exacte d’aspirine à donner à sa poule ?"
R548-ChickenForum,9,1,French,fra-FRA,PISA
R548-ChickenForum,9,2,French,fra-FRA,"www.santevolaille.com/forum/aspirine-poules
La santé de la volaille
Votre ressource en ligne pour des volailles en bonne santé
À propos
Forum
Photos
Donner de l’aspirine aux poules
Isabelle_88 Initiateur de la discussion Publié le 28 octobre à 18h12
Bonjour à tous ! Est-ce que je peux donner de l'aspirine à ma poule ? Elle a deux ans et je pense qu'elle s'est blessée à la patte. Je ne peux pas aller chez le vétérinaire avant lundi, et je n'arrive pas à l'avoir au téléphone. Elle a l'air d'avoir très mal. J'aimerais lui donner quelque chose pour la soulager en attendant d'aller chez le vétérinaire. Merci pour votre aide.
NoemieB79 Publié le 28 octobre à 18h36
Je ne sais pas si l’aspirine est sans danger pour les poules.  Je consulte toujours mon vétérinaire avant de donner des médicaments à mes oiseaux.  Je sais que certains médicaments convenant aux humains peuvent être très dangereux pour les oiseaux.
Monique Publié le 28 octobre à 18h52
J’ai déjà donné un cachet d’aspirine à l’une de mes poules blessées.  Il n’y a pas eu de problème.  Le lendemain, je suis allée chez le vétérinaire mais elle allait déjà mieux.  Je crois que ça peut être dangereux si tu lui en donnes trop : ne dépasse pas la dose !  J’espère qu’elle ira mieux !
Promos_Aviaires Publié le 28 octobre à 19h07
Bonjour !  N’oubliez pas de jeter un coup d’œil à mes offres exceptionnelles sur tous les articles pour oiseaux !  Promotions extraordinaires en ce moment !
Boris Publié le 28 octobre à 19h15
Est-ce que quelqu’un peut me dire comment savoir si une poule est malade ?  Merci.
Frank Publié le 28 octobre à 19h21
Bonjour Isabelle, Je suis vétérinaire spécialiste des oiseaux.  Vous pouvez donner de l’aspirine à vos poules blessées si elles montrent des signes de douleur.  Quand je prescris de l’aspirine à des oiseaux, je suis les recommandations du Manuel de pathologie aviaire.  Les poules doivent recevoir 5 mg d’aspirine par kg de masse corporelle.  Vous pouvez donner cette dose 3 à 4 fois par jour jusqu’à la visite chez le vétérinaire.  Il est très important d’avoir un suivi avec votre vétérinaire.  Bonne chance !"
R548-ChickenForum,9,3,French,fra-FRA,"Forum de la volaille  Question 7 / 7
Utilisez le forum sur la santé de la volaille à droite.  Tapez votre réponse à la question.
Pourquoi Frank ne peut-il pas dire à Isabelle_88 la quantité exacte d’aspirine à donner à sa poule ?"
R548-ChickenForum,10,1,French,fra-FRA,PISA
R548-ChickenForum,10,2,French,fra-FRA,"www.santevolaille.com/forum/aspirine-poules
La santé de la volaille
Votre ressource en ligne pour des volailles en bonne santé
À propos
Forum
Photos
Donner de l’aspirine aux poules
Isabelle_88 Initiateur de la discussion Publié le 28 octobre à 18h12
Bonjour à tous ! Est-ce que je peux donner de l'aspirine à ma poule ? Elle a deux ans et je pense qu'elle s'est blessée à la patte. Je ne peux pas aller chez le vétérinaire avant lundi, et je n'arrive pas à l'avoir au téléphone. Elle a l'air d'avoir très mal. J'aimerais lui donner quelque chose pour la soulager en attendant d'aller chez le vétérinaire. Merci pour votre aide.
NoemieB79 Publié le 28 octobre à 18h36
Je ne sais pas si l’aspirine est sans danger pour les poules.  Je consulte toujours mon vétérinaire avant de donner des médicaments à mes oiseaux.  Je sais que certains médicaments convenant aux humains peuvent être très dangereux pour les oiseaux.
Monique Publié le 28 octobre à 18h52
J’ai déjà donné un cachet d’aspirine à l’une de mes poules blessées.  Il n’y a pas eu de problème.  Le lendemain, je suis allée chez le vétérinaire mais elle allait déjà mieux.  Je crois que ça peut être dangereux si tu lui en donnes trop : ne dépasse pas la dose !  J’espère qu’elle ira mieux !
Promos_Aviaires Publié le 28 octobre à 19h07
Bonjour !  N’oubliez pas de jeter un coup d’œil à mes offres exceptionnelles sur tous les articles pour oiseaux !  Promotions extraordinaires en ce moment !
Boris Publié le 28 octobre à 19h15
Est-ce que quelqu’un peut me dire comment savoir si une poule est malade ?  Merci.
Frank Publié le 28 octobre à 19h21
Bonjour Isabelle, Je suis vétérinaire spécialiste des oiseaux.  Vous pouvez donner de l’aspirine à vos poules blessées si elles montrent des signes de douleur.  Quand je prescris de l’aspirine à des oiseaux, je suis les recommandations du Manuel de pathologie aviaire.  Les poules doivent recevoir 5 mg d’aspirine par kg de masse corporelle.  Vous pouvez donner cette dose 3 à 4 fois par jour jusqu’à la visite chez le vétérinaire.  Il est très important d’avoir un suivi avec votre vétérinaire.  Bonne chance !"
R548-ChickenForum,10,3,French,fra-FRA,"Forum de la volaille  Question 7 / 7
Utilisez le forum sur la santé de la volaille à droite.  Tapez votre réponse à la question.
Pourquoi Frank ne peut-il pas dire à Isabelle_88 la quantité exacte d’aspirine à donner à sa poule ?"
R548-ChickenForum,1,1,Galician,glg-ESP,PISA
R548-ChickenForum,1,2,Galician,glg-ESP,"Foro sobre aves  Introdución
Le a introdución e, a continuación, fai clic na frecha de ""AVANZAR"".
Fuches visitar uns parentes que recentemente se mudaron a unha granxa para criar galiñas. Pregúntaslle á túa tía: ""Como aprendiches a criar galiñas?""
Ela diche: ""Falamos con moita xente que cría galiñas, e hai moitos recursos en Internet. Por exemplo, hai un foro sobre a saúde das aves que me gusta visitar. Foime de grande axuda cando hai pouco unha das miñas galiñas se mancou nunha pata. Vouche ensinar a conversa que tivemos"".
Fai clic na frecha de ""AVANZAR"" para ler a conversa no foro."
R548-ChickenForum,2,1,Galician,glg-ESP,PISA
R548-ChickenForum,2,2,Galician,glg-ESP,"www.asaudedasaves.com/forum/aspirina-galina
A saúde das aves
O teu recurso en liña para unhas galiñas saudables
Acerca de
Foro
Fotos
Darlles aspirinas ás galiñas
Iria_88 Autora do fío Publicado o 28 de outubro ás 18.12 h
Ola a todos e todas!  Podo darlle aspirinas á miña galiña? Ten 2 anos e creo que se mancou nunha pata. Non podo ir ao veterinario ata o luns, e non contesta ao teléfono. A miña galiña parece ter moita dor. Quero darlle algo para que se sinta mellor ata que poida ir ao veterinario. Grazas pola vosa axuda.
NuriaB79 Publicado o 28 de outubro ás 18.36 h
Non sei se a aspirina é ou non segura para as galiñas. Eu sempre lle pregunto ao meu veterinario antes de darlle calquera medicina ás miñas aves. Sei que algunhas medicinas que son seguras para os humanos poden ser moi perigosas para as aves.
Mónica Publicado o 28 de outubro ás 18.52 h
Eu deille unha aspirina a unha das miñas galiñas cando se mancou. Non tivo ningún problema. Ao día seguinte fun ao veterinario pero xa estaba mellor. Creo que pode ser perigoso se lle dás demasiadas, así que non superes a dose indicada! Espero que mellore!
Ofertas_Aviarias Publicado o 28 de outubro ás 19.07 h
Ola! Non esquezades botar unha ollada ás miñas superofertas en todos os produtos para aves. Neste momento hai grandes rebaixas!
Bruno Publicado o 28 de outubro ás 19.15 h
Por favor, alguén pode dicirme como saber se unha ave está enferma? Grazas.
Francisco Publicado o 28 de outubro ás 19.21 h
Ola, Iria: Son un veterinario especializado en aves. Pódenselles dar aspirinas ás galiñas feridas se presentan signos de dor. Ao receitarlles aspirinas ás aves, sigo as pautas publicadas en Medicina clínica aviar. As galiñas deben tomar 5 mg de aspirina por kg de masa corporal. Pódeslle dar esta dose 3-4 veces ao día ata que poidas ir ao veterinario. É moi importante que leves o seguimento co teu veterinario.
Boa sorte!"
R548-ChickenForum,2,3,Galician,glg-ESP,"Foro sobre aves  Pregunta 1/ 7
Consulta o foro sobre a saúde das aves da dereita. Fai clic nunha opción para responderes a pregunta.
Que quere saber Iria_88?
Se pode darlle aspirina a unha galiña ferida.
Con que frecuencia pode darlle aspirina a unha galiña ferida.
Como contactar cun veterinario para preguntarlle sobre unha galiña ferida.
Se pode determinar o nivel de dor dunha galiña ferida."
R548-ChickenForum,3,1,Galician,glg-ESP,PISA
R548-ChickenForum,3,2,Galician,glg-ESP,"www.asaudedasaves.com/forum/aspirina-galina
A saúde das aves
O teu recurso en liña para unhas galiñas saudables
Acerca de
Foro
Fotos
Darlles aspirinas ás galiñas
Iria_88 Autora do fío Publicado o 28 de outubro ás 18.12 h
Ola a todos e todas!  Podo darlle aspirinas á miña galiña? Ten 2 anos e creo que se mancou nunha pata. Non podo ir ao veterinario ata o luns, e non contesta ao teléfono. A miña galiña parece ter moita dor. Quero darlle algo para que se sinta mellor ata que poida ir ao veterinario. Grazas pola vosa axuda.
NuriaB79 Publicado o 28 de outubro ás 18.36 h
Non sei se a aspirina é ou non segura para as galiñas. Eu sempre lle pregunto ao meu veterinario antes de darlle calquera medicina ás miñas aves. Sei que algunhas medicinas que son seguras para os humanos poden ser moi perigosas para as aves.
Mónica Publicado o 28 de outubro ás 18.52 h
Eu deille unha aspirina a unha das miñas galiñas cando se mancou. Non tivo ningún problema. Ao día seguinte fun ao veterinario pero xa estaba mellor. Creo que pode ser perigoso se lle dás demasiadas, así que non superes a dose indicada! Espero que mellore!
Ofertas_Aviarias Publicado o 28 de outubro ás 19.07 h
Ola! Non esquezades botar unha ollada ás miñas superofertas en todos os produtos para aves. Neste momento hai grandes rebaixas!
Bruno Publicado o 28 de outubro ás 19.15 h
Por favor, alguén pode dicirme como saber se unha ave está enferma? Grazas.
Francisco Publicado o 28 de outubro ás 19.21 h
Ola, Iria: Son un veterinario especializado en aves. Pódenselles dar aspirinas ás galiñas feridas se presentan signos de dor. Ao receitarlles aspirinas ás aves, sigo as pautas publicadas en Medicina clínica aviar. As galiñas deben tomar 5 mg de aspirina por kg de masa corporal. Pódeslle dar esta dose 3-4 veces ao día ata que poidas ir ao veterinario. É moi importante que leves o seguimento co teu veterinario.
Boa sorte!"
R548-ChickenForum,3,3,Galician,glg-ESP,"Foro sobre aves  Pregunta 2/ 7
Consulta o foro sobre a saúde das aves da dereita. Fai clic nunha opción para responderes a pregunta.
Por que Iria_88 decide publicar a súa pregunta nun foro de Internet?
Porque non sabe como encontrar un veterinario.
Porque cre que o problema da súa galiña non é grave.
Porque quere axudarlle á súa galiña o antes posible.
Porque non pode permitirse ir ao veterinario."
R548-ChickenForum,4,1,Galician,glg-ESP,PISA
R548-ChickenForum,4,2,Galician,glg-ESP,"www.asaudedasaves.com/forum/aspirina-galina
A saúde das aves
O teu recurso en liña para unhas galiñas saudables
Acerca de
Foro
Fotos
Darlles aspirinas ás galiñas
Iria_88 Autora do fío Publicado o 28 de outubro ás 18.12 h
Ola a todos e todas!  Podo darlle aspirinas á miña galiña? Ten 2 anos e creo que se mancou nunha pata. Non podo ir ao veterinario ata o luns, e non contesta ao teléfono. A miña galiña parece ter moita dor. Quero darlle algo para que se sinta mellor ata que poida ir ao veterinario. Grazas pola vosa axuda.
NuriaB79 Publicado o 28 de outubro ás 18.36 h
Non sei se a aspirina é ou non segura para as galiñas. Eu sempre lle pregunto ao meu veterinario antes de darlle calquera medicina ás miñas aves. Sei que algunhas medicinas que son seguras para os humanos poden ser moi perigosas para as aves.
Mónica Publicado o 28 de outubro ás 18.52 h
Eu deille unha aspirina a unha das miñas galiñas cando se mancou. Non tivo ningún problema. Ao día seguinte fun ao veterinario pero xa estaba mellor. Creo que pode ser perigoso se lle dás demasiadas, así que non superes a dose indicada! Espero que mellore!
Ofertas_Aviarias Publicado o 28 de outubro ás 19.07 h
Ola! Non esquezades botar unha ollada ás miñas superofertas en todos os produtos para aves. Neste momento hai grandes rebaixas!
Bruno Publicado o 28 de outubro ás 19.15 h
Por favor, alguén pode dicirme como saber se unha ave está enferma? Grazas.
Francisco Publicado o 28 de outubro ás 19.21 h
Ola, Iria: Son un veterinario especializado en aves. Pódenselles dar aspirinas ás galiñas feridas se presentan signos de dor. Ao receitarlles aspirinas ás aves, sigo as pautas publicadas en Medicina clínica aviar. As galiñas deben tomar 5 mg de aspirina por kg de masa corporal. Pódeslle dar esta dose 3-4 veces ao día ata que poidas ir ao veterinario. É moi importante que leves o seguimento co teu veterinario.
Boa sorte!"
R548-ChickenForum,4,3,Galician,glg-ESP,"Foro sobre aves  Pregunta 3/ 7
Consulta o foro sobre a saúde das aves da dereita. Fai clic nas opcións da táboa para responderes a pregunta.
Algunhas das publicacións dun foro poden ser relevantes para o tema, mentres que outras non. Fai clic en Si ou Non para indicar se as publicacións da seguinte táboa son relevantes para o problema de Iria_88.
É a publicación relevante para o problema de Iria_88?
Si
Non
Publicación de NuriaB79
Publicación de Mónica
Publicación de Ofertas_Aviarias
Publicación de Bruno
Publicación de Francisco"
R548-ChickenForum,5,1,Galician,glg-ESP,PISA
R548-ChickenForum,5,2,Galician,glg-ESP,"www.asaudedasaves.com/forum/aspirina-galina
A saúde das aves
O teu recurso en liña para unhas galiñas saudables
Acerca de
Foro
Fotos
Darlles aspirinas ás galiñas
Iria_88 Autora do fío Publicado o 28 de outubro ás 18.12 h
Ola a todos e todas!  Podo darlle aspirinas á miña galiña? Ten 2 anos e creo que se mancou nunha pata. Non podo ir ao veterinario ata o luns, e non contesta ao teléfono. A miña galiña parece ter moita dor. Quero darlle algo para que se sinta mellor ata que poida ir ao veterinario. Grazas pola vosa axuda.
NuriaB79 Publicado o 28 de outubro ás 18.36 h
Non sei se a aspirina é ou non segura para as galiñas. Eu sempre lle pregunto ao meu veterinario antes de darlle calquera medicina ás miñas aves. Sei que algunhas medicinas que son seguras para os humanos poden ser moi perigosas para as aves.
Mónica Publicado o 28 de outubro ás 18.52 h
Eu deille unha aspirina a unha das miñas galiñas cando se mancou. Non tivo ningún problema. Ao día seguinte fun ao veterinario pero xa estaba mellor. Creo que pode ser perigoso se lle dás demasiadas, así que non superes a dose indicada! Espero que mellore!
Ofertas_Aviarias Publicado o 28 de outubro ás 19.07 h
Ola! Non esquezades botar unha ollada ás miñas superofertas en todos os produtos para aves. Neste momento hai grandes rebaixas!
Bruno Publicado o 28 de outubro ás 19.15 h
Por favor, alguén pode dicirme como saber se unha ave está enferma? Grazas.
Francisco Publicado o 28 de outubro ás 19.21 h
Ola, Iria: Son un veterinario especializado en aves. Pódenselles dar aspirinas ás galiñas feridas se presentan signos de dor. Ao receitarlles aspirinas ás aves, sigo as pautas publicadas en Medicina clínica aviar. As galiñas deben tomar 5 mg de aspirina por kg de masa corporal. Pódeslle dar esta dose 3-4 veces ao día ata que poidas ir ao veterinario. É moi importante que leves o seguimento co teu veterinario.
Boa sorte!"
R548-ChickenForum,5,3,Galician,glg-ESP,"Foro sobre aves  Pregunta 4/ 7
Consulta o foro sobre a saúde das aves da dereita. Fai clic nunha opción para responderes a pregunta.
Quen tivo unha experiencia positiva ao darlle aspirina a unha galiña ferida?
Iria_88
NuriaB79
Mónica
Bruno"
R548-ChickenForum,6,1,Galician,glg-ESP,PISA
R548-ChickenForum,6,2,Galician,glg-ESP,"www.asaudedasaves.com/forum/aspirina-galina
A saúde das aves
O teu recurso en liña para unhas galiñas saudables
Acerca de
Foro
Fotos
Darlles aspirinas ás galiñas
Iria_88 Autora do fío Publicado o 28 de outubro ás 18.12 h
Ola a todos e todas!  Podo darlle aspirinas á miña galiña? Ten 2 anos e creo que se mancou nunha pata. Non podo ir ao veterinario ata o luns, e non contesta ao teléfono. A miña galiña parece ter moita dor. Quero darlle algo para que se sinta mellor ata que poida ir ao veterinario. Grazas pola vosa axuda.
NuriaB79 Publicado o 28 de outubro ás 18.36 h
Non sei se a aspirina é ou non segura para as galiñas. Eu sempre lle pregunto ao meu veterinario antes de darlle calquera medicina ás miñas aves. Sei que algunhas medicinas que son seguras para os humanos poden ser moi perigosas para as aves.
Mónica Publicado o 28 de outubro ás 18.52 h
Eu deille unha aspirina a unha das miñas galiñas cando se mancou. Non tivo ningún problema. Ao día seguinte fun ao veterinario pero xa estaba mellor. Creo que pode ser perigoso se lle dás demasiadas, así que non superes a dose indicada! Espero que mellore!
Ofertas_Aviarias Publicado o 28 de outubro ás 19.07 h
Ola! Non esquezades botar unha ollada ás miñas superofertas en todos os produtos para aves. Neste momento hai grandes rebaixas!
Bruno Publicado o 28 de outubro ás 19.15 h
Por favor, alguén pode dicirme como saber se unha ave está enferma? Grazas.
Francisco Publicado o 28 de outubro ás 19.21 h
Ola, Iria: Son un veterinario especializado en aves. Pódenselles dar aspirinas ás galiñas feridas se presentan signos de dor. Ao receitarlles aspirinas ás aves, sigo as pautas publicadas en Medicina clínica aviar. As galiñas deben tomar 5 mg de aspirina por kg de masa corporal. Pódeslle dar esta dose 3-4 veces ao día ata que poidas ir ao veterinario. É moi importante que leves o seguimento co teu veterinario.
Boa sorte!"
R548-ChickenForum,6,3,Galician,glg-ESP,"Foro sobre aves  Pregunta 5/ 7
Consulta o foro sobre a saúde das aves da dereita.  Fai clic nunha opción para responderes a pregunta.
Por que responde Ofertas_Aviarias a publicación de Iria_88?
Para promocionar un negocio.
Para responder a pregunta de Iria_88.
Para contribuír ao consello de Mónica.
Para demostrar os seus coñecementos sobre aves."
R548-ChickenForum,7,1,Galician,glg-ESP,PISA
R548-ChickenForum,7,2,Galician,glg-ESP,"www.asaudedasaves.com/forum/aspirina-galina
A saúde das aves
O teu recurso en liña para unhas galiñas saudables
Acerca de
Foro
Fotos
Darlles aspirinas ás galiñas
Iria_88 Autora do fío Publicado o 28 de outubro ás 18.12 h
Ola a todos e todas!  Podo darlle aspirinas á miña galiña? Ten 2 anos e creo que se mancou nunha pata. Non podo ir ao veterinario ata o luns, e non contesta ao teléfono. A miña galiña parece ter moita dor. Quero darlle algo para que se sinta mellor ata que poida ir ao veterinario. Grazas pola vosa axuda.
NuriaB79 Publicado o 28 de outubro ás 18.36 h
Non sei se a aspirina é ou non segura para as galiñas. Eu sempre lle pregunto ao meu veterinario antes de darlle calquera medicina ás miñas aves. Sei que algunhas medicinas que son seguras para os humanos poden ser moi perigosas para as aves.
Mónica Publicado o 28 de outubro ás 18.52 h
Eu deille unha aspirina a unha das miñas galiñas cando se mancou. Non tivo ningún problema. Ao día seguinte fun ao veterinario pero xa estaba mellor. Creo que pode ser perigoso se lle dás demasiadas, así que non superes a dose indicada! Espero que mellore!
Ofertas_Aviarias Publicado o 28 de outubro ás 19.07 h
Ola! Non esquezades botar unha ollada ás miñas superofertas en todos os produtos para aves. Neste momento hai grandes rebaixas!
Bruno Publicado o 28 de outubro ás 19.15 h
Por favor, alguén pode dicirme como saber se unha ave está enferma? Grazas.
Francisco Publicado o 28 de outubro ás 19.21 h
Ola, Iria: Son un veterinario especializado en aves. Pódenselles dar aspirinas ás galiñas feridas se presentan signos de dor. Ao receitarlles aspirinas ás aves, sigo as pautas publicadas en Medicina clínica aviar. As galiñas deben tomar 5 mg de aspirina por kg de masa corporal. Pódeslle dar esta dose 3-4 veces ao día ata que poidas ir ao veterinario. É moi importante que leves o seguimento co teu veterinario.
Boa sorte!"
R548-ChickenForum,7,3,Galician,glg-ESP,"Foro sobre aves  Pregunta 6/ 7
Consulta o foro sobre a saúde das aves da dereita. Fai clic nunha opción e despois escribe unha explicación para responderes a pregunta.
Quen publicou a resposta máis fiable á pregunta de Iria_88?
NuriaB79
Mónica
Ofertas_Aviarias
Francisco
Xustifica a túa resposta."
R548-ChickenForum,8,1,Galician,glg-ESP,PISA
R548-ChickenForum,8,2,Galician,glg-ESP,"www.asaudedasaves.com/forum/aspirina-galina
A saúde das aves
O teu recurso en liña para unhas galiñas saudables
Acerca de
Foro
Fotos
Darlles aspirinas ás galiñas
Iria_88 Autora do fío Publicado o 28 de outubro ás 18.12 h
Ola a todos e todas!  Podo darlle aspirinas á miña galiña? Ten 2 anos e creo que se mancou nunha pata. Non podo ir ao veterinario ata o luns, e non contesta ao teléfono. A miña galiña parece ter moita dor. Quero darlle algo para que se sinta mellor ata que poida ir ao veterinario. Grazas pola vosa axuda.
NuriaB79 Publicado o 28 de outubro ás 18.36 h
Non sei se a aspirina é ou non segura para as galiñas. Eu sempre lle pregunto ao meu veterinario antes de darlle calquera medicina ás miñas aves. Sei que algunhas medicinas que son seguras para os humanos poden ser moi perigosas para as aves.
Mónica Publicado o 28 de outubro ás 18.52 h
Eu deille unha aspirina a unha das miñas galiñas cando se mancou. Non tivo ningún problema. Ao día seguinte fun ao veterinario pero xa estaba mellor. Creo que pode ser perigoso se lle dás demasiadas, así que non superes a dose indicada! Espero que mellore!
Ofertas_Aviarias Publicado o 28 de outubro ás 19.07 h
Ola! Non esquezades botar unha ollada ás miñas superofertas en todos os produtos para aves. Neste momento hai grandes rebaixas!
Bruno Publicado o 28 de outubro ás 19.15 h
Por favor, alguén pode dicirme como saber se unha ave está enferma? Grazas.
Francisco Publicado o 28 de outubro ás 19.21 h
Ola, Iria: Son un veterinario especializado en aves. Pódenselles dar aspirinas ás galiñas feridas se presentan signos de dor. Ao receitarlles aspirinas ás aves, sigo as pautas publicadas en Medicina clínica aviar. As galiñas deben tomar 5 mg de aspirina por kg de masa corporal. Pódeslle dar esta dose 3-4 veces ao día ata que poidas ir ao veterinario. É moi importante que leves o seguimento co teu veterinario.
Boa sorte!"
R548-ChickenForum,8,3,Galician,glg-ESP,"Foro sobre aves  Pregunta 7/ 7
Consulta o foro sobre a saúde das aves da dereita.   Escribe a túa resposta a pregunta.
Por que Francisco non pode darlle a Iria_88 a cantidade exacta de aspirinas para a súa galiña?"
R548-ChickenForum,9,1,Galician,glg-ESP,PISA
R548-ChickenForum,9,2,Galician,glg-ESP,"www.asaudedasaves.com/forum/aspirina-galina
A saúde das aves
O teu recurso en liña para unhas galiñas saudables
Acerca de
Foro
Fotos
Darlles aspirinas ás galiñas
Iria_88 Autora do fío Publicado o 28 de outubro ás 18.12 h
Ola a todos e todas!  Podo darlle aspirinas á miña galiña? Ten 2 anos e creo que se mancou nunha pata. Non podo ir ao veterinario ata o luns, e non contesta ao teléfono. A miña galiña parece ter moita dor. Quero darlle algo para que se sinta mellor ata que poida ir ao veterinario. Grazas pola vosa axuda.
NuriaB79 Publicado o 28 de outubro ás 18.36 h
Non sei se a aspirina é ou non segura para as galiñas. Eu sempre lle pregunto ao meu veterinario antes de darlle calquera medicina ás miñas aves. Sei que algunhas medicinas que son seguras para os humanos poden ser moi perigosas para as aves.
Mónica Publicado o 28 de outubro ás 18.52 h
Eu deille unha aspirina a unha das miñas galiñas cando se mancou. Non tivo ningún problema. Ao día seguinte fun ao veterinario pero xa estaba mellor. Creo que pode ser perigoso se lle dás demasiadas, así que non superes a dose indicada! Espero que mellore!
Ofertas_Aviarias Publicado o 28 de outubro ás 19.07 h
Ola! Non esquezades botar unha ollada ás miñas superofertas en todos os produtos para aves. Neste momento hai grandes rebaixas!
Bruno Publicado o 28 de outubro ás 19.15 h
Por favor, alguén pode dicirme como saber se unha ave está enferma? Grazas.
Francisco Publicado o 28 de outubro ás 19.21 h
Ola, Iria: Son un veterinario especializado en aves. Pódenselles dar aspirinas ás galiñas feridas se presentan signos de dor. Ao receitarlles aspirinas ás aves, sigo as pautas publicadas en Medicina clínica aviar. As galiñas deben tomar 5 mg de aspirina por kg de masa corporal. Pódeslle dar esta dose 3-4 veces ao día ata que poidas ir ao veterinario. É moi importante que leves o seguimento co teu veterinario.
Boa sorte!"
R548-ChickenForum,9,3,Galician,glg-ESP,"Foro sobre aves  Pregunta 7/ 7
Consulta o foro sobre a saúde das aves da dereita.   Escribe a túa resposta a pregunta.
Por que Francisco non pode darlle a Iria_88 a cantidade exacta de aspirinas para a súa galiña?"
R548-ChickenForum,10,1,Galician,glg-ESP,PISA
R548-ChickenForum,10,2,Galician,glg-ESP,"www.asaudedasaves.com/forum/aspirina-galina
A saúde das aves
O teu recurso en liña para unhas galiñas saudables
Acerca de
Foro
Fotos
Darlles aspirinas ás galiñas
Iria_88 Autora do fío Publicado o 28 de outubro ás 18.12 h
Ola a todos e todas!  Podo darlle aspirinas á miña galiña? Ten 2 anos e creo que se mancou nunha pata. Non podo ir ao veterinario ata o luns, e non contesta ao teléfono. A miña galiña parece ter moita dor. Quero darlle algo para que se sinta mellor ata que poida ir ao veterinario. Grazas pola vosa axuda.
NuriaB79 Publicado o 28 de outubro ás 18.36 h
Non sei se a aspirina é ou non segura para as galiñas. Eu sempre lle pregunto ao meu veterinario antes de darlle calquera medicina ás miñas aves. Sei que algunhas medicinas que son seguras para os humanos poden ser moi perigosas para as aves.
Mónica Publicado o 28 de outubro ás 18.52 h
Eu deille unha aspirina a unha das miñas galiñas cando se mancou. Non tivo ningún problema. Ao día seguinte fun ao veterinario pero xa estaba mellor. Creo que pode ser perigoso se lle dás demasiadas, así que non superes a dose indicada! Espero que mellore!
Ofertas_Aviarias Publicado o 28 de outubro ás 19.07 h
Ola! Non esquezades botar unha ollada ás miñas superofertas en todos os produtos para aves. Neste momento hai grandes rebaixas!
Bruno Publicado o 28 de outubro ás 19.15 h
Por favor, alguén pode dicirme como saber se unha ave está enferma? Grazas.
Francisco Publicado o 28 de outubro ás 19.21 h
Ola, Iria: Son un veterinario especializado en aves. Pódenselles dar aspirinas ás galiñas feridas se presentan signos de dor. Ao receitarlles aspirinas ás aves, sigo as pautas publicadas en Medicina clínica aviar. As galiñas deben tomar 5 mg de aspirina por kg de masa corporal. Pódeslle dar esta dose 3-4 veces ao día ata que poidas ir ao veterinario. É moi importante que leves o seguimento co teu veterinario.
Boa sorte!"
R548-ChickenForum,10,3,Galician,glg-ESP,"Foro sobre aves  Pregunta 7/ 7
Consulta o foro sobre a saúde das aves da dereita.   Escribe a túa resposta a pregunta.
Por que Francisco non pode darlle a Iria_88 a cantidade exacta de aspirinas para a súa galiña?"
R548-ChickenForum,1,1,Georgian,geo-GEO,PISA
R548-ChickenForum,1,2,Georgian,geo-GEO,"ფორუმი ქათმებზე შესავალი
წაიკითხეთ შესავალი, შემდეგ დააწკაპუნეთ ისრიან ღილაკზე შემდეგი.
თქვენ სტუმრობთ ნათესავებს, რომლებიც ცოტა ხნის წინ, ქათმების მოსაშენებლად, ფერმაში დასახლდნენ. თქვენ ეკითხებით დეიდას: „როგორ ისწავლეთ ქათმების მოვლა?“
ის გპასუხობთ: „ძალიან ბევრ ისეთ ადამიანს ვესაუბრეთ, რომლებიც ქათმებს ზრდიან. ამასთან, ინტერნეტშიც უამრავი რესურსია ამ თემაზე. მაგალითად,  ფორუმი ქათმების ჯანმრთელობაზე, რომელიც ძალიან მომწონს. ეს ფორუმი ძალიან დამეხმარა, როდესაც ერთ-ერთმა ჩემმა ქათამმა ფეხი იტკინა.  ახლავე გაჩვენებ საუბარს, რომელიც ჩვენს შორის, ფორუმზე შედგა.“
ფორუმის წასაკითხად დააწკაპუნეთ ისრიან ღილაკზე  შემდეგი."
R548-ChickenForum,2,1,Georgian,geo-GEO,PISA
R548-ChickenForum,2,2,Georgian,geo-GEO,"www.chickenhealth.com/forum/aspirin-chickens
ქათმების ჯანმრთელობა
თქვენი ონლაინრესურსი შინაური ფრინველის ჯანმრთელობისათვის
ჩვენ შესახებ
ფორუმი
სურათები
ქათმებისთვის ასპირინის მიცემა
ნათელა_88 დისკუსიის წამომწყები გამოქვეყნდა 28 ოქტომბერს 18:12
მოგესალმებით ყველას! შეიძლება ჩემს ქათამს ასპირინი მივცე? ის ორი წლისაა და ვფიქრობ, რომ ფეხი იტკინა.  ორშაბათამდე ვეტერინართან ვერ მივალ, თანაც, ტელეფონს არ პასუხობს. როგორც ჩანს, ჩემს ქათამს ძალიან სტკივა. მინდა, რომ რაღაც მივცე, რომ თავი უკეთ იგრძნოს, სანამ ვეტერინართან შევძლებ წასვლას. მადლობას გიხდით დახმარებისთვის.
ნელიB79 გამოქვეყნდა 28 ოქტომბერს 18:36
არ ვიცი ასპირინი უვნებელია თუ არა ქათმებისათვის. ჩემი ფრინველებისთვის რომელიმე წამლის მიცემამდე ყოველთვის ჩემს ვეტერინართან გავდივარ კონსულტაციას. ვიცი, რომ ზოგიერთი წამალი, რომელიც ადამიანისთვის უსაფრთხოა, ფრინველებისთვის შეიძლება ძალიან საშიში იყოს.
მანანა გამოქვეყნდა 28 ოქტომბერს 18:52
მე მივეცი ჩემს ერთ-ერთ ქათამს ასპირინი, როცა მან რაღაც იტკინა. არავითარი პრობლემა არ ყოფილა. მეორე დღეს ვეტერინართან წავედი, მაგრამ ის თავს უკვე კარგად გრძნობდა.   მე ვფიქრობ, საშიშია, თუ ზედმეტს მისცემ, ამიტომ დოზის ლიმიტს არ გადააჭარბო! იმედია უკეთ გახდება !
ფრინველთა_პროდუქცია გამოქვეყნდა 28 ოქტომბერს 19:07
გამარჯობა! არ დაგავიწყდეთ, რომ გადახედოთ ჩემს განსაკუთრებულ შემოთავაზებებს ფრინველებისათვის განკუთვნილ ყველანაირ პროდუქციაზე! ახლა შესანიშნავი ფასდაკლება მაქვს!
გოგი გამოქვეყნდა 28 ოქტომბერს 19:15
ხომ ვერ მეტყვით, როგორ მივხვდე, რომ ქათამი ავადაა? გმადლობთ.
ვაჟა გამოქვეყნდა 28 ოქტომბერს 19:21
გამარჯობა ნათელა, მე ვეტერინარი ვარ ფრინველების განხრით. თუ შეამჩნევთ, რომ ფრინველს ტკივილი აწუხებს, შეგიძლიათ ასპირინი მისცეთ. როდესაც ფრინველებს ასპირინს ვუწერ, ყოველთვის ვხელმძღვანელობ ფრინველთა დაავადებების სახელმძღვანელოში მოცემული ინსტრუქციებით. ქათმებმა ყოველ ერთ კგ სხეულის მასაზე 5 მგ ასპირინი უნდა მიიღონ. ვეტერინართან მისვლამდე შეგიძლიათ ეს დოზა დღეში 3-4-ჯერ მისცეთ. აუცილებლად ჩააყენეთ საქმის კურსში თქვენი ვეტერინარი. წარმატებები!"
R548-ChickenForum,2,3,Georgian,geo-GEO,"ფორუმი ქათმებზე შეკითხვა 1 / 7
გამოიყენეთ მარჯვნივ მოცემული ფორუმი ქათმების ჯანმრთელობაზე.  შეკითხვაზე პასუხის გასაცემად, დააწკაპუნეთ სასურველ ვარიანტზე.
რისი გაგება სურს ნათელა_88-ს?
შეუძლია თუ არა მას ასპირინის მიცემა დაშავებული ქათმისთვის.
რამდენად ხშირად შეიძლება მისცეს ასპირინი დაშავებულ ქათამს.
როგორ დაუკავშირდეს ვეტერინარს დაშავებული ქათმის თაობაზე.
შეუძლია თუ არა მას, განსაზღვროს დაშავებული ქათმის ტკივილის დონე."
R548-ChickenForum,3,1,Georgian,geo-GEO,PISA
R548-ChickenForum,3,2,Georgian,geo-GEO,"www.chickenhealth.com/forum/aspirin-chickens
ქათმების ჯანმრთელობა
თქვენი ონლაინრესურსი შინაური ფრინველის ჯანმრთელობისათვის
ჩვენ შესახებ
ფორუმი
სურათები
ქათმებისთვის ასპირინის მიცემა
ნათელა_88 დისკუსიის წამომწყები გამოქვეყნდა 28 ოქტომბერს 18:12
მოგესალმებით ყველას! შეიძლება ჩემს ქათამს ასპირინი მივცე? ის ორი წლისაა და ვფიქრობ, რომ ფეხი იტკინა.  ორშაბათამდე ვეტერინართან ვერ მივალ, თანაც, ტელეფონს არ პასუხობს. როგორც ჩანს, ჩემს ქათამს ძალიან სტკივა. მინდა, რომ რაღაც მივცე, რომ თავი უკეთ იგრძნოს, სანამ ვეტერინართან შევძლებ წასვლას. მადლობას გიხდით დახმარებისთვის.
ნელიB79 გამოქვეყნდა 28 ოქტომბერს 18:36
არ ვიცი ასპირინი უვნებელია თუ არა ქათმებისათვის. ჩემი ფრინველებისთვის რომელიმე წამლის მიცემამდე ყოველთვის ჩემს ვეტერინართან გავდივარ კონსულტაციას. ვიცი, რომ ზოგიერთი წამალი, რომელიც ადამიანისთვის უსაფრთხოა, ფრინველებისთვის შეიძლება ძალიან საშიში იყოს.
მანანა გამოქვეყნდა 28 ოქტომბერს 18:52
მე მივეცი ჩემს ერთ-ერთ ქათამს ასპირინი, როცა მან რაღაც იტკინა. არავითარი პრობლემა არ ყოფილა. მეორე დღეს ვეტერინართან წავედი, მაგრამ ის თავს უკვე კარგად გრძნობდა.   მე ვფიქრობ, საშიშია, თუ ზედმეტს მისცემ, ამიტომ დოზის ლიმიტს არ გადააჭარბო! იმედია უკეთ გახდება !
ფრინველთა_პროდუქცია გამოქვეყნდა 28 ოქტომბერს 19:07
გამარჯობა! არ დაგავიწყდეთ, რომ გადახედოთ ჩემს განსაკუთრებულ შემოთავაზებებს ფრინველებისათვის განკუთვნილ ყველანაირ პროდუქციაზე! ახლა შესანიშნავი ფასდაკლება მაქვს!
გოგი გამოქვეყნდა 28 ოქტომბერს 19:15
ხომ ვერ მეტყვით, როგორ მივხვდე, რომ ქათამი ავადაა? გმადლობთ.
ვაჟა გამოქვეყნდა 28 ოქტომბერს 19:21
გამარჯობა ნათელა, მე ვეტერინარი ვარ ფრინველების განხრით. თუ შეამჩნევთ, რომ ფრინველს ტკივილი აწუხებს, შეგიძლიათ ასპირინი მისცეთ. როდესაც ფრინველებს ასპირინს ვუწერ, ყოველთვის ვხელმძღვანელობ ფრინველთა დაავადებების სახელმძღვანელოში მოცემული ინსტრუქციებით. ქათმებმა ყოველ ერთ კგ სხეულის მასაზე 5 მგ ასპირინი უნდა მიიღონ. ვეტერინართან მისვლამდე შეგიძლიათ ეს დოზა დღეში 3-4-ჯერ მისცეთ. აუცილებლად ჩააყენეთ საქმის კურსში თქვენი ვეტერინარი. წარმატებები!"
R548-ChickenForum,3,3,Georgian,geo-GEO,"ფორუმი ქათმებზე შეკითხვა 2 / 7
გამოიყენეთ მარჯვნივ მოცემული ფორუმი ქათმების ჯანმრთელობაზე. შეკითხვაზე პასუხის გასაცემად, დააწკაპუნეთ სასურველ ვარიანტზე.
რატომ გადაწყვიტა ნათელა_88-მ შეკითხვის ინტერნეტ-ფორუმზე დასმა?
რადგან არ იცის, როგორ იპოვოს ვეტერინარი.
რადგან ქათმის პრობლემა არასერიოზულად მიაჩნია.
რადგან სურს, რაც შეიძლება სწრაფად დაეხმაროს ქათამს.
რადგან ვერ ახერხებს ვეტერინართან წასვლას."
R548-ChickenForum,4,1,Georgian,geo-GEO,PISA
R548-ChickenForum,4,2,Georgian,geo-GEO,"www.chickenhealth.com/forum/aspirin-chickens
ქათმების ჯანმრთელობა
თქვენი ონლაინრესურსი შინაური ფრინველის ჯანმრთელობისათვის
ჩვენ შესახებ
ფორუმი
სურათები
ქათმებისთვის ასპირინის მიცემა
ნათელა_88 დისკუსიის წამომწყები გამოქვეყნდა 28 ოქტომბერს 18:12
მოგესალმებით ყველას! შეიძლება ჩემს ქათამს ასპირინი მივცე? ის ორი წლისაა და ვფიქრობ, რომ ფეხი იტკინა.  ორშაბათამდე ვეტერინართან ვერ მივალ, თანაც, ტელეფონს არ პასუხობს. როგორც ჩანს, ჩემს ქათამს ძალიან სტკივა. მინდა, რომ რაღაც მივცე, რომ თავი უკეთ იგრძნოს, სანამ ვეტერინართან შევძლებ წასვლას. მადლობას გიხდით დახმარებისთვის.
ნელიB79 გამოქვეყნდა 28 ოქტომბერს 18:36
არ ვიცი ასპირინი უვნებელია თუ არა ქათმებისათვის. ჩემი ფრინველებისთვის რომელიმე წამლის მიცემამდე ყოველთვის ჩემს ვეტერინართან გავდივარ კონსულტაციას. ვიცი, რომ ზოგიერთი წამალი, რომელიც ადამიანისთვის უსაფრთხოა, ფრინველებისთვის შეიძლება ძალიან საშიში იყოს.
მანანა გამოქვეყნდა 28 ოქტომბერს 18:52
მე მივეცი ჩემს ერთ-ერთ ქათამს ასპირინი, როცა მან რაღაც იტკინა. არავითარი პრობლემა არ ყოფილა. მეორე დღეს ვეტერინართან წავედი, მაგრამ ის თავს უკვე კარგად გრძნობდა.   მე ვფიქრობ, საშიშია, თუ ზედმეტს მისცემ, ამიტომ დოზის ლიმიტს არ გადააჭარბო! იმედია უკეთ გახდება !
ფრინველთა_პროდუქცია გამოქვეყნდა 28 ოქტომბერს 19:07
გამარჯობა! არ დაგავიწყდეთ, რომ გადახედოთ ჩემს განსაკუთრებულ შემოთავაზებებს ფრინველებისათვის განკუთვნილ ყველანაირ პროდუქციაზე! ახლა შესანიშნავი ფასდაკლება მაქვს!
გოგი გამოქვეყნდა 28 ოქტომბერს 19:15
ხომ ვერ მეტყვით, როგორ მივხვდე, რომ ქათამი ავადაა? გმადლობთ.
ვაჟა გამოქვეყნდა 28 ოქტომბერს 19:21
გამარჯობა ნათელა, მე ვეტერინარი ვარ ფრინველების განხრით. თუ შეამჩნევთ, რომ ფრინველს ტკივილი აწუხებს, შეგიძლიათ ასპირინი მისცეთ. როდესაც ფრინველებს ასპირინს ვუწერ, ყოველთვის ვხელმძღვანელობ ფრინველთა დაავადებების სახელმძღვანელოში მოცემული ინსტრუქციებით. ქათმებმა ყოველ ერთ კგ სხეულის მასაზე 5 მგ ასპირინი უნდა მიიღონ. ვეტერინართან მისვლამდე შეგიძლიათ ეს დოზა დღეში 3-4-ჯერ მისცეთ. აუცილებლად ჩააყენეთ საქმის კურსში თქვენი ვეტერინარი. წარმატებები!"
R548-ChickenForum,4,3,Georgian,geo-GEO,"ფორუმი ქათმებზე შეკითხვა 3 / 7
გამოიყენეთ მარჯვნივ მოცემული ფორუმი ქათმების ჯანმრთელობაზე. შეკითხვაზე პასუხის გასაცემად, დააწკაპუნეთ ცხრილში მოცემულ სასურველ ვარიანტზე.
ფორუმში გამოქვეყნებული ზოგიერთი პოსტი თემის შესაბამისია, ზოგი – არა. დააწკაპუნეთ დიახ ან არა  იმისათვის, რომ მიუთითოთ, ქვემოთ მოცემულ ცხრილში არსებული მოსაზრებები კავშირშია თუ არა ნათელა_88-ის პრობლემასთან.
ამ მოსაზრებას აქვს კავშირი ნათელა_88-ის პრობლემასთან ?
დიახ
არა
ნელიB79-ის პოსტი
მანანას პოსტი
ფრინველთა_პროდუქცია-ს პოსტი
გოგის პოსტი
ვაჟას პოსტი"
R548-ChickenForum,5,1,Georgian,geo-GEO,PISA
R548-ChickenForum,5,2,Georgian,geo-GEO,"www.chickenhealth.com/forum/aspirin-chickens
ქათმების ჯანმრთელობა
თქვენი ონლაინრესურსი შინაური ფრინველის ჯანმრთელობისათვის
ჩვენ შესახებ
ფორუმი
სურათები
ქათმებისთვის ასპირინის მიცემა
ნათელა_88 დისკუსიის წამომწყები გამოქვეყნდა 28 ოქტომბერს 18:12
მოგესალმებით ყველას! შეიძლება ჩემს ქათამს ასპირინი მივცე? ის ორი წლისაა და ვფიქრობ, რომ ფეხი იტკინა.  ორშაბათამდე ვეტერინართან ვერ მივალ, თანაც, ტელეფონს არ პასუხობს. როგორც ჩანს, ჩემს ქათამს ძალიან სტკივა. მინდა, რომ რაღაც მივცე, რომ თავი უკეთ იგრძნოს, სანამ ვეტერინართან შევძლებ წასვლას. მადლობას გიხდით დახმარებისთვის.
ნელიB79 გამოქვეყნდა 28 ოქტომბერს 18:36
არ ვიცი ასპირინი უვნებელია თუ არა ქათმებისათვის. ჩემი ფრინველებისთვის რომელიმე წამლის მიცემამდე ყოველთვის ჩემს ვეტერინართან გავდივარ კონსულტაციას. ვიცი, რომ ზოგიერთი წამალი, რომელიც ადამიანისთვის უსაფრთხოა, ფრინველებისთვის შეიძლება ძალიან საშიში იყოს.
მანანა გამოქვეყნდა 28 ოქტომბერს 18:52
მე მივეცი ჩემს ერთ-ერთ ქათამს ასპირინი, როცა მან რაღაც იტკინა. არავითარი პრობლემა არ ყოფილა. მეორე დღეს ვეტერინართან წავედი, მაგრამ ის თავს უკვე კარგად გრძნობდა.   მე ვფიქრობ, საშიშია, თუ ზედმეტს მისცემ, ამიტომ დოზის ლიმიტს არ გადააჭარბო! იმედია უკეთ გახდება !
ფრინველთა_პროდუქცია გამოქვეყნდა 28 ოქტომბერს 19:07
გამარჯობა! არ დაგავიწყდეთ, რომ გადახედოთ ჩემს განსაკუთრებულ შემოთავაზებებს ფრინველებისათვის განკუთვნილ ყველანაირ პროდუქციაზე! ახლა შესანიშნავი ფასდაკლება მაქვს!
გოგი გამოქვეყნდა 28 ოქტომბერს 19:15
ხომ ვერ მეტყვით, როგორ მივხვდე, რომ ქათამი ავადაა? გმადლობთ.
ვაჟა გამოქვეყნდა 28 ოქტომბერს 19:21
გამარჯობა ნათელა, მე ვეტერინარი ვარ ფრინველების განხრით. თუ შეამჩნევთ, რომ ფრინველს ტკივილი აწუხებს, შეგიძლიათ ასპირინი მისცეთ. როდესაც ფრინველებს ასპირინს ვუწერ, ყოველთვის ვხელმძღვანელობ ფრინველთა დაავადებების სახელმძღვანელოში მოცემული ინსტრუქციებით. ქათმებმა ყოველ ერთ კგ სხეულის მასაზე 5 მგ ასპირინი უნდა მიიღონ. ვეტერინართან მისვლამდე შეგიძლიათ ეს დოზა დღეში 3-4-ჯერ მისცეთ. აუცილებლად ჩააყენეთ საქმის კურსში თქვენი ვეტერინარი. წარმატებები!"
R548-ChickenForum,5,3,Georgian,geo-GEO,"ფორუმი ქათმებზე შეკითხვა 4 / 7
გამოიყენეთ მარჯვნივ მოცემული ფორუმი ქათმების ჯანმრთელობაზე. შეკითხვაზე პასუხის გასაცემად, დააწკაპუნეთ სასურველ ვარიანტზე.
ვის ჰქონდა უკვე მიღებული დადებითი შედეგი დაშავებული ქათმისთვის ასპირინის მიცემის შემდეგ?
ნათელა_88-ს
ნელიB79-ს
მანანას
გოგის"
R548-ChickenForum,6,1,Georgian,geo-GEO,PISA
R548-ChickenForum,6,2,Georgian,geo-GEO,"www.chickenhealth.com/forum/aspirin-chickens
ქათმების ჯანმრთელობა
თქვენი ონლაინრესურსი შინაური ფრინველის ჯანმრთელობისათვის
ჩვენ შესახებ
ფორუმი
სურათები
ქათმებისთვის ასპირინის მიცემა
ნათელა_88 დისკუსიის წამომწყები გამოქვეყნდა 28 ოქტომბერს 18:12
მოგესალმებით ყველას! შეიძლება ჩემს ქათამს ასპირინი მივცე? ის ორი წლისაა და ვფიქრობ, რომ ფეხი იტკინა.  ორშაბათამდე ვეტერინართან ვერ მივალ, თანაც, ტელეფონს არ პასუხობს. როგორც ჩანს, ჩემს ქათამს ძალიან სტკივა. მინდა, რომ რაღაც მივცე, რომ თავი უკეთ იგრძნოს, სანამ ვეტერინართან შევძლებ წასვლას. მადლობას გიხდით დახმარებისთვის.
ნელიB79 გამოქვეყნდა 28 ოქტომბერს 18:36
არ ვიცი ასპირინი უვნებელია თუ არა ქათმებისათვის. ჩემი ფრინველებისთვის რომელიმე წამლის მიცემამდე ყოველთვის ჩემს ვეტერინართან გავდივარ კონსულტაციას. ვიცი, რომ ზოგიერთი წამალი, რომელიც ადამიანისთვის უსაფრთხოა, ფრინველებისთვის შეიძლება ძალიან საშიში იყოს.
მანანა გამოქვეყნდა 28 ოქტომბერს 18:52
მე მივეცი ჩემს ერთ-ერთ ქათამს ასპირინი, როცა მან რაღაც იტკინა. არავითარი პრობლემა არ ყოფილა. მეორე დღეს ვეტერინართან წავედი, მაგრამ ის თავს უკვე კარგად გრძნობდა.   მე ვფიქრობ, საშიშია, თუ ზედმეტს მისცემ, ამიტომ დოზის ლიმიტს არ გადააჭარბო! იმედია უკეთ გახდება !
ფრინველთა_პროდუქცია გამოქვეყნდა 28 ოქტომბერს 19:07
გამარჯობა! არ დაგავიწყდეთ, რომ გადახედოთ ჩემს განსაკუთრებულ შემოთავაზებებს ფრინველებისათვის განკუთვნილ ყველანაირ პროდუქციაზე! ახლა შესანიშნავი ფასდაკლება მაქვს!
გოგი გამოქვეყნდა 28 ოქტომბერს 19:15
ხომ ვერ მეტყვით, როგორ მივხვდე, რომ ქათამი ავადაა? გმადლობთ.
ვაჟა გამოქვეყნდა 28 ოქტომბერს 19:21
გამარჯობა ნათელა, მე ვეტერინარი ვარ ფრინველების განხრით. თუ შეამჩნევთ, რომ ფრინველს ტკივილი აწუხებს, შეგიძლიათ ასპირინი მისცეთ. როდესაც ფრინველებს ასპირინს ვუწერ, ყოველთვის ვხელმძღვანელობ ფრინველთა დაავადებების სახელმძღვანელოში მოცემული ინსტრუქციებით. ქათმებმა ყოველ ერთ კგ სხეულის მასაზე 5 მგ ასპირინი უნდა მიიღონ. ვეტერინართან მისვლამდე შეგიძლიათ ეს დოზა დღეში 3-4-ჯერ მისცეთ. აუცილებლად ჩააყენეთ საქმის კურსში თქვენი ვეტერინარი. წარმატებები!"
R548-ChickenForum,6,3,Georgian,geo-GEO,"ფორუმი ქათმებზე შეკითხვა 5 / 7
გამოიყენეთ მარჯვნივ მოცემული ფორუმი ქათმების ჯანმრთელობაზე. შეკითხვაზე პასუხის გასაცემად, დააწკაპუნეთ სასურველ ვარიანტზე.
რატომ ეხმაურება ფრინველთა_პროდუქცია ნათელა_88 –ს პოსტს?
რათა ბიზნესს რეკლამირება გაუწიოს.
რათა უპასუხოს ნათელა_88-ს შეკითხვას.
რათა შეავსოს მანანას მიერ მიცემული რჩევა.
რათა ფრინველებთან დაკავშირებით საკუთარი ცოდნის დემონსტრირება მოახდინოს."
R548-ChickenForum,7,1,Georgian,geo-GEO,PISA
R548-ChickenForum,7,2,Georgian,geo-GEO,"www.chickenhealth.com/forum/aspirin-chickens
ქათმების ჯანმრთელობა
თქვენი ონლაინრესურსი შინაური ფრინველის ჯანმრთელობისათვის
ჩვენ შესახებ
ფორუმი
სურათები
ქათმებისთვის ასპირინის მიცემა
ნათელა_88 დისკუსიის წამომწყები გამოქვეყნდა 28 ოქტომბერს 18:12
მოგესალმებით ყველას! შეიძლება ჩემს ქათამს ასპირინი მივცე? ის ორი წლისაა და ვფიქრობ, რომ ფეხი იტკინა.  ორშაბათამდე ვეტერინართან ვერ მივალ, თანაც, ტელეფონს არ პასუხობს. როგორც ჩანს, ჩემს ქათამს ძალიან სტკივა. მინდა, რომ რაღაც მივცე, რომ თავი უკეთ იგრძნოს, სანამ ვეტერინართან შევძლებ წასვლას. მადლობას გიხდით დახმარებისთვის.
ნელიB79 გამოქვეყნდა 28 ოქტომბერს 18:36
არ ვიცი ასპირინი უვნებელია თუ არა ქათმებისათვის. ჩემი ფრინველებისთვის რომელიმე წამლის მიცემამდე ყოველთვის ჩემს ვეტერინართან გავდივარ კონსულტაციას. ვიცი, რომ ზოგიერთი წამალი, რომელიც ადამიანისთვის უსაფრთხოა, ფრინველებისთვის შეიძლება ძალიან საშიში იყოს.
მანანა გამოქვეყნდა 28 ოქტომბერს 18:52
მე მივეცი ჩემს ერთ-ერთ ქათამს ასპირინი, როცა მან რაღაც იტკინა. არავითარი პრობლემა არ ყოფილა. მეორე დღეს ვეტერინართან წავედი, მაგრამ ის თავს უკვე კარგად გრძნობდა.   მე ვფიქრობ, საშიშია, თუ ზედმეტს მისცემ, ამიტომ დოზის ლიმიტს არ გადააჭარბო! იმედია უკეთ გახდება !
ფრინველთა_პროდუქცია გამოქვეყნდა 28 ოქტომბერს 19:07
გამარჯობა! არ დაგავიწყდეთ, რომ გადახედოთ ჩემს განსაკუთრებულ შემოთავაზებებს ფრინველებისათვის განკუთვნილ ყველანაირ პროდუქციაზე! ახლა შესანიშნავი ფასდაკლება მაქვს!
გოგი გამოქვეყნდა 28 ოქტომბერს 19:15
ხომ ვერ მეტყვით, როგორ მივხვდე, რომ ქათამი ავადაა? გმადლობთ.
ვაჟა გამოქვეყნდა 28 ოქტომბერს 19:21
გამარჯობა ნათელა, მე ვეტერინარი ვარ ფრინველების განხრით. თუ შეამჩნევთ, რომ ფრინველს ტკივილი აწუხებს, შეგიძლიათ ასპირინი მისცეთ. როდესაც ფრინველებს ასპირინს ვუწერ, ყოველთვის ვხელმძღვანელობ ფრინველთა დაავადებების სახელმძღვანელოში მოცემული ინსტრუქციებით. ქათმებმა ყოველ ერთ კგ სხეულის მასაზე 5 მგ ასპირინი უნდა მიიღონ. ვეტერინართან მისვლამდე შეგიძლიათ ეს დოზა დღეში 3-4-ჯერ მისცეთ. აუცილებლად ჩააყენეთ საქმის კურსში თქვენი ვეტერინარი. წარმატებები!"
R548-ChickenForum,7,3,Georgian,geo-GEO,"ფორუმი ქათმებზე შეკითხვა 6 / 7
გამოიყენეთ მარჯვნივ მოცემული ფორუმი ქათმების ჯანმრთელობაზე. შეკითხვაზე პასუხის გასაცემად, დააწკაპუნეთ სასურველ ვარიანტზე და შემდეგ ჩაწერეთ თქვენი პასუხის დასაბუთება.
ნათელა_88-ის შეკითხვაზე ვისი პოსტი იყო ყველაზე სანდო?
ნელიB79
მანანა
ფრინველთა_პროდუქცია
ვაჟა
ახსენით თქვენი პასუხი."
R548-ChickenForum,8,1,Georgian,geo-GEO,PISA
R548-ChickenForum,8,2,Georgian,geo-GEO,"www.chickenhealth.com/forum/aspirin-chickens
ქათმების ჯანმრთელობა
თქვენი ონლაინრესურსი შინაური ფრინველის ჯანმრთელობისათვის
ჩვენ შესახებ
ფორუმი
სურათები
ქათმებისთვის ასპირინის მიცემა
ნათელა_88 დისკუსიის წამომწყები გამოქვეყნდა 28 ოქტომბერს 18:12
მოგესალმებით ყველას! შეიძლება ჩემს ქათამს ასპირინი მივცე? ის ორი წლისაა და ვფიქრობ, რომ ფეხი იტკინა.  ორშაბათამდე ვეტერინართან ვერ მივალ, თანაც, ტელეფონს არ პასუხობს. როგორც ჩანს, ჩემს ქათამს ძალიან სტკივა. მინდა, რომ რაღაც მივცე, რომ თავი უკეთ იგრძნოს, სანამ ვეტერინართან შევძლებ წასვლას. მადლობას გიხდით დახმარებისთვის.
ნელიB79 გამოქვეყნდა 28 ოქტომბერს 18:36
არ ვიცი ასპირინი უვნებელია თუ არა ქათმებისათვის. ჩემი ფრინველებისთვის რომელიმე წამლის მიცემამდე ყოველთვის ჩემს ვეტერინართან გავდივარ კონსულტაციას. ვიცი, რომ ზოგიერთი წამალი, რომელიც ადამიანისთვის უსაფრთხოა, ფრინველებისთვის შეიძლება ძალიან საშიში იყოს.
მანანა გამოქვეყნდა 28 ოქტომბერს 18:52
მე მივეცი ჩემს ერთ-ერთ ქათამს ასპირინი, როცა მან რაღაც იტკინა. არავითარი პრობლემა არ ყოფილა. მეორე დღეს ვეტერინართან წავედი, მაგრამ ის თავს უკვე კარგად გრძნობდა.   მე ვფიქრობ, საშიშია, თუ ზედმეტს მისცემ, ამიტომ დოზის ლიმიტს არ გადააჭარბო! იმედია უკეთ გახდება !
ფრინველთა_პროდუქცია გამოქვეყნდა 28 ოქტომბერს 19:07
გამარჯობა! არ დაგავიწყდეთ, რომ გადახედოთ ჩემს განსაკუთრებულ შემოთავაზებებს ფრინველებისათვის განკუთვნილ ყველანაირ პროდუქციაზე! ახლა შესანიშნავი ფასდაკლება მაქვს!
გოგი გამოქვეყნდა 28 ოქტომბერს 19:15
ხომ ვერ მეტყვით, როგორ მივხვდე, რომ ქათამი ავადაა? გმადლობთ.
ვაჟა გამოქვეყნდა 28 ოქტომბერს 19:21
გამარჯობა ნათელა, მე ვეტერინარი ვარ ფრინველების განხრით. თუ შეამჩნევთ, რომ ფრინველს ტკივილი აწუხებს, შეგიძლიათ ასპირინი მისცეთ. როდესაც ფრინველებს ასპირინს ვუწერ, ყოველთვის ვხელმძღვანელობ ფრინველთა დაავადებების სახელმძღვანელოში მოცემული ინსტრუქციებით. ქათმებმა ყოველ ერთ კგ სხეულის მასაზე 5 მგ ასპირინი უნდა მიიღონ. ვეტერინართან მისვლამდე შეგიძლიათ ეს დოზა დღეში 3-4-ჯერ მისცეთ. აუცილებლად ჩააყენეთ საქმის კურსში თქვენი ვეტერინარი. წარმატებები!"
R548-ChickenForum,8,3,Georgian,geo-GEO,"ფორუმი ქათმებზე შეკითხვა 7 / 7
გამოიყენეთ მარჯვნივ მოცემული ფორუმი ქათმების ჯანმრთელობაზე. ჩაწერეთ თქვენი პასუხი შეკითხვაზე.
რატომ ვერ ეუბნება ვაჟა ნათელა_88-ს, ზუსტად რა რაოდენობის ასპირინი უნდა მისცეს ქათამს?"
R548-ChickenForum,9,1,Georgian,geo-GEO,PISA
R548-ChickenForum,9,2,Georgian,geo-GEO,"www.chickenhealth.com/forum/aspirin-chickens
ქათმების ჯანმრთელობა
თქვენი ონლაინრესურსი შინაური ფრინველის ჯანმრთელობისათვის
ჩვენ შესახებ
ფორუმი
სურათები
ქათმებისთვის ასპირინის მიცემა
ნათელა_88 დისკუსიის წამომწყები გამოქვეყნდა 28 ოქტომბერს 18:12
მოგესალმებით ყველას! შეიძლება ჩემს ქათამს ასპირინი მივცე? ის ორი წლისაა და ვფიქრობ, რომ ფეხი იტკინა.  ორშაბათამდე ვეტერინართან ვერ მივალ, თანაც, ტელეფონს არ პასუხობს. როგორც ჩანს, ჩემს ქათამს ძალიან სტკივა. მინდა, რომ რაღაც მივცე, რომ თავი უკეთ იგრძნოს, სანამ ვეტერინართან შევძლებ წასვლას. მადლობას გიხდით დახმარებისთვის.
ნელიB79 გამოქვეყნდა 28 ოქტომბერს 18:36
არ ვიცი ასპირინი უვნებელია თუ არა ქათმებისათვის. ჩემი ფრინველებისთვის რომელიმე წამლის მიცემამდე ყოველთვის ჩემს ვეტერინართან გავდივარ კონსულტაციას. ვიცი, რომ ზოგიერთი წამალი, რომელიც ადამიანისთვის უსაფრთხოა, ფრინველებისთვის შეიძლება ძალიან საშიში იყოს.
მანანა გამოქვეყნდა 28 ოქტომბერს 18:52
მე მივეცი ჩემს ერთ-ერთ ქათამს ასპირინი, როცა მან რაღაც იტკინა. არავითარი პრობლემა არ ყოფილა. მეორე დღეს ვეტერინართან წავედი, მაგრამ ის თავს უკვე კარგად გრძნობდა.   მე ვფიქრობ, საშიშია, თუ ზედმეტს მისცემ, ამიტომ დოზის ლიმიტს არ გადააჭარბო! იმედია უკეთ გახდება !
ფრინველთა_პროდუქცია გამოქვეყნდა 28 ოქტომბერს 19:07
გამარჯობა! არ დაგავიწყდეთ, რომ გადახედოთ ჩემს განსაკუთრებულ შემოთავაზებებს ფრინველებისათვის განკუთვნილ ყველანაირ პროდუქციაზე! ახლა შესანიშნავი ფასდაკლება მაქვს!
გოგი გამოქვეყნდა 28 ოქტომბერს 19:15
ხომ ვერ მეტყვით, როგორ მივხვდე, რომ ქათამი ავადაა? გმადლობთ.
ვაჟა გამოქვეყნდა 28 ოქტომბერს 19:21
გამარჯობა ნათელა, მე ვეტერინარი ვარ ფრინველების განხრით. თუ შეამჩნევთ, რომ ფრინველს ტკივილი აწუხებს, შეგიძლიათ ასპირინი მისცეთ. როდესაც ფრინველებს ასპირინს ვუწერ, ყოველთვის ვხელმძღვანელობ ფრინველთა დაავადებების სახელმძღვანელოში მოცემული ინსტრუქციებით. ქათმებმა ყოველ ერთ კგ სხეულის მასაზე 5 მგ ასპირინი უნდა მიიღონ. ვეტერინართან მისვლამდე შეგიძლიათ ეს დოზა დღეში 3-4-ჯერ მისცეთ. აუცილებლად ჩააყენეთ საქმის კურსში თქვენი ვეტერინარი. წარმატებები!"
R548-ChickenForum,9,3,Georgian,geo-GEO,"ფორუმი ქათმებზე შეკითხვა 7 / 7
გამოიყენეთ მარჯვნივ მოცემული ფორუმი ქათმების ჯანმრთელობაზე. ჩაწერეთ თქვენი პასუხი შეკითხვაზე.
რატომ ვერ ეუბნება ვაჟა ნათელა_88-ს, ზუსტად რა რაოდენობის ასპირინი უნდა მისცეს ქათამს?"
R548-ChickenForum,10,1,Georgian,geo-GEO,PISA
R548-ChickenForum,10,2,Georgian,geo-GEO,"www.chickenhealth.com/forum/aspirin-chickens
ქათმების ჯანმრთელობა
თქვენი ონლაინრესურსი შინაური ფრინველის ჯანმრთელობისათვის
ჩვენ შესახებ
ფორუმი
სურათები
ქათმებისთვის ასპირინის მიცემა
ნათელა_88 დისკუსიის წამომწყები გამოქვეყნდა 28 ოქტომბერს 18:12
მოგესალმებით ყველას! შეიძლება ჩემს ქათამს ასპირინი მივცე? ის ორი წლისაა და ვფიქრობ, რომ ფეხი იტკინა.  ორშაბათამდე ვეტერინართან ვერ მივალ, თანაც, ტელეფონს არ პასუხობს. როგორც ჩანს, ჩემს ქათამს ძალიან სტკივა. მინდა, რომ რაღაც მივცე, რომ თავი უკეთ იგრძნოს, სანამ ვეტერინართან შევძლებ წასვლას. მადლობას გიხდით დახმარებისთვის.
ნელიB79 გამოქვეყნდა 28 ოქტომბერს 18:36
არ ვიცი ასპირინი უვნებელია თუ არა ქათმებისათვის. ჩემი ფრინველებისთვის რომელიმე წამლის მიცემამდე ყოველთვის ჩემს ვეტერინართან გავდივარ კონსულტაციას. ვიცი, რომ ზოგიერთი წამალი, რომელიც ადამიანისთვის უსაფრთხოა, ფრინველებისთვის შეიძლება ძალიან საშიში იყოს.
მანანა გამოქვეყნდა 28 ოქტომბერს 18:52
მე მივეცი ჩემს ერთ-ერთ ქათამს ასპირინი, როცა მან რაღაც იტკინა. არავითარი პრობლემა არ ყოფილა. მეორე დღეს ვეტერინართან წავედი, მაგრამ ის თავს უკვე კარგად გრძნობდა.   მე ვფიქრობ, საშიშია, თუ ზედმეტს მისცემ, ამიტომ დოზის ლიმიტს არ გადააჭარბო! იმედია უკეთ გახდება !
ფრინველთა_პროდუქცია გამოქვეყნდა 28 ოქტომბერს 19:07
გამარჯობა! არ დაგავიწყდეთ, რომ გადახედოთ ჩემს განსაკუთრებულ შემოთავაზებებს ფრინველებისათვის განკუთვნილ ყველანაირ პროდუქციაზე! ახლა შესანიშნავი ფასდაკლება მაქვს!
გოგი გამოქვეყნდა 28 ოქტომბერს 19:15
ხომ ვერ მეტყვით, როგორ მივხვდე, რომ ქათამი ავადაა? გმადლობთ.
ვაჟა გამოქვეყნდა 28 ოქტომბერს 19:21
გამარჯობა ნათელა, მე ვეტერინარი ვარ ფრინველების განხრით. თუ შეამჩნევთ, რომ ფრინველს ტკივილი აწუხებს, შეგიძლიათ ასპირინი მისცეთ. როდესაც ფრინველებს ასპირინს ვუწერ, ყოველთვის ვხელმძღვანელობ ფრინველთა დაავადებების სახელმძღვანელოში მოცემული ინსტრუქციებით. ქათმებმა ყოველ ერთ კგ სხეულის მასაზე 5 მგ ასპირინი უნდა მიიღონ. ვეტერინართან მისვლამდე შეგიძლიათ ეს დოზა დღეში 3-4-ჯერ მისცეთ. აუცილებლად ჩააყენეთ საქმის კურსში თქვენი ვეტერინარი. წარმატებები!"
R548-ChickenForum,10,3,Georgian,geo-GEO,"ფორუმი ქათმებზე შეკითხვა 7 / 7
გამოიყენეთ მარჯვნივ მოცემული ფორუმი ქათმების ჯანმრთელობაზე. ჩაწერეთ თქვენი პასუხი შეკითხვაზე.
რატომ ვერ ეუბნება ვაჟა ნათელა_88-ს, ზუსტად რა რაოდენობის ასპირინი უნდა მისცეს ქათამს?"
R548-ChickenForum,1,1,German,deu-DEU,PISA
R548-ChickenForum,1,2,German,deu-DEU,"Hühnerforum Einleitung
Lies die Einleitung.  Klicke dann auf den WEITER-Pfeil.
Du besuchst deine Verwandten, die vor Kurzem auf einen Bauernhof gezogen sind, um Hühner zu züchten. Du fragst deine Tante: „Wie hast du gelernt, Hühner zu züchten?”
Sie sagt: „Wir haben mit vielen Leuten gesprochen, die Hühner züchten. Außerdem gibt es viele Informationen dazu im Internet. Es gibt zum Beispiel ein Forum über Hühnergesundheit, das ich gerne besuche. Es war vor Kurzem sehr hilfreich für mich, als sich eine meiner Hennen am Bein verletzte. Ich zeige dir die Unterhaltung, die ich hatte.”
Klicke auf den WEITER-Pfeil, um im Forum zu lesen."
R548-ChickenForum,2,1,German,deu-DEU,PISA
R548-ChickenForum,2,2,German,deu-DEU,"www.huehnergesundheit.de/forum/aspirin-huehner
Hühnergesundheit
Ihre Online-Informationsquelle für gesunde Hühner
Über uns
Forum
Bilder
Hühnern Aspirin geben
Inge_88 Verfasserin des Beitrags gepostet am 28. Oktober, 18:12
Hallo zusammen!
Ist es in Ordnung, meiner Henne Aspirin zu geben?  Sie ist 2 Jahre alt und ich glaube, sie hat sich am Bein verletzt. Ich kann erst am Montag zum Tierarzt fahren und der Tierarzt geht nicht ans Telefon. Meine Henne scheint große Schmerzen zu haben.  Ich möchte ihr etwas geben, damit sie sich besser fühlt, bis ich zum Tierarzt fahren kann. Danke für eure Hilfe.
NellieB79 gepostet am 28. Oktober, 18:36
Ich weiß nicht, ob Aspirin für Hennen ungefährlich ist oder nicht. Ich frage immer meinen Tierarzt, bevor ich meinen Vögeln Medizin gebe. Ich weiß, dass manche Medikamente, die für Menschen ungefährlich sind, Vögeln schaden können.
Moni gepostet am 28. Oktober, 18:52
Ich habe einer meiner Hennen Aspirin gegeben, als sie verletzt war. Es war kein Problem. Am nächsten Tag fuhr ich zum Tierarzt, aber es ging ihr schon besser.  Ich denke, es kann gefährlich sein, wenn man zu viel verabreicht, also halte dich an die Dosierung! Ich hoffe, es geht ihr bald besser!
Der_Vogelhandel gepostet am 28. Oktober, 19:07
Hi! Verpasst nicht meine supergünstigen Angebote beim gesamten Vogelzubehör. Ich mache gerade einen großen Ausverkauf!
Bernd gepostet am 28. Oktober, 19:15
Kann mir bitte jemand sagen, woran ich erkenne, ob ein Huhn krank ist? Danke.
Frank gepostet am 28. Oktober, 19:21
Hallo Inge, Ich bin Tierarzt und auf Vögel spezialisiert. Es ist in Ordnung, verletzten Hühnern Aspirin zu geben, wenn sie Anzeichen dafür zeigen, dass sie Schmerzen haben. Wenn ich Vögeln Aspirin verschreibe, richte ich mich nach den Angaben in „Vogelmedizin und Chirurgie in der tierärztlichen Praxis”. Hühner sollten 5 mg Aspirin pro kg Körpergewicht bekommen. Sie können es 3- bis 4-mal pro Tag verabreichen, bis Sie zum Tierarzt gehen können.  Die Nachsorge durch Ihren Tierarzt ist sehr wichtig. Viel Glück!"
R548-ChickenForum,2,3,German,deu-DEU,"Hühnerforum Frage 1 / 7
Beziehe dich auf das Forum Hühnergesundheit auf der rechten Seite. Klicke eine Antwort an, um die Frage zu beantworten.
Was möchte Inge_88 wissen?
Ob sie einer verletzten Henne Aspirin geben kann.
Wie oft sie einer verletzten Henne Aspirin geben kann.
Wie sie wegen einer verletzten Henne einen Tierarzt kontaktieren kann.
Ob sie die Stärke der Schmerzen einer verletzten Henne bestimmen kann."
R548-ChickenForum,3,1,German,deu-DEU,PISA
R548-ChickenForum,3,2,German,deu-DEU,"www.huehnergesundheit.de/forum/aspirin-huehner
Hühnergesundheit
Ihre Online-Informationsquelle für gesunde Hühner
Über uns
Forum
Bilder
Hühnern Aspirin geben
Inge_88 Verfasserin des Beitrags gepostet am 28. Oktober, 18:12
Hallo zusammen!
Ist es in Ordnung, meiner Henne Aspirin zu geben?  Sie ist 2 Jahre alt und ich glaube, sie hat sich am Bein verletzt. Ich kann erst am Montag zum Tierarzt fahren und der Tierarzt geht nicht ans Telefon. Meine Henne scheint große Schmerzen zu haben.  Ich möchte ihr etwas geben, damit sie sich besser fühlt, bis ich zum Tierarzt fahren kann. Danke für eure Hilfe.
NellieB79 gepostet am 28. Oktober, 18:36
Ich weiß nicht, ob Aspirin für Hennen ungefährlich ist oder nicht. Ich frage immer meinen Tierarzt, bevor ich meinen Vögeln Medizin gebe. Ich weiß, dass manche Medikamente, die für Menschen ungefährlich sind, Vögeln schaden können.
Moni gepostet am 28. Oktober, 18:52
Ich habe einer meiner Hennen Aspirin gegeben, als sie verletzt war. Es war kein Problem. Am nächsten Tag fuhr ich zum Tierarzt, aber es ging ihr schon besser.  Ich denke, es kann gefährlich sein, wenn man zu viel verabreicht, also halte dich an die Dosierung! Ich hoffe, es geht ihr bald besser!
Der_Vogelhandel gepostet am 28. Oktober, 19:07
Hi! Verpasst nicht meine supergünstigen Angebote beim gesamten Vogelzubehör. Ich mache gerade einen großen Ausverkauf!
Bernd gepostet am 28. Oktober, 19:15
Kann mir bitte jemand sagen, woran ich erkenne, ob ein Huhn krank ist? Danke.
Frank gepostet am 28. Oktober, 19:21
Hallo Inge, Ich bin Tierarzt und auf Vögel spezialisiert. Es ist in Ordnung, verletzten Hühnern Aspirin zu geben, wenn sie Anzeichen dafür zeigen, dass sie Schmerzen haben. Wenn ich Vögeln Aspirin verschreibe, richte ich mich nach den Angaben in „Vogelmedizin und Chirurgie in der tierärztlichen Praxis”. Hühner sollten 5 mg Aspirin pro kg Körpergewicht bekommen. Sie können es 3- bis 4-mal pro Tag verabreichen, bis Sie zum Tierarzt gehen können.  Die Nachsorge durch Ihren Tierarzt ist sehr wichtig. Viel Glück!"
R548-ChickenForum,3,3,German,deu-DEU,"Hühnerforum Frage 2 / 7
Beziehe dich auf das Forum Hühnergesundheit auf der rechten Seite. Klicke eine Antwort an, um die Frage zu beantworten.
Warum beschließt Inge_88, ihre Frage in einem Internetforum zu posten?
Weil sie nicht weiß, wie man einen Tierarzt findet.
Weil sie denkt, dass das Problem der Henne nicht so ernst ist.
Weil sie ihrer Henne so schnell wie möglich helfen will.
Weil sie es sich nicht leisten kann, zum Tierarzt zu gehen."
R548-ChickenForum,4,1,German,deu-DEU,PISA
R548-ChickenForum,4,2,German,deu-DEU,"www.huehnergesundheit.de/forum/aspirin-huehner
Hühnergesundheit
Ihre Online-Informationsquelle für gesunde Hühner
Über uns
Forum
Bilder
Hühnern Aspirin geben
Inge_88 Verfasserin des Beitrags gepostet am 28. Oktober, 18:12
Hallo zusammen!
Ist es in Ordnung, meiner Henne Aspirin zu geben?  Sie ist 2 Jahre alt und ich glaube, sie hat sich am Bein verletzt. Ich kann erst am Montag zum Tierarzt fahren und der Tierarzt geht nicht ans Telefon. Meine Henne scheint große Schmerzen zu haben.  Ich möchte ihr etwas geben, damit sie sich besser fühlt, bis ich zum Tierarzt fahren kann. Danke für eure Hilfe.
NellieB79 gepostet am 28. Oktober, 18:36
Ich weiß nicht, ob Aspirin für Hennen ungefährlich ist oder nicht. Ich frage immer meinen Tierarzt, bevor ich meinen Vögeln Medizin gebe. Ich weiß, dass manche Medikamente, die für Menschen ungefährlich sind, Vögeln schaden können.
Moni gepostet am 28. Oktober, 18:52
Ich habe einer meiner Hennen Aspirin gegeben, als sie verletzt war. Es war kein Problem. Am nächsten Tag fuhr ich zum Tierarzt, aber es ging ihr schon besser.  Ich denke, es kann gefährlich sein, wenn man zu viel verabreicht, also halte dich an die Dosierung! Ich hoffe, es geht ihr bald besser!
Der_Vogelhandel gepostet am 28. Oktober, 19:07
Hi! Verpasst nicht meine supergünstigen Angebote beim gesamten Vogelzubehör. Ich mache gerade einen großen Ausverkauf!
Bernd gepostet am 28. Oktober, 19:15
Kann mir bitte jemand sagen, woran ich erkenne, ob ein Huhn krank ist? Danke.
Frank gepostet am 28. Oktober, 19:21
Hallo Inge, Ich bin Tierarzt und auf Vögel spezialisiert. Es ist in Ordnung, verletzten Hühnern Aspirin zu geben, wenn sie Anzeichen dafür zeigen, dass sie Schmerzen haben. Wenn ich Vögeln Aspirin verschreibe, richte ich mich nach den Angaben in „Vogelmedizin und Chirurgie in der tierärztlichen Praxis”. Hühner sollten 5 mg Aspirin pro kg Körpergewicht bekommen. Sie können es 3- bis 4-mal pro Tag verabreichen, bis Sie zum Tierarzt gehen können.  Die Nachsorge durch Ihren Tierarzt ist sehr wichtig. Viel Glück!"
R548-ChickenForum,4,3,German,deu-DEU,"Hühnerforum Frage 3 / 7
Beziehe dich auf das Forum Hühnergesundheit auf der rechten Seite. Klicke die Antworten in der Tabelle an, um die Frage zu beantworten.
Manche Posts in einem Forum können für das Thema relevant sein, während andere Posts es nicht sind. Klicke entweder Ja oder Nein an, um anzugeben, ob die Posts in der unten stehenden Tabelle für das Problem von Inge_88 relevant sind.
Ist der Post relevant für das Problem von Inge_88?
Ja
Nein
Post von NellieB79
Post von Moni
Post von Der_Vogelhandel
Post von Bernd
Post von Frank"
R548-ChickenForum,5,1,German,deu-DEU,PISA
R548-ChickenForum,5,2,German,deu-DEU,"www.huehnergesundheit.de/forum/aspirin-huehner
Hühnergesundheit
Ihre Online-Informationsquelle für gesunde Hühner
Über uns
Forum
Bilder
Hühnern Aspirin geben
Inge_88 Verfasserin des Beitrags gepostet am 28. Oktober, 18:12
Hallo zusammen!
Ist es in Ordnung, meiner Henne Aspirin zu geben?  Sie ist 2 Jahre alt und ich glaube, sie hat sich am Bein verletzt. Ich kann erst am Montag zum Tierarzt fahren und der Tierarzt geht nicht ans Telefon. Meine Henne scheint große Schmerzen zu haben.  Ich möchte ihr etwas geben, damit sie sich besser fühlt, bis ich zum Tierarzt fahren kann. Danke für eure Hilfe.
NellieB79 gepostet am 28. Oktober, 18:36
Ich weiß nicht, ob Aspirin für Hennen ungefährlich ist oder nicht. Ich frage immer meinen Tierarzt, bevor ich meinen Vögeln Medizin gebe. Ich weiß, dass manche Medikamente, die für Menschen ungefährlich sind, Vögeln schaden können.
Moni gepostet am 28. Oktober, 18:52
Ich habe einer meiner Hennen Aspirin gegeben, als sie verletzt war. Es war kein Problem. Am nächsten Tag fuhr ich zum Tierarzt, aber es ging ihr schon besser.  Ich denke, es kann gefährlich sein, wenn man zu viel verabreicht, also halte dich an die Dosierung! Ich hoffe, es geht ihr bald besser!
Der_Vogelhandel gepostet am 28. Oktober, 19:07
Hi! Verpasst nicht meine supergünstigen Angebote beim gesamten Vogelzubehör. Ich mache gerade einen großen Ausverkauf!
Bernd gepostet am 28. Oktober, 19:15
Kann mir bitte jemand sagen, woran ich erkenne, ob ein Huhn krank ist? Danke.
Frank gepostet am 28. Oktober, 19:21
Hallo Inge, Ich bin Tierarzt und auf Vögel spezialisiert. Es ist in Ordnung, verletzten Hühnern Aspirin zu geben, wenn sie Anzeichen dafür zeigen, dass sie Schmerzen haben. Wenn ich Vögeln Aspirin verschreibe, richte ich mich nach den Angaben in „Vogelmedizin und Chirurgie in der tierärztlichen Praxis”. Hühner sollten 5 mg Aspirin pro kg Körpergewicht bekommen. Sie können es 3- bis 4-mal pro Tag verabreichen, bis Sie zum Tierarzt gehen können.  Die Nachsorge durch Ihren Tierarzt ist sehr wichtig. Viel Glück!"
R548-ChickenForum,5,3,German,deu-DEU,"Hühnerforum Frage 4 / 7
Beziehe dich auf das Forum Hühnergesundheit auf der rechten Seite. Klicke eine Antwort an, um die Frage zu beantworten.
Wer hat bereits positive Erfahrungen gemacht, als er oder sie einer verletzten Henne Aspirin gegeben hat?
Inge_88
NellieB79
Moni
Bernd"
R548-ChickenForum,6,1,German,deu-DEU,PISA
R548-ChickenForum,6,2,German,deu-DEU,"www.huehnergesundheit.de/forum/aspirin-huehner
Hühnergesundheit
Ihre Online-Informationsquelle für gesunde Hühner
Über uns
Forum
Bilder
Hühnern Aspirin geben
Inge_88 Verfasserin des Beitrags gepostet am 28. Oktober, 18:12
Hallo zusammen!
Ist es in Ordnung, meiner Henne Aspirin zu geben?  Sie ist 2 Jahre alt und ich glaube, sie hat sich am Bein verletzt. Ich kann erst am Montag zum Tierarzt fahren und der Tierarzt geht nicht ans Telefon. Meine Henne scheint große Schmerzen zu haben.  Ich möchte ihr etwas geben, damit sie sich besser fühlt, bis ich zum Tierarzt fahren kann. Danke für eure Hilfe.
NellieB79 gepostet am 28. Oktober, 18:36
Ich weiß nicht, ob Aspirin für Hennen ungefährlich ist oder nicht. Ich frage immer meinen Tierarzt, bevor ich meinen Vögeln Medizin gebe. Ich weiß, dass manche Medikamente, die für Menschen ungefährlich sind, Vögeln schaden können.
Moni gepostet am 28. Oktober, 18:52
Ich habe einer meiner Hennen Aspirin gegeben, als sie verletzt war. Es war kein Problem. Am nächsten Tag fuhr ich zum Tierarzt, aber es ging ihr schon besser.  Ich denke, es kann gefährlich sein, wenn man zu viel verabreicht, also halte dich an die Dosierung! Ich hoffe, es geht ihr bald besser!
Der_Vogelhandel gepostet am 28. Oktober, 19:07
Hi! Verpasst nicht meine supergünstigen Angebote beim gesamten Vogelzubehör. Ich mache gerade einen großen Ausverkauf!
Bernd gepostet am 28. Oktober, 19:15
Kann mir bitte jemand sagen, woran ich erkenne, ob ein Huhn krank ist? Danke.
Frank gepostet am 28. Oktober, 19:21
Hallo Inge, Ich bin Tierarzt und auf Vögel spezialisiert. Es ist in Ordnung, verletzten Hühnern Aspirin zu geben, wenn sie Anzeichen dafür zeigen, dass sie Schmerzen haben. Wenn ich Vögeln Aspirin verschreibe, richte ich mich nach den Angaben in „Vogelmedizin und Chirurgie in der tierärztlichen Praxis”. Hühner sollten 5 mg Aspirin pro kg Körpergewicht bekommen. Sie können es 3- bis 4-mal pro Tag verabreichen, bis Sie zum Tierarzt gehen können.  Die Nachsorge durch Ihren Tierarzt ist sehr wichtig. Viel Glück!"
R548-ChickenForum,6,3,German,deu-DEU,"Hühnerforum Frage 5 / 7
Beziehe dich auf das Forum Hühnergesundheit auf der rechten Seite. Klicke eine Antwort an, um die Frage zu beantworten.
Warum antwortet Der_Vogelhandel auf den Post von Inge_88?
Um für ein Geschäft zu werben.
Um die Frage von Inge_88 zu beantworten.
Um dem Rat von Moni etwas hinzuzufügen.
Um Fachwissen über Vögel zu demonstrieren."
R548-ChickenForum,7,1,German,deu-DEU,PISA
R548-ChickenForum,7,2,German,deu-DEU,"www.huehnergesundheit.de/forum/aspirin-huehner
Hühnergesundheit
Ihre Online-Informationsquelle für gesunde Hühner
Über uns
Forum
Bilder
Hühnern Aspirin geben
Inge_88 Verfasserin des Beitrags gepostet am 28. Oktober, 18:12
Hallo zusammen!
Ist es in Ordnung, meiner Henne Aspirin zu geben?  Sie ist 2 Jahre alt und ich glaube, sie hat sich am Bein verletzt. Ich kann erst am Montag zum Tierarzt fahren und der Tierarzt geht nicht ans Telefon. Meine Henne scheint große Schmerzen zu haben.  Ich möchte ihr etwas geben, damit sie sich besser fühlt, bis ich zum Tierarzt fahren kann. Danke für eure Hilfe.
NellieB79 gepostet am 28. Oktober, 18:36
Ich weiß nicht, ob Aspirin für Hennen ungefährlich ist oder nicht. Ich frage immer meinen Tierarzt, bevor ich meinen Vögeln Medizin gebe. Ich weiß, dass manche Medikamente, die für Menschen ungefährlich sind, Vögeln schaden können.
Moni gepostet am 28. Oktober, 18:52
Ich habe einer meiner Hennen Aspirin gegeben, als sie verletzt war. Es war kein Problem. Am nächsten Tag fuhr ich zum Tierarzt, aber es ging ihr schon besser.  Ich denke, es kann gefährlich sein, wenn man zu viel verabreicht, also halte dich an die Dosierung! Ich hoffe, es geht ihr bald besser!
Der_Vogelhandel gepostet am 28. Oktober, 19:07
Hi! Verpasst nicht meine supergünstigen Angebote beim gesamten Vogelzubehör. Ich mache gerade einen großen Ausverkauf!
Bernd gepostet am 28. Oktober, 19:15
Kann mir bitte jemand sagen, woran ich erkenne, ob ein Huhn krank ist? Danke.
Frank gepostet am 28. Oktober, 19:21
Hallo Inge, Ich bin Tierarzt und auf Vögel spezialisiert. Es ist in Ordnung, verletzten Hühnern Aspirin zu geben, wenn sie Anzeichen dafür zeigen, dass sie Schmerzen haben. Wenn ich Vögeln Aspirin verschreibe, richte ich mich nach den Angaben in „Vogelmedizin und Chirurgie in der tierärztlichen Praxis”. Hühner sollten 5 mg Aspirin pro kg Körpergewicht bekommen. Sie können es 3- bis 4-mal pro Tag verabreichen, bis Sie zum Tierarzt gehen können.  Die Nachsorge durch Ihren Tierarzt ist sehr wichtig. Viel Glück!"
R548-ChickenForum,7,3,German,deu-DEU,"Hühnerforum Frage 6 / 7
Beziehe dich auf das Forum Hühnergesundheit auf der rechten Seite. Klicke eine Antwort an und gib dann eine Erklärung ein, um die Frage zu beantworten.
Wer postete die zuverlässigste Antwort auf die Frage von Inge_88?
NellieB79
Moni
Der_Vogelhandel
Frank
Begründe deine Antwort."
R548-ChickenForum,8,1,German,deu-DEU,PISA
R548-ChickenForum,8,2,German,deu-DEU,"www.huehnergesundheit.de/forum/aspirin-huehner
Hühnergesundheit
Ihre Online-Informationsquelle für gesunde Hühner
Über uns
Forum
Bilder
Hühnern Aspirin geben
Inge_88 Verfasserin des Beitrags gepostet am 28. Oktober, 18:12
Hallo zusammen!
Ist es in Ordnung, meiner Henne Aspirin zu geben?  Sie ist 2 Jahre alt und ich glaube, sie hat sich am Bein verletzt. Ich kann erst am Montag zum Tierarzt fahren und der Tierarzt geht nicht ans Telefon. Meine Henne scheint große Schmerzen zu haben.  Ich möchte ihr etwas geben, damit sie sich besser fühlt, bis ich zum Tierarzt fahren kann. Danke für eure Hilfe.
NellieB79 gepostet am 28. Oktober, 18:36
Ich weiß nicht, ob Aspirin für Hennen ungefährlich ist oder nicht. Ich frage immer meinen Tierarzt, bevor ich meinen Vögeln Medizin gebe. Ich weiß, dass manche Medikamente, die für Menschen ungefährlich sind, Vögeln schaden können.
Moni gepostet am 28. Oktober, 18:52
Ich habe einer meiner Hennen Aspirin gegeben, als sie verletzt war. Es war kein Problem. Am nächsten Tag fuhr ich zum Tierarzt, aber es ging ihr schon besser.  Ich denke, es kann gefährlich sein, wenn man zu viel verabreicht, also halte dich an die Dosierung! Ich hoffe, es geht ihr bald besser!
Der_Vogelhandel gepostet am 28. Oktober, 19:07
Hi! Verpasst nicht meine supergünstigen Angebote beim gesamten Vogelzubehör. Ich mache gerade einen großen Ausverkauf!
Bernd gepostet am 28. Oktober, 19:15
Kann mir bitte jemand sagen, woran ich erkenne, ob ein Huhn krank ist? Danke.
Frank gepostet am 28. Oktober, 19:21
Hallo Inge, Ich bin Tierarzt und auf Vögel spezialisiert. Es ist in Ordnung, verletzten Hühnern Aspirin zu geben, wenn sie Anzeichen dafür zeigen, dass sie Schmerzen haben. Wenn ich Vögeln Aspirin verschreibe, richte ich mich nach den Angaben in „Vogelmedizin und Chirurgie in der tierärztlichen Praxis”. Hühner sollten 5 mg Aspirin pro kg Körpergewicht bekommen. Sie können es 3- bis 4-mal pro Tag verabreichen, bis Sie zum Tierarzt gehen können.  Die Nachsorge durch Ihren Tierarzt ist sehr wichtig. Viel Glück!"
R548-ChickenForum,8,3,German,deu-DEU,"Hühnerforum Frage 7 / 7
Beziehe dich auf das Forum Hühnergesundheit auf der rechten Seite.  Gib deine Antwort auf die Frage ein.
Warum kann Frank Inge_88 nicht die genaue Menge an Aspirin nennen, die sie ihrer Henne geben soll?"
R548-ChickenForum,9,1,German,deu-DEU,PISA
R548-ChickenForum,9,2,German,deu-DEU,"www.huehnergesundheit.de/forum/aspirin-huehner
Hühnergesundheit
Ihre Online-Informationsquelle für gesunde Hühner
Über uns
Forum
Bilder
Hühnern Aspirin geben
Inge_88 Verfasserin des Beitrags gepostet am 28. Oktober, 18:12
Hallo zusammen!
Ist es in Ordnung, meiner Henne Aspirin zu geben?  Sie ist 2 Jahre alt und ich glaube, sie hat sich am Bein verletzt. Ich kann erst am Montag zum Tierarzt fahren und der Tierarzt geht nicht ans Telefon. Meine Henne scheint große Schmerzen zu haben.  Ich möchte ihr etwas geben, damit sie sich besser fühlt, bis ich zum Tierarzt fahren kann. Danke für eure Hilfe.
NellieB79 gepostet am 28. Oktober, 18:36
Ich weiß nicht, ob Aspirin für Hennen ungefährlich ist oder nicht. Ich frage immer meinen Tierarzt, bevor ich meinen Vögeln Medizin gebe. Ich weiß, dass manche Medikamente, die für Menschen ungefährlich sind, Vögeln schaden können.
Moni gepostet am 28. Oktober, 18:52
Ich habe einer meiner Hennen Aspirin gegeben, als sie verletzt war. Es war kein Problem. Am nächsten Tag fuhr ich zum Tierarzt, aber es ging ihr schon besser.  Ich denke, es kann gefährlich sein, wenn man zu viel verabreicht, also halte dich an die Dosierung! Ich hoffe, es geht ihr bald besser!
Der_Vogelhandel gepostet am 28. Oktober, 19:07
Hi! Verpasst nicht meine supergünstigen Angebote beim gesamten Vogelzubehör. Ich mache gerade einen großen Ausverkauf!
Bernd gepostet am 28. Oktober, 19:15
Kann mir bitte jemand sagen, woran ich erkenne, ob ein Huhn krank ist? Danke.
Frank gepostet am 28. Oktober, 19:21
Hallo Inge, Ich bin Tierarzt und auf Vögel spezialisiert. Es ist in Ordnung, verletzten Hühnern Aspirin zu geben, wenn sie Anzeichen dafür zeigen, dass sie Schmerzen haben. Wenn ich Vögeln Aspirin verschreibe, richte ich mich nach den Angaben in „Vogelmedizin und Chirurgie in der tierärztlichen Praxis”. Hühner sollten 5 mg Aspirin pro kg Körpergewicht bekommen. Sie können es 3- bis 4-mal pro Tag verabreichen, bis Sie zum Tierarzt gehen können.  Die Nachsorge durch Ihren Tierarzt ist sehr wichtig. Viel Glück!"
R548-ChickenForum,9,3,German,deu-DEU,"Hühnerforum Frage 7 / 7
Beziehe dich auf das Forum Hühnergesundheit auf der rechten Seite.  Gib deine Antwort auf die Frage ein.
Warum kann Frank Inge_88 nicht die genaue Menge an Aspirin nennen, die sie ihrer Henne geben soll?"
R548-ChickenForum,10,1,German,deu-DEU,PISA
R548-ChickenForum,10,2,German,deu-DEU,"www.huehnergesundheit.de/forum/aspirin-huehner
Hühnergesundheit
Ihre Online-Informationsquelle für gesunde Hühner
Über uns
Forum
Bilder
Hühnern Aspirin geben
Inge_88 Verfasserin des Beitrags gepostet am 28. Oktober, 18:12
Hallo zusammen!
Ist es in Ordnung, meiner Henne Aspirin zu geben?  Sie ist 2 Jahre alt und ich glaube, sie hat sich am Bein verletzt. Ich kann erst am Montag zum Tierarzt fahren und der Tierarzt geht nicht ans Telefon. Meine Henne scheint große Schmerzen zu haben.  Ich möchte ihr etwas geben, damit sie sich besser fühlt, bis ich zum Tierarzt fahren kann. Danke für eure Hilfe.
NellieB79 gepostet am 28. Oktober, 18:36
Ich weiß nicht, ob Aspirin für Hennen ungefährlich ist oder nicht. Ich frage immer meinen Tierarzt, bevor ich meinen Vögeln Medizin gebe. Ich weiß, dass manche Medikamente, die für Menschen ungefährlich sind, Vögeln schaden können.
Moni gepostet am 28. Oktober, 18:52
Ich habe einer meiner Hennen Aspirin gegeben, als sie verletzt war. Es war kein Problem. Am nächsten Tag fuhr ich zum Tierarzt, aber es ging ihr schon besser.  Ich denke, es kann gefährlich sein, wenn man zu viel verabreicht, also halte dich an die Dosierung! Ich hoffe, es geht ihr bald besser!
Der_Vogelhandel gepostet am 28. Oktober, 19:07
Hi! Verpasst nicht meine supergünstigen Angebote beim gesamten Vogelzubehör. Ich mache gerade einen großen Ausverkauf!
Bernd gepostet am 28. Oktober, 19:15
Kann mir bitte jemand sagen, woran ich erkenne, ob ein Huhn krank ist? Danke.
Frank gepostet am 28. Oktober, 19:21
Hallo Inge, Ich bin Tierarzt und auf Vögel spezialisiert. Es ist in Ordnung, verletzten Hühnern Aspirin zu geben, wenn sie Anzeichen dafür zeigen, dass sie Schmerzen haben. Wenn ich Vögeln Aspirin verschreibe, richte ich mich nach den Angaben in „Vogelmedizin und Chirurgie in der tierärztlichen Praxis”. Hühner sollten 5 mg Aspirin pro kg Körpergewicht bekommen. Sie können es 3- bis 4-mal pro Tag verabreichen, bis Sie zum Tierarzt gehen können.  Die Nachsorge durch Ihren Tierarzt ist sehr wichtig. Viel Glück!"
R548-ChickenForum,10,3,German,deu-DEU,"Hühnerforum Frage 7 / 7
Beziehe dich auf das Forum Hühnergesundheit auf der rechten Seite.  Gib deine Antwort auf die Frage ein.
Warum kann Frank Inge_88 nicht die genaue Menge an Aspirin nennen, die sie ihrer Henne geben soll?"
R548-ChickenForum,1,1,Greek,ell-GRC,PISA
R548-ChickenForum,1,2,Greek,ell-GRC,"Φόρουμ για πουλερικά Εισαγωγή
Να διαβάσεις την εισαγωγή. Μετά κάνε κλικ στο βελάκι ΕΠΟΜΕΝΟ.
Επισκέπτεσαι κάποιους συγγενείς, οι οποίοι πρόσφατα μετακόμισαν σε ένα αγρόκτημα για να ασχοληθούν με την εκτροφή πουλερικών. Ρωτάς τη θεία σου: ""Πώς έμαθες να εκτρέφεις πουλερικά;""
Εκείνη λέει: ""Μιλήσαμε με πολύ κόσμο που εκτρέφει πουλερικά.  Κι έπειτα, υπάρχουν πολλές πηγές στο διαδίκτυο.  Για παράδειγμα, υπάρχει ένα φόρουμ για την υγεία των πουλερικών που μου αρέσει να συμβουλεύομαι. Με βοήθησε πολύ τελευταία, όταν μία από τις κότες μου χτύπησε το πόδι της. Θα σου δείξω τη συζήτηση που είχαμε.""
Κάνε κλικ στο βελάκι ΕΠΟΜΕΝΟ για να διαβάσεις το φόρουμ."
R548-ChickenForum,2,1,Greek,ell-GRC,PISA
R548-ChickenForum,2,2,Greek,ell-GRC,"www.ygeia-poulerika.com/forum/aspirini-kotes
Η υγεία των πουλερικών
Η διαδικτυακή πηγή για υγιή κοτόπουλα
Σχετικά
Φόρουμ
Εικόνες
Χορήγηση ασπιρίνης στις κότες
Ιβάνα_88 Δημιουργος νηματος Δημοσιεύτηκε στις 28 Οκτωβρίου, 18:12
Γεια σε όλους! Μπορώ να δώσω ασπιρίνη στην κότα μου; Είναι δύο ετών και νομίζω ότι έχει χτυπήσει το πόδι της. Δεν μπορώ να πάω στον κτηνίατρο πριν τη Δευτέρα, και ούτε μπορώ να τον βρω στο τηλέφωνο. Η κότα μου φαίνεται να πονάει πολύ. Θα ήθελα να της δώσω κάτι για να την ανακουφίσω μέχρι να την πάω στον κτηνίατρο. Ευχαριστώ για τη βοήθεια.
ΝέλλυΒ79 Δημοσιεύτηκε στις 28 Οκτωβρίου, 18:36
Δεν ξέρω αν η ασπιρίνη είναι ασφαλής για τις κότες. Ζητάω πάντα τη γνώμη του κτηνίατρου πριν δώσω φάρμακο στα πουλερικά μου.  Ξέρω ότι κάποια φάρμακα που είναι ασφαλή για τους ανθρώπους μπορεί να είναι πολύ επικίνδυνα για τα πουλερικά.
Μάρθα Δημοσιεύτηκε στις 28 Οκτωβρίου, 18:52
Έδωσα μία ασπιρίνη σε μια κότα μου που είχε χτυπήσει. Δεν υπήρχε πρόβλημα. Την επόμενη μέρα, την πήγα στον κτηνίατρο αλλά ήταν ήδη καλύτερα.  Νομίζω ότι μπορεί να είναι επικίνδυνο αν της δώσεις υπερβολική ποσότητα: μην υπερβείς τη δόση! Εύχομαι να γίνει καλά!
Ανδρέας_Προσφορές  Δημοσιεύτηκε στις 28 Οκτωβρίου, 19:07
Γεια! Ρίξτε μια ματιά στις καταπληκτικές προσφορές σε όλα τα προϊόντα για πουλερικά.  Κάνω μεγάλες εκπτώσεις!
Βασίλης Δημοσιεύτηκε στις 28 Οκτωβρίου, 19:15
Μπορεί να μου πει κάποιος πώς καταλαβαίνουμε ότι μια κότα είναι άρρωστη;  Ευχαριστώ.
Φάνης Δημοσιεύτηκε στις 28 Οκτωβρίου, 19:21
Γειά σου Ιβάνα, Είμαι κτηνίατρος με ειδίκευση στα πουλερικά. Μπορούμε να δώσουμε ασπιρίνη σε τραυματισμένες κότες, αν δείχνουν ότι πονάνε. Όταν συνταγογραφώ ασπιρίνη σε πουλερικά, ακολουθώ τις οδηγίες του Εγχειριδίου για την παθολογία των πουλερικών. Οι κότες πρέπει να παίρνουν 5 mg ασπιρίνης ανά κιλό σωματικού βάρους.  Μπορείς να χορηγήσεις αυτή τη δόση 3-4 φορές την ημέρα, μέχρι να δεις τον κτηνίατρο.  Είναι πολύ σημαντικό να υπάρχει παρακολούθηση από τον κτηνίατρο. Καλή επιτυχία!"
R548-ChickenForum,2,3,Greek,ell-GRC,"Φόρουμ για πουλερικά Ερώτηση 1 / 7
Να λάβεις υπόψη το φόρουμ για την υγεία των πουλερικών στα δεξιά.  Κάνε κλικ σε μια επιλογή, για να απαντήσεις στην ερώτηση.
Τι θέλει να μάθει η Ιβάνα_88;
Εάν μπορεί να δώσει ασπιρίνη σε μια τραυματισμένη κότα.
Πόσο συχνά μπορεί να δίνει ασπιρίνη σε μια τραυματισμένη κότα.
Πώς να επικοινωνήσει με έναν κτηνίατρο για μια τραυματισμένη κότα.
Εάν μπορεί να καταλάβει πόσο πονάει μια τραυματισμένη κότα."
R548-ChickenForum,3,1,Greek,ell-GRC,PISA
R548-ChickenForum,3,2,Greek,ell-GRC,"www.ygeia-poulerika.com/forum/aspirini-kotes
Η υγεία των πουλερικών
Η διαδικτυακή πηγή για υγιή κοτόπουλα
Σχετικά
Φόρουμ
Εικόνες
Χορήγηση ασπιρίνης στις κότες
Ιβάνα_88 Δημιουργος νηματος Δημοσιεύτηκε στις 28 Οκτωβρίου, 18:12
Γεια σε όλους! Μπορώ να δώσω ασπιρίνη στην κότα μου; Είναι δύο ετών και νομίζω ότι έχει χτυπήσει το πόδι της. Δεν μπορώ να πάω στον κτηνίατρο πριν τη Δευτέρα, και ούτε μπορώ να τον βρω στο τηλέφωνο. Η κότα μου φαίνεται να πονάει πολύ. Θα ήθελα να της δώσω κάτι για να την ανακουφίσω μέχρι να την πάω στον κτηνίατρο. Ευχαριστώ για τη βοήθεια.
ΝέλλυΒ79 Δημοσιεύτηκε στις 28 Οκτωβρίου, 18:36
Δεν ξέρω αν η ασπιρίνη είναι ασφαλής για τις κότες. Ζητάω πάντα τη γνώμη του κτηνίατρου πριν δώσω φάρμακο στα πουλερικά μου.  Ξέρω ότι κάποια φάρμακα που είναι ασφαλή για τους ανθρώπους μπορεί να είναι πολύ επικίνδυνα για τα πουλερικά.
Μάρθα Δημοσιεύτηκε στις 28 Οκτωβρίου, 18:52
Έδωσα μία ασπιρίνη σε μια κότα μου που είχε χτυπήσει. Δεν υπήρχε πρόβλημα. Την επόμενη μέρα, την πήγα στον κτηνίατρο αλλά ήταν ήδη καλύτερα.  Νομίζω ότι μπορεί να είναι επικίνδυνο αν της δώσεις υπερβολική ποσότητα: μην υπερβείς τη δόση! Εύχομαι να γίνει καλά!
Ανδρέας_Προσφορές  Δημοσιεύτηκε στις 28 Οκτωβρίου, 19:07
Γεια! Ρίξτε μια ματιά στις καταπληκτικές προσφορές σε όλα τα προϊόντα για πουλερικά.  Κάνω μεγάλες εκπτώσεις!
Βασίλης Δημοσιεύτηκε στις 28 Οκτωβρίου, 19:15
Μπορεί να μου πει κάποιος πώς καταλαβαίνουμε ότι μια κότα είναι άρρωστη;  Ευχαριστώ.
Φάνης Δημοσιεύτηκε στις 28 Οκτωβρίου, 19:21
Γειά σου Ιβάνα, Είμαι κτηνίατρος με ειδίκευση στα πουλερικά. Μπορούμε να δώσουμε ασπιρίνη σε τραυματισμένες κότες, αν δείχνουν ότι πονάνε. Όταν συνταγογραφώ ασπιρίνη σε πουλερικά, ακολουθώ τις οδηγίες του Εγχειριδίου για την παθολογία των πουλερικών. Οι κότες πρέπει να παίρνουν 5 mg ασπιρίνης ανά κιλό σωματικού βάρους.  Μπορείς να χορηγήσεις αυτή τη δόση 3-4 φορές την ημέρα, μέχρι να δεις τον κτηνίατρο.  Είναι πολύ σημαντικό να υπάρχει παρακολούθηση από τον κτηνίατρο. Καλή επιτυχία!"
R548-ChickenForum,3,3,Greek,ell-GRC,"Φόρουμ για πουλερικά Ερώτηση 2 / 7
Να λάβεις υπόψη το φόρουμ για την υγεία των πουλερικών στα δεξιά.  Κάνε κλικ σε μια επιλογή, για να απαντήσεις στην ερώτηση.
Γιατί η Ιβάνα_88 αποφασίζει να δημοσιεύσει την ερώτησή της σε ένα  φόρουμ στο διαδίκτυο;
Διότι δεν ξέρει πώς να βρει κτηνίατρο.
Διότι θεωρεί ότι το πρόβλημα της κότας δεν είναι σοβαρό.
Διότι θέλει να βοηθήσει την κότα της το συντομότερο δυνατό.
Διότι δεν έχει χρήματα για να πάει στον κτηνίατρο."
R548-ChickenForum,4,1,Greek,ell-GRC,PISA
R548-ChickenForum,4,2,Greek,ell-GRC,"www.ygeia-poulerika.com/forum/aspirini-kotes
Η υγεία των πουλερικών
Η διαδικτυακή πηγή για υγιή κοτόπουλα
Σχετικά
Φόρουμ
Εικόνες
Χορήγηση ασπιρίνης στις κότες
Ιβάνα_88 Δημιουργος νηματος Δημοσιεύτηκε στις 28 Οκτωβρίου, 18:12
Γεια σε όλους! Μπορώ να δώσω ασπιρίνη στην κότα μου; Είναι δύο ετών και νομίζω ότι έχει χτυπήσει το πόδι της. Δεν μπορώ να πάω στον κτηνίατρο πριν τη Δευτέρα, και ούτε μπορώ να τον βρω στο τηλέφωνο. Η κότα μου φαίνεται να πονάει πολύ. Θα ήθελα να της δώσω κάτι για να την ανακουφίσω μέχρι να την πάω στον κτηνίατρο. Ευχαριστώ για τη βοήθεια.
ΝέλλυΒ79 Δημοσιεύτηκε στις 28 Οκτωβρίου, 18:36
Δεν ξέρω αν η ασπιρίνη είναι ασφαλής για τις κότες. Ζητάω πάντα τη γνώμη του κτηνίατρου πριν δώσω φάρμακο στα πουλερικά μου.  Ξέρω ότι κάποια φάρμακα που είναι ασφαλή για τους ανθρώπους μπορεί να είναι πολύ επικίνδυνα για τα πουλερικά.
Μάρθα Δημοσιεύτηκε στις 28 Οκτωβρίου, 18:52
Έδωσα μία ασπιρίνη σε μια κότα μου που είχε χτυπήσει. Δεν υπήρχε πρόβλημα. Την επόμενη μέρα, την πήγα στον κτηνίατρο αλλά ήταν ήδη καλύτερα.  Νομίζω ότι μπορεί να είναι επικίνδυνο αν της δώσεις υπερβολική ποσότητα: μην υπερβείς τη δόση! Εύχομαι να γίνει καλά!
Ανδρέας_Προσφορές  Δημοσιεύτηκε στις 28 Οκτωβρίου, 19:07
Γεια! Ρίξτε μια ματιά στις καταπληκτικές προσφορές σε όλα τα προϊόντα για πουλερικά.  Κάνω μεγάλες εκπτώσεις!
Βασίλης Δημοσιεύτηκε στις 28 Οκτωβρίου, 19:15
Μπορεί να μου πει κάποιος πώς καταλαβαίνουμε ότι μια κότα είναι άρρωστη;  Ευχαριστώ.
Φάνης Δημοσιεύτηκε στις 28 Οκτωβρίου, 19:21
Γειά σου Ιβάνα, Είμαι κτηνίατρος με ειδίκευση στα πουλερικά. Μπορούμε να δώσουμε ασπιρίνη σε τραυματισμένες κότες, αν δείχνουν ότι πονάνε. Όταν συνταγογραφώ ασπιρίνη σε πουλερικά, ακολουθώ τις οδηγίες του Εγχειριδίου για την παθολογία των πουλερικών. Οι κότες πρέπει να παίρνουν 5 mg ασπιρίνης ανά κιλό σωματικού βάρους.  Μπορείς να χορηγήσεις αυτή τη δόση 3-4 φορές την ημέρα, μέχρι να δεις τον κτηνίατρο.  Είναι πολύ σημαντικό να υπάρχει παρακολούθηση από τον κτηνίατρο. Καλή επιτυχία!"
R548-ChickenForum,4,3,Greek,ell-GRC,"Φόρουμ για πουλερικά Ερώτηση 3 / 7
Να λάβεις υπόψη το φόρουμ για την υγεία των πουλερικών στα δεξιά.  Κάνε κλικ στις επιλογές του πίνακα, για να απαντήσεις στην ερώτηση.
Κάποιες δημοσιεύσεις σε ένα φόρουμ μπορεί να είναι σχετικές με το θέμα, ενώ άλλες όχι.  Κάνε κλικ στο  Ναι ή στο Όχι για να δείξεις εάν οι δημοσιεύσεις στον παρακάτω πίνακα είναι σχετικές με το πρόβλημα της Ιβάνας_88.
Αυτή η δημοσίευση είναι σχετική με το πρόβλημα της Ιβάνας_88;
Ναι
Όχι
Η δημοσίευση της ΝέλλυΒ79
Η δημοσίευσηα της Μάρθας
Η δημοσίευση του Ανδρέα_Προσφορές
Η δημοσίευση του Βασίλη
Η δημοσίευση του Φάνη"
R548-ChickenForum,5,1,Greek,ell-GRC,PISA
R548-ChickenForum,5,2,Greek,ell-GRC,"www.ygeia-poulerika.com/forum/aspirini-kotes
Η υγεία των πουλερικών
Η διαδικτυακή πηγή για υγιή κοτόπουλα
Σχετικά
Φόρουμ
Εικόνες
Χορήγηση ασπιρίνης στις κότες
Ιβάνα_88 Δημιουργος νηματος Δημοσιεύτηκε στις 28 Οκτωβρίου, 18:12
Γεια σε όλους! Μπορώ να δώσω ασπιρίνη στην κότα μου; Είναι δύο ετών και νομίζω ότι έχει χτυπήσει το πόδι της. Δεν μπορώ να πάω στον κτηνίατρο πριν τη Δευτέρα, και ούτε μπορώ να τον βρω στο τηλέφωνο. Η κότα μου φαίνεται να πονάει πολύ. Θα ήθελα να της δώσω κάτι για να την ανακουφίσω μέχρι να την πάω στον κτηνίατρο. Ευχαριστώ για τη βοήθεια.
ΝέλλυΒ79 Δημοσιεύτηκε στις 28 Οκτωβρίου, 18:36
Δεν ξέρω αν η ασπιρίνη είναι ασφαλής για τις κότες. Ζητάω πάντα τη γνώμη του κτηνίατρου πριν δώσω φάρμακο στα πουλερικά μου.  Ξέρω ότι κάποια φάρμακα που είναι ασφαλή για τους ανθρώπους μπορεί να είναι πολύ επικίνδυνα για τα πουλερικά.
Μάρθα Δημοσιεύτηκε στις 28 Οκτωβρίου, 18:52
Έδωσα μία ασπιρίνη σε μια κότα μου που είχε χτυπήσει. Δεν υπήρχε πρόβλημα. Την επόμενη μέρα, την πήγα στον κτηνίατρο αλλά ήταν ήδη καλύτερα.  Νομίζω ότι μπορεί να είναι επικίνδυνο αν της δώσεις υπερβολική ποσότητα: μην υπερβείς τη δόση! Εύχομαι να γίνει καλά!
Ανδρέας_Προσφορές  Δημοσιεύτηκε στις 28 Οκτωβρίου, 19:07
Γεια! Ρίξτε μια ματιά στις καταπληκτικές προσφορές σε όλα τα προϊόντα για πουλερικά.  Κάνω μεγάλες εκπτώσεις!
Βασίλης Δημοσιεύτηκε στις 28 Οκτωβρίου, 19:15
Μπορεί να μου πει κάποιος πώς καταλαβαίνουμε ότι μια κότα είναι άρρωστη;  Ευχαριστώ.
Φάνης Δημοσιεύτηκε στις 28 Οκτωβρίου, 19:21
Γειά σου Ιβάνα, Είμαι κτηνίατρος με ειδίκευση στα πουλερικά. Μπορούμε να δώσουμε ασπιρίνη σε τραυματισμένες κότες, αν δείχνουν ότι πονάνε. Όταν συνταγογραφώ ασπιρίνη σε πουλερικά, ακολουθώ τις οδηγίες του Εγχειριδίου για την παθολογία των πουλερικών. Οι κότες πρέπει να παίρνουν 5 mg ασπιρίνης ανά κιλό σωματικού βάρους.  Μπορείς να χορηγήσεις αυτή τη δόση 3-4 φορές την ημέρα, μέχρι να δεις τον κτηνίατρο.  Είναι πολύ σημαντικό να υπάρχει παρακολούθηση από τον κτηνίατρο. Καλή επιτυχία!"
R548-ChickenForum,5,3,Greek,ell-GRC,"Φόρουμ για πουλερικά Ερώτηση 4 / 7
Να λάβεις υπόψη το φόρουμ για την υγεία των πουλερικών στα δεξιά.  Κάνε κλικ σε μια επιλογή, για να απαντήσεις στην ερώτηση.
Ποιος είδε βελτίωση αφού έδωσε ασπιρίνη σε μια τραυματισμένη κότα;
Η Ιβάνα_88
Η ΝέλλυΒ79
Η Μάρθα
O Βασίλης"
R548-ChickenForum,6,1,Greek,ell-GRC,PISA
R548-ChickenForum,6,2,Greek,ell-GRC,"www.ygeia-poulerika.com/forum/aspirini-kotes
Η υγεία των πουλερικών
Η διαδικτυακή πηγή για υγιή κοτόπουλα
Σχετικά
Φόρουμ
Εικόνες
Χορήγηση ασπιρίνης στις κότες
Ιβάνα_88 Δημιουργος νηματος Δημοσιεύτηκε στις 28 Οκτωβρίου, 18:12
Γεια σε όλους! Μπορώ να δώσω ασπιρίνη στην κότα μου; Είναι δύο ετών και νομίζω ότι έχει χτυπήσει το πόδι της. Δεν μπορώ να πάω στον κτηνίατρο πριν τη Δευτέρα, και ούτε μπορώ να τον βρω στο τηλέφωνο. Η κότα μου φαίνεται να πονάει πολύ. Θα ήθελα να της δώσω κάτι για να την ανακουφίσω μέχρι να την πάω στον κτηνίατρο. Ευχαριστώ για τη βοήθεια.
ΝέλλυΒ79 Δημοσιεύτηκε στις 28 Οκτωβρίου, 18:36
Δεν ξέρω αν η ασπιρίνη είναι ασφαλής για τις κότες. Ζητάω πάντα τη γνώμη του κτηνίατρου πριν δώσω φάρμακο στα πουλερικά μου.  Ξέρω ότι κάποια φάρμακα που είναι ασφαλή για τους ανθρώπους μπορεί να είναι πολύ επικίνδυνα για τα πουλερικά.
Μάρθα Δημοσιεύτηκε στις 28 Οκτωβρίου, 18:52
Έδωσα μία ασπιρίνη σε μια κότα μου που είχε χτυπήσει. Δεν υπήρχε πρόβλημα. Την επόμενη μέρα, την πήγα στον κτηνίατρο αλλά ήταν ήδη καλύτερα.  Νομίζω ότι μπορεί να είναι επικίνδυνο αν της δώσεις υπερβολική ποσότητα: μην υπερβείς τη δόση! Εύχομαι να γίνει καλά!
Ανδρέας_Προσφορές  Δημοσιεύτηκε στις 28 Οκτωβρίου, 19:07
Γεια! Ρίξτε μια ματιά στις καταπληκτικές προσφορές σε όλα τα προϊόντα για πουλερικά.  Κάνω μεγάλες εκπτώσεις!
Βασίλης Δημοσιεύτηκε στις 28 Οκτωβρίου, 19:15
Μπορεί να μου πει κάποιος πώς καταλαβαίνουμε ότι μια κότα είναι άρρωστη;  Ευχαριστώ.
Φάνης Δημοσιεύτηκε στις 28 Οκτωβρίου, 19:21
Γειά σου Ιβάνα, Είμαι κτηνίατρος με ειδίκευση στα πουλερικά. Μπορούμε να δώσουμε ασπιρίνη σε τραυματισμένες κότες, αν δείχνουν ότι πονάνε. Όταν συνταγογραφώ ασπιρίνη σε πουλερικά, ακολουθώ τις οδηγίες του Εγχειριδίου για την παθολογία των πουλερικών. Οι κότες πρέπει να παίρνουν 5 mg ασπιρίνης ανά κιλό σωματικού βάρους.  Μπορείς να χορηγήσεις αυτή τη δόση 3-4 φορές την ημέρα, μέχρι να δεις τον κτηνίατρο.  Είναι πολύ σημαντικό να υπάρχει παρακολούθηση από τον κτηνίατρο. Καλή επιτυχία!"
R548-ChickenForum,6,3,Greek,ell-GRC,"Φόρουμ για πουλερικά Ερώτηση 5 / 7
Να λάβεις υπόψη το φόρουμ για την υγεία των πουλερικών στα δεξιά.  Κάνε κλικ σε μια επιλογή, για να απαντήσεις στην ερώτηση.
Γιατί ο Ανδρέας_Προσφορές απαντά στη δημοσίευση της Ιβάνας_88;
Για να προωθήσει την επιχείρησή του.
Για να απαντήσει στην ερώτηση της Ιβάνας_88.
Για να συμπληρώσει τη συμβουλή της Μάρθας.
Για να δείξει τις γνώσεις του για τα πουλερικά."
R548-ChickenForum,7,1,Greek,ell-GRC,PISA
R548-ChickenForum,7,2,Greek,ell-GRC,"www.ygeia-poulerika.com/forum/aspirini-kotes
Η υγεία των πουλερικών
Η διαδικτυακή πηγή για υγιή κοτόπουλα
Σχετικά
Φόρουμ
Εικόνες
Χορήγηση ασπιρίνης στις κότες
Ιβάνα_88 Δημιουργος νηματος Δημοσιεύτηκε στις 28 Οκτωβρίου, 18:12
Γεια σε όλους! Μπορώ να δώσω ασπιρίνη στην κότα μου; Είναι δύο ετών και νομίζω ότι έχει χτυπήσει το πόδι της. Δεν μπορώ να πάω στον κτηνίατρο πριν τη Δευτέρα, και ούτε μπορώ να τον βρω στο τηλέφωνο. Η κότα μου φαίνεται να πονάει πολύ. Θα ήθελα να της δώσω κάτι για να την ανακουφίσω μέχρι να την πάω στον κτηνίατρο. Ευχαριστώ για τη βοήθεια.
ΝέλλυΒ79 Δημοσιεύτηκε στις 28 Οκτωβρίου, 18:36
Δεν ξέρω αν η ασπιρίνη είναι ασφαλής για τις κότες. Ζητάω πάντα τη γνώμη του κτηνίατρου πριν δώσω φάρμακο στα πουλερικά μου.  Ξέρω ότι κάποια φάρμακα που είναι ασφαλή για τους ανθρώπους μπορεί να είναι πολύ επικίνδυνα για τα πουλερικά.
Μάρθα Δημοσιεύτηκε στις 28 Οκτωβρίου, 18:52
Έδωσα μία ασπιρίνη σε μια κότα μου που είχε χτυπήσει. Δεν υπήρχε πρόβλημα. Την επόμενη μέρα, την πήγα στον κτηνίατρο αλλά ήταν ήδη καλύτερα.  Νομίζω ότι μπορεί να είναι επικίνδυνο αν της δώσεις υπερβολική ποσότητα: μην υπερβείς τη δόση! Εύχομαι να γίνει καλά!
Ανδρέας_Προσφορές  Δημοσιεύτηκε στις 28 Οκτωβρίου, 19:07
Γεια! Ρίξτε μια ματιά στις καταπληκτικές προσφορές σε όλα τα προϊόντα για πουλερικά.  Κάνω μεγάλες εκπτώσεις!
Βασίλης Δημοσιεύτηκε στις 28 Οκτωβρίου, 19:15
Μπορεί να μου πει κάποιος πώς καταλαβαίνουμε ότι μια κότα είναι άρρωστη;  Ευχαριστώ.
Φάνης Δημοσιεύτηκε στις 28 Οκτωβρίου, 19:21
Γειά σου Ιβάνα, Είμαι κτηνίατρος με ειδίκευση στα πουλερικά. Μπορούμε να δώσουμε ασπιρίνη σε τραυματισμένες κότες, αν δείχνουν ότι πονάνε. Όταν συνταγογραφώ ασπιρίνη σε πουλερικά, ακολουθώ τις οδηγίες του Εγχειριδίου για την παθολογία των πουλερικών. Οι κότες πρέπει να παίρνουν 5 mg ασπιρίνης ανά κιλό σωματικού βάρους.  Μπορείς να χορηγήσεις αυτή τη δόση 3-4 φορές την ημέρα, μέχρι να δεις τον κτηνίατρο.  Είναι πολύ σημαντικό να υπάρχει παρακολούθηση από τον κτηνίατρο. Καλή επιτυχία!"
R548-ChickenForum,7,3,Greek,ell-GRC,"Φόρουμ για πουλερικά Ερώτηση 6 / 7
Να λάβεις υπόψη το φόρουμ για την υγεία των πουλερικών στα δεξιά.  Κάνε κλικ σε μια επιλογή και μετά πληκτρολόγησε μια εξήγηση, για να απαντήσεις στην ερώτηση.
Ποιος δημοσίευσε την πιο αξιόπιστη απάντηση στην ερώτηση της Ιβάνας_88;
Η ΝέλλυΒ79
Η Μάρθα
Ο Ανδρέας_Προσφορές
Ο Φάνης
Να αιτιολογήσεις την απάντησή σου."
R548-ChickenForum,8,1,Greek,ell-GRC,PISA
R548-ChickenForum,8,2,Greek,ell-GRC,"www.ygeia-poulerika.com/forum/aspirini-kotes
Η υγεία των πουλερικών
Η διαδικτυακή πηγή για υγιή κοτόπουλα
Σχετικά
Φόρουμ
Εικόνες
Χορήγηση ασπιρίνης στις κότες
Ιβάνα_88 Δημιουργος νηματος Δημοσιεύτηκε στις 28 Οκτωβρίου, 18:12
Γεια σε όλους! Μπορώ να δώσω ασπιρίνη στην κότα μου; Είναι δύο ετών και νομίζω ότι έχει χτυπήσει το πόδι της. Δεν μπορώ να πάω στον κτηνίατρο πριν τη Δευτέρα, και ούτε μπορώ να τον βρω στο τηλέφωνο. Η κότα μου φαίνεται να πονάει πολύ. Θα ήθελα να της δώσω κάτι για να την ανακουφίσω μέχρι να την πάω στον κτηνίατρο. Ευχαριστώ για τη βοήθεια.
ΝέλλυΒ79 Δημοσιεύτηκε στις 28 Οκτωβρίου, 18:36
Δεν ξέρω αν η ασπιρίνη είναι ασφαλής για τις κότες. Ζητάω πάντα τη γνώμη του κτηνίατρου πριν δώσω φάρμακο στα πουλερικά μου.  Ξέρω ότι κάποια φάρμακα που είναι ασφαλή για τους ανθρώπους μπορεί να είναι πολύ επικίνδυνα για τα πουλερικά.
Μάρθα Δημοσιεύτηκε στις 28 Οκτωβρίου, 18:52
Έδωσα μία ασπιρίνη σε μια κότα μου που είχε χτυπήσει. Δεν υπήρχε πρόβλημα. Την επόμενη μέρα, την πήγα στον κτηνίατρο αλλά ήταν ήδη καλύτερα.  Νομίζω ότι μπορεί να είναι επικίνδυνο αν της δώσεις υπερβολική ποσότητα: μην υπερβείς τη δόση! Εύχομαι να γίνει καλά!
Ανδρέας_Προσφορές  Δημοσιεύτηκε στις 28 Οκτωβρίου, 19:07
Γεια! Ρίξτε μια ματιά στις καταπληκτικές προσφορές σε όλα τα προϊόντα για πουλερικά.  Κάνω μεγάλες εκπτώσεις!
Βασίλης Δημοσιεύτηκε στις 28 Οκτωβρίου, 19:15
Μπορεί να μου πει κάποιος πώς καταλαβαίνουμε ότι μια κότα είναι άρρωστη;  Ευχαριστώ.
Φάνης Δημοσιεύτηκε στις 28 Οκτωβρίου, 19:21
Γειά σου Ιβάνα, Είμαι κτηνίατρος με ειδίκευση στα πουλερικά. Μπορούμε να δώσουμε ασπιρίνη σε τραυματισμένες κότες, αν δείχνουν ότι πονάνε. Όταν συνταγογραφώ ασπιρίνη σε πουλερικά, ακολουθώ τις οδηγίες του Εγχειριδίου για την παθολογία των πουλερικών. Οι κότες πρέπει να παίρνουν 5 mg ασπιρίνης ανά κιλό σωματικού βάρους.  Μπορείς να χορηγήσεις αυτή τη δόση 3-4 φορές την ημέρα, μέχρι να δεις τον κτηνίατρο.  Είναι πολύ σημαντικό να υπάρχει παρακολούθηση από τον κτηνίατρο. Καλή επιτυχία!"
R548-ChickenForum,8,3,Greek,ell-GRC,"Φόρουμ για πουλερικά Ερώτηση 7 / 7
Να λάβεις υπόψη το φόρουμ για την υγεία των πουλερικών στα δεξιά.  Πληκτρολόγησε την απάντησή σου στην ερώτηση.
Γιατί ο Φάνης δεν μπορεί να πει στην Ιβάνα_88 ποια είναι η ακριβής ποσότητα ασπιρίνης για την κότα της;"
R548-ChickenForum,9,1,Greek,ell-GRC,PISA
R548-ChickenForum,9,2,Greek,ell-GRC,"www.ygeia-poulerika.com/forum/aspirini-kotes
Η υγεία των πουλερικών
Η διαδικτυακή πηγή για υγιή κοτόπουλα
Σχετικά
Φόρουμ
Εικόνες
Χορήγηση ασπιρίνης στις κότες
Ιβάνα_88 Δημιουργος νηματος Δημοσιεύτηκε στις 28 Οκτωβρίου, 18:12
Γεια σε όλους! Μπορώ να δώσω ασπιρίνη στην κότα μου; Είναι δύο ετών και νομίζω ότι έχει χτυπήσει το πόδι της. Δεν μπορώ να πάω στον κτηνίατρο πριν τη Δευτέρα, και ούτε μπορώ να τον βρω στο τηλέφωνο. Η κότα μου φαίνεται να πονάει πολύ. Θα ήθελα να της δώσω κάτι για να την ανακουφίσω μέχρι να την πάω στον κτηνίατρο. Ευχαριστώ για τη βοήθεια.
ΝέλλυΒ79 Δημοσιεύτηκε στις 28 Οκτωβρίου, 18:36
Δεν ξέρω αν η ασπιρίνη είναι ασφαλής για τις κότες. Ζητάω πάντα τη γνώμη του κτηνίατρου πριν δώσω φάρμακο στα πουλερικά μου.  Ξέρω ότι κάποια φάρμακα που είναι ασφαλή για τους ανθρώπους μπορεί να είναι πολύ επικίνδυνα για τα πουλερικά.
Μάρθα Δημοσιεύτηκε στις 28 Οκτωβρίου, 18:52
Έδωσα μία ασπιρίνη σε μια κότα μου που είχε χτυπήσει. Δεν υπήρχε πρόβλημα. Την επόμενη μέρα, την πήγα στον κτηνίατρο αλλά ήταν ήδη καλύτερα.  Νομίζω ότι μπορεί να είναι επικίνδυνο αν της δώσεις υπερβολική ποσότητα: μην υπερβείς τη δόση! Εύχομαι να γίνει καλά!
Ανδρέας_Προσφορές  Δημοσιεύτηκε στις 28 Οκτωβρίου, 19:07
Γεια! Ρίξτε μια ματιά στις καταπληκτικές προσφορές σε όλα τα προϊόντα για πουλερικά.  Κάνω μεγάλες εκπτώσεις!
Βασίλης Δημοσιεύτηκε στις 28 Οκτωβρίου, 19:15
Μπορεί να μου πει κάποιος πώς καταλαβαίνουμε ότι μια κότα είναι άρρωστη;  Ευχαριστώ.
Φάνης Δημοσιεύτηκε στις 28 Οκτωβρίου, 19:21
Γειά σου Ιβάνα, Είμαι κτηνίατρος με ειδίκευση στα πουλερικά. Μπορούμε να δώσουμε ασπιρίνη σε τραυματισμένες κότες, αν δείχνουν ότι πονάνε. Όταν συνταγογραφώ ασπιρίνη σε πουλερικά, ακολουθώ τις οδηγίες του Εγχειριδίου για την παθολογία των πουλερικών. Οι κότες πρέπει να παίρνουν 5 mg ασπιρίνης ανά κιλό σωματικού βάρους.  Μπορείς να χορηγήσεις αυτή τη δόση 3-4 φορές την ημέρα, μέχρι να δεις τον κτηνίατρο.  Είναι πολύ σημαντικό να υπάρχει παρακολούθηση από τον κτηνίατρο. Καλή επιτυχία!"
R548-ChickenForum,9,3,Greek,ell-GRC,"Φόρουμ για πουλερικά Ερώτηση 7 / 7
Να λάβεις υπόψη το φόρουμ για την υγεία των πουλερικών στα δεξιά.  Πληκτρολόγησε την απάντησή σου στην ερώτηση.
Γιατί ο Φάνης δεν μπορεί να πει στην Ιβάνα_88 ποια είναι η ακριβής ποσότητα ασπιρίνης για την κότα της;"
R548-ChickenForum,10,1,Greek,ell-GRC,PISA
R548-ChickenForum,10,2,Greek,ell-GRC,"www.ygeia-poulerika.com/forum/aspirini-kotes
Η υγεία των πουλερικών
Η διαδικτυακή πηγή για υγιή κοτόπουλα
Σχετικά
Φόρουμ
Εικόνες
Χορήγηση ασπιρίνης στις κότες
Ιβάνα_88 Δημιουργος νηματος Δημοσιεύτηκε στις 28 Οκτωβρίου, 18:12
Γεια σε όλους! Μπορώ να δώσω ασπιρίνη στην κότα μου; Είναι δύο ετών και νομίζω ότι έχει χτυπήσει το πόδι της. Δεν μπορώ να πάω στον κτηνίατρο πριν τη Δευτέρα, και ούτε μπορώ να τον βρω στο τηλέφωνο. Η κότα μου φαίνεται να πονάει πολύ. Θα ήθελα να της δώσω κάτι για να την ανακουφίσω μέχρι να την πάω στον κτηνίατρο. Ευχαριστώ για τη βοήθεια.
ΝέλλυΒ79 Δημοσιεύτηκε στις 28 Οκτωβρίου, 18:36
Δεν ξέρω αν η ασπιρίνη είναι ασφαλής για τις κότες. Ζητάω πάντα τη γνώμη του κτηνίατρου πριν δώσω φάρμακο στα πουλερικά μου.  Ξέρω ότι κάποια φάρμακα που είναι ασφαλή για τους ανθρώπους μπορεί να είναι πολύ επικίνδυνα για τα πουλερικά.
Μάρθα Δημοσιεύτηκε στις 28 Οκτωβρίου, 18:52
Έδωσα μία ασπιρίνη σε μια κότα μου που είχε χτυπήσει. Δεν υπήρχε πρόβλημα. Την επόμενη μέρα, την πήγα στον κτηνίατρο αλλά ήταν ήδη καλύτερα.  Νομίζω ότι μπορεί να είναι επικίνδυνο αν της δώσεις υπερβολική ποσότητα: μην υπερβείς τη δόση! Εύχομαι να γίνει καλά!
Ανδρέας_Προσφορές  Δημοσιεύτηκε στις 28 Οκτωβρίου, 19:07
Γεια! Ρίξτε μια ματιά στις καταπληκτικές προσφορές σε όλα τα προϊόντα για πουλερικά.  Κάνω μεγάλες εκπτώσεις!
Βασίλης Δημοσιεύτηκε στις 28 Οκτωβρίου, 19:15
Μπορεί να μου πει κάποιος πώς καταλαβαίνουμε ότι μια κότα είναι άρρωστη;  Ευχαριστώ.
Φάνης Δημοσιεύτηκε στις 28 Οκτωβρίου, 19:21
Γειά σου Ιβάνα, Είμαι κτηνίατρος με ειδίκευση στα πουλερικά. Μπορούμε να δώσουμε ασπιρίνη σε τραυματισμένες κότες, αν δείχνουν ότι πονάνε. Όταν συνταγογραφώ ασπιρίνη σε πουλερικά, ακολουθώ τις οδηγίες του Εγχειριδίου για την παθολογία των πουλερικών. Οι κότες πρέπει να παίρνουν 5 mg ασπιρίνης ανά κιλό σωματικού βάρους.  Μπορείς να χορηγήσεις αυτή τη δόση 3-4 φορές την ημέρα, μέχρι να δεις τον κτηνίατρο.  Είναι πολύ σημαντικό να υπάρχει παρακολούθηση από τον κτηνίατρο. Καλή επιτυχία!"
R548-ChickenForum,10,3,Greek,ell-GRC,"Φόρουμ για πουλερικά Ερώτηση 7 / 7
Να λάβεις υπόψη το φόρουμ για την υγεία των πουλερικών στα δεξιά.  Πληκτρολόγησε την απάντησή σου στην ερώτηση.
Γιατί ο Φάνης δεν μπορεί να πει στην Ιβάνα_88 ποια είναι η ακριβής ποσότητα ασπιρίνης για την κότα της;"
R548-ChickenForum,1,1,Hebrew,heb-ISR,PISA
R548-ChickenForum,1,2,Hebrew,heb-ISR,"פורום תרנגולות הקדמה
קראו את ההקדמה, ולאחר מכן לחצו על החץ ""הבא"".
אתם מבקרים דודים שלכם שעברו לאחרונה לגור במושב ומגדלים שם תרנגולות. אתם שואלים את הדודה: ""איך למדתם לגדל תרנגולות?""
היא מסבירה: ""דיברנו עם הרבה אנשים שמגדלים תרנגולות. ובנוסף, יש הרבה מקורות מידע באינטרנט. למשל, יש פורום על בריאות תרנגולות שאני אוהבת להיכנס אליו. נעזרתי בו לאחרונה כשאחת התרנגולות שלי נפצעה ברגל. אני אראה לך את ההתכתבות שהייתה לי שם.""
כדי לקרוא את ההתכתבות בפורום, לחצו על החץ ""הבא""."
R548-ChickenForum,2,1,Hebrew,heb-ISR,PISA
R548-ChickenForum,2,2,Hebrew,heb-ISR,"www.chickenhealth.co.il/forum/aspirin-chickens
בריאות תרנגולות
מידע אינטרנטי על בריאות תרנגולות
אודות
פורום
תמונות
אספירין לתרנגולות
אילנה_88 תחילת שרשור פורסם 28 באוקטובר 18:12
שלום לכולם! האם זה בסדר לתת אספירין לתרנגולת שלי? היא בת שנתיים ואני חושבת שהיא נפצעה ברגל. אני לא יכולה להגיע לווטרינר לפני יום ראשון, והווטרינר לא עונה לטלפון. נראה לי שהתרנגולת שלי סובלת מאוד. אני רוצה לתת לה משהו כדי להקל עליה עד שאגיע לווטרינר. תודה על העזרה.
נילי_ב79 פורסם 28 באוקטובר 18:36
אני לא יודעת אם מותר לתת אספירין לתרנגולות. אני תמיד מתייעצת עם הווטרינר שלי לפני שאני נותנת תרופות לתרנגולות שאני מגדלת. אני יודעת שיש תרופות שמתאימות לבני אדם אבל יכולות להיות מסוכנות מאוד לעופות.
מירי פורסם 28 באוקטובר 18:52
אני נתתי אספירין לאחת התרנגולות שלי כשהיא נפצעה. לא הייתה שום בעיה. למחרת לקחתי אותה לווטרינר, אבל היא כבר הרגישה טוב יותר. אני חושבת שזה יכול להיות מסוכן אם תתני לה יותר מדי, אז אל תעברי את המינון המותר! אני מקווה שהיא תרגיש טוב יותר!
מבצעים_בעלי_כנף פורסם 28 באוקטובר 19:07
היי! אל תפספסו את המבצעים המדהימים שלנו על כל המוצרים לעופות. רק עכשיו -  הנחות גדולות!
בני פורסם 28 באוקטובר 19:15
מישהו יכול להגיד לי איך יודעים אם תרנגולת חולה? תודה.
עמיחי פורסם 28 באוקטובר 19:21
שלום אילנה, אני וטרינר מומחה לעופות. זה בסדר לתת לתרנגולות פצועות אספירין אם הן מראות סימנים של כאב. כשאני רושם אספירין לעופות, אני עוקב אחרי ההנחיות של ""המדריך לרפואת בעלי כנף"".  לתרנגולות צריך לתת 5 מ""ג אספירין לכל ק""ג של משקל גוף. את יכולה לתת את המינון הזה 4-3 פעמים ביום עד שתגיעי לווטרינר. חשוב מאוד לקחת אותה לווטרינר למעקב. בהצלחה!"
R548-ChickenForum,2,3,Hebrew,heb-ISR,"פורום תרנגולות שאלה 1 מתוך 7
היעזרו בפורום ""בריאות תרנגולות"" שבצד שמאל. כדי לענות על השאלה, סמנו את תשובתכם.
מה אילנה_88 רצתה לדעת?
אם היא יכולה לתת אספירין לתרנגולת פצועה.
באיזו תדירות היא יכולה לתת אספירין לתרנגולת פצועה.
כיצד ליצור קשר עם וטרינר בנוגע לתרנגולת פצועה.
אם היא יכולה לדעת מה רמת הכאב של תרנגולת פצועה."
R548-ChickenForum,3,1,Hebrew,heb-ISR,PISA
R548-ChickenForum,3,2,Hebrew,heb-ISR,"www.chickenhealth.co.il/forum/aspirin-chickens
בריאות תרנגולות
מידע אינטרנטי על בריאות תרנגולות
אודות
פורום
תמונות
אספירין לתרנגולות
אילנה_88 תחילת שרשור פורסם 28 באוקטובר 18:12
שלום לכולם! האם זה בסדר לתת אספירין לתרנגולת שלי? היא בת שנתיים ואני חושבת שהיא נפצעה ברגל. אני לא יכולה להגיע לווטרינר לפני יום ראשון, והווטרינר לא עונה לטלפון. נראה לי שהתרנגולת שלי סובלת מאוד. אני רוצה לתת לה משהו כדי להקל עליה עד שאגיע לווטרינר. תודה על העזרה.
נילי_ב79 פורסם 28 באוקטובר 18:36
אני לא יודעת אם מותר לתת אספירין לתרנגולות. אני תמיד מתייעצת עם הווטרינר שלי לפני שאני נותנת תרופות לתרנגולות שאני מגדלת. אני יודעת שיש תרופות שמתאימות לבני אדם אבל יכולות להיות מסוכנות מאוד לעופות.
מירי פורסם 28 באוקטובר 18:52
אני נתתי אספירין לאחת התרנגולות שלי כשהיא נפצעה. לא הייתה שום בעיה. למחרת לקחתי אותה לווטרינר, אבל היא כבר הרגישה טוב יותר. אני חושבת שזה יכול להיות מסוכן אם תתני לה יותר מדי, אז אל תעברי את המינון המותר! אני מקווה שהיא תרגיש טוב יותר!
מבצעים_בעלי_כנף פורסם 28 באוקטובר 19:07
היי! אל תפספסו את המבצעים המדהימים שלנו על כל המוצרים לעופות. רק עכשיו -  הנחות גדולות!
בני פורסם 28 באוקטובר 19:15
מישהו יכול להגיד לי איך יודעים אם תרנגולת חולה? תודה.
עמיחי פורסם 28 באוקטובר 19:21
שלום אילנה, אני וטרינר מומחה לעופות. זה בסדר לתת לתרנגולות פצועות אספירין אם הן מראות סימנים של כאב. כשאני רושם אספירין לעופות, אני עוקב אחרי ההנחיות של ""המדריך לרפואת בעלי כנף"".  לתרנגולות צריך לתת 5 מ""ג אספירין לכל ק""ג של משקל גוף. את יכולה לתת את המינון הזה 4-3 פעמים ביום עד שתגיעי לווטרינר. חשוב מאוד לקחת אותה לווטרינר למעקב. בהצלחה!"
R548-ChickenForum,3,3,Hebrew,heb-ISR,"פורום תרנגולות שאלה 2 מתוך 7
היעזרו בפורום ""בריאות תרנגולות"" שבצד שמאל. כדי לענות על השאלה, סמנו את תשובתכם.
מדוע החליטה אילנה_88 לפרסם את שאלתה בפורום באינטרנט?
כי היא לא ידעה איך אפשר למצוא וטרינר.
כי היא חשבה שהבעיה של התרנגולת אינה חמורה.
כי היא רצתה לעזור לתרנגולת שלה מהר ככל האפשר.
כי היא לא יכלה להרשות לעצמה ללכת לווטרינר."
R548-ChickenForum,4,1,Hebrew,heb-ISR,PISA
R548-ChickenForum,4,2,Hebrew,heb-ISR,"www.chickenhealth.co.il/forum/aspirin-chickens
בריאות תרנגולות
מידע אינטרנטי על בריאות תרנגולות
אודות
פורום
תמונות
אספירין לתרנגולות
אילנה_88 תחילת שרשור פורסם 28 באוקטובר 18:12
שלום לכולם! האם זה בסדר לתת אספירין לתרנגולת שלי? היא בת שנתיים ואני חושבת שהיא נפצעה ברגל. אני לא יכולה להגיע לווטרינר לפני יום ראשון, והווטרינר לא עונה לטלפון. נראה לי שהתרנגולת שלי סובלת מאוד. אני רוצה לתת לה משהו כדי להקל עליה עד שאגיע לווטרינר. תודה על העזרה.
נילי_ב79 פורסם 28 באוקטובר 18:36
אני לא יודעת אם מותר לתת אספירין לתרנגולות. אני תמיד מתייעצת עם הווטרינר שלי לפני שאני נותנת תרופות לתרנגולות שאני מגדלת. אני יודעת שיש תרופות שמתאימות לבני אדם אבל יכולות להיות מסוכנות מאוד לעופות.
מירי פורסם 28 באוקטובר 18:52
אני נתתי אספירין לאחת התרנגולות שלי כשהיא נפצעה. לא הייתה שום בעיה. למחרת לקחתי אותה לווטרינר, אבל היא כבר הרגישה טוב יותר. אני חושבת שזה יכול להיות מסוכן אם תתני לה יותר מדי, אז אל תעברי את המינון המותר! אני מקווה שהיא תרגיש טוב יותר!
מבצעים_בעלי_כנף פורסם 28 באוקטובר 19:07
היי! אל תפספסו את המבצעים המדהימים שלנו על כל המוצרים לעופות. רק עכשיו -  הנחות גדולות!
בני פורסם 28 באוקטובר 19:15
מישהו יכול להגיד לי איך יודעים אם תרנגולת חולה? תודה.
עמיחי פורסם 28 באוקטובר 19:21
שלום אילנה, אני וטרינר מומחה לעופות. זה בסדר לתת לתרנגולות פצועות אספירין אם הן מראות סימנים של כאב. כשאני רושם אספירין לעופות, אני עוקב אחרי ההנחיות של ""המדריך לרפואת בעלי כנף"".  לתרנגולות צריך לתת 5 מ""ג אספירין לכל ק""ג של משקל גוף. את יכולה לתת את המינון הזה 4-3 פעמים ביום עד שתגיעי לווטרינר. חשוב מאוד לקחת אותה לווטרינר למעקב. בהצלחה!"
R548-ChickenForum,4,3,Hebrew,heb-ISR,"פורום תרנגולות שאלה 3 מתוך 7
היעזרו בפורום ""בריאות תרנגולות"" שבצד שמאל. כדי לענות על השאלה, סמנו את תשובותיכם בטבלה.
חלק מההודעות בפורום רלוונטיות לנושא הדיון וחלק מההודעות אינן רלוונטיות.
סמנו כן או לא כדי לציין אם ההודעות בטבלה שלמטה רלוונטיות לבעיה של אילנה_88.
האם ההודעה רלוונטית לבעיה של אילנה_88?
כן
לא
ההודעה של נילי_ב79
ההודעה של מירי
ההודעה של מבצעים_בעלי_כנף
ההודעה של בני
ההודעה של עמיחי"
R548-ChickenForum,5,1,Hebrew,heb-ISR,PISA
R548-ChickenForum,5,2,Hebrew,heb-ISR,"www.chickenhealth.co.il/forum/aspirin-chickens
בריאות תרנגולות
מידע אינטרנטי על בריאות תרנגולות
אודות
פורום
תמונות
אספירין לתרנגולות
אילנה_88 תחילת שרשור פורסם 28 באוקטובר 18:12
שלום לכולם! האם זה בסדר לתת אספירין לתרנגולת שלי? היא בת שנתיים ואני חושבת שהיא נפצעה ברגל. אני לא יכולה להגיע לווטרינר לפני יום ראשון, והווטרינר לא עונה לטלפון. נראה לי שהתרנגולת שלי סובלת מאוד. אני רוצה לתת לה משהו כדי להקל עליה עד שאגיע לווטרינר. תודה על העזרה.
נילי_ב79 פורסם 28 באוקטובר 18:36
אני לא יודעת אם מותר לתת אספירין לתרנגולות. אני תמיד מתייעצת עם הווטרינר שלי לפני שאני נותנת תרופות לתרנגולות שאני מגדלת. אני יודעת שיש תרופות שמתאימות לבני אדם אבל יכולות להיות מסוכנות מאוד לעופות.
מירי פורסם 28 באוקטובר 18:52
אני נתתי אספירין לאחת התרנגולות שלי כשהיא נפצעה. לא הייתה שום בעיה. למחרת לקחתי אותה לווטרינר, אבל היא כבר הרגישה טוב יותר. אני חושבת שזה יכול להיות מסוכן אם תתני לה יותר מדי, אז אל תעברי את המינון המותר! אני מקווה שהיא תרגיש טוב יותר!
מבצעים_בעלי_כנף פורסם 28 באוקטובר 19:07
היי! אל תפספסו את המבצעים המדהימים שלנו על כל המוצרים לעופות. רק עכשיו -  הנחות גדולות!
בני פורסם 28 באוקטובר 19:15
מישהו יכול להגיד לי איך יודעים אם תרנגולת חולה? תודה.
עמיחי פורסם 28 באוקטובר 19:21
שלום אילנה, אני וטרינר מומחה לעופות. זה בסדר לתת לתרנגולות פצועות אספירין אם הן מראות סימנים של כאב. כשאני רושם אספירין לעופות, אני עוקב אחרי ההנחיות של ""המדריך לרפואת בעלי כנף"".  לתרנגולות צריך לתת 5 מ""ג אספירין לכל ק""ג של משקל גוף. את יכולה לתת את המינון הזה 4-3 פעמים ביום עד שתגיעי לווטרינר. חשוב מאוד לקחת אותה לווטרינר למעקב. בהצלחה!"
R548-ChickenForum,5,3,Hebrew,heb-ISR,"פורום תרנגולות שאלה 4 מתוך 7
היעזרו בפורום ""בריאות תרנגולות"" שבצד שמאל. כדי לענות על השאלה, סמנו את תשובתכם.
למי היה ניסיון חיובי במתן אספירין לתרנגולת פצועה?
אילנה_88
נילי_ב79
מירי
בני"
R548-ChickenForum,6,1,Hebrew,heb-ISR,PISA
R548-ChickenForum,6,2,Hebrew,heb-ISR,"www.chickenhealth.co.il/forum/aspirin-chickens
בריאות תרנגולות
מידע אינטרנטי על בריאות תרנגולות
אודות
פורום
תמונות
אספירין לתרנגולות
אילנה_88 תחילת שרשור פורסם 28 באוקטובר 18:12
שלום לכולם! האם זה בסדר לתת אספירין לתרנגולת שלי? היא בת שנתיים ואני חושבת שהיא נפצעה ברגל. אני לא יכולה להגיע לווטרינר לפני יום ראשון, והווטרינר לא עונה לטלפון. נראה לי שהתרנגולת שלי סובלת מאוד. אני רוצה לתת לה משהו כדי להקל עליה עד שאגיע לווטרינר. תודה על העזרה.
נילי_ב79 פורסם 28 באוקטובר 18:36
אני לא יודעת אם מותר לתת אספירין לתרנגולות. אני תמיד מתייעצת עם הווטרינר שלי לפני שאני נותנת תרופות לתרנגולות שאני מגדלת. אני יודעת שיש תרופות שמתאימות לבני אדם אבל יכולות להיות מסוכנות מאוד לעופות.
מירי פורסם 28 באוקטובר 18:52
אני נתתי אספירין לאחת התרנגולות שלי כשהיא נפצעה. לא הייתה שום בעיה. למחרת לקחתי אותה לווטרינר, אבל היא כבר הרגישה טוב יותר. אני חושבת שזה יכול להיות מסוכן אם תתני לה יותר מדי, אז אל תעברי את המינון המותר! אני מקווה שהיא תרגיש טוב יותר!
מבצעים_בעלי_כנף פורסם 28 באוקטובר 19:07
היי! אל תפספסו את המבצעים המדהימים שלנו על כל המוצרים לעופות. רק עכשיו -  הנחות גדולות!
בני פורסם 28 באוקטובר 19:15
מישהו יכול להגיד לי איך יודעים אם תרנגולת חולה? תודה.
עמיחי פורסם 28 באוקטובר 19:21
שלום אילנה, אני וטרינר מומחה לעופות. זה בסדר לתת לתרנגולות פצועות אספירין אם הן מראות סימנים של כאב. כשאני רושם אספירין לעופות, אני עוקב אחרי ההנחיות של ""המדריך לרפואת בעלי כנף"".  לתרנגולות צריך לתת 5 מ""ג אספירין לכל ק""ג של משקל גוף. את יכולה לתת את המינון הזה 4-3 פעמים ביום עד שתגיעי לווטרינר. חשוב מאוד לקחת אותה לווטרינר למעקב. בהצלחה!"
R548-ChickenForum,6,3,Hebrew,heb-ISR,"פורום תרנגולות שאלה 5 מתוך 7
היעזרו בפורום ""בריאות תרנגולות"" שבצד שמאל. כדי לענות על השאלה, סמנו את תשובתכם.
מדוע מבצעים_בעלי_כנף הגיב על ההודעה של אילנה_88?
כדי לקדם את העסק שלו.
כדי לענות על השאלה של אילנה_88.
כדי להוסיף על עצתה של מירי.
כדי להפגין מומחיות בעופות."
R548-ChickenForum,7,1,Hebrew,heb-ISR,PISA
R548-ChickenForum,7,2,Hebrew,heb-ISR,"www.chickenhealth.co.il/forum/aspirin-chickens
בריאות תרנגולות
מידע אינטרנטי על בריאות תרנגולות
אודות
פורום
תמונות
אספירין לתרנגולות
אילנה_88 תחילת שרשור פורסם 28 באוקטובר 18:12
שלום לכולם! האם זה בסדר לתת אספירין לתרנגולת שלי? היא בת שנתיים ואני חושבת שהיא נפצעה ברגל. אני לא יכולה להגיע לווטרינר לפני יום ראשון, והווטרינר לא עונה לטלפון. נראה לי שהתרנגולת שלי סובלת מאוד. אני רוצה לתת לה משהו כדי להקל עליה עד שאגיע לווטרינר. תודה על העזרה.
נילי_ב79 פורסם 28 באוקטובר 18:36
אני לא יודעת אם מותר לתת אספירין לתרנגולות. אני תמיד מתייעצת עם הווטרינר שלי לפני שאני נותנת תרופות לתרנגולות שאני מגדלת. אני יודעת שיש תרופות שמתאימות לבני אדם אבל יכולות להיות מסוכנות מאוד לעופות.
מירי פורסם 28 באוקטובר 18:52
אני נתתי אספירין לאחת התרנגולות שלי כשהיא נפצעה. לא הייתה שום בעיה. למחרת לקחתי אותה לווטרינר, אבל היא כבר הרגישה טוב יותר. אני חושבת שזה יכול להיות מסוכן אם תתני לה יותר מדי, אז אל תעברי את המינון המותר! אני מקווה שהיא תרגיש טוב יותר!
מבצעים_בעלי_כנף פורסם 28 באוקטובר 19:07
היי! אל תפספסו את המבצעים המדהימים שלנו על כל המוצרים לעופות. רק עכשיו -  הנחות גדולות!
בני פורסם 28 באוקטובר 19:15
מישהו יכול להגיד לי איך יודעים אם תרנגולת חולה? תודה.
עמיחי פורסם 28 באוקטובר 19:21
שלום אילנה, אני וטרינר מומחה לעופות. זה בסדר לתת לתרנגולות פצועות אספירין אם הן מראות סימנים של כאב. כשאני רושם אספירין לעופות, אני עוקב אחרי ההנחיות של ""המדריך לרפואת בעלי כנף"".  לתרנגולות צריך לתת 5 מ""ג אספירין לכל ק""ג של משקל גוף. את יכולה לתת את המינון הזה 4-3 פעמים ביום עד שתגיעי לווטרינר. חשוב מאוד לקחת אותה לווטרינר למעקב. בהצלחה!"
R548-ChickenForum,7,3,Hebrew,heb-ISR,"פורום תרנגולות שאלה 6 מתוך 7
היעזרו בפורום ""בריאות תרנגולות"" שבצד שמאל. כדי לענות על השאלה, סמנו את תשובתכם והקלידו את ההסבר.
מי פרסם את התשובה האמינה ביותר לשאלתה של אילנה_88?
נילי_ב79
מירי
מבצעים_בעלי_כנף
עמיחי
נמקו את תשובתכם."
R548-ChickenForum,8,1,Hebrew,heb-ISR,PISA
R548-ChickenForum,8,2,Hebrew,heb-ISR,"www.chickenhealth.co.il/forum/aspirin-chickens
בריאות תרנגולות
מידע אינטרנטי על בריאות תרנגולות
אודות
פורום
תמונות
אספירין לתרנגולות
אילנה_88 תחילת שרשור פורסם 28 באוקטובר 18:12
שלום לכולם! האם זה בסדר לתת אספירין לתרנגולת שלי? היא בת שנתיים ואני חושבת שהיא נפצעה ברגל. אני לא יכולה להגיע לווטרינר לפני יום ראשון, והווטרינר לא עונה לטלפון. נראה לי שהתרנגולת שלי סובלת מאוד. אני רוצה לתת לה משהו כדי להקל עליה עד שאגיע לווטרינר. תודה על העזרה.
נילי_ב79 פורסם 28 באוקטובר 18:36
אני לא יודעת אם מותר לתת אספירין לתרנגולות. אני תמיד מתייעצת עם הווטרינר שלי לפני שאני נותנת תרופות לתרנגולות שאני מגדלת. אני יודעת שיש תרופות שמתאימות לבני אדם אבל יכולות להיות מסוכנות מאוד לעופות.
מירי פורסם 28 באוקטובר 18:52
אני נתתי אספירין לאחת התרנגולות שלי כשהיא נפצעה. לא הייתה שום בעיה. למחרת לקחתי אותה לווטרינר, אבל היא כבר הרגישה טוב יותר. אני חושבת שזה יכול להיות מסוכן אם תתני לה יותר מדי, אז אל תעברי את המינון המותר! אני מקווה שהיא תרגיש טוב יותר!
מבצעים_בעלי_כנף פורסם 28 באוקטובר 19:07
היי! אל תפספסו את המבצעים המדהימים שלנו על כל המוצרים לעופות. רק עכשיו -  הנחות גדולות!
בני פורסם 28 באוקטובר 19:15
מישהו יכול להגיד לי איך יודעים אם תרנגולת חולה? תודה.
עמיחי פורסם 28 באוקטובר 19:21
שלום אילנה, אני וטרינר מומחה לעופות. זה בסדר לתת לתרנגולות פצועות אספירין אם הן מראות סימנים של כאב. כשאני רושם אספירין לעופות, אני עוקב אחרי ההנחיות של ""המדריך לרפואת בעלי כנף"".  לתרנגולות צריך לתת 5 מ""ג אספירין לכל ק""ג של משקל גוף. את יכולה לתת את המינון הזה 4-3 פעמים ביום עד שתגיעי לווטרינר. חשוב מאוד לקחת אותה לווטרינר למעקב. בהצלחה!"
R548-ChickenForum,8,3,Hebrew,heb-ISR,"פורום תרנגולות שאלה 7 מתוך 7
היעזרו בפורום ""בריאות תרנגולות"" שבצד שמאל. הקלידו את תשובתכם לשאלה.
מדוע עמיחי אינו יכול לכתוב לאילנה_88 מהי הכמות המדויקת של אספירין שעליה לתת לתרנגולת שלה?"
R548-ChickenForum,9,1,Hebrew,heb-ISR,PISA
R548-ChickenForum,9,2,Hebrew,heb-ISR,"www.chickenhealth.co.il/forum/aspirin-chickens
בריאות תרנגולות
מידע אינטרנטי על בריאות תרנגולות
אודות
פורום
תמונות
אספירין לתרנגולות
אילנה_88 תחילת שרשור פורסם 28 באוקטובר 18:12
שלום לכולם! האם זה בסדר לתת אספירין לתרנגולת שלי? היא בת שנתיים ואני חושבת שהיא נפצעה ברגל. אני לא יכולה להגיע לווטרינר לפני יום ראשון, והווטרינר לא עונה לטלפון. נראה לי שהתרנגולת שלי סובלת מאוד. אני רוצה לתת לה משהו כדי להקל עליה עד שאגיע לווטרינר. תודה על העזרה.
נילי_ב79 פורסם 28 באוקטובר 18:36
אני לא יודעת אם מותר לתת אספירין לתרנגולות. אני תמיד מתייעצת עם הווטרינר שלי לפני שאני נותנת תרופות לתרנגולות שאני מגדלת. אני יודעת שיש תרופות שמתאימות לבני אדם אבל יכולות להיות מסוכנות מאוד לעופות.
מירי פורסם 28 באוקטובר 18:52
אני נתתי אספירין לאחת התרנגולות שלי כשהיא נפצעה. לא הייתה שום בעיה. למחרת לקחתי אותה לווטרינר, אבל היא כבר הרגישה טוב יותר. אני חושבת שזה יכול להיות מסוכן אם תתני לה יותר מדי, אז אל תעברי את המינון המותר! אני מקווה שהיא תרגיש טוב יותר!
מבצעים_בעלי_כנף פורסם 28 באוקטובר 19:07
היי! אל תפספסו את המבצעים המדהימים שלנו על כל המוצרים לעופות. רק עכשיו -  הנחות גדולות!
בני פורסם 28 באוקטובר 19:15
מישהו יכול להגיד לי איך יודעים אם תרנגולת חולה? תודה.
עמיחי פורסם 28 באוקטובר 19:21
שלום אילנה, אני וטרינר מומחה לעופות. זה בסדר לתת לתרנגולות פצועות אספירין אם הן מראות סימנים של כאב. כשאני רושם אספירין לעופות, אני עוקב אחרי ההנחיות של ""המדריך לרפואת בעלי כנף"".  לתרנגולות צריך לתת 5 מ""ג אספירין לכל ק""ג של משקל גוף. את יכולה לתת את המינון הזה 4-3 פעמים ביום עד שתגיעי לווטרינר. חשוב מאוד לקחת אותה לווטרינר למעקב. בהצלחה!"
R548-ChickenForum,9,3,Hebrew,heb-ISR,"פורום תרנגולות שאלה 7 מתוך 7
היעזרו בפורום ""בריאות תרנגולות"" שבצד שמאל. הקלידו את תשובתכם לשאלה.
מדוע עמיחי אינו יכול לכתוב לאילנה_88 מהי הכמות המדויקת של אספירין שעליה לתת לתרנגולת שלה?"
R548-ChickenForum,10,1,Hebrew,heb-ISR,PISA
R548-ChickenForum,10,2,Hebrew,heb-ISR,"www.chickenhealth.co.il/forum/aspirin-chickens
בריאות תרנגולות
מידע אינטרנטי על בריאות תרנגולות
אודות
פורום
תמונות
אספירין לתרנגולות
אילנה_88 תחילת שרשור פורסם 28 באוקטובר 18:12
שלום לכולם! האם זה בסדר לתת אספירין לתרנגולת שלי? היא בת שנתיים ואני חושבת שהיא נפצעה ברגל. אני לא יכולה להגיע לווטרינר לפני יום ראשון, והווטרינר לא עונה לטלפון. נראה לי שהתרנגולת שלי סובלת מאוד. אני רוצה לתת לה משהו כדי להקל עליה עד שאגיע לווטרינר. תודה על העזרה.
נילי_ב79 פורסם 28 באוקטובר 18:36
אני לא יודעת אם מותר לתת אספירין לתרנגולות. אני תמיד מתייעצת עם הווטרינר שלי לפני שאני נותנת תרופות לתרנגולות שאני מגדלת. אני יודעת שיש תרופות שמתאימות לבני אדם אבל יכולות להיות מסוכנות מאוד לעופות.
מירי פורסם 28 באוקטובר 18:52
אני נתתי אספירין לאחת התרנגולות שלי כשהיא נפצעה. לא הייתה שום בעיה. למחרת לקחתי אותה לווטרינר, אבל היא כבר הרגישה טוב יותר. אני חושבת שזה יכול להיות מסוכן אם תתני לה יותר מדי, אז אל תעברי את המינון המותר! אני מקווה שהיא תרגיש טוב יותר!
מבצעים_בעלי_כנף פורסם 28 באוקטובר 19:07
היי! אל תפספסו את המבצעים המדהימים שלנו על כל המוצרים לעופות. רק עכשיו -  הנחות גדולות!
בני פורסם 28 באוקטובר 19:15
מישהו יכול להגיד לי איך יודעים אם תרנגולת חולה? תודה.
עמיחי פורסם 28 באוקטובר 19:21
שלום אילנה, אני וטרינר מומחה לעופות. זה בסדר לתת לתרנגולות פצועות אספירין אם הן מראות סימנים של כאב. כשאני רושם אספירין לעופות, אני עוקב אחרי ההנחיות של ""המדריך לרפואת בעלי כנף"".  לתרנגולות צריך לתת 5 מ""ג אספירין לכל ק""ג של משקל גוף. את יכולה לתת את המינון הזה 4-3 פעמים ביום עד שתגיעי לווטרינר. חשוב מאוד לקחת אותה לווטרינר למעקב. בהצלחה!"
R548-ChickenForum,10,3,Hebrew,heb-ISR,"פורום תרנגולות שאלה 7 מתוך 7
היעזרו בפורום ""בריאות תרנגולות"" שבצד שמאל. הקלידו את תשובתכם לשאלה.
מדוע עמיחי אינו יכול לכתוב לאילנה_88 מהי הכמות המדויקת של אספירין שעליה לתת לתרנגולת שלה?"
R548-ChickenForum,1,1,Hungarian,hun-HUN,PISA
R548-ChickenForum,1,2,Hungarian,hun-HUN,"Baromfifórum Bevezetés
Olvasd el a bevezetést, majd kattints a „TOVÁBB” nyílra!
Látogatóban vagy a rokonodéknál, akik egy farmra költöztek, hogy csirkéket neveljenek. Megkérdezed a nagynénédet: – „Honnan tudod, hogyan kell csirkét tartani?”
– „Sokakkal beszéltünk, akik csirkét nevelnek – feleli. – Ezenkívül pedig sokat lehet olvasni az interneten is. Ott van például  a Baromfiegészség fórum, amit szívesen megnézek. Nemrégiben nagyon hasznosnak bizonyult a számomra, amikor az egyik tyúkomnak megsérült a lába. Megmutatom, milyen beszélgetést folytattam a hozzászólókkal.”
Kattints a „TOVÁBB” nyílra a fórum elolvasásához!"
R548-ChickenForum,2,1,Hungarian,hun-HUN,PISA
R548-ChickenForum,2,2,Hungarian,hun-HUN,"www.baromfiegeszseg.hu/forum/aszpirin-csirkek
Baromfiegészség
Internetes tudnivalók a baromfik egészségével kapcsolatban
Rólunk
Fórum
Képek
Adjunk-e aszpirint a csirkéknek?
Iren_88 Témaindító hozzászólás Közzétéve: október 28., 18:12
Sziasztok! Szerintetek adhatok aszpirint a tyúkomnak? Két éves, és azt hiszem, megsérült a lába. Hétfőig nem tudok eljutni vele az állatorvoshoz, a doki pedig nem veszi fel a telefont. Úgy látom, hogy a tyúkomnak nagy fájdalmai vannak. Szeretnék adni neki valami gyógyszert, hogy addig is jobban legyen, amíg el tudom vinni a dokihoz. Előre is köszi a segítséget!
NelliB79 Közzétéve: október 28., 18:36
Azt nem tudom, lehet-e aszpirint adni a tyúkoknak. Én mindig kikérem az orvos tanácsát, mielőtt gyógyszert adok a madaraimnak. Úgy tudom, hogy némelyik gyógyszer, amit mi gond nélkül szedhetünk, a madarak számára nagyon veszélyes lehet.
Móni Közzétéve: október 28., 18:52
Én már adtam aszpirint az egyik tyúkomnak, amikor fájt valamije. Semmi baja nem lett tőle. Másnap elvittem a dokihoz, de addigra már jobban lett. De szerintem nem szabad túl sokat adni belőle, mert az veszélyes lehet, úgyhogy vigyázz, hogy nehogy túladagold! Remélem, jobban lesz!
Ajánlat_szárnyastartóknak Közzétéve: október 28., 19:07
Sziasztok! Nézzétek meg a madártartáshoz szükséges termékeimet! Mind akciós ajánlat!  Éppen nagy kiárusítást tartok!
Béla Közzétéve: október 28., 19:15
Tudja valaki, hogyan tudom megállapítani, ha egy csirke beteg? Köszi!
Feri Közzétéve: október 28.,19:21
Helló Irén! Állatorvos vagyok, főleg madarakat gyógyítok. Nyugodtan adhatsz a sérült csirkének aszpirint, ha látod rajta, hogy fájdalmai vannak. Én mindig úgy írom fel az aszpirint a madaraknak, ahogyan a Madárgyógyászat című szakkönyv előírja. Eszerint a csirkéknek  5 mg aszpirint kell kapniuk testsúlykilogrammonként. Ezt az adagot napi 3–4-szer adhatod, amíg el nem jutsz az állatorvoshoz. Nagyon fontos, hogy mindenképpen lássa állatorvos! Sok sikert!"
R548-ChickenForum,2,3,Hungarian,hun-HUN,"Baromfifórum Kérdés 1 / 7
A jobbra látható „Baromfiegészség” című fórum alapján válaszolj a kérdésre! A kérdés megválaszolásához kattints az egyik válaszlehetőségre!
Mit akar megtudni Iren_88?
Hogy adhat-e aszpirint egy sérült tyúknak.
Hogy milyen gyakran adhat aszpirint egy sérült tyúknak.
Hogy hogyan vegye fel a kapcsolatot egy állatorvossal, ha megsérült egy tyúkja.
Hogy hogyan kell megállapítani, mennyire erősek a fájdalmai egy sérült tyúknak."
R548-ChickenForum,3,1,Hungarian,hun-HUN,PISA
R548-ChickenForum,3,2,Hungarian,hun-HUN,"www.baromfiegeszseg.hu/forum/aszpirin-csirkek
Baromfiegészség
Internetes tudnivalók a baromfik egészségével kapcsolatban
Rólunk
Fórum
Képek
Adjunk-e aszpirint a csirkéknek?
Iren_88 Témaindító hozzászólás Közzétéve: október 28., 18:12
Sziasztok! Szerintetek adhatok aszpirint a tyúkomnak? Két éves, és azt hiszem, megsérült a lába. Hétfőig nem tudok eljutni vele az állatorvoshoz, a doki pedig nem veszi fel a telefont. Úgy látom, hogy a tyúkomnak nagy fájdalmai vannak. Szeretnék adni neki valami gyógyszert, hogy addig is jobban legyen, amíg el tudom vinni a dokihoz. Előre is köszi a segítséget!
NelliB79 Közzétéve: október 28., 18:36
Azt nem tudom, lehet-e aszpirint adni a tyúkoknak. Én mindig kikérem az orvos tanácsát, mielőtt gyógyszert adok a madaraimnak. Úgy tudom, hogy némelyik gyógyszer, amit mi gond nélkül szedhetünk, a madarak számára nagyon veszélyes lehet.
Móni Közzétéve: október 28., 18:52
Én már adtam aszpirint az egyik tyúkomnak, amikor fájt valamije. Semmi baja nem lett tőle. Másnap elvittem a dokihoz, de addigra már jobban lett. De szerintem nem szabad túl sokat adni belőle, mert az veszélyes lehet, úgyhogy vigyázz, hogy nehogy túladagold! Remélem, jobban lesz!
Ajánlat_szárnyastartóknak Közzétéve: október 28., 19:07
Sziasztok! Nézzétek meg a madártartáshoz szükséges termékeimet! Mind akciós ajánlat!  Éppen nagy kiárusítást tartok!
Béla Közzétéve: október 28., 19:15
Tudja valaki, hogyan tudom megállapítani, ha egy csirke beteg? Köszi!
Feri Közzétéve: október 28.,19:21
Helló Irén! Állatorvos vagyok, főleg madarakat gyógyítok. Nyugodtan adhatsz a sérült csirkének aszpirint, ha látod rajta, hogy fájdalmai vannak. Én mindig úgy írom fel az aszpirint a madaraknak, ahogyan a Madárgyógyászat című szakkönyv előírja. Eszerint a csirkéknek  5 mg aszpirint kell kapniuk testsúlykilogrammonként. Ezt az adagot napi 3–4-szer adhatod, amíg el nem jutsz az állatorvoshoz. Nagyon fontos, hogy mindenképpen lássa állatorvos! Sok sikert!"
R548-ChickenForum,3,3,Hungarian,hun-HUN,"Baromfifórum Kérdés 2 / 7
A jobbra látható „Baromfiegészség” című fórum alapján válaszolj a kérdésre! A kérdés megválaszolásához kattints az egyik válaszlehetőségre!
Miért dönt úgy Iren_88, hogy egy internetes fórumon teszi közzé a kérdését?
Mert nem tudja, honnan kerítsen állatorvost.
Mert azt hiszi, a tyúkjának nincs komolyabb baja.
Mert mielőbb segíteni szeretne a tyúkon.
Mert anyagilag nem engedheti meg magának, hogy állatorvoshoz vigye a tyúkját."
R548-ChickenForum,4,1,Hungarian,hun-HUN,PISA
R548-ChickenForum,4,2,Hungarian,hun-HUN,"www.baromfiegeszseg.hu/forum/aszpirin-csirkek
Baromfiegészség
Internetes tudnivalók a baromfik egészségével kapcsolatban
Rólunk
Fórum
Képek
Adjunk-e aszpirint a csirkéknek?
Iren_88 Témaindító hozzászólás Közzétéve: október 28., 18:12
Sziasztok! Szerintetek adhatok aszpirint a tyúkomnak? Két éves, és azt hiszem, megsérült a lába. Hétfőig nem tudok eljutni vele az állatorvoshoz, a doki pedig nem veszi fel a telefont. Úgy látom, hogy a tyúkomnak nagy fájdalmai vannak. Szeretnék adni neki valami gyógyszert, hogy addig is jobban legyen, amíg el tudom vinni a dokihoz. Előre is köszi a segítséget!
NelliB79 Közzétéve: október 28., 18:36
Azt nem tudom, lehet-e aszpirint adni a tyúkoknak. Én mindig kikérem az orvos tanácsát, mielőtt gyógyszert adok a madaraimnak. Úgy tudom, hogy némelyik gyógyszer, amit mi gond nélkül szedhetünk, a madarak számára nagyon veszélyes lehet.
Móni Közzétéve: október 28., 18:52
Én már adtam aszpirint az egyik tyúkomnak, amikor fájt valamije. Semmi baja nem lett tőle. Másnap elvittem a dokihoz, de addigra már jobban lett. De szerintem nem szabad túl sokat adni belőle, mert az veszélyes lehet, úgyhogy vigyázz, hogy nehogy túladagold! Remélem, jobban lesz!
Ajánlat_szárnyastartóknak Közzétéve: október 28., 19:07
Sziasztok! Nézzétek meg a madártartáshoz szükséges termékeimet! Mind akciós ajánlat!  Éppen nagy kiárusítást tartok!
Béla Közzétéve: október 28., 19:15
Tudja valaki, hogyan tudom megállapítani, ha egy csirke beteg? Köszi!
Feri Közzétéve: október 28.,19:21
Helló Irén! Állatorvos vagyok, főleg madarakat gyógyítok. Nyugodtan adhatsz a sérült csirkének aszpirint, ha látod rajta, hogy fájdalmai vannak. Én mindig úgy írom fel az aszpirint a madaraknak, ahogyan a Madárgyógyászat című szakkönyv előírja. Eszerint a csirkéknek  5 mg aszpirint kell kapniuk testsúlykilogrammonként. Ezt az adagot napi 3–4-szer adhatod, amíg el nem jutsz az állatorvoshoz. Nagyon fontos, hogy mindenképpen lássa állatorvos! Sok sikert!"
R548-ChickenForum,4,3,Hungarian,hun-HUN,"Baromfifórum Kérdés 3 / 7
A jobbra látható „Baromfiegészség” című fórum alapján válaszolj a kérdésre! A kérdés megválaszolásához kattints a táblázatban szereplő válaszlehetőségekre!
A fórumon néhány hozzászólás fontos a téma szempontjából, néhány azonban nem. Kattints az Igen vagy a Nem válaszra, hogy megjelöld, vajon az alábbi táblázatban található hozzászólások fontosak-e Iren_88 problémája szempontjából!
Fontos-e a hozzászólás Iren_88 problémája szempontjából?
Igen
Nem
NelliB79 hozzászólása
Móni hozzászólása
Ajánlat_szárnyastartóknak hozzászólása
Béla hozzászólása
Feri hozzászólása"
R548-ChickenForum,5,1,Hungarian,hun-HUN,PISA
R548-ChickenForum,5,2,Hungarian,hun-HUN,"www.baromfiegeszseg.hu/forum/aszpirin-csirkek
Baromfiegészség
Internetes tudnivalók a baromfik egészségével kapcsolatban
Rólunk
Fórum
Képek
Adjunk-e aszpirint a csirkéknek?
Iren_88 Témaindító hozzászólás Közzétéve: október 28., 18:12
Sziasztok! Szerintetek adhatok aszpirint a tyúkomnak? Két éves, és azt hiszem, megsérült a lába. Hétfőig nem tudok eljutni vele az állatorvoshoz, a doki pedig nem veszi fel a telefont. Úgy látom, hogy a tyúkomnak nagy fájdalmai vannak. Szeretnék adni neki valami gyógyszert, hogy addig is jobban legyen, amíg el tudom vinni a dokihoz. Előre is köszi a segítséget!
NelliB79 Közzétéve: október 28., 18:36
Azt nem tudom, lehet-e aszpirint adni a tyúkoknak. Én mindig kikérem az orvos tanácsát, mielőtt gyógyszert adok a madaraimnak. Úgy tudom, hogy némelyik gyógyszer, amit mi gond nélkül szedhetünk, a madarak számára nagyon veszélyes lehet.
Móni Közzétéve: október 28., 18:52
Én már adtam aszpirint az egyik tyúkomnak, amikor fájt valamije. Semmi baja nem lett tőle. Másnap elvittem a dokihoz, de addigra már jobban lett. De szerintem nem szabad túl sokat adni belőle, mert az veszélyes lehet, úgyhogy vigyázz, hogy nehogy túladagold! Remélem, jobban lesz!
Ajánlat_szárnyastartóknak Közzétéve: október 28., 19:07
Sziasztok! Nézzétek meg a madártartáshoz szükséges termékeimet! Mind akciós ajánlat!  Éppen nagy kiárusítást tartok!
Béla Közzétéve: október 28., 19:15
Tudja valaki, hogyan tudom megállapítani, ha egy csirke beteg? Köszi!
Feri Közzétéve: október 28.,19:21
Helló Irén! Állatorvos vagyok, főleg madarakat gyógyítok. Nyugodtan adhatsz a sérült csirkének aszpirint, ha látod rajta, hogy fájdalmai vannak. Én mindig úgy írom fel az aszpirint a madaraknak, ahogyan a Madárgyógyászat című szakkönyv előírja. Eszerint a csirkéknek  5 mg aszpirint kell kapniuk testsúlykilogrammonként. Ezt az adagot napi 3–4-szer adhatod, amíg el nem jutsz az állatorvoshoz. Nagyon fontos, hogy mindenképpen lássa állatorvos! Sok sikert!"
R548-ChickenForum,5,3,Hungarian,hun-HUN,"Baromfifórum Kérdés 4 / 7
A jobbra látható „Baromfiegészség” című fórum alapján válaszolj a kérdésre! A kérdés megválaszolásához kattints az egyik válaszlehetőségre!
Kinek volt pozitív tapasztalata sérült tyúknak adott aszpirinnel kapcsolatban?
Iren_88
NelliB79
Móni
Béla"
R548-ChickenForum,6,1,Hungarian,hun-HUN,PISA
R548-ChickenForum,6,2,Hungarian,hun-HUN,"www.baromfiegeszseg.hu/forum/aszpirin-csirkek
Baromfiegészség
Internetes tudnivalók a baromfik egészségével kapcsolatban
Rólunk
Fórum
Képek
Adjunk-e aszpirint a csirkéknek?
Iren_88 Témaindító hozzászólás Közzétéve: október 28., 18:12
Sziasztok! Szerintetek adhatok aszpirint a tyúkomnak? Két éves, és azt hiszem, megsérült a lába. Hétfőig nem tudok eljutni vele az állatorvoshoz, a doki pedig nem veszi fel a telefont. Úgy látom, hogy a tyúkomnak nagy fájdalmai vannak. Szeretnék adni neki valami gyógyszert, hogy addig is jobban legyen, amíg el tudom vinni a dokihoz. Előre is köszi a segítséget!
NelliB79 Közzétéve: október 28., 18:36
Azt nem tudom, lehet-e aszpirint adni a tyúkoknak. Én mindig kikérem az orvos tanácsát, mielőtt gyógyszert adok a madaraimnak. Úgy tudom, hogy némelyik gyógyszer, amit mi gond nélkül szedhetünk, a madarak számára nagyon veszélyes lehet.
Móni Közzétéve: október 28., 18:52
Én már adtam aszpirint az egyik tyúkomnak, amikor fájt valamije. Semmi baja nem lett tőle. Másnap elvittem a dokihoz, de addigra már jobban lett. De szerintem nem szabad túl sokat adni belőle, mert az veszélyes lehet, úgyhogy vigyázz, hogy nehogy túladagold! Remélem, jobban lesz!
Ajánlat_szárnyastartóknak Közzétéve: október 28., 19:07
Sziasztok! Nézzétek meg a madártartáshoz szükséges termékeimet! Mind akciós ajánlat!  Éppen nagy kiárusítást tartok!
Béla Közzétéve: október 28., 19:15
Tudja valaki, hogyan tudom megállapítani, ha egy csirke beteg? Köszi!
Feri Közzétéve: október 28.,19:21
Helló Irén! Állatorvos vagyok, főleg madarakat gyógyítok. Nyugodtan adhatsz a sérült csirkének aszpirint, ha látod rajta, hogy fájdalmai vannak. Én mindig úgy írom fel az aszpirint a madaraknak, ahogyan a Madárgyógyászat című szakkönyv előírja. Eszerint a csirkéknek  5 mg aszpirint kell kapniuk testsúlykilogrammonként. Ezt az adagot napi 3–4-szer adhatod, amíg el nem jutsz az állatorvoshoz. Nagyon fontos, hogy mindenképpen lássa állatorvos! Sok sikert!"
R548-ChickenForum,6,3,Hungarian,hun-HUN,"Baromfifórum Kérdés 5 / 7
A jobbra látható „Baromfiegészség” című fórum alapján válaszolj a kérdésre! A kérdés megválaszolásához kattints az egyik válaszlehetőségre!
Miért válaszolt Ajánlat_szárnyastartóknak Iren_88 hozzászólására?
Hogy reklámozza a vállalkozását.
Hogy válaszoljon Iren_88 kérdésére.
Hogy kiegészítse Móni tanácsát.
Hogy megmutassa, mennyire ért a madarakhoz."
R548-ChickenForum,7,1,Hungarian,hun-HUN,PISA
R548-ChickenForum,7,2,Hungarian,hun-HUN,"www.baromfiegeszseg.hu/forum/aszpirin-csirkek
Baromfiegészség
Internetes tudnivalók a baromfik egészségével kapcsolatban
Rólunk
Fórum
Képek
Adjunk-e aszpirint a csirkéknek?
Iren_88 Témaindító hozzászólás Közzétéve: október 28., 18:12
Sziasztok! Szerintetek adhatok aszpirint a tyúkomnak? Két éves, és azt hiszem, megsérült a lába. Hétfőig nem tudok eljutni vele az állatorvoshoz, a doki pedig nem veszi fel a telefont. Úgy látom, hogy a tyúkomnak nagy fájdalmai vannak. Szeretnék adni neki valami gyógyszert, hogy addig is jobban legyen, amíg el tudom vinni a dokihoz. Előre is köszi a segítséget!
NelliB79 Közzétéve: október 28., 18:36
Azt nem tudom, lehet-e aszpirint adni a tyúkoknak. Én mindig kikérem az orvos tanácsát, mielőtt gyógyszert adok a madaraimnak. Úgy tudom, hogy némelyik gyógyszer, amit mi gond nélkül szedhetünk, a madarak számára nagyon veszélyes lehet.
Móni Közzétéve: október 28., 18:52
Én már adtam aszpirint az egyik tyúkomnak, amikor fájt valamije. Semmi baja nem lett tőle. Másnap elvittem a dokihoz, de addigra már jobban lett. De szerintem nem szabad túl sokat adni belőle, mert az veszélyes lehet, úgyhogy vigyázz, hogy nehogy túladagold! Remélem, jobban lesz!
Ajánlat_szárnyastartóknak Közzétéve: október 28., 19:07
Sziasztok! Nézzétek meg a madártartáshoz szükséges termékeimet! Mind akciós ajánlat!  Éppen nagy kiárusítást tartok!
Béla Közzétéve: október 28., 19:15
Tudja valaki, hogyan tudom megállapítani, ha egy csirke beteg? Köszi!
Feri Közzétéve: október 28.,19:21
Helló Irén! Állatorvos vagyok, főleg madarakat gyógyítok. Nyugodtan adhatsz a sérült csirkének aszpirint, ha látod rajta, hogy fájdalmai vannak. Én mindig úgy írom fel az aszpirint a madaraknak, ahogyan a Madárgyógyászat című szakkönyv előírja. Eszerint a csirkéknek  5 mg aszpirint kell kapniuk testsúlykilogrammonként. Ezt az adagot napi 3–4-szer adhatod, amíg el nem jutsz az állatorvoshoz. Nagyon fontos, hogy mindenképpen lássa állatorvos! Sok sikert!"
R548-ChickenForum,7,3,Hungarian,hun-HUN,"Baromfifórum Kérdés 6 / 7
A jobbra látható „Baromfiegészség” című fórum alapján válaszolj a kérdésre! A kérdés megválaszolásához kattints az egyik válaszlehetőségre, majd gépelj be egy magyarázatot!
Ki adta a legmegbízhatóbb választ Iren_88 kérdésére?
NelliB79
Móni
Ajánlat_szárnyastartóknak
Feri
Indokold meg a válaszodat!"
R548-ChickenForum,8,1,Hungarian,hun-HUN,PISA
R548-ChickenForum,8,2,Hungarian,hun-HUN,"www.baromfiegeszseg.hu/forum/aszpirin-csirkek
Baromfiegészség
Internetes tudnivalók a baromfik egészségével kapcsolatban
Rólunk
Fórum
Képek
Adjunk-e aszpirint a csirkéknek?
Iren_88 Témaindító hozzászólás Közzétéve: október 28., 18:12
Sziasztok! Szerintetek adhatok aszpirint a tyúkomnak? Két éves, és azt hiszem, megsérült a lába. Hétfőig nem tudok eljutni vele az állatorvoshoz, a doki pedig nem veszi fel a telefont. Úgy látom, hogy a tyúkomnak nagy fájdalmai vannak. Szeretnék adni neki valami gyógyszert, hogy addig is jobban legyen, amíg el tudom vinni a dokihoz. Előre is köszi a segítséget!
NelliB79 Közzétéve: október 28., 18:36
Azt nem tudom, lehet-e aszpirint adni a tyúkoknak. Én mindig kikérem az orvos tanácsát, mielőtt gyógyszert adok a madaraimnak. Úgy tudom, hogy némelyik gyógyszer, amit mi gond nélkül szedhetünk, a madarak számára nagyon veszélyes lehet.
Móni Közzétéve: október 28., 18:52
Én már adtam aszpirint az egyik tyúkomnak, amikor fájt valamije. Semmi baja nem lett tőle. Másnap elvittem a dokihoz, de addigra már jobban lett. De szerintem nem szabad túl sokat adni belőle, mert az veszélyes lehet, úgyhogy vigyázz, hogy nehogy túladagold! Remélem, jobban lesz!
Ajánlat_szárnyastartóknak Közzétéve: október 28., 19:07
Sziasztok! Nézzétek meg a madártartáshoz szükséges termékeimet! Mind akciós ajánlat!  Éppen nagy kiárusítást tartok!
Béla Közzétéve: október 28., 19:15
Tudja valaki, hogyan tudom megállapítani, ha egy csirke beteg? Köszi!
Feri Közzétéve: október 28.,19:21
Helló Irén! Állatorvos vagyok, főleg madarakat gyógyítok. Nyugodtan adhatsz a sérült csirkének aszpirint, ha látod rajta, hogy fájdalmai vannak. Én mindig úgy írom fel az aszpirint a madaraknak, ahogyan a Madárgyógyászat című szakkönyv előírja. Eszerint a csirkéknek  5 mg aszpirint kell kapniuk testsúlykilogrammonként. Ezt az adagot napi 3–4-szer adhatod, amíg el nem jutsz az állatorvoshoz. Nagyon fontos, hogy mindenképpen lássa állatorvos! Sok sikert!"
R548-ChickenForum,8,3,Hungarian,hun-HUN,"Baromfifórum Kérdés 7 / 7
A jobbra látható „Baromfiegészség” című fórum alapján válaszolj a kérdésre! Gépeld be a válaszodat!
Miért nem tudta Feri megírni Iren_88-nak, hogy pontosan mennyi aszpirint adjon a tyúkjának?"
R548-ChickenForum,9,1,Hungarian,hun-HUN,PISA
R548-ChickenForum,9,2,Hungarian,hun-HUN,"www.baromfiegeszseg.hu/forum/aszpirin-csirkek
Baromfiegészség
Internetes tudnivalók a baromfik egészségével kapcsolatban
Rólunk
Fórum
Képek
Adjunk-e aszpirint a csirkéknek?
Iren_88 Témaindító hozzászólás Közzétéve: október 28., 18:12
Sziasztok! Szerintetek adhatok aszpirint a tyúkomnak? Két éves, és azt hiszem, megsérült a lába. Hétfőig nem tudok eljutni vele az állatorvoshoz, a doki pedig nem veszi fel a telefont. Úgy látom, hogy a tyúkomnak nagy fájdalmai vannak. Szeretnék adni neki valami gyógyszert, hogy addig is jobban legyen, amíg el tudom vinni a dokihoz. Előre is köszi a segítséget!
NelliB79 Közzétéve: október 28., 18:36
Azt nem tudom, lehet-e aszpirint adni a tyúkoknak. Én mindig kikérem az orvos tanácsát, mielőtt gyógyszert adok a madaraimnak. Úgy tudom, hogy némelyik gyógyszer, amit mi gond nélkül szedhetünk, a madarak számára nagyon veszélyes lehet.
Móni Közzétéve: október 28., 18:52
Én már adtam aszpirint az egyik tyúkomnak, amikor fájt valamije. Semmi baja nem lett tőle. Másnap elvittem a dokihoz, de addigra már jobban lett. De szerintem nem szabad túl sokat adni belőle, mert az veszélyes lehet, úgyhogy vigyázz, hogy nehogy túladagold! Remélem, jobban lesz!
Ajánlat_szárnyastartóknak Közzétéve: október 28., 19:07
Sziasztok! Nézzétek meg a madártartáshoz szükséges termékeimet! Mind akciós ajánlat!  Éppen nagy kiárusítást tartok!
Béla Közzétéve: október 28., 19:15
Tudja valaki, hogyan tudom megállapítani, ha egy csirke beteg? Köszi!
Feri Közzétéve: október 28.,19:21
Helló Irén! Állatorvos vagyok, főleg madarakat gyógyítok. Nyugodtan adhatsz a sérült csirkének aszpirint, ha látod rajta, hogy fájdalmai vannak. Én mindig úgy írom fel az aszpirint a madaraknak, ahogyan a Madárgyógyászat című szakkönyv előírja. Eszerint a csirkéknek  5 mg aszpirint kell kapniuk testsúlykilogrammonként. Ezt az adagot napi 3–4-szer adhatod, amíg el nem jutsz az állatorvoshoz. Nagyon fontos, hogy mindenképpen lássa állatorvos! Sok sikert!"
R548-ChickenForum,9,3,Hungarian,hun-HUN,"Baromfifórum Kérdés 7 / 7
A jobbra látható „Baromfiegészség” című fórum alapján válaszolj a kérdésre! Gépeld be a válaszodat!
Miért nem tudta Feri megírni Iren_88-nak, hogy pontosan mennyi aszpirint adjon a tyúkjának?"
R548-ChickenForum,10,1,Hungarian,hun-HUN,PISA
R548-ChickenForum,10,2,Hungarian,hun-HUN,"www.baromfiegeszseg.hu/forum/aszpirin-csirkek
Baromfiegészség
Internetes tudnivalók a baromfik egészségével kapcsolatban
Rólunk
Fórum
Képek
Adjunk-e aszpirint a csirkéknek?
Iren_88 Témaindító hozzászólás Közzétéve: október 28., 18:12
Sziasztok! Szerintetek adhatok aszpirint a tyúkomnak? Két éves, és azt hiszem, megsérült a lába. Hétfőig nem tudok eljutni vele az állatorvoshoz, a doki pedig nem veszi fel a telefont. Úgy látom, hogy a tyúkomnak nagy fájdalmai vannak. Szeretnék adni neki valami gyógyszert, hogy addig is jobban legyen, amíg el tudom vinni a dokihoz. Előre is köszi a segítséget!
NelliB79 Közzétéve: október 28., 18:36
Azt nem tudom, lehet-e aszpirint adni a tyúkoknak. Én mindig kikérem az orvos tanácsát, mielőtt gyógyszert adok a madaraimnak. Úgy tudom, hogy némelyik gyógyszer, amit mi gond nélkül szedhetünk, a madarak számára nagyon veszélyes lehet.
Móni Közzétéve: október 28., 18:52
Én már adtam aszpirint az egyik tyúkomnak, amikor fájt valamije. Semmi baja nem lett tőle. Másnap elvittem a dokihoz, de addigra már jobban lett. De szerintem nem szabad túl sokat adni belőle, mert az veszélyes lehet, úgyhogy vigyázz, hogy nehogy túladagold! Remélem, jobban lesz!
Ajánlat_szárnyastartóknak Közzétéve: október 28., 19:07
Sziasztok! Nézzétek meg a madártartáshoz szükséges termékeimet! Mind akciós ajánlat!  Éppen nagy kiárusítást tartok!
Béla Közzétéve: október 28., 19:15
Tudja valaki, hogyan tudom megállapítani, ha egy csirke beteg? Köszi!
Feri Közzétéve: október 28.,19:21
Helló Irén! Állatorvos vagyok, főleg madarakat gyógyítok. Nyugodtan adhatsz a sérült csirkének aszpirint, ha látod rajta, hogy fájdalmai vannak. Én mindig úgy írom fel az aszpirint a madaraknak, ahogyan a Madárgyógyászat című szakkönyv előírja. Eszerint a csirkéknek  5 mg aszpirint kell kapniuk testsúlykilogrammonként. Ezt az adagot napi 3–4-szer adhatod, amíg el nem jutsz az állatorvoshoz. Nagyon fontos, hogy mindenképpen lássa állatorvos! Sok sikert!"
R548-ChickenForum,10,3,Hungarian,hun-HUN,"Baromfifórum Kérdés 7 / 7
A jobbra látható „Baromfiegészség” című fórum alapján válaszolj a kérdésre! Gépeld be a válaszodat!
Miért nem tudta Feri megírni Iren_88-nak, hogy pontosan mennyi aszpirint adjon a tyúkjának?"
R548-ChickenForum,1,1,Icelandic,isl-ISL,PISA
R548-ChickenForum,1,2,Icelandic,isl-ISL,"Spjallsíða um kjúklinga Inngangur
Lestu innganginn. Smelltu síðan á NÆST örina.
Þú ert í heimsókn hjá ættingjum sem fluttu nýlega á sveitabýli til að rækta kjúklinga. Þú spyrð móðursystur þína, „Hvernig lærðuð þið kjúklingarækt?“
Hún segir, „Við töluðum við fjölmarga sem rækta kjúklinga. Og það er mikið af efni á internetinu. Til dæmis skoða ég gjarnan spjallsíðu um heilbrigði kjúklinga. Það var mjög gagnlegt fyrir mig nýlega þegar ein af hænunum meiddist á fæti. Ég skal sýna þér samtalið sem ég átti.“
Smelltu á  NÆST örina til að lesa spjallið."
R548-ChickenForum,2,1,Icelandic,isl-ISL,PISA
R548-ChickenForum,2,2,Icelandic,isl-ISL,"www.heilbrigdikjuklinga.is/spjall/aspirin-kjuklingar
Heilbrigði kjúklinga
Vefsíðan um heilbrigði kjúklinga
Um okkur
Spjall
Myndir
Að gefa kjúklingum aspirín
Inga_88 Höfundur færslu Birt 28. október 18:12
Hæ öll saman! Er í lagi að ég gefi hænunni minni aspirín? Hún er 2 ára og ég held að hún hafi meiðst á fæti. Ég kemst ekki til dýralæknis fyrr en á mánudaginn og dýralæknirinn svarar ekki símanum. Hænan virðist finna mikið til. Ég vildi gefa henni eitthvað svo henni líði betur þar til ég kemst til dýralæknisins. Takk fyrir hjálpina.
NínaB79 Birt 28. október 18:36
Ég veit ekki hvort það er hættulaust að gefa hænum aspirín. Ég tala alltaf við dýralækninn minn áður en ég gef fuglunum mínum lyf. Ég veit að sum lyf sem eru mönnum hættulaus geta verið hættuleg fyrir fugla.
María Birt 28. október 18:52
Ég gaf einni hænunni minni aspirín þegar hún meiddist. Það var ekkert vandamál. Daginn eftir fór ég til dýralæknisins en hún var strax orðin betri. Ég held að það gæti verið hættulegt að gefa henni of mikið, svo þú skalt ekki gefa stærri skammt en er hámark! Ég vona að henni líði betur!
Tilboð_Fuglavörur Birt 28. október 19:07
Hæ! Ekki gleyma að athuga frábæru tilboðin mín á öllum fuglavörum. Núna er ég með risaútsölu!
Bubbi Birt 28. október 19:15
Getur einhver sagt mér hvernig maður finnur út hvort kjúklingur er veikur? Takk.
Friðrik Birt 28. október 19:21
Hæ Inga, Ég er dýralæknir með fuglasjúkdóma sem sérgrein. Það er í lagi að gefa kjúklingum með sár aspirín ef þeir sýna merki um að þeir finni til. Þegar ég ákveð magn af aspiríni fyrir fugla fer ég eftir viðmiðunum sem eru gefin út í Lyfjagjöf fugla. Kjúklingar ættu að fá 5 mg af aspiríni fyrir hvert kg líkamsþyngdar. Þetta máttu gefa 3-4 sinnum á dag þar til þú hittir dýralækninn þinn. Það er mjög mikilvægt að láta dýralækninn þinn fylgjast með. Gangi þér vel!"
R548-ChickenForum,2,3,Icelandic,isl-ISL,"Spjallsíða um kjúklinga Spurning 1 / 7
Vísaðu til spjallsíðunnar Heilbrigði kjúklinga til hægri. Smelltu á valmöguleika til að svara spurningunni.
Hvað vill Inga_88 fá að vita?
Hvort hún geti gefið meiddri hænu aspirín.
Hversu oft hún geti gefið meiddri hænu aspirín.
Hvernig eigi að ná í dýralækni út af meiddri hænu.
Hvort hún geti fundið út hve mikinn verk meidd hæna er með."
R548-ChickenForum,3,1,Icelandic,isl-ISL,PISA
R548-ChickenForum,3,2,Icelandic,isl-ISL,"www.heilbrigdikjuklinga.is/spjall/aspirin-kjuklingar
Heilbrigði kjúklinga
Vefsíðan um heilbrigði kjúklinga
Um okkur
Spjall
Myndir
Að gefa kjúklingum aspirín
Inga_88 Höfundur færslu Birt 28. október 18:12
Hæ öll saman! Er í lagi að ég gefi hænunni minni aspirín? Hún er 2 ára og ég held að hún hafi meiðst á fæti. Ég kemst ekki til dýralæknis fyrr en á mánudaginn og dýralæknirinn svarar ekki símanum. Hænan virðist finna mikið til. Ég vildi gefa henni eitthvað svo henni líði betur þar til ég kemst til dýralæknisins. Takk fyrir hjálpina.
NínaB79 Birt 28. október 18:36
Ég veit ekki hvort það er hættulaust að gefa hænum aspirín. Ég tala alltaf við dýralækninn minn áður en ég gef fuglunum mínum lyf. Ég veit að sum lyf sem eru mönnum hættulaus geta verið hættuleg fyrir fugla.
María Birt 28. október 18:52
Ég gaf einni hænunni minni aspirín þegar hún meiddist. Það var ekkert vandamál. Daginn eftir fór ég til dýralæknisins en hún var strax orðin betri. Ég held að það gæti verið hættulegt að gefa henni of mikið, svo þú skalt ekki gefa stærri skammt en er hámark! Ég vona að henni líði betur!
Tilboð_Fuglavörur Birt 28. október 19:07
Hæ! Ekki gleyma að athuga frábæru tilboðin mín á öllum fuglavörum. Núna er ég með risaútsölu!
Bubbi Birt 28. október 19:15
Getur einhver sagt mér hvernig maður finnur út hvort kjúklingur er veikur? Takk.
Friðrik Birt 28. október 19:21
Hæ Inga, Ég er dýralæknir með fuglasjúkdóma sem sérgrein. Það er í lagi að gefa kjúklingum með sár aspirín ef þeir sýna merki um að þeir finni til. Þegar ég ákveð magn af aspiríni fyrir fugla fer ég eftir viðmiðunum sem eru gefin út í Lyfjagjöf fugla. Kjúklingar ættu að fá 5 mg af aspiríni fyrir hvert kg líkamsþyngdar. Þetta máttu gefa 3-4 sinnum á dag þar til þú hittir dýralækninn þinn. Það er mjög mikilvægt að láta dýralækninn þinn fylgjast með. Gangi þér vel!"
R548-ChickenForum,3,3,Icelandic,isl-ISL,"Spjallsíða um kjúklinga Spurning 2 / 7
Vísaðu til spjallsíðunnar Heilbrigði kjúklinga til hægri. Smelltu á valmöguleika til að svara spurningunni.
Af hverju ákveður Inga_88 að setja spurninguna á spjallsíðuna?
Af því að hún veit ekki hvernig á að finna dýralækni.
Af því að henni finnst vandamál hænunnar ekki alvarlegt.
Af því að hún vill hjálpa hænunni sinni eins fljótt og mögulegt er.
Af því að hún hefur ekki efni á að fara til dýralæknis."
R548-ChickenForum,4,1,Icelandic,isl-ISL,PISA
R548-ChickenForum,4,2,Icelandic,isl-ISL,"www.heilbrigdikjuklinga.is/spjall/aspirin-kjuklingar
Heilbrigði kjúklinga
Vefsíðan um heilbrigði kjúklinga
Um okkur
Spjall
Myndir
Að gefa kjúklingum aspirín
Inga_88 Höfundur færslu Birt 28. október 18:12
Hæ öll saman! Er í lagi að ég gefi hænunni minni aspirín? Hún er 2 ára og ég held að hún hafi meiðst á fæti. Ég kemst ekki til dýralæknis fyrr en á mánudaginn og dýralæknirinn svarar ekki símanum. Hænan virðist finna mikið til. Ég vildi gefa henni eitthvað svo henni líði betur þar til ég kemst til dýralæknisins. Takk fyrir hjálpina.
NínaB79 Birt 28. október 18:36
Ég veit ekki hvort það er hættulaust að gefa hænum aspirín. Ég tala alltaf við dýralækninn minn áður en ég gef fuglunum mínum lyf. Ég veit að sum lyf sem eru mönnum hættulaus geta verið hættuleg fyrir fugla.
María Birt 28. október 18:52
Ég gaf einni hænunni minni aspirín þegar hún meiddist. Það var ekkert vandamál. Daginn eftir fór ég til dýralæknisins en hún var strax orðin betri. Ég held að það gæti verið hættulegt að gefa henni of mikið, svo þú skalt ekki gefa stærri skammt en er hámark! Ég vona að henni líði betur!
Tilboð_Fuglavörur Birt 28. október 19:07
Hæ! Ekki gleyma að athuga frábæru tilboðin mín á öllum fuglavörum. Núna er ég með risaútsölu!
Bubbi Birt 28. október 19:15
Getur einhver sagt mér hvernig maður finnur út hvort kjúklingur er veikur? Takk.
Friðrik Birt 28. október 19:21
Hæ Inga, Ég er dýralæknir með fuglasjúkdóma sem sérgrein. Það er í lagi að gefa kjúklingum með sár aspirín ef þeir sýna merki um að þeir finni til. Þegar ég ákveð magn af aspiríni fyrir fugla fer ég eftir viðmiðunum sem eru gefin út í Lyfjagjöf fugla. Kjúklingar ættu að fá 5 mg af aspiríni fyrir hvert kg líkamsþyngdar. Þetta máttu gefa 3-4 sinnum á dag þar til þú hittir dýralækninn þinn. Það er mjög mikilvægt að láta dýralækninn þinn fylgjast með. Gangi þér vel!"
R548-ChickenForum,4,3,Icelandic,isl-ISL,"Spjallsíða um kjúklinga Spurning 3 / 7
Vísaðu til spjallsíðunnar Heilbrigði kjúklinga til hægri.  Smelltu á valmöguleikana í töflunni til að svara spurningunni.
Sumar færslur á spjallsíðunni geta átt við um efnið en sumar færslur ekki. Smelltu annaðhvort á Já eða Nei til að gefa til kynna hvort færslurnar í töflunni fyrir neðan eigi við um vandamál Ingu_88.
Á færslan við um vandamál Ingu_88?
Já
Nei
Færsla NínuB79
Færsla Maríu
Færsla Tilboð_Fuglavörur
Færsla Bubba
Færsla Friðriks"
R548-ChickenForum,5,1,Icelandic,isl-ISL,PISA
R548-ChickenForum,5,2,Icelandic,isl-ISL,"www.heilbrigdikjuklinga.is/spjall/aspirin-kjuklingar
Heilbrigði kjúklinga
Vefsíðan um heilbrigði kjúklinga
Um okkur
Spjall
Myndir
Að gefa kjúklingum aspirín
Inga_88 Höfundur færslu Birt 28. október 18:12
Hæ öll saman! Er í lagi að ég gefi hænunni minni aspirín? Hún er 2 ára og ég held að hún hafi meiðst á fæti. Ég kemst ekki til dýralæknis fyrr en á mánudaginn og dýralæknirinn svarar ekki símanum. Hænan virðist finna mikið til. Ég vildi gefa henni eitthvað svo henni líði betur þar til ég kemst til dýralæknisins. Takk fyrir hjálpina.
NínaB79 Birt 28. október 18:36
Ég veit ekki hvort það er hættulaust að gefa hænum aspirín. Ég tala alltaf við dýralækninn minn áður en ég gef fuglunum mínum lyf. Ég veit að sum lyf sem eru mönnum hættulaus geta verið hættuleg fyrir fugla.
María Birt 28. október 18:52
Ég gaf einni hænunni minni aspirín þegar hún meiddist. Það var ekkert vandamál. Daginn eftir fór ég til dýralæknisins en hún var strax orðin betri. Ég held að það gæti verið hættulegt að gefa henni of mikið, svo þú skalt ekki gefa stærri skammt en er hámark! Ég vona að henni líði betur!
Tilboð_Fuglavörur Birt 28. október 19:07
Hæ! Ekki gleyma að athuga frábæru tilboðin mín á öllum fuglavörum. Núna er ég með risaútsölu!
Bubbi Birt 28. október 19:15
Getur einhver sagt mér hvernig maður finnur út hvort kjúklingur er veikur? Takk.
Friðrik Birt 28. október 19:21
Hæ Inga, Ég er dýralæknir með fuglasjúkdóma sem sérgrein. Það er í lagi að gefa kjúklingum með sár aspirín ef þeir sýna merki um að þeir finni til. Þegar ég ákveð magn af aspiríni fyrir fugla fer ég eftir viðmiðunum sem eru gefin út í Lyfjagjöf fugla. Kjúklingar ættu að fá 5 mg af aspiríni fyrir hvert kg líkamsþyngdar. Þetta máttu gefa 3-4 sinnum á dag þar til þú hittir dýralækninn þinn. Það er mjög mikilvægt að láta dýralækninn þinn fylgjast með. Gangi þér vel!"
R548-ChickenForum,5,3,Icelandic,isl-ISL,"Spjallsíða um kjúklinga Spurning 4 / 7
Vísaðu til spjallsíðunnar Heilbrigði kjúklinga til hægri. Smelltu á valmöguleika til að svara spurningunni.
Hver hefur jákvæða reynslu af því að gefa meiddri hænu aspirín?
Inga_88
NínaB79
María
Bubbi"
R548-ChickenForum,6,1,Icelandic,isl-ISL,PISA
R548-ChickenForum,6,2,Icelandic,isl-ISL,"www.heilbrigdikjuklinga.is/spjall/aspirin-kjuklingar
Heilbrigði kjúklinga
Vefsíðan um heilbrigði kjúklinga
Um okkur
Spjall
Myndir
Að gefa kjúklingum aspirín
Inga_88 Höfundur færslu Birt 28. október 18:12
Hæ öll saman! Er í lagi að ég gefi hænunni minni aspirín? Hún er 2 ára og ég held að hún hafi meiðst á fæti. Ég kemst ekki til dýralæknis fyrr en á mánudaginn og dýralæknirinn svarar ekki símanum. Hænan virðist finna mikið til. Ég vildi gefa henni eitthvað svo henni líði betur þar til ég kemst til dýralæknisins. Takk fyrir hjálpina.
NínaB79 Birt 28. október 18:36
Ég veit ekki hvort það er hættulaust að gefa hænum aspirín. Ég tala alltaf við dýralækninn minn áður en ég gef fuglunum mínum lyf. Ég veit að sum lyf sem eru mönnum hættulaus geta verið hættuleg fyrir fugla.
María Birt 28. október 18:52
Ég gaf einni hænunni minni aspirín þegar hún meiddist. Það var ekkert vandamál. Daginn eftir fór ég til dýralæknisins en hún var strax orðin betri. Ég held að það gæti verið hættulegt að gefa henni of mikið, svo þú skalt ekki gefa stærri skammt en er hámark! Ég vona að henni líði betur!
Tilboð_Fuglavörur Birt 28. október 19:07
Hæ! Ekki gleyma að athuga frábæru tilboðin mín á öllum fuglavörum. Núna er ég með risaútsölu!
Bubbi Birt 28. október 19:15
Getur einhver sagt mér hvernig maður finnur út hvort kjúklingur er veikur? Takk.
Friðrik Birt 28. október 19:21
Hæ Inga, Ég er dýralæknir með fuglasjúkdóma sem sérgrein. Það er í lagi að gefa kjúklingum með sár aspirín ef þeir sýna merki um að þeir finni til. Þegar ég ákveð magn af aspiríni fyrir fugla fer ég eftir viðmiðunum sem eru gefin út í Lyfjagjöf fugla. Kjúklingar ættu að fá 5 mg af aspiríni fyrir hvert kg líkamsþyngdar. Þetta máttu gefa 3-4 sinnum á dag þar til þú hittir dýralækninn þinn. Það er mjög mikilvægt að láta dýralækninn þinn fylgjast með. Gangi þér vel!"
R548-ChickenForum,6,3,Icelandic,isl-ISL,"Spjallsíða um kjúklinga Spurning 5 / 7
Vísaðu til spjallsíðunnar Heilbrigði kjúklinga til hægri. Smelltu á valmöguleika til að svara spurningunni.
Af hverju svarar Tilboð_Fuglavörur færslu Ingu_88?
Til að auglýsa fyrirtækið.
Til að svara spurningu Ingu_88.
Til að bæta við ráðleggingar Maríu.
Til að sýna sérfræðiþekkingu á fuglum."
R548-ChickenForum,7,1,Icelandic,isl-ISL,PISA
R548-ChickenForum,7,2,Icelandic,isl-ISL,"www.heilbrigdikjuklinga.is/spjall/aspirin-kjuklingar
Heilbrigði kjúklinga
Vefsíðan um heilbrigði kjúklinga
Um okkur
Spjall
Myndir
Að gefa kjúklingum aspirín
Inga_88 Höfundur færslu Birt 28. október 18:12
Hæ öll saman! Er í lagi að ég gefi hænunni minni aspirín? Hún er 2 ára og ég held að hún hafi meiðst á fæti. Ég kemst ekki til dýralæknis fyrr en á mánudaginn og dýralæknirinn svarar ekki símanum. Hænan virðist finna mikið til. Ég vildi gefa henni eitthvað svo henni líði betur þar til ég kemst til dýralæknisins. Takk fyrir hjálpina.
NínaB79 Birt 28. október 18:36
Ég veit ekki hvort það er hættulaust að gefa hænum aspirín. Ég tala alltaf við dýralækninn minn áður en ég gef fuglunum mínum lyf. Ég veit að sum lyf sem eru mönnum hættulaus geta verið hættuleg fyrir fugla.
María Birt 28. október 18:52
Ég gaf einni hænunni minni aspirín þegar hún meiddist. Það var ekkert vandamál. Daginn eftir fór ég til dýralæknisins en hún var strax orðin betri. Ég held að það gæti verið hættulegt að gefa henni of mikið, svo þú skalt ekki gefa stærri skammt en er hámark! Ég vona að henni líði betur!
Tilboð_Fuglavörur Birt 28. október 19:07
Hæ! Ekki gleyma að athuga frábæru tilboðin mín á öllum fuglavörum. Núna er ég með risaútsölu!
Bubbi Birt 28. október 19:15
Getur einhver sagt mér hvernig maður finnur út hvort kjúklingur er veikur? Takk.
Friðrik Birt 28. október 19:21
Hæ Inga, Ég er dýralæknir með fuglasjúkdóma sem sérgrein. Það er í lagi að gefa kjúklingum með sár aspirín ef þeir sýna merki um að þeir finni til. Þegar ég ákveð magn af aspiríni fyrir fugla fer ég eftir viðmiðunum sem eru gefin út í Lyfjagjöf fugla. Kjúklingar ættu að fá 5 mg af aspiríni fyrir hvert kg líkamsþyngdar. Þetta máttu gefa 3-4 sinnum á dag þar til þú hittir dýralækninn þinn. Það er mjög mikilvægt að láta dýralækninn þinn fylgjast með. Gangi þér vel!"
R548-ChickenForum,7,3,Icelandic,isl-ISL,"Spjallsíða um kjúklinga Spurning 6 / 7
Vísaðu til spjallsíðunnar Heilbrigði kjúklinga til hægri. Smelltu á valmöguleika og skrifaðu síðan útskýringu til að svara spurningunni.
Hver setti inn áreiðanlegasta svarið við spurningu Ingu_88?
NínaB79
María
Tilboð_Fuglavörur
Friðrik
Rökstyddu svar þitt."
R548-ChickenForum,8,1,Icelandic,isl-ISL,PISA
R548-ChickenForum,8,2,Icelandic,isl-ISL,"www.heilbrigdikjuklinga.is/spjall/aspirin-kjuklingar
Heilbrigði kjúklinga
Vefsíðan um heilbrigði kjúklinga
Um okkur
Spjall
Myndir
Að gefa kjúklingum aspirín
Inga_88 Höfundur færslu Birt 28. október 18:12
Hæ öll saman! Er í lagi að ég gefi hænunni minni aspirín? Hún er 2 ára og ég held að hún hafi meiðst á fæti. Ég kemst ekki til dýralæknis fyrr en á mánudaginn og dýralæknirinn svarar ekki símanum. Hænan virðist finna mikið til. Ég vildi gefa henni eitthvað svo henni líði betur þar til ég kemst til dýralæknisins. Takk fyrir hjálpina.
NínaB79 Birt 28. október 18:36
Ég veit ekki hvort það er hættulaust að gefa hænum aspirín. Ég tala alltaf við dýralækninn minn áður en ég gef fuglunum mínum lyf. Ég veit að sum lyf sem eru mönnum hættulaus geta verið hættuleg fyrir fugla.
María Birt 28. október 18:52
Ég gaf einni hænunni minni aspirín þegar hún meiddist. Það var ekkert vandamál. Daginn eftir fór ég til dýralæknisins en hún var strax orðin betri. Ég held að það gæti verið hættulegt að gefa henni of mikið, svo þú skalt ekki gefa stærri skammt en er hámark! Ég vona að henni líði betur!
Tilboð_Fuglavörur Birt 28. október 19:07
Hæ! Ekki gleyma að athuga frábæru tilboðin mín á öllum fuglavörum. Núna er ég með risaútsölu!
Bubbi Birt 28. október 19:15
Getur einhver sagt mér hvernig maður finnur út hvort kjúklingur er veikur? Takk.
Friðrik Birt 28. október 19:21
Hæ Inga, Ég er dýralæknir með fuglasjúkdóma sem sérgrein. Það er í lagi að gefa kjúklingum með sár aspirín ef þeir sýna merki um að þeir finni til. Þegar ég ákveð magn af aspiríni fyrir fugla fer ég eftir viðmiðunum sem eru gefin út í Lyfjagjöf fugla. Kjúklingar ættu að fá 5 mg af aspiríni fyrir hvert kg líkamsþyngdar. Þetta máttu gefa 3-4 sinnum á dag þar til þú hittir dýralækninn þinn. Það er mjög mikilvægt að láta dýralækninn þinn fylgjast með. Gangi þér vel!"
R548-ChickenForum,8,3,Icelandic,isl-ISL,"Spjallsíða um kjúklinga Spurning 7 / 7
Vísaðu til spjallsíðunnar Heilbrigði kjúklinga til hægri. Skrifaðu svar þitt við spurningunni.
Af hverju getur Friðrik ekki sagt Ingu_88 nákvæmlega hve mikið aspirín hænan hennar þarf?"
R548-ChickenForum,9,1,Icelandic,isl-ISL,PISA
R548-ChickenForum,9,2,Icelandic,isl-ISL,"www.heilbrigdikjuklinga.is/spjall/aspirin-kjuklingar
Heilbrigði kjúklinga
Vefsíðan um heilbrigði kjúklinga
Um okkur
Spjall
Myndir
Að gefa kjúklingum aspirín
Inga_88 Höfundur færslu Birt 28. október 18:12
Hæ öll saman! Er í lagi að ég gefi hænunni minni aspirín? Hún er 2 ára og ég held að hún hafi meiðst á fæti. Ég kemst ekki til dýralæknis fyrr en á mánudaginn og dýralæknirinn svarar ekki símanum. Hænan virðist finna mikið til. Ég vildi gefa henni eitthvað svo henni líði betur þar til ég kemst til dýralæknisins. Takk fyrir hjálpina.
NínaB79 Birt 28. október 18:36
Ég veit ekki hvort það er hættulaust að gefa hænum aspirín. Ég tala alltaf við dýralækninn minn áður en ég gef fuglunum mínum lyf. Ég veit að sum lyf sem eru mönnum hættulaus geta verið hættuleg fyrir fugla.
María Birt 28. október 18:52
Ég gaf einni hænunni minni aspirín þegar hún meiddist. Það var ekkert vandamál. Daginn eftir fór ég til dýralæknisins en hún var strax orðin betri. Ég held að það gæti verið hættulegt að gefa henni of mikið, svo þú skalt ekki gefa stærri skammt en er hámark! Ég vona að henni líði betur!
Tilboð_Fuglavörur Birt 28. október 19:07
Hæ! Ekki gleyma að athuga frábæru tilboðin mín á öllum fuglavörum. Núna er ég með risaútsölu!
Bubbi Birt 28. október 19:15
Getur einhver sagt mér hvernig maður finnur út hvort kjúklingur er veikur? Takk.
Friðrik Birt 28. október 19:21
Hæ Inga, Ég er dýralæknir með fuglasjúkdóma sem sérgrein. Það er í lagi að gefa kjúklingum með sár aspirín ef þeir sýna merki um að þeir finni til. Þegar ég ákveð magn af aspiríni fyrir fugla fer ég eftir viðmiðunum sem eru gefin út í Lyfjagjöf fugla. Kjúklingar ættu að fá 5 mg af aspiríni fyrir hvert kg líkamsþyngdar. Þetta máttu gefa 3-4 sinnum á dag þar til þú hittir dýralækninn þinn. Það er mjög mikilvægt að láta dýralækninn þinn fylgjast með. Gangi þér vel!"
R548-ChickenForum,9,3,Icelandic,isl-ISL,"Spjallsíða um kjúklinga Spurning 7 / 7
Vísaðu til spjallsíðunnar Heilbrigði kjúklinga til hægri. Skrifaðu svar þitt við spurningunni.
Af hverju getur Friðrik ekki sagt Ingu_88 nákvæmlega hve mikið aspirín hænan hennar þarf?"
R548-ChickenForum,10,1,Icelandic,isl-ISL,PISA
R548-ChickenForum,10,2,Icelandic,isl-ISL,"www.heilbrigdikjuklinga.is/spjall/aspirin-kjuklingar
Heilbrigði kjúklinga
Vefsíðan um heilbrigði kjúklinga
Um okkur
Spjall
Myndir
Að gefa kjúklingum aspirín
Inga_88 Höfundur færslu Birt 28. október 18:12
Hæ öll saman! Er í lagi að ég gefi hænunni minni aspirín? Hún er 2 ára og ég held að hún hafi meiðst á fæti. Ég kemst ekki til dýralæknis fyrr en á mánudaginn og dýralæknirinn svarar ekki símanum. Hænan virðist finna mikið til. Ég vildi gefa henni eitthvað svo henni líði betur þar til ég kemst til dýralæknisins. Takk fyrir hjálpina.
NínaB79 Birt 28. október 18:36
Ég veit ekki hvort það er hættulaust að gefa hænum aspirín. Ég tala alltaf við dýralækninn minn áður en ég gef fuglunum mínum lyf. Ég veit að sum lyf sem eru mönnum hættulaus geta verið hættuleg fyrir fugla.
María Birt 28. október 18:52
Ég gaf einni hænunni minni aspirín þegar hún meiddist. Það var ekkert vandamál. Daginn eftir fór ég til dýralæknisins en hún var strax orðin betri. Ég held að það gæti verið hættulegt að gefa henni of mikið, svo þú skalt ekki gefa stærri skammt en er hámark! Ég vona að henni líði betur!
Tilboð_Fuglavörur Birt 28. október 19:07
Hæ! Ekki gleyma að athuga frábæru tilboðin mín á öllum fuglavörum. Núna er ég með risaútsölu!
Bubbi Birt 28. október 19:15
Getur einhver sagt mér hvernig maður finnur út hvort kjúklingur er veikur? Takk.
Friðrik Birt 28. október 19:21
Hæ Inga, Ég er dýralæknir með fuglasjúkdóma sem sérgrein. Það er í lagi að gefa kjúklingum með sár aspirín ef þeir sýna merki um að þeir finni til. Þegar ég ákveð magn af aspiríni fyrir fugla fer ég eftir viðmiðunum sem eru gefin út í Lyfjagjöf fugla. Kjúklingar ættu að fá 5 mg af aspiríni fyrir hvert kg líkamsþyngdar. Þetta máttu gefa 3-4 sinnum á dag þar til þú hittir dýralækninn þinn. Það er mjög mikilvægt að láta dýralækninn þinn fylgjast með. Gangi þér vel!"
R548-ChickenForum,10,3,Icelandic,isl-ISL,"Spjallsíða um kjúklinga Spurning 7 / 7
Vísaðu til spjallsíðunnar Heilbrigði kjúklinga til hægri. Skrifaðu svar þitt við spurningunni.
Af hverju getur Friðrik ekki sagt Ingu_88 nákvæmlega hve mikið aspirín hænan hennar þarf?"
R548-ChickenForum,1,1,Indonesian,ind-IDN,PISA
R548-ChickenForum,1,2,Indonesian,ind-IDN,"Forum Unggas Pengantar
Bacalah Pengantar berikut ini. Kemudian klik pada tanda panah SELANJUTNYA.
Kamu sedang mengunjungi sanak saudaramu yang baru saja pindah ke sebuah peternakan untuk memelihara ayam. Kamu bertanya pada bibimu, “Bagaimana bibi belajar cara memelihara ayam?”
Ia berkata, “Kami banyak berkonsultasi dengan orang yang juga memelihara ayam. Lagipula, ada banyak sumber informasi di Internet. Misalnya, ada sebuah Forum Kesehatan Unggas yang bibi suka kunjungi. Forum tersebut sangat membantuku belakangan ini ketika salah satu dari ayamku terluka kakinya. Bibi akan tunjukkan percakapannya.”
Klik pada tanda panah SELANJUTNYA untuk membaca forum tersebut."
R548-ChickenForum,2,1,Indonesian,ind-IDN,PISA
R548-ChickenForum,2,2,Indonesian,ind-IDN,"www.kesehatanunggas.com/forum/aspirin-ayam
Kesehatan Unggas
Sumber informasi online untuk unggas sehat
Tentang
Forum
Gambar
Memberikan Aspirin pada Unggas
Irma_88 Pembuat pesan awal Diposkan pada 28 Oktober, 18:12
Halo, semuanya! Apakah berisiko jika memberikan aspirin pada ayam? Ayam betina saya berumur dua tahun dan sepertinya kakinya terluka. Saya tidak bisa membawanya ke dokter hewan hingga Senin, lagipula dokter hewan itu tidak menjawab telepon saya. Ayam itu tampak sangat kesakitan. Saya ingin memberikan sesuatu yang bisa membuatnya merasa lebih nyaman sampai saya dapat pergi ke dokter hewan. Terima kasih atas bantuannya.
NeniB79 Diposkan pada 28 Oktober ,18:36
Saya tidak tahu apakah aspirin aman untuk ayam atau tidak. Saya selalu bertanya lebih dulu kepada dokter hewan sebelum memberi obat pada unggas saya. Saya tahu bahwa beberapa obat yang aman dikonsumsi oleh manusia, tetapi menjadi sangat berbahaya bila dikonsumsi oleh unggas.
Monika Diposkan pada 28 Oktober, 18:52
Saya pernah memberikan aspirin pada salah satu ayam saya ketika sakit. Tidak ada masalah yang terjadi. Keesokan harinya, saya pergi menemui dokter hewan, tetapi ayam itu sudah sembuh. Menurut saya, jika diberi obat terlalu banyak mungkin akan berbahaya. Jadi, jangan melebihi dosisnya! Saya berharap ayammu segera sembuh!
Penawaran_Burung Diposkan pada 28 Oktober, 19:07
Hai! Jangan lupa untuk mengecek penawaran super murah dari kami untuk semua perlengkapan burung. Kami sedang memberikan obral diskon sekarang!
Bambang Diposkan pada 28 Oktober, 19:15
Adakah yang bisa memberitahu saya cara untuk mengetahui jika ayam sedang sakit? Terima kasih.
Farhan Diposkan pada 28 Oktober 19:21
Halo Irma, Saya seorang dokter hewan, spesialis unggas. Tidak apa-apa memberikan aspirin pada ayam yang terluka jika unggas tersebut menunjukkan tanda-tanda sedang kesakitan. Ketika saya mememberikan resep aspirin untuk burung, saya mengikuti petunjuk yang dipublikasikan dalam Panduan Pengobatan Unggas. Dosis untuk ayam adalah 5 mg aspirin per kg berat badan. Ini bisa diberikan 3 – 4 kali per hari sampai bisa menemui dokter hewan. Penting sekali untuk berkonsultasi lebih lanjut dengan dokter hewan. Semoga berhasil!"
R548-ChickenForum,2,3,Indonesian,ind-IDN,"Forum Unggas Pertanyaan 1 / 7
Perhatikan bacaan Forum Kesehatan Unggas di samping. Klik pada satu pilihan jawaban untuk menjawab pertanyaan berikut.
Apa yang ingin diketahui oleh Irma_88?
Apakah ia bisa memberikan aspirin pada ayam yang terluka.
Seberapa sering ia bisa memberikan aspirin pada ayam yang terluka.
Bagaimana cara menghubungi dokter hewan untuk menangani ayam yang terluka.
Apakah ia dapat menentukan tingkat kesakitan yang dirasakan oleh ayam yang terluka."
R548-ChickenForum,3,1,Indonesian,ind-IDN,PISA
R548-ChickenForum,3,2,Indonesian,ind-IDN,"www.kesehatanunggas.com/forum/aspirin-ayam
Kesehatan Unggas
Sumber informasi online untuk unggas sehat
Tentang
Forum
Gambar
Memberikan Aspirin pada Unggas
Irma_88 Pembuat pesan awal Diposkan pada 28 Oktober, 18:12
Halo, semuanya! Apakah berisiko jika memberikan aspirin pada ayam? Ayam betina saya berumur dua tahun dan sepertinya kakinya terluka. Saya tidak bisa membawanya ke dokter hewan hingga Senin, lagipula dokter hewan itu tidak menjawab telepon saya. Ayam itu tampak sangat kesakitan. Saya ingin memberikan sesuatu yang bisa membuatnya merasa lebih nyaman sampai saya dapat pergi ke dokter hewan. Terima kasih atas bantuannya.
NeniB79 Diposkan pada 28 Oktober ,18:36
Saya tidak tahu apakah aspirin aman untuk ayam atau tidak. Saya selalu bertanya lebih dulu kepada dokter hewan sebelum memberi obat pada unggas saya. Saya tahu bahwa beberapa obat yang aman dikonsumsi oleh manusia, tetapi menjadi sangat berbahaya bila dikonsumsi oleh unggas.
Monika Diposkan pada 28 Oktober, 18:52
Saya pernah memberikan aspirin pada salah satu ayam saya ketika sakit. Tidak ada masalah yang terjadi. Keesokan harinya, saya pergi menemui dokter hewan, tetapi ayam itu sudah sembuh. Menurut saya, jika diberi obat terlalu banyak mungkin akan berbahaya. Jadi, jangan melebihi dosisnya! Saya berharap ayammu segera sembuh!
Penawaran_Burung Diposkan pada 28 Oktober, 19:07
Hai! Jangan lupa untuk mengecek penawaran super murah dari kami untuk semua perlengkapan burung. Kami sedang memberikan obral diskon sekarang!
Bambang Diposkan pada 28 Oktober, 19:15
Adakah yang bisa memberitahu saya cara untuk mengetahui jika ayam sedang sakit? Terima kasih.
Farhan Diposkan pada 28 Oktober 19:21
Halo Irma, Saya seorang dokter hewan, spesialis unggas. Tidak apa-apa memberikan aspirin pada ayam yang terluka jika unggas tersebut menunjukkan tanda-tanda sedang kesakitan. Ketika saya mememberikan resep aspirin untuk burung, saya mengikuti petunjuk yang dipublikasikan dalam Panduan Pengobatan Unggas. Dosis untuk ayam adalah 5 mg aspirin per kg berat badan. Ini bisa diberikan 3 – 4 kali per hari sampai bisa menemui dokter hewan. Penting sekali untuk berkonsultasi lebih lanjut dengan dokter hewan. Semoga berhasil!"
R548-ChickenForum,3,3,Indonesian,ind-IDN,"Forum Unggas Pertanyaan 2 / 7
Perhatikan bacaan Forum Kesehatan Unggas di samping. Klik pada satu pilihan jawaban untuk menjawab pertanyaan berikut.
Mengapa Irma_88 memutuskan untuk memposting pertanyaannya pada forum di internet?
Karena ia tidak tahu bagaimana caranya menemukan dokter hewan.
Karena ia merasa masalah ayam itu tidak serius.
Karena ia ingin menolong ayamnya sesegera mungkin.
Karena ia tidak sanggup pergi ke dokter hewan."
R548-ChickenForum,4,1,Indonesian,ind-IDN,PISA
R548-ChickenForum,4,2,Indonesian,ind-IDN,"www.kesehatanunggas.com/forum/aspirin-ayam
Kesehatan Unggas
Sumber informasi online untuk unggas sehat
Tentang
Forum
Gambar
Memberikan Aspirin pada Unggas
Irma_88 Pembuat pesan awal Diposkan pada 28 Oktober, 18:12
Halo, semuanya! Apakah berisiko jika memberikan aspirin pada ayam? Ayam betina saya berumur dua tahun dan sepertinya kakinya terluka. Saya tidak bisa membawanya ke dokter hewan hingga Senin, lagipula dokter hewan itu tidak menjawab telepon saya. Ayam itu tampak sangat kesakitan. Saya ingin memberikan sesuatu yang bisa membuatnya merasa lebih nyaman sampai saya dapat pergi ke dokter hewan. Terima kasih atas bantuannya.
NeniB79 Diposkan pada 28 Oktober ,18:36
Saya tidak tahu apakah aspirin aman untuk ayam atau tidak. Saya selalu bertanya lebih dulu kepada dokter hewan sebelum memberi obat pada unggas saya. Saya tahu bahwa beberapa obat yang aman dikonsumsi oleh manusia, tetapi menjadi sangat berbahaya bila dikonsumsi oleh unggas.
Monika Diposkan pada 28 Oktober, 18:52
Saya pernah memberikan aspirin pada salah satu ayam saya ketika sakit. Tidak ada masalah yang terjadi. Keesokan harinya, saya pergi menemui dokter hewan, tetapi ayam itu sudah sembuh. Menurut saya, jika diberi obat terlalu banyak mungkin akan berbahaya. Jadi, jangan melebihi dosisnya! Saya berharap ayammu segera sembuh!
Penawaran_Burung Diposkan pada 28 Oktober, 19:07
Hai! Jangan lupa untuk mengecek penawaran super murah dari kami untuk semua perlengkapan burung. Kami sedang memberikan obral diskon sekarang!
Bambang Diposkan pada 28 Oktober, 19:15
Adakah yang bisa memberitahu saya cara untuk mengetahui jika ayam sedang sakit? Terima kasih.
Farhan Diposkan pada 28 Oktober 19:21
Halo Irma, Saya seorang dokter hewan, spesialis unggas. Tidak apa-apa memberikan aspirin pada ayam yang terluka jika unggas tersebut menunjukkan tanda-tanda sedang kesakitan. Ketika saya mememberikan resep aspirin untuk burung, saya mengikuti petunjuk yang dipublikasikan dalam Panduan Pengobatan Unggas. Dosis untuk ayam adalah 5 mg aspirin per kg berat badan. Ini bisa diberikan 3 – 4 kali per hari sampai bisa menemui dokter hewan. Penting sekali untuk berkonsultasi lebih lanjut dengan dokter hewan. Semoga berhasil!"
R548-ChickenForum,4,3,Indonesian,ind-IDN,"Forum Unggas Pertanyaan 3 / 7
Perhatikan bacaan Forum Kesehatan Unggas di samping.  Klik pada pilihan jawaban di tabel untuk menjawab pertanyaan berikut.
Beberapa tulisan di forum itu sesuai dengan topik, tapi beberapa tulisan lainnya tidak. Klik pada pilihan Ya atau Tidak untuk menunjukkan apakah tulisan berikut relevan dengan masalah Irma_88.
Apakah tulisan berikut relevan dengan masalah Irma_88?
Ya
Tidak
Tulisan NeniB79
Tulisan Monika
Tulisan Penawaran_Burung
Tulisan Bambang
Tulisan Farhan"
R548-ChickenForum,5,1,Indonesian,ind-IDN,PISA
R548-ChickenForum,5,2,Indonesian,ind-IDN,"www.kesehatanunggas.com/forum/aspirin-ayam
Kesehatan Unggas
Sumber informasi online untuk unggas sehat
Tentang
Forum
Gambar
Memberikan Aspirin pada Unggas
Irma_88 Pembuat pesan awal Diposkan pada 28 Oktober, 18:12
Halo, semuanya! Apakah berisiko jika memberikan aspirin pada ayam? Ayam betina saya berumur dua tahun dan sepertinya kakinya terluka. Saya tidak bisa membawanya ke dokter hewan hingga Senin, lagipula dokter hewan itu tidak menjawab telepon saya. Ayam itu tampak sangat kesakitan. Saya ingin memberikan sesuatu yang bisa membuatnya merasa lebih nyaman sampai saya dapat pergi ke dokter hewan. Terima kasih atas bantuannya.
NeniB79 Diposkan pada 28 Oktober ,18:36
Saya tidak tahu apakah aspirin aman untuk ayam atau tidak. Saya selalu bertanya lebih dulu kepada dokter hewan sebelum memberi obat pada unggas saya. Saya tahu bahwa beberapa obat yang aman dikonsumsi oleh manusia, tetapi menjadi sangat berbahaya bila dikonsumsi oleh unggas.
Monika Diposkan pada 28 Oktober, 18:52
Saya pernah memberikan aspirin pada salah satu ayam saya ketika sakit. Tidak ada masalah yang terjadi. Keesokan harinya, saya pergi menemui dokter hewan, tetapi ayam itu sudah sembuh. Menurut saya, jika diberi obat terlalu banyak mungkin akan berbahaya. Jadi, jangan melebihi dosisnya! Saya berharap ayammu segera sembuh!
Penawaran_Burung Diposkan pada 28 Oktober, 19:07
Hai! Jangan lupa untuk mengecek penawaran super murah dari kami untuk semua perlengkapan burung. Kami sedang memberikan obral diskon sekarang!
Bambang Diposkan pada 28 Oktober, 19:15
Adakah yang bisa memberitahu saya cara untuk mengetahui jika ayam sedang sakit? Terima kasih.
Farhan Diposkan pada 28 Oktober 19:21
Halo Irma, Saya seorang dokter hewan, spesialis unggas. Tidak apa-apa memberikan aspirin pada ayam yang terluka jika unggas tersebut menunjukkan tanda-tanda sedang kesakitan. Ketika saya mememberikan resep aspirin untuk burung, saya mengikuti petunjuk yang dipublikasikan dalam Panduan Pengobatan Unggas. Dosis untuk ayam adalah 5 mg aspirin per kg berat badan. Ini bisa diberikan 3 – 4 kali per hari sampai bisa menemui dokter hewan. Penting sekali untuk berkonsultasi lebih lanjut dengan dokter hewan. Semoga berhasil!"
R548-ChickenForum,5,3,Indonesian,ind-IDN,"Forum Unggas Pertanyaan 4 / 7
Perhatikan bacaan Forum Kesehatan Unggas di samping. Klik pada satu pilihan jawaban untuk menjawab pertanyaan berikut.
Siapakah yang memiliki pengalaman yang baik dalam pemberian aspirin pada ayam yang terluka?
Irma_88
NeniB79
Monika
Bambang"
R548-ChickenForum,6,1,Indonesian,ind-IDN,PISA
R548-ChickenForum,6,2,Indonesian,ind-IDN,"www.kesehatanunggas.com/forum/aspirin-ayam
Kesehatan Unggas
Sumber informasi online untuk unggas sehat
Tentang
Forum
Gambar
Memberikan Aspirin pada Unggas
Irma_88 Pembuat pesan awal Diposkan pada 28 Oktober, 18:12
Halo, semuanya! Apakah berisiko jika memberikan aspirin pada ayam? Ayam betina saya berumur dua tahun dan sepertinya kakinya terluka. Saya tidak bisa membawanya ke dokter hewan hingga Senin, lagipula dokter hewan itu tidak menjawab telepon saya. Ayam itu tampak sangat kesakitan. Saya ingin memberikan sesuatu yang bisa membuatnya merasa lebih nyaman sampai saya dapat pergi ke dokter hewan. Terima kasih atas bantuannya.
NeniB79 Diposkan pada 28 Oktober ,18:36
Saya tidak tahu apakah aspirin aman untuk ayam atau tidak. Saya selalu bertanya lebih dulu kepada dokter hewan sebelum memberi obat pada unggas saya. Saya tahu bahwa beberapa obat yang aman dikonsumsi oleh manusia, tetapi menjadi sangat berbahaya bila dikonsumsi oleh unggas.
Monika Diposkan pada 28 Oktober, 18:52
Saya pernah memberikan aspirin pada salah satu ayam saya ketika sakit. Tidak ada masalah yang terjadi. Keesokan harinya, saya pergi menemui dokter hewan, tetapi ayam itu sudah sembuh. Menurut saya, jika diberi obat terlalu banyak mungkin akan berbahaya. Jadi, jangan melebihi dosisnya! Saya berharap ayammu segera sembuh!
Penawaran_Burung Diposkan pada 28 Oktober, 19:07
Hai! Jangan lupa untuk mengecek penawaran super murah dari kami untuk semua perlengkapan burung. Kami sedang memberikan obral diskon sekarang!
Bambang Diposkan pada 28 Oktober, 19:15
Adakah yang bisa memberitahu saya cara untuk mengetahui jika ayam sedang sakit? Terima kasih.
Farhan Diposkan pada 28 Oktober 19:21
Halo Irma, Saya seorang dokter hewan, spesialis unggas. Tidak apa-apa memberikan aspirin pada ayam yang terluka jika unggas tersebut menunjukkan tanda-tanda sedang kesakitan. Ketika saya mememberikan resep aspirin untuk burung, saya mengikuti petunjuk yang dipublikasikan dalam Panduan Pengobatan Unggas. Dosis untuk ayam adalah 5 mg aspirin per kg berat badan. Ini bisa diberikan 3 – 4 kali per hari sampai bisa menemui dokter hewan. Penting sekali untuk berkonsultasi lebih lanjut dengan dokter hewan. Semoga berhasil!"
R548-ChickenForum,6,3,Indonesian,ind-IDN,"Forum Unggas Pertanyaan 5 / 7
Perhatikan bacaan Forum Kesehatan Unggas di samping. Klik pada satu pilihan jawaban untuk menjawab pertanyaan berikut.
Mengapa Penawaran_Burung merespon tulisan Irma_88?
Untuk mempromosikan sebuah usaha.
Untuk menjawab pertanyaan Irma_88.
Untuk menambahkan saran Monika.
Untuk menunjukkan keahliannya dalam bidang unggas."
R548-ChickenForum,7,1,Indonesian,ind-IDN,PISA
R548-ChickenForum,7,2,Indonesian,ind-IDN,"www.kesehatanunggas.com/forum/aspirin-ayam
Kesehatan Unggas
Sumber informasi online untuk unggas sehat
Tentang
Forum
Gambar
Memberikan Aspirin pada Unggas
Irma_88 Pembuat pesan awal Diposkan pada 28 Oktober, 18:12
Halo, semuanya! Apakah berisiko jika memberikan aspirin pada ayam? Ayam betina saya berumur dua tahun dan sepertinya kakinya terluka. Saya tidak bisa membawanya ke dokter hewan hingga Senin, lagipula dokter hewan itu tidak menjawab telepon saya. Ayam itu tampak sangat kesakitan. Saya ingin memberikan sesuatu yang bisa membuatnya merasa lebih nyaman sampai saya dapat pergi ke dokter hewan. Terima kasih atas bantuannya.
NeniB79 Diposkan pada 28 Oktober ,18:36
Saya tidak tahu apakah aspirin aman untuk ayam atau tidak. Saya selalu bertanya lebih dulu kepada dokter hewan sebelum memberi obat pada unggas saya. Saya tahu bahwa beberapa obat yang aman dikonsumsi oleh manusia, tetapi menjadi sangat berbahaya bila dikonsumsi oleh unggas.
Monika Diposkan pada 28 Oktober, 18:52
Saya pernah memberikan aspirin pada salah satu ayam saya ketika sakit. Tidak ada masalah yang terjadi. Keesokan harinya, saya pergi menemui dokter hewan, tetapi ayam itu sudah sembuh. Menurut saya, jika diberi obat terlalu banyak mungkin akan berbahaya. Jadi, jangan melebihi dosisnya! Saya berharap ayammu segera sembuh!
Penawaran_Burung Diposkan pada 28 Oktober, 19:07
Hai! Jangan lupa untuk mengecek penawaran super murah dari kami untuk semua perlengkapan burung. Kami sedang memberikan obral diskon sekarang!
Bambang Diposkan pada 28 Oktober, 19:15
Adakah yang bisa memberitahu saya cara untuk mengetahui jika ayam sedang sakit? Terima kasih.
Farhan Diposkan pada 28 Oktober 19:21
Halo Irma, Saya seorang dokter hewan, spesialis unggas. Tidak apa-apa memberikan aspirin pada ayam yang terluka jika unggas tersebut menunjukkan tanda-tanda sedang kesakitan. Ketika saya mememberikan resep aspirin untuk burung, saya mengikuti petunjuk yang dipublikasikan dalam Panduan Pengobatan Unggas. Dosis untuk ayam adalah 5 mg aspirin per kg berat badan. Ini bisa diberikan 3 – 4 kali per hari sampai bisa menemui dokter hewan. Penting sekali untuk berkonsultasi lebih lanjut dengan dokter hewan. Semoga berhasil!"
R548-ChickenForum,7,3,Indonesian,ind-IDN,"Forum Unggas Pertanyaan 6 / 7
Perhatikan bacaan Forum Kesehatan Unggas di samping. Klik pada satu pilihan jawaban dan ketiklah penjelasan untuk jawabanmu.
Siapakah yang memberikan jawaban yang paling bisa dipercaya untuk pertanyaan Irma_88?
NeniB79
Monika
Penawaran_Burung
Farhan
Berikan alasan untuk jawabanmu."
R548-ChickenForum,8,1,Indonesian,ind-IDN,PISA
R548-ChickenForum,8,2,Indonesian,ind-IDN,"www.kesehatanunggas.com/forum/aspirin-ayam
Kesehatan Unggas
Sumber informasi online untuk unggas sehat
Tentang
Forum
Gambar
Memberikan Aspirin pada Unggas
Irma_88 Pembuat pesan awal Diposkan pada 28 Oktober, 18:12
Halo, semuanya! Apakah berisiko jika memberikan aspirin pada ayam? Ayam betina saya berumur dua tahun dan sepertinya kakinya terluka. Saya tidak bisa membawanya ke dokter hewan hingga Senin, lagipula dokter hewan itu tidak menjawab telepon saya. Ayam itu tampak sangat kesakitan. Saya ingin memberikan sesuatu yang bisa membuatnya merasa lebih nyaman sampai saya dapat pergi ke dokter hewan. Terima kasih atas bantuannya.
NeniB79 Diposkan pada 28 Oktober ,18:36
Saya tidak tahu apakah aspirin aman untuk ayam atau tidak. Saya selalu bertanya lebih dulu kepada dokter hewan sebelum memberi obat pada unggas saya. Saya tahu bahwa beberapa obat yang aman dikonsumsi oleh manusia, tetapi menjadi sangat berbahaya bila dikonsumsi oleh unggas.
Monika Diposkan pada 28 Oktober, 18:52
Saya pernah memberikan aspirin pada salah satu ayam saya ketika sakit. Tidak ada masalah yang terjadi. Keesokan harinya, saya pergi menemui dokter hewan, tetapi ayam itu sudah sembuh. Menurut saya, jika diberi obat terlalu banyak mungkin akan berbahaya. Jadi, jangan melebihi dosisnya! Saya berharap ayammu segera sembuh!
Penawaran_Burung Diposkan pada 28 Oktober, 19:07
Hai! Jangan lupa untuk mengecek penawaran super murah dari kami untuk semua perlengkapan burung. Kami sedang memberikan obral diskon sekarang!
Bambang Diposkan pada 28 Oktober, 19:15
Adakah yang bisa memberitahu saya cara untuk mengetahui jika ayam sedang sakit? Terima kasih.
Farhan Diposkan pada 28 Oktober 19:21
Halo Irma, Saya seorang dokter hewan, spesialis unggas. Tidak apa-apa memberikan aspirin pada ayam yang terluka jika unggas tersebut menunjukkan tanda-tanda sedang kesakitan. Ketika saya mememberikan resep aspirin untuk burung, saya mengikuti petunjuk yang dipublikasikan dalam Panduan Pengobatan Unggas. Dosis untuk ayam adalah 5 mg aspirin per kg berat badan. Ini bisa diberikan 3 – 4 kali per hari sampai bisa menemui dokter hewan. Penting sekali untuk berkonsultasi lebih lanjut dengan dokter hewan. Semoga berhasil!"
R548-ChickenForum,8,3,Indonesian,ind-IDN,"Forum Unggas Pertanyaan 7 / 7
Perhatikan bacaan Forum Kesehatan Unggas di samping. Ketiklah jawabanmu.
Mengapa Farhan tidak bisa memberikan takaran aspirin yang pasti kepada Irma_88 untuk ayamnya?"
R548-ChickenForum,9,1,Indonesian,ind-IDN,PISA
R548-ChickenForum,9,2,Indonesian,ind-IDN,"www.kesehatanunggas.com/forum/aspirin-ayam
Kesehatan Unggas
Sumber informasi online untuk unggas sehat
Tentang
Forum
Gambar
Memberikan Aspirin pada Unggas
Irma_88 Pembuat pesan awal Diposkan pada 28 Oktober, 18:12
Halo, semuanya! Apakah berisiko jika memberikan aspirin pada ayam? Ayam betina saya berumur dua tahun dan sepertinya kakinya terluka. Saya tidak bisa membawanya ke dokter hewan hingga Senin, lagipula dokter hewan itu tidak menjawab telepon saya. Ayam itu tampak sangat kesakitan. Saya ingin memberikan sesuatu yang bisa membuatnya merasa lebih nyaman sampai saya dapat pergi ke dokter hewan. Terima kasih atas bantuannya.
NeniB79 Diposkan pada 28 Oktober ,18:36
Saya tidak tahu apakah aspirin aman untuk ayam atau tidak. Saya selalu bertanya lebih dulu kepada dokter hewan sebelum memberi obat pada unggas saya. Saya tahu bahwa beberapa obat yang aman dikonsumsi oleh manusia, tetapi menjadi sangat berbahaya bila dikonsumsi oleh unggas.
Monika Diposkan pada 28 Oktober, 18:52
Saya pernah memberikan aspirin pada salah satu ayam saya ketika sakit. Tidak ada masalah yang terjadi. Keesokan harinya, saya pergi menemui dokter hewan, tetapi ayam itu sudah sembuh. Menurut saya, jika diberi obat terlalu banyak mungkin akan berbahaya. Jadi, jangan melebihi dosisnya! Saya berharap ayammu segera sembuh!
Penawaran_Burung Diposkan pada 28 Oktober, 19:07
Hai! Jangan lupa untuk mengecek penawaran super murah dari kami untuk semua perlengkapan burung. Kami sedang memberikan obral diskon sekarang!
Bambang Diposkan pada 28 Oktober, 19:15
Adakah yang bisa memberitahu saya cara untuk mengetahui jika ayam sedang sakit? Terima kasih.
Farhan Diposkan pada 28 Oktober 19:21
Halo Irma, Saya seorang dokter hewan, spesialis unggas. Tidak apa-apa memberikan aspirin pada ayam yang terluka jika unggas tersebut menunjukkan tanda-tanda sedang kesakitan. Ketika saya mememberikan resep aspirin untuk burung, saya mengikuti petunjuk yang dipublikasikan dalam Panduan Pengobatan Unggas. Dosis untuk ayam adalah 5 mg aspirin per kg berat badan. Ini bisa diberikan 3 – 4 kali per hari sampai bisa menemui dokter hewan. Penting sekali untuk berkonsultasi lebih lanjut dengan dokter hewan. Semoga berhasil!"
R548-ChickenForum,9,3,Indonesian,ind-IDN,"Forum Unggas Pertanyaan 7 / 7
Perhatikan bacaan Forum Kesehatan Unggas di samping. Ketiklah jawabanmu.
Mengapa Farhan tidak bisa memberikan takaran aspirin yang pasti kepada Irma_88 untuk ayamnya?"
R548-ChickenForum,10,1,Indonesian,ind-IDN,PISA
R548-ChickenForum,10,2,Indonesian,ind-IDN,"www.kesehatanunggas.com/forum/aspirin-ayam
Kesehatan Unggas
Sumber informasi online untuk unggas sehat
Tentang
Forum
Gambar
Memberikan Aspirin pada Unggas
Irma_88 Pembuat pesan awal Diposkan pada 28 Oktober, 18:12
Halo, semuanya! Apakah berisiko jika memberikan aspirin pada ayam? Ayam betina saya berumur dua tahun dan sepertinya kakinya terluka. Saya tidak bisa membawanya ke dokter hewan hingga Senin, lagipula dokter hewan itu tidak menjawab telepon saya. Ayam itu tampak sangat kesakitan. Saya ingin memberikan sesuatu yang bisa membuatnya merasa lebih nyaman sampai saya dapat pergi ke dokter hewan. Terima kasih atas bantuannya.
NeniB79 Diposkan pada 28 Oktober ,18:36
Saya tidak tahu apakah aspirin aman untuk ayam atau tidak. Saya selalu bertanya lebih dulu kepada dokter hewan sebelum memberi obat pada unggas saya. Saya tahu bahwa beberapa obat yang aman dikonsumsi oleh manusia, tetapi menjadi sangat berbahaya bila dikonsumsi oleh unggas.
Monika Diposkan pada 28 Oktober, 18:52
Saya pernah memberikan aspirin pada salah satu ayam saya ketika sakit. Tidak ada masalah yang terjadi. Keesokan harinya, saya pergi menemui dokter hewan, tetapi ayam itu sudah sembuh. Menurut saya, jika diberi obat terlalu banyak mungkin akan berbahaya. Jadi, jangan melebihi dosisnya! Saya berharap ayammu segera sembuh!
Penawaran_Burung Diposkan pada 28 Oktober, 19:07
Hai! Jangan lupa untuk mengecek penawaran super murah dari kami untuk semua perlengkapan burung. Kami sedang memberikan obral diskon sekarang!
Bambang Diposkan pada 28 Oktober, 19:15
Adakah yang bisa memberitahu saya cara untuk mengetahui jika ayam sedang sakit? Terima kasih.
Farhan Diposkan pada 28 Oktober 19:21
Halo Irma, Saya seorang dokter hewan, spesialis unggas. Tidak apa-apa memberikan aspirin pada ayam yang terluka jika unggas tersebut menunjukkan tanda-tanda sedang kesakitan. Ketika saya mememberikan resep aspirin untuk burung, saya mengikuti petunjuk yang dipublikasikan dalam Panduan Pengobatan Unggas. Dosis untuk ayam adalah 5 mg aspirin per kg berat badan. Ini bisa diberikan 3 – 4 kali per hari sampai bisa menemui dokter hewan. Penting sekali untuk berkonsultasi lebih lanjut dengan dokter hewan. Semoga berhasil!"
R548-ChickenForum,10,3,Indonesian,ind-IDN,"Forum Unggas Pertanyaan 7 / 7
Perhatikan bacaan Forum Kesehatan Unggas di samping. Ketiklah jawabanmu.
Mengapa Farhan tidak bisa memberikan takaran aspirin yang pasti kepada Irma_88 untuk ayamnya?"
R548-ChickenForum,1,1,Italian,ita-ITA,PISA
R548-ChickenForum,1,2,Italian,ita-ITA,"Forum sui polli Introduzione
Leggi l'introduzione, poi clicca sulla freccia del pulsante AVANTI.
Sei in visita ai tuoi parenti che si sono trasferiti da poco in una fattoria per allevare polli. Chiedi a tua zia: «Come hai imparato ad allevare i polli?».
Lei spiega: «Abbiamo parlato con molti allevatori di polli.  E poi ci sono un mucchio di risorse su Internet. Esiste, per esempio, un forum sulla salute dei polli che mi piace seguire. Mi è stato davvero utile, poco tempo fa, quando una delle mie galline si è rotta una zampa. Ti faccio vedere la conversazione».
Per leggere il forum, clicca sulla freccia del pulsante AVANTI."
R548-ChickenForum,2,1,Italian,ita-ITA,PISA
R548-ChickenForum,2,2,Italian,ita-ITA,"www.salutedeipolli.com/forum/aspirina-galline
La salute dei polli
La vostra risorsa online per polli in buona salute
A proposito del sito
Forum
Foto
Dare l'aspirina alle galline
Ivana_88 Iniziatore della discussione Pubblicato il 28 ottobre, alle 18:12
Ciao a tutti! Posso dare l'aspirina alla mia gallina? Ha due anni e penso si sia fatta male a una zampa. Non posso portarla dal veterinario prima di lunedì e lui non mi risponde al telefono. La gallina sembra avere molto male. Vorrei darle qualcosa per farla stare meglio in attesa di portarla dal veterinario. Grazie per il vostro aiuto.
NicolettaB79 Pubblicato il 28 ottobre, alle 18:36
Non so se l'aspirina vada bene per le galline. Di solito sento il veterinario prima di dare qualsiasi medicina ai miei uccelli.  So che certe medicine adatte per uso umano possono essere molto pericolose per gli uccelli.
Monica Pubblicato il 28 ottobre, alle 18:52
Ho dato un'aspirina a una delle mie galline quando si era fatta male. Non ci sono stati problemi. Il giorno dopo sono andata dal veterinario ma stava già meglio. Penso possa essere pericoloso se gliene dai troppe: quindi non superare il dosaggio consigliato! Spero si senta meglio!
Offerte_Aviarie Pubblicato il 28 ottobre, alle 19:07
Ciao! Non dimenticate di dare un'occhiata alle mie super offerte su tutti i prodotti per gli uccelli! Ci sono promozioni straordinarie in questo momento!
Biagio Pubblicato il 28 ottobre, alle 19:15
Qualcuno potrebbe dirmi come faccio a sapere se una gallina è ammalata? Grazie.
Franco Pubblicato il 28 ottobre, alle 19:21
Buongiorno Ivana,  Sono un veterinario specializzato in uccelli. Può dare l'aspirina alle sue galline se queste mostrano evidenti segni di sofferenza. Quando prescrivo l'aspirina a agli uccelli, seguo il Manuale di patologia aviaria. I polli devono assumere 5 mg d'aspirina per ogni kg di peso corporeo. Può dargliene 3/4 volte al giorno fino a quando il veterinario può visitarla. È molto importante che il suo veterinario approfondisca il problema. Buona fortuna!"
R548-ChickenForum,2,3,Italian,ita-ITA,"Forum sui polli Domanda 1 / 7
Fai riferimento al forum ""La salute dei polli"" presentato sulla destra. Per rispondere alla domanda, clicca su una delle alternative.
Che cosa vuole sapere Ivana_88?
Se può somministrare l'aspirina a una gallina che si è fatta male.
Quanto spesso può somministrare l'aspirina a una gallina che si è fatta male.
Come contattare un veterinario per una gallina che si è fatta male.
Se può stabilire il livello di dolore di una gallina che si è fatta male."
R548-ChickenForum,3,1,Italian,ita-ITA,PISA
R548-ChickenForum,3,2,Italian,ita-ITA,"www.salutedeipolli.com/forum/aspirina-galline
La salute dei polli
La vostra risorsa online per polli in buona salute
A proposito del sito
Forum
Foto
Dare l'aspirina alle galline
Ivana_88 Iniziatore della discussione Pubblicato il 28 ottobre, alle 18:12
Ciao a tutti! Posso dare l'aspirina alla mia gallina? Ha due anni e penso si sia fatta male a una zampa. Non posso portarla dal veterinario prima di lunedì e lui non mi risponde al telefono. La gallina sembra avere molto male. Vorrei darle qualcosa per farla stare meglio in attesa di portarla dal veterinario. Grazie per il vostro aiuto.
NicolettaB79 Pubblicato il 28 ottobre, alle 18:36
Non so se l'aspirina vada bene per le galline. Di solito sento il veterinario prima di dare qualsiasi medicina ai miei uccelli.  So che certe medicine adatte per uso umano possono essere molto pericolose per gli uccelli.
Monica Pubblicato il 28 ottobre, alle 18:52
Ho dato un'aspirina a una delle mie galline quando si era fatta male. Non ci sono stati problemi. Il giorno dopo sono andata dal veterinario ma stava già meglio. Penso possa essere pericoloso se gliene dai troppe: quindi non superare il dosaggio consigliato! Spero si senta meglio!
Offerte_Aviarie Pubblicato il 28 ottobre, alle 19:07
Ciao! Non dimenticate di dare un'occhiata alle mie super offerte su tutti i prodotti per gli uccelli! Ci sono promozioni straordinarie in questo momento!
Biagio Pubblicato il 28 ottobre, alle 19:15
Qualcuno potrebbe dirmi come faccio a sapere se una gallina è ammalata? Grazie.
Franco Pubblicato il 28 ottobre, alle 19:21
Buongiorno Ivana,  Sono un veterinario specializzato in uccelli. Può dare l'aspirina alle sue galline se queste mostrano evidenti segni di sofferenza. Quando prescrivo l'aspirina a agli uccelli, seguo il Manuale di patologia aviaria. I polli devono assumere 5 mg d'aspirina per ogni kg di peso corporeo. Può dargliene 3/4 volte al giorno fino a quando il veterinario può visitarla. È molto importante che il suo veterinario approfondisca il problema. Buona fortuna!"
R548-ChickenForum,3,3,Italian,ita-ITA,"Forum sui polli Domanda 2 / 7
Fai riferimento al forum ""La salute dei polli"" presentato sulla destra. Per rispondere alla domanda, clicca su una delle alternative.
Perché Ivana_88 decide di postare la sua domanda su un forum su Internet?
Perché non sa come cercare un veterinario.
Perché pensa che il problema della gallina non sia serio.
Perché vuole fare qualcosa per la sua gallina il prima possibile.
Perché non può permettersi di andare dal veterinario."
R548-ChickenForum,4,1,Italian,ita-ITA,PISA
R548-ChickenForum,4,2,Italian,ita-ITA,"www.salutedeipolli.com/forum/aspirina-galline
La salute dei polli
La vostra risorsa online per polli in buona salute
A proposito del sito
Forum
Foto
Dare l'aspirina alle galline
Ivana_88 Iniziatore della discussione Pubblicato il 28 ottobre, alle 18:12
Ciao a tutti! Posso dare l'aspirina alla mia gallina? Ha due anni e penso si sia fatta male a una zampa. Non posso portarla dal veterinario prima di lunedì e lui non mi risponde al telefono. La gallina sembra avere molto male. Vorrei darle qualcosa per farla stare meglio in attesa di portarla dal veterinario. Grazie per il vostro aiuto.
NicolettaB79 Pubblicato il 28 ottobre, alle 18:36
Non so se l'aspirina vada bene per le galline. Di solito sento il veterinario prima di dare qualsiasi medicina ai miei uccelli.  So che certe medicine adatte per uso umano possono essere molto pericolose per gli uccelli.
Monica Pubblicato il 28 ottobre, alle 18:52
Ho dato un'aspirina a una delle mie galline quando si era fatta male. Non ci sono stati problemi. Il giorno dopo sono andata dal veterinario ma stava già meglio. Penso possa essere pericoloso se gliene dai troppe: quindi non superare il dosaggio consigliato! Spero si senta meglio!
Offerte_Aviarie Pubblicato il 28 ottobre, alle 19:07
Ciao! Non dimenticate di dare un'occhiata alle mie super offerte su tutti i prodotti per gli uccelli! Ci sono promozioni straordinarie in questo momento!
Biagio Pubblicato il 28 ottobre, alle 19:15
Qualcuno potrebbe dirmi come faccio a sapere se una gallina è ammalata? Grazie.
Franco Pubblicato il 28 ottobre, alle 19:21
Buongiorno Ivana,  Sono un veterinario specializzato in uccelli. Può dare l'aspirina alle sue galline se queste mostrano evidenti segni di sofferenza. Quando prescrivo l'aspirina a agli uccelli, seguo il Manuale di patologia aviaria. I polli devono assumere 5 mg d'aspirina per ogni kg di peso corporeo. Può dargliene 3/4 volte al giorno fino a quando il veterinario può visitarla. È molto importante che il suo veterinario approfondisca il problema. Buona fortuna!"
R548-ChickenForum,4,3,Italian,ita-ITA,"Forum sui polli Domanda 3 / 7
Fai riferimento al forum ""La salute dei polli"" presentato sulla destra.  Per rispondere alla domanda, clicca sulle alternative nella tabella.
Nel forum ci sono alcuni interventi che possono essere pertinenti, mentre altri no. Per indicare se gli interventi nella tabella qui sotto sono pertinenti al problema di Ivana_88, clicca su Sì o su No.
L'intervento è pertinente al problema di Ivana_88?
Sì
No
Post di NicolettaB79
Post di Monica
Post di Offerte_Aviarie
Post di Biagio
Post di Franco"
R548-ChickenForum,5,1,Italian,ita-ITA,PISA
R548-ChickenForum,5,2,Italian,ita-ITA,"www.salutedeipolli.com/forum/aspirina-galline
La salute dei polli
La vostra risorsa online per polli in buona salute
A proposito del sito
Forum
Foto
Dare l'aspirina alle galline
Ivana_88 Iniziatore della discussione Pubblicato il 28 ottobre, alle 18:12
Ciao a tutti! Posso dare l'aspirina alla mia gallina? Ha due anni e penso si sia fatta male a una zampa. Non posso portarla dal veterinario prima di lunedì e lui non mi risponde al telefono. La gallina sembra avere molto male. Vorrei darle qualcosa per farla stare meglio in attesa di portarla dal veterinario. Grazie per il vostro aiuto.
NicolettaB79 Pubblicato il 28 ottobre, alle 18:36
Non so se l'aspirina vada bene per le galline. Di solito sento il veterinario prima di dare qualsiasi medicina ai miei uccelli.  So che certe medicine adatte per uso umano possono essere molto pericolose per gli uccelli.
Monica Pubblicato il 28 ottobre, alle 18:52
Ho dato un'aspirina a una delle mie galline quando si era fatta male. Non ci sono stati problemi. Il giorno dopo sono andata dal veterinario ma stava già meglio. Penso possa essere pericoloso se gliene dai troppe: quindi non superare il dosaggio consigliato! Spero si senta meglio!
Offerte_Aviarie Pubblicato il 28 ottobre, alle 19:07
Ciao! Non dimenticate di dare un'occhiata alle mie super offerte su tutti i prodotti per gli uccelli! Ci sono promozioni straordinarie in questo momento!
Biagio Pubblicato il 28 ottobre, alle 19:15
Qualcuno potrebbe dirmi come faccio a sapere se una gallina è ammalata? Grazie.
Franco Pubblicato il 28 ottobre, alle 19:21
Buongiorno Ivana,  Sono un veterinario specializzato in uccelli. Può dare l'aspirina alle sue galline se queste mostrano evidenti segni di sofferenza. Quando prescrivo l'aspirina a agli uccelli, seguo il Manuale di patologia aviaria. I polli devono assumere 5 mg d'aspirina per ogni kg di peso corporeo. Può dargliene 3/4 volte al giorno fino a quando il veterinario può visitarla. È molto importante che il suo veterinario approfondisca il problema. Buona fortuna!"
R548-ChickenForum,5,3,Italian,ita-ITA,"Forum sui polli Domanda 4 / 7
Fai riferimento al forum ""La salute dei polli"" presentato sulla destra. Per rispondere alla domanda, clicca su una delle alternative.
Chi ha avuto esperienze positive nel somministrare l'aspirina a una gallina che stava male?
Ivana_88
NicolettaB79
Monica
Biagio"
R548-ChickenForum,6,1,Italian,ita-ITA,PISA
R548-ChickenForum,6,2,Italian,ita-ITA,"www.salutedeipolli.com/forum/aspirina-galline
La salute dei polli
La vostra risorsa online per polli in buona salute
A proposito del sito
Forum
Foto
Dare l'aspirina alle galline
Ivana_88 Iniziatore della discussione Pubblicato il 28 ottobre, alle 18:12
Ciao a tutti! Posso dare l'aspirina alla mia gallina? Ha due anni e penso si sia fatta male a una zampa. Non posso portarla dal veterinario prima di lunedì e lui non mi risponde al telefono. La gallina sembra avere molto male. Vorrei darle qualcosa per farla stare meglio in attesa di portarla dal veterinario. Grazie per il vostro aiuto.
NicolettaB79 Pubblicato il 28 ottobre, alle 18:36
Non so se l'aspirina vada bene per le galline. Di solito sento il veterinario prima di dare qualsiasi medicina ai miei uccelli.  So che certe medicine adatte per uso umano possono essere molto pericolose per gli uccelli.
Monica Pubblicato il 28 ottobre, alle 18:52
Ho dato un'aspirina a una delle mie galline quando si era fatta male. Non ci sono stati problemi. Il giorno dopo sono andata dal veterinario ma stava già meglio. Penso possa essere pericoloso se gliene dai troppe: quindi non superare il dosaggio consigliato! Spero si senta meglio!
Offerte_Aviarie Pubblicato il 28 ottobre, alle 19:07
Ciao! Non dimenticate di dare un'occhiata alle mie super offerte su tutti i prodotti per gli uccelli! Ci sono promozioni straordinarie in questo momento!
Biagio Pubblicato il 28 ottobre, alle 19:15
Qualcuno potrebbe dirmi come faccio a sapere se una gallina è ammalata? Grazie.
Franco Pubblicato il 28 ottobre, alle 19:21
Buongiorno Ivana,  Sono un veterinario specializzato in uccelli. Può dare l'aspirina alle sue galline se queste mostrano evidenti segni di sofferenza. Quando prescrivo l'aspirina a agli uccelli, seguo il Manuale di patologia aviaria. I polli devono assumere 5 mg d'aspirina per ogni kg di peso corporeo. Può dargliene 3/4 volte al giorno fino a quando il veterinario può visitarla. È molto importante che il suo veterinario approfondisca il problema. Buona fortuna!"
R548-ChickenForum,6,3,Italian,ita-ITA,"Forum sui polli Domanda 5 / 7
Fai riferimento al forum ""La salute dei polli"" presentato sulla destra. Per rispondere alla domanda, clicca su una delle alternative.
Perché Offerte_Aviarie risponde al post di Ivana_88?
Per promuovere la sua attività.
Per rispondere alla domanda di Ivana_88.
Per aggiungere informazioni al consiglio di Monica.
Per dimostrare la sua conoscenza degli uccelli."
R548-ChickenForum,7,1,Italian,ita-ITA,PISA
R548-ChickenForum,7,2,Italian,ita-ITA,"www.salutedeipolli.com/forum/aspirina-galline
La salute dei polli
La vostra risorsa online per polli in buona salute
A proposito del sito
Forum
Foto
Dare l'aspirina alle galline
Ivana_88 Iniziatore della discussione Pubblicato il 28 ottobre, alle 18:12
Ciao a tutti! Posso dare l'aspirina alla mia gallina? Ha due anni e penso si sia fatta male a una zampa. Non posso portarla dal veterinario prima di lunedì e lui non mi risponde al telefono. La gallina sembra avere molto male. Vorrei darle qualcosa per farla stare meglio in attesa di portarla dal veterinario. Grazie per il vostro aiuto.
NicolettaB79 Pubblicato il 28 ottobre, alle 18:36
Non so se l'aspirina vada bene per le galline. Di solito sento il veterinario prima di dare qualsiasi medicina ai miei uccelli.  So che certe medicine adatte per uso umano possono essere molto pericolose per gli uccelli.
Monica Pubblicato il 28 ottobre, alle 18:52
Ho dato un'aspirina a una delle mie galline quando si era fatta male. Non ci sono stati problemi. Il giorno dopo sono andata dal veterinario ma stava già meglio. Penso possa essere pericoloso se gliene dai troppe: quindi non superare il dosaggio consigliato! Spero si senta meglio!
Offerte_Aviarie Pubblicato il 28 ottobre, alle 19:07
Ciao! Non dimenticate di dare un'occhiata alle mie super offerte su tutti i prodotti per gli uccelli! Ci sono promozioni straordinarie in questo momento!
Biagio Pubblicato il 28 ottobre, alle 19:15
Qualcuno potrebbe dirmi come faccio a sapere se una gallina è ammalata? Grazie.
Franco Pubblicato il 28 ottobre, alle 19:21
Buongiorno Ivana,  Sono un veterinario specializzato in uccelli. Può dare l'aspirina alle sue galline se queste mostrano evidenti segni di sofferenza. Quando prescrivo l'aspirina a agli uccelli, seguo il Manuale di patologia aviaria. I polli devono assumere 5 mg d'aspirina per ogni kg di peso corporeo. Può dargliene 3/4 volte al giorno fino a quando il veterinario può visitarla. È molto importante che il suo veterinario approfondisca il problema. Buona fortuna!"
R548-ChickenForum,7,3,Italian,ita-ITA,"Forum sui polli Domanda 6 / 7
Fai riferimento al forum ""La salute dei polli"" presentato sulla destra. Per rispondere alla domanda, clicca su una risposta e poi digita il motivo della tua scelta.
Chi ha pubblicato la risposta più pertinente alla domanda di Ivana_88?
NicolettaB79
Monica
Offerte_Aviarie
Franco
Motiva la tua risposta."
R548-ChickenForum,8,1,Italian,ita-ITA,PISA
R548-ChickenForum,8,2,Italian,ita-ITA,"www.salutedeipolli.com/forum/aspirina-galline
La salute dei polli
La vostra risorsa online per polli in buona salute
A proposito del sito
Forum
Foto
Dare l'aspirina alle galline
Ivana_88 Iniziatore della discussione Pubblicato il 28 ottobre, alle 18:12
Ciao a tutti! Posso dare l'aspirina alla mia gallina? Ha due anni e penso si sia fatta male a una zampa. Non posso portarla dal veterinario prima di lunedì e lui non mi risponde al telefono. La gallina sembra avere molto male. Vorrei darle qualcosa per farla stare meglio in attesa di portarla dal veterinario. Grazie per il vostro aiuto.
NicolettaB79 Pubblicato il 28 ottobre, alle 18:36
Non so se l'aspirina vada bene per le galline. Di solito sento il veterinario prima di dare qualsiasi medicina ai miei uccelli.  So che certe medicine adatte per uso umano possono essere molto pericolose per gli uccelli.
Monica Pubblicato il 28 ottobre, alle 18:52
Ho dato un'aspirina a una delle mie galline quando si era fatta male. Non ci sono stati problemi. Il giorno dopo sono andata dal veterinario ma stava già meglio. Penso possa essere pericoloso se gliene dai troppe: quindi non superare il dosaggio consigliato! Spero si senta meglio!
Offerte_Aviarie Pubblicato il 28 ottobre, alle 19:07
Ciao! Non dimenticate di dare un'occhiata alle mie super offerte su tutti i prodotti per gli uccelli! Ci sono promozioni straordinarie in questo momento!
Biagio Pubblicato il 28 ottobre, alle 19:15
Qualcuno potrebbe dirmi come faccio a sapere se una gallina è ammalata? Grazie.
Franco Pubblicato il 28 ottobre, alle 19:21
Buongiorno Ivana,  Sono un veterinario specializzato in uccelli. Può dare l'aspirina alle sue galline se queste mostrano evidenti segni di sofferenza. Quando prescrivo l'aspirina a agli uccelli, seguo il Manuale di patologia aviaria. I polli devono assumere 5 mg d'aspirina per ogni kg di peso corporeo. Può dargliene 3/4 volte al giorno fino a quando il veterinario può visitarla. È molto importante che il suo veterinario approfondisca il problema. Buona fortuna!"
R548-ChickenForum,8,3,Italian,ita-ITA,"Forum sui polli Domanda 7 / 7
Fai riferimento al forum ""La salute dei polli"" presentato sulla destra. Digita la risposta alla domanda.
Perché Franco non può indicare a Ivana_88 la quantità esatta di aspirina per la sua gallina?"
R548-ChickenForum,9,1,Italian,ita-ITA,PISA
R548-ChickenForum,9,2,Italian,ita-ITA,"www.salutedeipolli.com/forum/aspirina-galline
La salute dei polli
La vostra risorsa online per polli in buona salute
A proposito del sito
Forum
Foto
Dare l'aspirina alle galline
Ivana_88 Iniziatore della discussione Pubblicato il 28 ottobre, alle 18:12
Ciao a tutti! Posso dare l'aspirina alla mia gallina? Ha due anni e penso si sia fatta male a una zampa. Non posso portarla dal veterinario prima di lunedì e lui non mi risponde al telefono. La gallina sembra avere molto male. Vorrei darle qualcosa per farla stare meglio in attesa di portarla dal veterinario. Grazie per il vostro aiuto.
NicolettaB79 Pubblicato il 28 ottobre, alle 18:36
Non so se l'aspirina vada bene per le galline. Di solito sento il veterinario prima di dare qualsiasi medicina ai miei uccelli.  So che certe medicine adatte per uso umano possono essere molto pericolose per gli uccelli.
Monica Pubblicato il 28 ottobre, alle 18:52
Ho dato un'aspirina a una delle mie galline quando si era fatta male. Non ci sono stati problemi. Il giorno dopo sono andata dal veterinario ma stava già meglio. Penso possa essere pericoloso se gliene dai troppe: quindi non superare il dosaggio consigliato! Spero si senta meglio!
Offerte_Aviarie Pubblicato il 28 ottobre, alle 19:07
Ciao! Non dimenticate di dare un'occhiata alle mie super offerte su tutti i prodotti per gli uccelli! Ci sono promozioni straordinarie in questo momento!
Biagio Pubblicato il 28 ottobre, alle 19:15
Qualcuno potrebbe dirmi come faccio a sapere se una gallina è ammalata? Grazie.
Franco Pubblicato il 28 ottobre, alle 19:21
Buongiorno Ivana,  Sono un veterinario specializzato in uccelli. Può dare l'aspirina alle sue galline se queste mostrano evidenti segni di sofferenza. Quando prescrivo l'aspirina a agli uccelli, seguo il Manuale di patologia aviaria. I polli devono assumere 5 mg d'aspirina per ogni kg di peso corporeo. Può dargliene 3/4 volte al giorno fino a quando il veterinario può visitarla. È molto importante che il suo veterinario approfondisca il problema. Buona fortuna!"
R548-ChickenForum,9,3,Italian,ita-ITA,"Forum sui polli Domanda 7 / 7
Fai riferimento al forum ""La salute dei polli"" presentato sulla destra. Digita la risposta alla domanda.
Perché Franco non può indicare a Ivana_88 la quantità esatta di aspirina per la sua gallina?"
R548-ChickenForum,10,1,Italian,ita-ITA,PISA
R548-ChickenForum,10,2,Italian,ita-ITA,"www.salutedeipolli.com/forum/aspirina-galline
La salute dei polli
La vostra risorsa online per polli in buona salute
A proposito del sito
Forum
Foto
Dare l'aspirina alle galline
Ivana_88 Iniziatore della discussione Pubblicato il 28 ottobre, alle 18:12
Ciao a tutti! Posso dare l'aspirina alla mia gallina? Ha due anni e penso si sia fatta male a una zampa. Non posso portarla dal veterinario prima di lunedì e lui non mi risponde al telefono. La gallina sembra avere molto male. Vorrei darle qualcosa per farla stare meglio in attesa di portarla dal veterinario. Grazie per il vostro aiuto.
NicolettaB79 Pubblicato il 28 ottobre, alle 18:36
Non so se l'aspirina vada bene per le galline. Di solito sento il veterinario prima di dare qualsiasi medicina ai miei uccelli.  So che certe medicine adatte per uso umano possono essere molto pericolose per gli uccelli.
Monica Pubblicato il 28 ottobre, alle 18:52
Ho dato un'aspirina a una delle mie galline quando si era fatta male. Non ci sono stati problemi. Il giorno dopo sono andata dal veterinario ma stava già meglio. Penso possa essere pericoloso se gliene dai troppe: quindi non superare il dosaggio consigliato! Spero si senta meglio!
Offerte_Aviarie Pubblicato il 28 ottobre, alle 19:07
Ciao! Non dimenticate di dare un'occhiata alle mie super offerte su tutti i prodotti per gli uccelli! Ci sono promozioni straordinarie in questo momento!
Biagio Pubblicato il 28 ottobre, alle 19:15
Qualcuno potrebbe dirmi come faccio a sapere se una gallina è ammalata? Grazie.
Franco Pubblicato il 28 ottobre, alle 19:21
Buongiorno Ivana,  Sono un veterinario specializzato in uccelli. Può dare l'aspirina alle sue galline se queste mostrano evidenti segni di sofferenza. Quando prescrivo l'aspirina a agli uccelli, seguo il Manuale di patologia aviaria. I polli devono assumere 5 mg d'aspirina per ogni kg di peso corporeo. Può dargliene 3/4 volte al giorno fino a quando il veterinario può visitarla. È molto importante che il suo veterinario approfondisca il problema. Buona fortuna!"
R548-ChickenForum,10,3,Italian,ita-ITA,"Forum sui polli Domanda 7 / 7
Fai riferimento al forum ""La salute dei polli"" presentato sulla destra. Digita la risposta alla domanda.
Perché Franco non può indicare a Ivana_88 la quantità esatta di aspirina per la sua gallina?"
R548-ChickenForum,1,1,Japanese,jap-JPN,PISA
R548-ChickenForum,1,2,Japanese,jap-JPN,"ニワトリの掲示板 はじめに
下の文章を読んで、 「次へ」ボタンをクリックしてください。
あなたは、ニワトリを飼育するために最近牧場に引っ越した親戚の家に来ています。 あなたは叔母さんに、「どうやってニワトリの育て方を学んだの？」とたずねました。
叔母さんは、「ニワトリを育てているたくさんの人と話をしたのよ。 それに、インターネット上にもいっぱい情報があるわ。 例えば、私が気に入っているのは、『ニワトリの健康』の掲示板なの。 最近も、うちの雌鶏が足をケガした時に、とても役に立ったのよ。 その時のやり取りを見せてあげるわ。」と言いました。
「次へ」ボタンをクリックして、掲示板を読んでください。"
R548-ChickenForum,2,1,Japanese,jap-JPN,PISA
R548-ChickenForum,2,2,Japanese,jap-JPN,"www.chickenhealth.com/forum/aspirin-chickens
ニワトリの健康
健康なニワトリのためのオンライン情報
はじめに
掲示板
写真
ニワトリへの鎮痛剤投与
イズミ_88 質問者 10 月 28 日 18:12 投稿
みなさん、こんにちは！ 雌鶏に鎮痛剤を与えても大丈夫でしょうか？ 2 歳の雌鶏が足をケガしているようです。 月曜日まで獣医のところに連れて行くことができず、電話をかけても獣医は出ません。 雌鶏はとても痛がっているように見えます。 獣医のところへ行くまでの間、楽にしてあげるために何かを与えたいと思っています。 ご回答よろしくお願いします。
チキンB79 10 月 28 日 18:36 投稿
雌鶏にとって鎮痛剤が安全かどうか、私にはわかりません。 私はいつも、うちの鳥に薬を与える前に獣医に確認しています。 人間には安全でも、鳥にとっては非常に危険な薬もありますよ。
モモ 10 月 28 日 18:52 投稿
うちの雌鶏の一羽がケガをした時、私は鎮痛剤を与えました。 問題はなかったです。 翌日、獣医のところへ連れて行きましたが、体調はすでに良くなってました。 あまり大量に与えると危険かもしれないので、既定の量を超えないように！ 雌鶏が元気になることを祈っています！
トリ_安井 10 月 28 日 19:07 投稿
こんにちは！ すべての鳥類飼育用品の得売品をお見逃しなく。 ただ今、特別セール実施中！
北斗 10 月 28 日 19:15 投稿
誰か、ニワトリが病気かどうかがわかる方法を教えてくれますか？ よろしくお願いします。
ふみお 10 月 28 日 19:21 投稿
イズミさん、こんばんは。 私は鳥類専門の獣医です。 痛がっているようであれば、ケガをしたニワトリに鎮痛剤を与えても大丈夫です。 鎮痛剤を鳥に処方する際、私は「鳥類臨床医学」のガイドラインに従っています。 ニワトリには体重 1 kg あたり 5 mg の鎮痛剤が適量です。 獣医に見せるまで 1 日に 3 ～ 4  回これを与えて構いません。 経過を獣医にもみてもらうことはとても重要です。 お大事に！"
R548-ChickenForum,2,3,Japanese,jap-JPN,"ニワトリの掲示板 問 1 / 7
右の掲示板を読んで、 下の問いの答えを一つクリックしてください。
イズミ_88 が知りたいことは何ですか。
ケガをした雌鶏に、鎮痛剤を与えてもよいかどうか。
ケガをした雌鶏に、どれくらいの頻度で鎮痛剤を与えればよいか。
ケガをした雌鶏について、どのように獣医に連絡を取ればよいか。
ケガをした雌鶏の痛みの度合いを判断できるかどうか。"
R548-ChickenForum,3,1,Japanese,jap-JPN,PISA
R548-ChickenForum,3,2,Japanese,jap-JPN,"www.chickenhealth.com/forum/aspirin-chickens
ニワトリの健康
健康なニワトリのためのオンライン情報
はじめに
掲示板
写真
ニワトリへの鎮痛剤投与
イズミ_88 質問者 10 月 28 日 18:12 投稿
みなさん、こんにちは！ 雌鶏に鎮痛剤を与えても大丈夫でしょうか？ 2 歳の雌鶏が足をケガしているようです。 月曜日まで獣医のところに連れて行くことができず、電話をかけても獣医は出ません。 雌鶏はとても痛がっているように見えます。 獣医のところへ行くまでの間、楽にしてあげるために何かを与えたいと思っています。 ご回答よろしくお願いします。
チキンB79 10 月 28 日 18:36 投稿
雌鶏にとって鎮痛剤が安全かどうか、私にはわかりません。 私はいつも、うちの鳥に薬を与える前に獣医に確認しています。 人間には安全でも、鳥にとっては非常に危険な薬もありますよ。
モモ 10 月 28 日 18:52 投稿
うちの雌鶏の一羽がケガをした時、私は鎮痛剤を与えました。 問題はなかったです。 翌日、獣医のところへ連れて行きましたが、体調はすでに良くなってました。 あまり大量に与えると危険かもしれないので、既定の量を超えないように！ 雌鶏が元気になることを祈っています！
トリ_安井 10 月 28 日 19:07 投稿
こんにちは！ すべての鳥類飼育用品の得売品をお見逃しなく。 ただ今、特別セール実施中！
北斗 10 月 28 日 19:15 投稿
誰か、ニワトリが病気かどうかがわかる方法を教えてくれますか？ よろしくお願いします。
ふみお 10 月 28 日 19:21 投稿
イズミさん、こんばんは。 私は鳥類専門の獣医です。 痛がっているようであれば、ケガをしたニワトリに鎮痛剤を与えても大丈夫です。 鎮痛剤を鳥に処方する際、私は「鳥類臨床医学」のガイドラインに従っています。 ニワトリには体重 1 kg あたり 5 mg の鎮痛剤が適量です。 獣医に見せるまで 1 日に 3 ～ 4  回これを与えて構いません。 経過を獣医にもみてもらうことはとても重要です。 お大事に！"
R548-ChickenForum,3,3,Japanese,jap-JPN,"ニワトリの掲示板 問 2 / 7
右の掲示板を読んで、 下の問いの答えを一つクリックしてください。
イズミ_88 が、インターネットの掲示板に質問を投稿しようと決めたのはなぜですか。
獣医を見つける方法を知らなかったから。
雌鶏は重症ではないと思ったから。
できるだけ早く雌鶏を助けたかったから。
獣医に連れて行くお金がなかったから。"
R548-ChickenForum,4,1,Japanese,jap-JPN,PISA
R548-ChickenForum,4,2,Japanese,jap-JPN,"www.chickenhealth.com/forum/aspirin-chickens
ニワトリの健康
健康なニワトリのためのオンライン情報
はじめに
掲示板
写真
ニワトリへの鎮痛剤投与
イズミ_88 質問者 10 月 28 日 18:12 投稿
みなさん、こんにちは！ 雌鶏に鎮痛剤を与えても大丈夫でしょうか？ 2 歳の雌鶏が足をケガしているようです。 月曜日まで獣医のところに連れて行くことができず、電話をかけても獣医は出ません。 雌鶏はとても痛がっているように見えます。 獣医のところへ行くまでの間、楽にしてあげるために何かを与えたいと思っています。 ご回答よろしくお願いします。
チキンB79 10 月 28 日 18:36 投稿
雌鶏にとって鎮痛剤が安全かどうか、私にはわかりません。 私はいつも、うちの鳥に薬を与える前に獣医に確認しています。 人間には安全でも、鳥にとっては非常に危険な薬もありますよ。
モモ 10 月 28 日 18:52 投稿
うちの雌鶏の一羽がケガをした時、私は鎮痛剤を与えました。 問題はなかったです。 翌日、獣医のところへ連れて行きましたが、体調はすでに良くなってました。 あまり大量に与えると危険かもしれないので、既定の量を超えないように！ 雌鶏が元気になることを祈っています！
トリ_安井 10 月 28 日 19:07 投稿
こんにちは！ すべての鳥類飼育用品の得売品をお見逃しなく。 ただ今、特別セール実施中！
北斗 10 月 28 日 19:15 投稿
誰か、ニワトリが病気かどうかがわかる方法を教えてくれますか？ よろしくお願いします。
ふみお 10 月 28 日 19:21 投稿
イズミさん、こんばんは。 私は鳥類専門の獣医です。 痛がっているようであれば、ケガをしたニワトリに鎮痛剤を与えても大丈夫です。 鎮痛剤を鳥に処方する際、私は「鳥類臨床医学」のガイドラインに従っています。 ニワトリには体重 1 kg あたり 5 mg の鎮痛剤が適量です。 獣医に見せるまで 1 日に 3 ～ 4  回これを与えて構いません。 経過を獣医にもみてもらうことはとても重要です。 お大事に！"
R548-ChickenForum,4,3,Japanese,jap-JPN,"ニワトリの掲示板 問 3 / 7
右の掲示板を読んで、 下の表の中から、次の問いの答えをクリックしてください。
投稿の中には、この話題に関係があるものとないものがあります。 下の表のそれぞれの投稿が、イズミ_88 の悩みに関係があるかないかについて、「はい」または「いいえ」をクリックしてください。
イズミ_88 の悩みに関係がある投稿ですか。
はい
いいえ
チキンB79 の投稿
モモの投稿
トリ_安井の投稿
北斗の投稿
ふみおの投稿"
R548-ChickenForum,5,1,Japanese,jap-JPN,PISA
R548-ChickenForum,5,2,Japanese,jap-JPN,"www.chickenhealth.com/forum/aspirin-chickens
ニワトリの健康
健康なニワトリのためのオンライン情報
はじめに
掲示板
写真
ニワトリへの鎮痛剤投与
イズミ_88 質問者 10 月 28 日 18:12 投稿
みなさん、こんにちは！ 雌鶏に鎮痛剤を与えても大丈夫でしょうか？ 2 歳の雌鶏が足をケガしているようです。 月曜日まで獣医のところに連れて行くことができず、電話をかけても獣医は出ません。 雌鶏はとても痛がっているように見えます。 獣医のところへ行くまでの間、楽にしてあげるために何かを与えたいと思っています。 ご回答よろしくお願いします。
チキンB79 10 月 28 日 18:36 投稿
雌鶏にとって鎮痛剤が安全かどうか、私にはわかりません。 私はいつも、うちの鳥に薬を与える前に獣医に確認しています。 人間には安全でも、鳥にとっては非常に危険な薬もありますよ。
モモ 10 月 28 日 18:52 投稿
うちの雌鶏の一羽がケガをした時、私は鎮痛剤を与えました。 問題はなかったです。 翌日、獣医のところへ連れて行きましたが、体調はすでに良くなってました。 あまり大量に与えると危険かもしれないので、既定の量を超えないように！ 雌鶏が元気になることを祈っています！
トリ_安井 10 月 28 日 19:07 投稿
こんにちは！ すべての鳥類飼育用品の得売品をお見逃しなく。 ただ今、特別セール実施中！
北斗 10 月 28 日 19:15 投稿
誰か、ニワトリが病気かどうかがわかる方法を教えてくれますか？ よろしくお願いします。
ふみお 10 月 28 日 19:21 投稿
イズミさん、こんばんは。 私は鳥類専門の獣医です。 痛がっているようであれば、ケガをしたニワトリに鎮痛剤を与えても大丈夫です。 鎮痛剤を鳥に処方する際、私は「鳥類臨床医学」のガイドラインに従っています。 ニワトリには体重 1 kg あたり 5 mg の鎮痛剤が適量です。 獣医に見せるまで 1 日に 3 ～ 4  回これを与えて構いません。 経過を獣医にもみてもらうことはとても重要です。 お大事に！"
R548-ChickenForum,5,3,Japanese,jap-JPN,"ニワトリの掲示板 問 4 / 7
右の掲示板を読んで、 下の問いの答えを一つクリックしてください。
以前、ケガをした雌鶏に鎮痛剤を与えて良い結果を得たのは誰ですか。
イズミ_88
チキンB79
モモ
北斗"
R548-ChickenForum,6,1,Japanese,jap-JPN,PISA
R548-ChickenForum,6,2,Japanese,jap-JPN,"www.chickenhealth.com/forum/aspirin-chickens
ニワトリの健康
健康なニワトリのためのオンライン情報
はじめに
掲示板
写真
ニワトリへの鎮痛剤投与
イズミ_88 質問者 10 月 28 日 18:12 投稿
みなさん、こんにちは！ 雌鶏に鎮痛剤を与えても大丈夫でしょうか？ 2 歳の雌鶏が足をケガしているようです。 月曜日まで獣医のところに連れて行くことができず、電話をかけても獣医は出ません。 雌鶏はとても痛がっているように見えます。 獣医のところへ行くまでの間、楽にしてあげるために何かを与えたいと思っています。 ご回答よろしくお願いします。
チキンB79 10 月 28 日 18:36 投稿
雌鶏にとって鎮痛剤が安全かどうか、私にはわかりません。 私はいつも、うちの鳥に薬を与える前に獣医に確認しています。 人間には安全でも、鳥にとっては非常に危険な薬もありますよ。
モモ 10 月 28 日 18:52 投稿
うちの雌鶏の一羽がケガをした時、私は鎮痛剤を与えました。 問題はなかったです。 翌日、獣医のところへ連れて行きましたが、体調はすでに良くなってました。 あまり大量に与えると危険かもしれないので、既定の量を超えないように！ 雌鶏が元気になることを祈っています！
トリ_安井 10 月 28 日 19:07 投稿
こんにちは！ すべての鳥類飼育用品の得売品をお見逃しなく。 ただ今、特別セール実施中！
北斗 10 月 28 日 19:15 投稿
誰か、ニワトリが病気かどうかがわかる方法を教えてくれますか？ よろしくお願いします。
ふみお 10 月 28 日 19:21 投稿
イズミさん、こんばんは。 私は鳥類専門の獣医です。 痛がっているようであれば、ケガをしたニワトリに鎮痛剤を与えても大丈夫です。 鎮痛剤を鳥に処方する際、私は「鳥類臨床医学」のガイドラインに従っています。 ニワトリには体重 1 kg あたり 5 mg の鎮痛剤が適量です。 獣医に見せるまで 1 日に 3 ～ 4  回これを与えて構いません。 経過を獣医にもみてもらうことはとても重要です。 お大事に！"
R548-ChickenForum,6,3,Japanese,jap-JPN,"ニワトリの掲示板 問 5 / 7
右の掲示板を読んで、 下の問いの答えを一つクリックしてください。
トリ_安井が、イズミ_88 の投稿に書き込んだのはなぜですか。
会社の宣伝をするため。
イズミ_88 の質問に答えるため。
モモのアドバイスに補足するため。
鳥に関する専門知識を示すため。"
R548-ChickenForum,7,1,Japanese,jap-JPN,PISA
R548-ChickenForum,7,2,Japanese,jap-JPN,"www.chickenhealth.com/forum/aspirin-chickens
ニワトリの健康
健康なニワトリのためのオンライン情報
はじめに
掲示板
写真
ニワトリへの鎮痛剤投与
イズミ_88 質問者 10 月 28 日 18:12 投稿
みなさん、こんにちは！ 雌鶏に鎮痛剤を与えても大丈夫でしょうか？ 2 歳の雌鶏が足をケガしているようです。 月曜日まで獣医のところに連れて行くことができず、電話をかけても獣医は出ません。 雌鶏はとても痛がっているように見えます。 獣医のところへ行くまでの間、楽にしてあげるために何かを与えたいと思っています。 ご回答よろしくお願いします。
チキンB79 10 月 28 日 18:36 投稿
雌鶏にとって鎮痛剤が安全かどうか、私にはわかりません。 私はいつも、うちの鳥に薬を与える前に獣医に確認しています。 人間には安全でも、鳥にとっては非常に危険な薬もありますよ。
モモ 10 月 28 日 18:52 投稿
うちの雌鶏の一羽がケガをした時、私は鎮痛剤を与えました。 問題はなかったです。 翌日、獣医のところへ連れて行きましたが、体調はすでに良くなってました。 あまり大量に与えると危険かもしれないので、既定の量を超えないように！ 雌鶏が元気になることを祈っています！
トリ_安井 10 月 28 日 19:07 投稿
こんにちは！ すべての鳥類飼育用品の得売品をお見逃しなく。 ただ今、特別セール実施中！
北斗 10 月 28 日 19:15 投稿
誰か、ニワトリが病気かどうかがわかる方法を教えてくれますか？ よろしくお願いします。
ふみお 10 月 28 日 19:21 投稿
イズミさん、こんばんは。 私は鳥類専門の獣医です。 痛がっているようであれば、ケガをしたニワトリに鎮痛剤を与えても大丈夫です。 鎮痛剤を鳥に処方する際、私は「鳥類臨床医学」のガイドラインに従っています。 ニワトリには体重 1 kg あたり 5 mg の鎮痛剤が適量です。 獣医に見せるまで 1 日に 3 ～ 4  回これを与えて構いません。 経過を獣医にもみてもらうことはとても重要です。 お大事に！"
R548-ChickenForum,7,3,Japanese,jap-JPN,"ニワトリの掲示板 問 6 / 7
右の掲示板を読んで、 下の問いの答えを一つクリックし、その理由を入力してください。
イズミ_88 の質問に最も信頼できる回答を投稿したのは誰ですか。
チキンB79
モモ
トリ_安井
ふみお
理由を説明してください。"
R548-ChickenForum,8,1,Japanese,jap-JPN,PISA
R548-ChickenForum,8,2,Japanese,jap-JPN,"www.chickenhealth.com/forum/aspirin-chickens
ニワトリの健康
健康なニワトリのためのオンライン情報
はじめに
掲示板
写真
ニワトリへの鎮痛剤投与
イズミ_88 質問者 10 月 28 日 18:12 投稿
みなさん、こんにちは！ 雌鶏に鎮痛剤を与えても大丈夫でしょうか？ 2 歳の雌鶏が足をケガしているようです。 月曜日まで獣医のところに連れて行くことができず、電話をかけても獣医は出ません。 雌鶏はとても痛がっているように見えます。 獣医のところへ行くまでの間、楽にしてあげるために何かを与えたいと思っています。 ご回答よろしくお願いします。
チキンB79 10 月 28 日 18:36 投稿
雌鶏にとって鎮痛剤が安全かどうか、私にはわかりません。 私はいつも、うちの鳥に薬を与える前に獣医に確認しています。 人間には安全でも、鳥にとっては非常に危険な薬もありますよ。
モモ 10 月 28 日 18:52 投稿
うちの雌鶏の一羽がケガをした時、私は鎮痛剤を与えました。 問題はなかったです。 翌日、獣医のところへ連れて行きましたが、体調はすでに良くなってました。 あまり大量に与えると危険かもしれないので、既定の量を超えないように！ 雌鶏が元気になることを祈っています！
トリ_安井 10 月 28 日 19:07 投稿
こんにちは！ すべての鳥類飼育用品の得売品をお見逃しなく。 ただ今、特別セール実施中！
北斗 10 月 28 日 19:15 投稿
誰か、ニワトリが病気かどうかがわかる方法を教えてくれますか？ よろしくお願いします。
ふみお 10 月 28 日 19:21 投稿
イズミさん、こんばんは。 私は鳥類専門の獣医です。 痛がっているようであれば、ケガをしたニワトリに鎮痛剤を与えても大丈夫です。 鎮痛剤を鳥に処方する際、私は「鳥類臨床医学」のガイドラインに従っています。 ニワトリには体重 1 kg あたり 5 mg の鎮痛剤が適量です。 獣医に見せるまで 1 日に 3 ～ 4  回これを与えて構いません。 経過を獣医にもみてもらうことはとても重要です。 お大事に！"
R548-ChickenForum,8,3,Japanese,jap-JPN,"ニワトリの掲示板 問 7 / 7
右の掲示板を読んで、 下の問いの答えを入力してください。
ふみおが、イズミ_88 の雌鶏に与える鎮痛剤の正確な量を示すことができないのはなぜですか。"
R548-ChickenForum,9,1,Japanese,jap-JPN,PISA
R548-ChickenForum,9,2,Japanese,jap-JPN,"www.chickenhealth.com/forum/aspirin-chickens
ニワトリの健康
健康なニワトリのためのオンライン情報
はじめに
掲示板
写真
ニワトリへの鎮痛剤投与
イズミ_88 質問者 10 月 28 日 18:12 投稿
みなさん、こんにちは！ 雌鶏に鎮痛剤を与えても大丈夫でしょうか？ 2 歳の雌鶏が足をケガしているようです。 月曜日まで獣医のところに連れて行くことができず、電話をかけても獣医は出ません。 雌鶏はとても痛がっているように見えます。 獣医のところへ行くまでの間、楽にしてあげるために何かを与えたいと思っています。 ご回答よろしくお願いします。
チキンB79 10 月 28 日 18:36 投稿
雌鶏にとって鎮痛剤が安全かどうか、私にはわかりません。 私はいつも、うちの鳥に薬を与える前に獣医に確認しています。 人間には安全でも、鳥にとっては非常に危険な薬もありますよ。
モモ 10 月 28 日 18:52 投稿
うちの雌鶏の一羽がケガをした時、私は鎮痛剤を与えました。 問題はなかったです。 翌日、獣医のところへ連れて行きましたが、体調はすでに良くなってました。 あまり大量に与えると危険かもしれないので、既定の量を超えないように！ 雌鶏が元気になることを祈っています！
トリ_安井 10 月 28 日 19:07 投稿
こんにちは！ すべての鳥類飼育用品の得売品をお見逃しなく。 ただ今、特別セール実施中！
北斗 10 月 28 日 19:15 投稿
誰か、ニワトリが病気かどうかがわかる方法を教えてくれますか？ よろしくお願いします。
ふみお 10 月 28 日 19:21 投稿
イズミさん、こんばんは。 私は鳥類専門の獣医です。 痛がっているようであれば、ケガをしたニワトリに鎮痛剤を与えても大丈夫です。 鎮痛剤を鳥に処方する際、私は「鳥類臨床医学」のガイドラインに従っています。 ニワトリには体重 1 kg あたり 5 mg の鎮痛剤が適量です。 獣医に見せるまで 1 日に 3 ～ 4  回これを与えて構いません。 経過を獣医にもみてもらうことはとても重要です。 お大事に！"
R548-ChickenForum,9,3,Japanese,jap-JPN,"ニワトリの掲示板 問 7 / 7
右の掲示板を読んで、 下の問いの答えを入力してください。
ふみおが、イズミ_88 の雌鶏に与える鎮痛剤の正確な量を示すことができないのはなぜですか。"
R548-ChickenForum,10,1,Japanese,jap-JPN,PISA
R548-ChickenForum,10,2,Japanese,jap-JPN,"www.chickenhealth.com/forum/aspirin-chickens
ニワトリの健康
健康なニワトリのためのオンライン情報
はじめに
掲示板
写真
ニワトリへの鎮痛剤投与
イズミ_88 質問者 10 月 28 日 18:12 投稿
みなさん、こんにちは！ 雌鶏に鎮痛剤を与えても大丈夫でしょうか？ 2 歳の雌鶏が足をケガしているようです。 月曜日まで獣医のところに連れて行くことができず、電話をかけても獣医は出ません。 雌鶏はとても痛がっているように見えます。 獣医のところへ行くまでの間、楽にしてあげるために何かを与えたいと思っています。 ご回答よろしくお願いします。
チキンB79 10 月 28 日 18:36 投稿
雌鶏にとって鎮痛剤が安全かどうか、私にはわかりません。 私はいつも、うちの鳥に薬を与える前に獣医に確認しています。 人間には安全でも、鳥にとっては非常に危険な薬もありますよ。
モモ 10 月 28 日 18:52 投稿
うちの雌鶏の一羽がケガをした時、私は鎮痛剤を与えました。 問題はなかったです。 翌日、獣医のところへ連れて行きましたが、体調はすでに良くなってました。 あまり大量に与えると危険かもしれないので、既定の量を超えないように！ 雌鶏が元気になることを祈っています！
トリ_安井 10 月 28 日 19:07 投稿
こんにちは！ すべての鳥類飼育用品の得売品をお見逃しなく。 ただ今、特別セール実施中！
北斗 10 月 28 日 19:15 投稿
誰か、ニワトリが病気かどうかがわかる方法を教えてくれますか？ よろしくお願いします。
ふみお 10 月 28 日 19:21 投稿
イズミさん、こんばんは。 私は鳥類専門の獣医です。 痛がっているようであれば、ケガをしたニワトリに鎮痛剤を与えても大丈夫です。 鎮痛剤を鳥に処方する際、私は「鳥類臨床医学」のガイドラインに従っています。 ニワトリには体重 1 kg あたり 5 mg の鎮痛剤が適量です。 獣医に見せるまで 1 日に 3 ～ 4  回これを与えて構いません。 経過を獣医にもみてもらうことはとても重要です。 お大事に！"
R548-ChickenForum,10,3,Japanese,jap-JPN,"ニワトリの掲示板 問 7 / 7
右の掲示板を読んで、 下の問いの答えを入力してください。
ふみおが、イズミ_88 の雌鶏に与える鎮痛剤の正確な量を示すことができないのはなぜですか。"
R548-ChickenForum,1,1,Kazakh,kaz-KAZ,PISA
R548-ChickenForum,1,2,Kazakh,kaz-KAZ,"Тауық туралы форум Кіріспе
Кіріспені оқыңыз. Содан кейін КЕЛЕСІ батырмасының үстінен тінтуірмен басыңыз.
Жақында тауық өсіру үшін фермаға көшіп келген туысқандарыңызға бармақсыз. Апайыңыздан «Тауық өсіру жөнінде қайдан білдіңіздер?»-деп сұрайсыз.
Ол былай жауап береді: «Тауық өсірген көптеген адамдармен әңгімелестік  және Интернетте де көптеген ресурстар бар. Мысалы, мен көріп тұратын Тауық  денсаулығы форумы бар. Бұл форум тауықтарымның бірі аяғын ауыртып алған кезде, көп көмегін тигізді. Мен жүргізген әңгімені саған көрсетейін.»
Форумды оқу үшін КЕЛЕСІ батырмасының үстінен басыңыз."
R548-ChickenForum,2,1,Kazakh,kaz-KAZ,PISA
R548-ChickenForum,2,2,Kazakh,kaz-KAZ,"www.tauykdensauligy.kz/forum/aspirin-tauyktar
Тауықтың  денсаулығы
Сіздің дені сау тауықтар үшін онлайн-ресурсыңыз
Тақырыбы
Форум
Суреттер
Тауықтарға аспирин беру
Индира_88  Тақырып авторы 28 қазан, сағат 18:12-де жарияланды
Барлығына сәлем! Тауығыма аспирин беруге болады ма? Ол 2 жаста, менің ойымша ол аяғын ауыртып алған сияқты. Мен дүйсенбіге дейін мал дәрігеріне бара алмаймын, мал дәрігеріне қоңырау шалсам,  жауап бермейді. Тауығым қатты ауырып тұрған сияқты. Мал дәрігеріне барғанға дейін тауығымның жағдайын жақсарту үшін басқа бірнәрсе берейін деп едім.       Көмектеріңізге рахмет.
НұргүлB79  28 қазан, сағат 18:36-да жарияланды
Тауықтар үшін аспириннің қауіпсіз не қауіпті екенін білмеймін. Құстарыма дәрі-дәрмек бермес бұрын әрқашан мал дәрігерімен кеңесемін. Адам үшін қауіпсіз болып табылатын кейбір дәрілердің құстар үшін қауіпті екенін білемін.
Мөлдір 28 қазан, сағат 18:52-де жарияланды
Бір тауығым ауырып қалған кезде оған аспирин бердім. Ешқандай қиындық болған жоқ. Келесі күні мал дәрігеріне бардым, бірақ тауығым сауығып кетті. Тым көп мөлшерде берсеңіз қауіпті болады деп ойлаймын, сондықтан дозаның шегінен асып кетпеңіз! Ол сауығып кетеді деп үміттенемін!
Айдын_ұсыныстар 28 қазан, сағат 19:07-де жарияланды
Сәлем!       Менің барлық құстарға жеткізуге арналған керемет төмен бағалар ұсынысымды қарап шығуды ұмытпаңыз. Менде қазір жаппай сатылымдар болып жатыр!
Бағылан 28 қазан, сағат 19:15-те жарияланды
Тауықтың ауырып қалғанын қалай білуге болатынын айтып бере аласыздар ма? Рахмет.
Фархат 28 қазан, сағат 19:21-де жарияланды
Сәлем Индира, Мен құстар саласының мал дәрігерімін. Иә, егер тауықтың жарақаттану белгісі байқалса оған аспирин беру қалыпты жағдай. Құстарға аспирин тағайындаған кезде, Клиникалық Құстар медицинасында жарияланған нұсқаулықтарға жүгінемін. Тауықтың дене салмағының 1 кг-на 5 мг аспириннен беру қажет. Мал дәрігеріне барғанға дейін күніне 3-4 рет бере аласыз. Мал дәрігеріңізбен кеңескен өте маңызды болып табылады. Сәттілік!"
R548-ChickenForum,2,3,Kazakh,kaz-KAZ,"Тауық туралы форум Сұрақ 1 /  7
Оң жақтағы Тауық денсаулығы форумы мәтініне қараңыз. Сұраққа жауап беру үшін таңдаған жауабыңыздың үстінен тінтуірмен басыңыз.
Индира_88 нені білгісі келді?
Ауырып қалған тауығына аспирин бере алатын-алмайтындығы туралы.
Ауырып қалған тауығына аспиринді қанша уақыт беретіні туралы.
Ауырып қалған тауық туралы мал дәрігерімен қалай байланысу керектігі туралы.
Ауырып қалған тауық жағдайының деңгейін қалай білетіні туралы."
R548-ChickenForum,3,1,Kazakh,kaz-KAZ,PISA
R548-ChickenForum,3,2,Kazakh,kaz-KAZ,"www.tauykdensauligy.kz/forum/aspirin-tauyktar
Тауықтың  денсаулығы
Сіздің дені сау тауықтар үшін онлайн-ресурсыңыз
Тақырыбы
Форум
Суреттер
Тауықтарға аспирин беру
Индира_88  Тақырып авторы 28 қазан, сағат 18:12-де жарияланды
Барлығына сәлем! Тауығыма аспирин беруге болады ма? Ол 2 жаста, менің ойымша ол аяғын ауыртып алған сияқты. Мен дүйсенбіге дейін мал дәрігеріне бара алмаймын, мал дәрігеріне қоңырау шалсам,  жауап бермейді. Тауығым қатты ауырып тұрған сияқты. Мал дәрігеріне барғанға дейін тауығымның жағдайын жақсарту үшін басқа бірнәрсе берейін деп едім.       Көмектеріңізге рахмет.
НұргүлB79  28 қазан, сағат 18:36-да жарияланды
Тауықтар үшін аспириннің қауіпсіз не қауіпті екенін білмеймін. Құстарыма дәрі-дәрмек бермес бұрын әрқашан мал дәрігерімен кеңесемін. Адам үшін қауіпсіз болып табылатын кейбір дәрілердің құстар үшін қауіпті екенін білемін.
Мөлдір 28 қазан, сағат 18:52-де жарияланды
Бір тауығым ауырып қалған кезде оған аспирин бердім. Ешқандай қиындық болған жоқ. Келесі күні мал дәрігеріне бардым, бірақ тауығым сауығып кетті. Тым көп мөлшерде берсеңіз қауіпті болады деп ойлаймын, сондықтан дозаның шегінен асып кетпеңіз! Ол сауығып кетеді деп үміттенемін!
Айдын_ұсыныстар 28 қазан, сағат 19:07-де жарияланды
Сәлем!       Менің барлық құстарға жеткізуге арналған керемет төмен бағалар ұсынысымды қарап шығуды ұмытпаңыз. Менде қазір жаппай сатылымдар болып жатыр!
Бағылан 28 қазан, сағат 19:15-те жарияланды
Тауықтың ауырып қалғанын қалай білуге болатынын айтып бере аласыздар ма? Рахмет.
Фархат 28 қазан, сағат 19:21-де жарияланды
Сәлем Индира, Мен құстар саласының мал дәрігерімін. Иә, егер тауықтың жарақаттану белгісі байқалса оған аспирин беру қалыпты жағдай. Құстарға аспирин тағайындаған кезде, Клиникалық Құстар медицинасында жарияланған нұсқаулықтарға жүгінемін. Тауықтың дене салмағының 1 кг-на 5 мг аспириннен беру қажет. Мал дәрігеріне барғанға дейін күніне 3-4 рет бере аласыз. Мал дәрігеріңізбен кеңескен өте маңызды болып табылады. Сәттілік!"
R548-ChickenForum,3,3,Kazakh,kaz-KAZ,"Тауық туралы форум Сұрақ 2 /  7
Оң жақтағы Тауық  денсаулығы форумы мәтініне қараңыз. Сұраққа жауап беру үшін таңдаған жауабыңыздың үстінен тінтуірмен басыңыз.
Индира_88 не себепті Интернет форумға сұрақ қойды?
Себебі ол мал дәрігерін қалай табу керектігін білмеді.
Себебі ол тауығының жағдайы ауыр емес деп ойлады.
Себебі ол қолдан келгенше тауығына көмектескісі келді.
Себебі оның мал дәрігеріне баратын мүмкіндігі болмады."
R548-ChickenForum,4,1,Kazakh,kaz-KAZ,PISA
R548-ChickenForum,4,2,Kazakh,kaz-KAZ,"www.tauykdensauligy.kz/forum/aspirin-tauyktar
Тауықтың  денсаулығы
Сіздің дені сау тауықтар үшін онлайн-ресурсыңыз
Тақырыбы
Форум
Суреттер
Тауықтарға аспирин беру
Индира_88  Тақырып авторы 28 қазан, сағат 18:12-де жарияланды
Барлығына сәлем! Тауығыма аспирин беруге болады ма? Ол 2 жаста, менің ойымша ол аяғын ауыртып алған сияқты. Мен дүйсенбіге дейін мал дәрігеріне бара алмаймын, мал дәрігеріне қоңырау шалсам,  жауап бермейді. Тауығым қатты ауырып тұрған сияқты. Мал дәрігеріне барғанға дейін тауығымның жағдайын жақсарту үшін басқа бірнәрсе берейін деп едім.       Көмектеріңізге рахмет.
НұргүлB79  28 қазан, сағат 18:36-да жарияланды
Тауықтар үшін аспириннің қауіпсіз не қауіпті екенін білмеймін. Құстарыма дәрі-дәрмек бермес бұрын әрқашан мал дәрігерімен кеңесемін. Адам үшін қауіпсіз болып табылатын кейбір дәрілердің құстар үшін қауіпті екенін білемін.
Мөлдір 28 қазан, сағат 18:52-де жарияланды
Бір тауығым ауырып қалған кезде оған аспирин бердім. Ешқандай қиындық болған жоқ. Келесі күні мал дәрігеріне бардым, бірақ тауығым сауығып кетті. Тым көп мөлшерде берсеңіз қауіпті болады деп ойлаймын, сондықтан дозаның шегінен асып кетпеңіз! Ол сауығып кетеді деп үміттенемін!
Айдын_ұсыныстар 28 қазан, сағат 19:07-де жарияланды
Сәлем!       Менің барлық құстарға жеткізуге арналған керемет төмен бағалар ұсынысымды қарап шығуды ұмытпаңыз. Менде қазір жаппай сатылымдар болып жатыр!
Бағылан 28 қазан, сағат 19:15-те жарияланды
Тауықтың ауырып қалғанын қалай білуге болатынын айтып бере аласыздар ма? Рахмет.
Фархат 28 қазан, сағат 19:21-де жарияланды
Сәлем Индира, Мен құстар саласының мал дәрігерімін. Иә, егер тауықтың жарақаттану белгісі байқалса оған аспирин беру қалыпты жағдай. Құстарға аспирин тағайындаған кезде, Клиникалық Құстар медицинасында жарияланған нұсқаулықтарға жүгінемін. Тауықтың дене салмағының 1 кг-на 5 мг аспириннен беру қажет. Мал дәрігеріне барғанға дейін күніне 3-4 рет бере аласыз. Мал дәрігеріңізбен кеңескен өте маңызды болып табылады. Сәттілік!"
R548-ChickenForum,4,3,Kazakh,kaz-KAZ,"Тауық туралы форум Сұрақ 3 /  7
Оң жақтағы Тауық  денсаулығы форумы мәтініне қараңыз. Сұраққа жауап беру үшін кестеден таңдаған жауабыңыздың үстінен тінтуірмен басыңыз.
Форумдағы кейбір хабарламалар осы тақырыпқа қатысты, ал кейбіреулері мүлдем қатысты болмауы да мүмкін. Төменде берілген кестедегі хабарламалардың Индира_88-дің проблемасына қатыстылығын көрсету үшін Иә немесе  Жоқ  сөздерінің бірінің үстінен басыңыз.
Хабарлама Индира_88-дің проблемасына қатысты ма?
Иә
Жоқ
НұргүлB79 хабарламасы
Мөлдір хабарламасы
Айдын_ұсыныстар хабарламасы
Бағылан хабарламасы
Фархат хабарламасы"
R548-ChickenForum,5,1,Kazakh,kaz-KAZ,PISA
R548-ChickenForum,5,2,Kazakh,kaz-KAZ,"www.tauykdensauligy.kz/forum/aspirin-tauyktar
Тауықтың  денсаулығы
Сіздің дені сау тауықтар үшін онлайн-ресурсыңыз
Тақырыбы
Форум
Суреттер
Тауықтарға аспирин беру
Индира_88  Тақырып авторы 28 қазан, сағат 18:12-де жарияланды
Барлығына сәлем! Тауығыма аспирин беруге болады ма? Ол 2 жаста, менің ойымша ол аяғын ауыртып алған сияқты. Мен дүйсенбіге дейін мал дәрігеріне бара алмаймын, мал дәрігеріне қоңырау шалсам,  жауап бермейді. Тауығым қатты ауырып тұрған сияқты. Мал дәрігеріне барғанға дейін тауығымның жағдайын жақсарту үшін басқа бірнәрсе берейін деп едім.       Көмектеріңізге рахмет.
НұргүлB79  28 қазан, сағат 18:36-да жарияланды
Тауықтар үшін аспириннің қауіпсіз не қауіпті екенін білмеймін. Құстарыма дәрі-дәрмек бермес бұрын әрқашан мал дәрігерімен кеңесемін. Адам үшін қауіпсіз болып табылатын кейбір дәрілердің құстар үшін қауіпті екенін білемін.
Мөлдір 28 қазан, сағат 18:52-де жарияланды
Бір тауығым ауырып қалған кезде оған аспирин бердім. Ешқандай қиындық болған жоқ. Келесі күні мал дәрігеріне бардым, бірақ тауығым сауығып кетті. Тым көп мөлшерде берсеңіз қауіпті болады деп ойлаймын, сондықтан дозаның шегінен асып кетпеңіз! Ол сауығып кетеді деп үміттенемін!
Айдын_ұсыныстар 28 қазан, сағат 19:07-де жарияланды
Сәлем!       Менің барлық құстарға жеткізуге арналған керемет төмен бағалар ұсынысымды қарап шығуды ұмытпаңыз. Менде қазір жаппай сатылымдар болып жатыр!
Бағылан 28 қазан, сағат 19:15-те жарияланды
Тауықтың ауырып қалғанын қалай білуге болатынын айтып бере аласыздар ма? Рахмет.
Фархат 28 қазан, сағат 19:21-де жарияланды
Сәлем Индира, Мен құстар саласының мал дәрігерімін. Иә, егер тауықтың жарақаттану белгісі байқалса оған аспирин беру қалыпты жағдай. Құстарға аспирин тағайындаған кезде, Клиникалық Құстар медицинасында жарияланған нұсқаулықтарға жүгінемін. Тауықтың дене салмағының 1 кг-на 5 мг аспириннен беру қажет. Мал дәрігеріне барғанға дейін күніне 3-4 рет бере аласыз. Мал дәрігеріңізбен кеңескен өте маңызды болып табылады. Сәттілік!"
R548-ChickenForum,5,3,Kazakh,kaz-KAZ,"Тауық туралы форум Сұрақ 4 /  7
Оң жақтағы Тауық денсаулығы форумы мәтініне қараңыз. Сұраққа жауап беру үшін таңдаған жауабыңыздың үстінен тінтуірмен басыңыз.
Ауырып қалған тауығына аспирин беруде кімнің тәжірибесі дұрыс болды?
Индира_88
НұргүлB79
Мөлдір
Бағылан"
R548-ChickenForum,6,1,Kazakh,kaz-KAZ,PISA
R548-ChickenForum,6,2,Kazakh,kaz-KAZ,"www.tauykdensauligy.kz/forum/aspirin-tauyktar
Тауықтың  денсаулығы
Сіздің дені сау тауықтар үшін онлайн-ресурсыңыз
Тақырыбы
Форум
Суреттер
Тауықтарға аспирин беру
Индира_88  Тақырып авторы 28 қазан, сағат 18:12-де жарияланды
Барлығына сәлем! Тауығыма аспирин беруге болады ма? Ол 2 жаста, менің ойымша ол аяғын ауыртып алған сияқты. Мен дүйсенбіге дейін мал дәрігеріне бара алмаймын, мал дәрігеріне қоңырау шалсам,  жауап бермейді. Тауығым қатты ауырып тұрған сияқты. Мал дәрігеріне барғанға дейін тауығымның жағдайын жақсарту үшін басқа бірнәрсе берейін деп едім.       Көмектеріңізге рахмет.
НұргүлB79  28 қазан, сағат 18:36-да жарияланды
Тауықтар үшін аспириннің қауіпсіз не қауіпті екенін білмеймін. Құстарыма дәрі-дәрмек бермес бұрын әрқашан мал дәрігерімен кеңесемін. Адам үшін қауіпсіз болып табылатын кейбір дәрілердің құстар үшін қауіпті екенін білемін.
Мөлдір 28 қазан, сағат 18:52-де жарияланды
Бір тауығым ауырып қалған кезде оған аспирин бердім. Ешқандай қиындық болған жоқ. Келесі күні мал дәрігеріне бардым, бірақ тауығым сауығып кетті. Тым көп мөлшерде берсеңіз қауіпті болады деп ойлаймын, сондықтан дозаның шегінен асып кетпеңіз! Ол сауығып кетеді деп үміттенемін!
Айдын_ұсыныстар 28 қазан, сағат 19:07-де жарияланды
Сәлем!       Менің барлық құстарға жеткізуге арналған керемет төмен бағалар ұсынысымды қарап шығуды ұмытпаңыз. Менде қазір жаппай сатылымдар болып жатыр!
Бағылан 28 қазан, сағат 19:15-те жарияланды
Тауықтың ауырып қалғанын қалай білуге болатынын айтып бере аласыздар ма? Рахмет.
Фархат 28 қазан, сағат 19:21-де жарияланды
Сәлем Индира, Мен құстар саласының мал дәрігерімін. Иә, егер тауықтың жарақаттану белгісі байқалса оған аспирин беру қалыпты жағдай. Құстарға аспирин тағайындаған кезде, Клиникалық Құстар медицинасында жарияланған нұсқаулықтарға жүгінемін. Тауықтың дене салмағының 1 кг-на 5 мг аспириннен беру қажет. Мал дәрігеріне барғанға дейін күніне 3-4 рет бере аласыз. Мал дәрігеріңізбен кеңескен өте маңызды болып табылады. Сәттілік!"
R548-ChickenForum,6,3,Kazakh,kaz-KAZ,"Тауық туралы форум Сұрақ 5 /  7
Оң жақтағы Тауық  денсаулығы форумы мәтініне қараңыз. Сұраққа жауап беру үшін таңдаған жауабыңыздың үстінен тінтуірмен басыңыз.
Айдын_ұсыныстар не себепті Индира_88-дің хабарламасына жауап берді?
Бизнесін ілгерілету үшін.
Индира_88-дің сұрағына жауап беру үшін.
Мөлдірдің берген кеңесін толықтыру үшін.
Құстармен тәжірибесін көрсету үшін."
R548-ChickenForum,7,1,Kazakh,kaz-KAZ,PISA
R548-ChickenForum,7,2,Kazakh,kaz-KAZ,"www.tauykdensauligy.kz/forum/aspirin-tauyktar
Тауықтың  денсаулығы
Сіздің дені сау тауықтар үшін онлайн-ресурсыңыз
Тақырыбы
Форум
Суреттер
Тауықтарға аспирин беру
Индира_88  Тақырып авторы 28 қазан, сағат 18:12-де жарияланды
Барлығына сәлем! Тауығыма аспирин беруге болады ма? Ол 2 жаста, менің ойымша ол аяғын ауыртып алған сияқты. Мен дүйсенбіге дейін мал дәрігеріне бара алмаймын, мал дәрігеріне қоңырау шалсам,  жауап бермейді. Тауығым қатты ауырып тұрған сияқты. Мал дәрігеріне барғанға дейін тауығымның жағдайын жақсарту үшін басқа бірнәрсе берейін деп едім.       Көмектеріңізге рахмет.
НұргүлB79  28 қазан, сағат 18:36-да жарияланды
Тауықтар үшін аспириннің қауіпсіз не қауіпті екенін білмеймін. Құстарыма дәрі-дәрмек бермес бұрын әрқашан мал дәрігерімен кеңесемін. Адам үшін қауіпсіз болып табылатын кейбір дәрілердің құстар үшін қауіпті екенін білемін.
Мөлдір 28 қазан, сағат 18:52-де жарияланды
Бір тауығым ауырып қалған кезде оған аспирин бердім. Ешқандай қиындық болған жоқ. Келесі күні мал дәрігеріне бардым, бірақ тауығым сауығып кетті. Тым көп мөлшерде берсеңіз қауіпті болады деп ойлаймын, сондықтан дозаның шегінен асып кетпеңіз! Ол сауығып кетеді деп үміттенемін!
Айдын_ұсыныстар 28 қазан, сағат 19:07-де жарияланды
Сәлем!       Менің барлық құстарға жеткізуге арналған керемет төмен бағалар ұсынысымды қарап шығуды ұмытпаңыз. Менде қазір жаппай сатылымдар болып жатыр!
Бағылан 28 қазан, сағат 19:15-те жарияланды
Тауықтың ауырып қалғанын қалай білуге болатынын айтып бере аласыздар ма? Рахмет.
Фархат 28 қазан, сағат 19:21-де жарияланды
Сәлем Индира, Мен құстар саласының мал дәрігерімін. Иә, егер тауықтың жарақаттану белгісі байқалса оған аспирин беру қалыпты жағдай. Құстарға аспирин тағайындаған кезде, Клиникалық Құстар медицинасында жарияланған нұсқаулықтарға жүгінемін. Тауықтың дене салмағының 1 кг-на 5 мг аспириннен беру қажет. Мал дәрігеріне барғанға дейін күніне 3-4 рет бере аласыз. Мал дәрігеріңізбен кеңескен өте маңызды болып табылады. Сәттілік!"
R548-ChickenForum,7,3,Kazakh,kaz-KAZ,"Тауық туралы форум Сұрақ 6 /  7
Оң жақтағы Тауық денсаулығы форумы мәтініне қараңыз. Сұраққа жауап беру үшін таңдаған жауабыңыздың үстінен тінтуірмен басыңыз және өз жауабыңызды түсіндіріңіз.
Индира_88-дің сұрағына кім сенімді жауап берді?
НұргүлB79
Мөлдір
Айдын_ұсыныстар
Фархат
Берген жауабыңыздың себебін түсіндіріңіз."
R548-ChickenForum,8,1,Kazakh,kaz-KAZ,PISA
R548-ChickenForum,8,2,Kazakh,kaz-KAZ,"www.tauykdensauligy.kz/forum/aspirin-tauyktar
Тауықтың  денсаулығы
Сіздің дені сау тауықтар үшін онлайн-ресурсыңыз
Тақырыбы
Форум
Суреттер
Тауықтарға аспирин беру
Индира_88  Тақырып авторы 28 қазан, сағат 18:12-де жарияланды
Барлығына сәлем! Тауығыма аспирин беруге болады ма? Ол 2 жаста, менің ойымша ол аяғын ауыртып алған сияқты. Мен дүйсенбіге дейін мал дәрігеріне бара алмаймын, мал дәрігеріне қоңырау шалсам,  жауап бермейді. Тауығым қатты ауырып тұрған сияқты. Мал дәрігеріне барғанға дейін тауығымның жағдайын жақсарту үшін басқа бірнәрсе берейін деп едім.       Көмектеріңізге рахмет.
НұргүлB79  28 қазан, сағат 18:36-да жарияланды
Тауықтар үшін аспириннің қауіпсіз не қауіпті екенін білмеймін. Құстарыма дәрі-дәрмек бермес бұрын әрқашан мал дәрігерімен кеңесемін. Адам үшін қауіпсіз болып табылатын кейбір дәрілердің құстар үшін қауіпті екенін білемін.
Мөлдір 28 қазан, сағат 18:52-де жарияланды
Бір тауығым ауырып қалған кезде оған аспирин бердім. Ешқандай қиындық болған жоқ. Келесі күні мал дәрігеріне бардым, бірақ тауығым сауығып кетті. Тым көп мөлшерде берсеңіз қауіпті болады деп ойлаймын, сондықтан дозаның шегінен асып кетпеңіз! Ол сауығып кетеді деп үміттенемін!
Айдын_ұсыныстар 28 қазан, сағат 19:07-де жарияланды
Сәлем!       Менің барлық құстарға жеткізуге арналған керемет төмен бағалар ұсынысымды қарап шығуды ұмытпаңыз. Менде қазір жаппай сатылымдар болып жатыр!
Бағылан 28 қазан, сағат 19:15-те жарияланды
Тауықтың ауырып қалғанын қалай білуге болатынын айтып бере аласыздар ма? Рахмет.
Фархат 28 қазан, сағат 19:21-де жарияланды
Сәлем Индира, Мен құстар саласының мал дәрігерімін. Иә, егер тауықтың жарақаттану белгісі байқалса оған аспирин беру қалыпты жағдай. Құстарға аспирин тағайындаған кезде, Клиникалық Құстар медицинасында жарияланған нұсқаулықтарға жүгінемін. Тауықтың дене салмағының 1 кг-на 5 мг аспириннен беру қажет. Мал дәрігеріне барғанға дейін күніне 3-4 рет бере аласыз. Мал дәрігеріңізбен кеңескен өте маңызды болып табылады. Сәттілік!"
R548-ChickenForum,8,3,Kazakh,kaz-KAZ,"Тауық туралы форум Сұрақ 7 /  7
Оң жақтағы Тауық  денсаулығы форумы мәтініне қараңыз. Сұраққа өз жауабыңызды теріп жазыңыз.
Фархат не себепті Индира_88-ге тауық үшін аспириннің нақты мөлшерін бере алмады?"
R548-ChickenForum,9,1,Kazakh,kaz-KAZ,PISA
R548-ChickenForum,9,2,Kazakh,kaz-KAZ,"www.tauykdensauligy.kz/forum/aspirin-tauyktar
Тауықтың  денсаулығы
Сіздің дені сау тауықтар үшін онлайн-ресурсыңыз
Тақырыбы
Форум
Суреттер
Тауықтарға аспирин беру
Индира_88  Тақырып авторы 28 қазан, сағат 18:12-де жарияланды
Барлығына сәлем! Тауығыма аспирин беруге болады ма? Ол 2 жаста, менің ойымша ол аяғын ауыртып алған сияқты. Мен дүйсенбіге дейін мал дәрігеріне бара алмаймын, мал дәрігеріне қоңырау шалсам,  жауап бермейді. Тауығым қатты ауырып тұрған сияқты. Мал дәрігеріне барғанға дейін тауығымның жағдайын жақсарту үшін басқа бірнәрсе берейін деп едім.       Көмектеріңізге рахмет.
НұргүлB79  28 қазан, сағат 18:36-да жарияланды
Тауықтар үшін аспириннің қауіпсіз не қауіпті екенін білмеймін. Құстарыма дәрі-дәрмек бермес бұрын әрқашан мал дәрігерімен кеңесемін. Адам үшін қауіпсіз болып табылатын кейбір дәрілердің құстар үшін қауіпті екенін білемін.
Мөлдір 28 қазан, сағат 18:52-де жарияланды
Бір тауығым ауырып қалған кезде оған аспирин бердім. Ешқандай қиындық болған жоқ. Келесі күні мал дәрігеріне бардым, бірақ тауығым сауығып кетті. Тым көп мөлшерде берсеңіз қауіпті болады деп ойлаймын, сондықтан дозаның шегінен асып кетпеңіз! Ол сауығып кетеді деп үміттенемін!
Айдын_ұсыныстар 28 қазан, сағат 19:07-де жарияланды
Сәлем!       Менің барлық құстарға жеткізуге арналған керемет төмен бағалар ұсынысымды қарап шығуды ұмытпаңыз. Менде қазір жаппай сатылымдар болып жатыр!
Бағылан 28 қазан, сағат 19:15-те жарияланды
Тауықтың ауырып қалғанын қалай білуге болатынын айтып бере аласыздар ма? Рахмет.
Фархат 28 қазан, сағат 19:21-де жарияланды
Сәлем Индира, Мен құстар саласының мал дәрігерімін. Иә, егер тауықтың жарақаттану белгісі байқалса оған аспирин беру қалыпты жағдай. Құстарға аспирин тағайындаған кезде, Клиникалық Құстар медицинасында жарияланған нұсқаулықтарға жүгінемін. Тауықтың дене салмағының 1 кг-на 5 мг аспириннен беру қажет. Мал дәрігеріне барғанға дейін күніне 3-4 рет бере аласыз. Мал дәрігеріңізбен кеңескен өте маңызды болып табылады. Сәттілік!"
R548-ChickenForum,9,3,Kazakh,kaz-KAZ,"Тауық туралы форум Сұрақ 7 /  7
Оң жақтағы Тауық  денсаулығы форумы мәтініне қараңыз. Сұраққа өз жауабыңызды теріп жазыңыз.
Фархат не себепті Индира_88-ге тауық үшін аспириннің нақты мөлшерін бере алмады?"
R548-ChickenForum,10,1,Kazakh,kaz-KAZ,PISA
R548-ChickenForum,10,2,Kazakh,kaz-KAZ,"www.tauykdensauligy.kz/forum/aspirin-tauyktar
Тауықтың  денсаулығы
Сіздің дені сау тауықтар үшін онлайн-ресурсыңыз
Тақырыбы
Форум
Суреттер
Тауықтарға аспирин беру
Индира_88  Тақырып авторы 28 қазан, сағат 18:12-де жарияланды
Барлығына сәлем! Тауығыма аспирин беруге болады ма? Ол 2 жаста, менің ойымша ол аяғын ауыртып алған сияқты. Мен дүйсенбіге дейін мал дәрігеріне бара алмаймын, мал дәрігеріне қоңырау шалсам,  жауап бермейді. Тауығым қатты ауырып тұрған сияқты. Мал дәрігеріне барғанға дейін тауығымның жағдайын жақсарту үшін басқа бірнәрсе берейін деп едім.       Көмектеріңізге рахмет.
НұргүлB79  28 қазан, сағат 18:36-да жарияланды
Тауықтар үшін аспириннің қауіпсіз не қауіпті екенін білмеймін. Құстарыма дәрі-дәрмек бермес бұрын әрқашан мал дәрігерімен кеңесемін. Адам үшін қауіпсіз болып табылатын кейбір дәрілердің құстар үшін қауіпті екенін білемін.
Мөлдір 28 қазан, сағат 18:52-де жарияланды
Бір тауығым ауырып қалған кезде оған аспирин бердім. Ешқандай қиындық болған жоқ. Келесі күні мал дәрігеріне бардым, бірақ тауығым сауығып кетті. Тым көп мөлшерде берсеңіз қауіпті болады деп ойлаймын, сондықтан дозаның шегінен асып кетпеңіз! Ол сауығып кетеді деп үміттенемін!
Айдын_ұсыныстар 28 қазан, сағат 19:07-де жарияланды
Сәлем!       Менің барлық құстарға жеткізуге арналған керемет төмен бағалар ұсынысымды қарап шығуды ұмытпаңыз. Менде қазір жаппай сатылымдар болып жатыр!
Бағылан 28 қазан, сағат 19:15-те жарияланды
Тауықтың ауырып қалғанын қалай білуге болатынын айтып бере аласыздар ма? Рахмет.
Фархат 28 қазан, сағат 19:21-де жарияланды
Сәлем Индира, Мен құстар саласының мал дәрігерімін. Иә, егер тауықтың жарақаттану белгісі байқалса оған аспирин беру қалыпты жағдай. Құстарға аспирин тағайындаған кезде, Клиникалық Құстар медицинасында жарияланған нұсқаулықтарға жүгінемін. Тауықтың дене салмағының 1 кг-на 5 мг аспириннен беру қажет. Мал дәрігеріне барғанға дейін күніне 3-4 рет бере аласыз. Мал дәрігеріңізбен кеңескен өте маңызды болып табылады. Сәттілік!"
R548-ChickenForum,10,3,Kazakh,kaz-KAZ,"Тауық туралы форум Сұрақ 7 /  7
Оң жақтағы Тауық  денсаулығы форумы мәтініне қараңыз. Сұраққа өз жауабыңызды теріп жазыңыз.
Фархат не себепті Индира_88-ге тауық үшін аспириннің нақты мөлшерін бере алмады?"
R548-ChickenForum,1,1,Korean,kor-KOR,PISA
R548-ChickenForum,1,2,Korean,kor-KOR,"건강한 닭 키우기 자유게시판 도입부
아래의 내용을 읽은 후
[다음 화면] 버튼을 클릭하시오.
여러분은 친척집을 방문 중입니다. 친척분은 얼마 전에 닭을 키우기 위해 농장으로 이사를 갔습니다.
여러분은 이모에게 ""이모, 닭 키우는 법을 어떻게 배우셨어요?""라고 질문합니다.
이모는  ""닭 키우는 사람들을 많이 만나서 물어봤어.
그리고 인터넷에도 자료가 많아.
예를 들어, 내가 즐겨 보는 인터넷 사이트 중에 건강한 닭 키우기 자유게시판이 있어.
얼마 전에 우리 암탉 한 마리가 다리를 다쳤는데, 그 자유게시판이 도움이 많이 되었어.
내가 자유게시판에서 사람들과 나눈 대화를 너에게 보여 줄게."" 라고 말합니다.
자유게시판의 내용을 읽기 위해 [다음 화면] 버튼을 클릭하시오."
R548-ChickenForum,2,1,Korean,kor-KOR,PISA
R548-ChickenForum,2,2,Korean,kor-KOR,"www.chickenhealth.com/forum/aspirin-chickens
건강한 닭 키우기
여러분의 건강한 닭을 위한 온라인 자료
소개
자유게시판
사진
닭에게 아스피린 주기
이바나_88
시작글
10. 28 18:12
안녕하세요 여러분,
닭에게 아스피린을 줘도 괜찮을까요?
2년 된 암탉인데 다리를 다친 것 같아요.
제가 월요일까지는 동물병원에 갈 수가 없어서 전화를 했더니 수의사가 전화를 안 받네요.
저희 닭이 통증이 심한 것 같아요.
병원에 데려가기 전까지 우리 닭이 좀 나아지게 뭘 좀 먹였으면 좋겠어요.
도움 주셔서 감사합니다.
넬리B79
10. 28 18:36
아스피린이 닭에게 안전한지 잘 모르겠군요.
저는 항상 수의사와 상의한 후에 제가 키우는 조류에게 약을 주거든요.
어떤 약은 사람에게는 괜찮은데 조류에게는 매우 위험할 수 있거든요.
모니에
10. 28 18:52
저는 우리 닭이 다쳤을 때 아스피린을 먹였어요.
아무 문제 없었습니다.
다음 날 수의사에게 데려갔는데 이미 많이 괜찮아졌더라고요.
너무 많이 주면 위험할지 모르니까 복용 한도를 넘지 않도록 하세요!
닭이 좀 나아지길 바랍니다!
조류_판매
10. 28 19:07
안녕하세요.
조류 용품을 초저가로 판매하오니 잊지 말고 꼭 들러주세요.
지금 대폭 할인 행사 중입니다!
밥
10. 28 19:15
닭이 아픈지 어떻게 알죠? 누가  좀 말해 주실래요?
감사합니다.
프랭크
10. 28 19:21
이바나님 안녕하세요? 저는 조류 전문 수의사입니다.
닭이 다쳐서 통증을 느끼는 것 같으면 아스피린을 주셔도 괜찮습니다.
저는 임상조류질병학협회에서 발간한 지침에 따라 조류에게 아스피린을 처방합니다.
닭에게는 몸무게 1kg당 아스피린을 5mg씩 줘야 합니다.
하루 3~4회씩 주다가 동물병원에 가시면 되겠습니다.
수의사의 처방을 따르는 것이 매우 중요합니다.
닭이 건강해지길 바랍니다!"
R548-ChickenForum,2,3,Korean,kor-KOR,"건강한 닭 키우기 자유게시판 문제 1 / 7
오른쪽 화면의 '건강한 닭 키우기 자유게시판'을 읽고,
물음에 대한 답을 하나 선택하여 클릭하시오.
이바나_88이 알고자 하는 것은 무엇인가?
다친 닭에게 아스피린을 주어도 되는지
다친 닭에게 아스피린을 얼마나 자주 주어야 하는지
닭이 다쳤을 때 수의사에게 어떻게 연락하는지
다친 닭의 통증 정도를 어떻게 측정하는지"
R548-ChickenForum,3,1,Korean,kor-KOR,PISA
R548-ChickenForum,3,2,Korean,kor-KOR,"www.chickenhealth.com/forum/aspirin-chickens
건강한 닭 키우기
여러분의 건강한 닭을 위한 온라인 자료
소개
자유게시판
사진
닭에게 아스피린 주기
이바나_88
시작글
10. 28 18:12
안녕하세요 여러분,
닭에게 아스피린을 줘도 괜찮을까요?
2년 된 암탉인데 다리를 다친 것 같아요.
제가 월요일까지는 동물병원에 갈 수가 없어서 전화를 했더니 수의사가 전화를 안 받네요.
저희 닭이 통증이 심한 것 같아요.
병원에 데려가기 전까지 우리 닭이 좀 나아지게 뭘 좀 먹였으면 좋겠어요.
도움 주셔서 감사합니다.
넬리B79
10. 28 18:36
아스피린이 닭에게 안전한지 잘 모르겠군요.
저는 항상 수의사와 상의한 후에 제가 키우는 조류에게 약을 주거든요.
어떤 약은 사람에게는 괜찮은데 조류에게는 매우 위험할 수 있거든요.
모니에
10. 28 18:52
저는 우리 닭이 다쳤을 때 아스피린을 먹였어요.
아무 문제 없었습니다.
다음 날 수의사에게 데려갔는데 이미 많이 괜찮아졌더라고요.
너무 많이 주면 위험할지 모르니까 복용 한도를 넘지 않도록 하세요!
닭이 좀 나아지길 바랍니다!
조류_판매
10. 28 19:07
안녕하세요.
조류 용품을 초저가로 판매하오니 잊지 말고 꼭 들러주세요.
지금 대폭 할인 행사 중입니다!
밥
10. 28 19:15
닭이 아픈지 어떻게 알죠? 누가  좀 말해 주실래요?
감사합니다.
프랭크
10. 28 19:21
이바나님 안녕하세요? 저는 조류 전문 수의사입니다.
닭이 다쳐서 통증을 느끼는 것 같으면 아스피린을 주셔도 괜찮습니다.
저는 임상조류질병학협회에서 발간한 지침에 따라 조류에게 아스피린을 처방합니다.
닭에게는 몸무게 1kg당 아스피린을 5mg씩 줘야 합니다.
하루 3~4회씩 주다가 동물병원에 가시면 되겠습니다.
수의사의 처방을 따르는 것이 매우 중요합니다.
닭이 건강해지길 바랍니다!"
R548-ChickenForum,3,3,Korean,kor-KOR,"건강한 닭 키우기 자유게시판 문제 2 / 7
오른쪽 화면의 '건강한 닭 키우기 자유게시판'을 읽고, 물음에 대한 답을 하나 선택하여 클릭하시오.
왜 이바나_88은 인터넷 자유게시판에 질문을 올리기로 결정했는가?
수의사를 어떻게 찾아야 할지 모르기 때문에
닭의 아픈 정도가 그렇게 심각하다고는 생각하지 않기 때문에
가능한 빨리 닭을 치료하고 싶기 때문에
수의사에게 지불할 돈을 마련하기 어렵기 때문에"
R548-ChickenForum,4,1,Korean,kor-KOR,PISA
R548-ChickenForum,4,2,Korean,kor-KOR,"www.chickenhealth.com/forum/aspirin-chickens
건강한 닭 키우기
여러분의 건강한 닭을 위한 온라인 자료
소개
자유게시판
사진
닭에게 아스피린 주기
이바나_88
시작글
10. 28 18:12
안녕하세요 여러분,
닭에게 아스피린을 줘도 괜찮을까요?
2년 된 암탉인데 다리를 다친 것 같아요.
제가 월요일까지는 동물병원에 갈 수가 없어서 전화를 했더니 수의사가 전화를 안 받네요.
저희 닭이 통증이 심한 것 같아요.
병원에 데려가기 전까지 우리 닭이 좀 나아지게 뭘 좀 먹였으면 좋겠어요.
도움 주셔서 감사합니다.
넬리B79
10. 28 18:36
아스피린이 닭에게 안전한지 잘 모르겠군요.
저는 항상 수의사와 상의한 후에 제가 키우는 조류에게 약을 주거든요.
어떤 약은 사람에게는 괜찮은데 조류에게는 매우 위험할 수 있거든요.
모니에
10. 28 18:52
저는 우리 닭이 다쳤을 때 아스피린을 먹였어요.
아무 문제 없었습니다.
다음 날 수의사에게 데려갔는데 이미 많이 괜찮아졌더라고요.
너무 많이 주면 위험할지 모르니까 복용 한도를 넘지 않도록 하세요!
닭이 좀 나아지길 바랍니다!
조류_판매
10. 28 19:07
안녕하세요.
조류 용품을 초저가로 판매하오니 잊지 말고 꼭 들러주세요.
지금 대폭 할인 행사 중입니다!
밥
10. 28 19:15
닭이 아픈지 어떻게 알죠? 누가  좀 말해 주실래요?
감사합니다.
프랭크
10. 28 19:21
이바나님 안녕하세요? 저는 조류 전문 수의사입니다.
닭이 다쳐서 통증을 느끼는 것 같으면 아스피린을 주셔도 괜찮습니다.
저는 임상조류질병학협회에서 발간한 지침에 따라 조류에게 아스피린을 처방합니다.
닭에게는 몸무게 1kg당 아스피린을 5mg씩 줘야 합니다.
하루 3~4회씩 주다가 동물병원에 가시면 되겠습니다.
수의사의 처방을 따르는 것이 매우 중요합니다.
닭이 건강해지길 바랍니다!"
R548-ChickenForum,4,3,Korean,kor-KOR,"건강한 닭 키우기 자유게시판 문제 3 / 7
오른쪽 화면의 '건강한 닭 키우기 자유게시판'을 읽고,  물음에 대한 답을 표에서 선택하여 클릭하시오.
자유게시판에 올라온 글 중에서 어떤 것은 주제와 관련이 있고 어떤 것은 관련이 없다.
아래 표의 글이 이바나_88이 올린 문제와 관련이 있는지 예 또는 아니요 중에서 하나를 클릭하시오.
아래의 글은 이바나_88이 올린 문제와 관련이 있는가?
예
아니요
넬리B79의 글
모니에의 글
조류_판매의 글
밥의 글
프랭크의 글"
R548-ChickenForum,5,1,Korean,kor-KOR,PISA
R548-ChickenForum,5,2,Korean,kor-KOR,"www.chickenhealth.com/forum/aspirin-chickens
건강한 닭 키우기
여러분의 건강한 닭을 위한 온라인 자료
소개
자유게시판
사진
닭에게 아스피린 주기
이바나_88
시작글
10. 28 18:12
안녕하세요 여러분,
닭에게 아스피린을 줘도 괜찮을까요?
2년 된 암탉인데 다리를 다친 것 같아요.
제가 월요일까지는 동물병원에 갈 수가 없어서 전화를 했더니 수의사가 전화를 안 받네요.
저희 닭이 통증이 심한 것 같아요.
병원에 데려가기 전까지 우리 닭이 좀 나아지게 뭘 좀 먹였으면 좋겠어요.
도움 주셔서 감사합니다.
넬리B79
10. 28 18:36
아스피린이 닭에게 안전한지 잘 모르겠군요.
저는 항상 수의사와 상의한 후에 제가 키우는 조류에게 약을 주거든요.
어떤 약은 사람에게는 괜찮은데 조류에게는 매우 위험할 수 있거든요.
모니에
10. 28 18:52
저는 우리 닭이 다쳤을 때 아스피린을 먹였어요.
아무 문제 없었습니다.
다음 날 수의사에게 데려갔는데 이미 많이 괜찮아졌더라고요.
너무 많이 주면 위험할지 모르니까 복용 한도를 넘지 않도록 하세요!
닭이 좀 나아지길 바랍니다!
조류_판매
10. 28 19:07
안녕하세요.
조류 용품을 초저가로 판매하오니 잊지 말고 꼭 들러주세요.
지금 대폭 할인 행사 중입니다!
밥
10. 28 19:15
닭이 아픈지 어떻게 알죠? 누가  좀 말해 주실래요?
감사합니다.
프랭크
10. 28 19:21
이바나님 안녕하세요? 저는 조류 전문 수의사입니다.
닭이 다쳐서 통증을 느끼는 것 같으면 아스피린을 주셔도 괜찮습니다.
저는 임상조류질병학협회에서 발간한 지침에 따라 조류에게 아스피린을 처방합니다.
닭에게는 몸무게 1kg당 아스피린을 5mg씩 줘야 합니다.
하루 3~4회씩 주다가 동물병원에 가시면 되겠습니다.
수의사의 처방을 따르는 것이 매우 중요합니다.
닭이 건강해지길 바랍니다!"
R548-ChickenForum,5,3,Korean,kor-KOR,"건강한 닭 키우기 자유게시판 문제 4 / 7
오른쪽 화면의 '건강한 닭 키우기 자유게시판'을 읽고, 물음에 대한 답을 하나 선택하여 클릭하시오.
다친 닭에게 아스피린을 줘서 효과를 본 경험이 있는 사람은 누구인가?
이바나_88
넬리B79
모니에
밥"
R548-ChickenForum,6,1,Korean,kor-KOR,PISA
R548-ChickenForum,6,2,Korean,kor-KOR,"www.chickenhealth.com/forum/aspirin-chickens
건강한 닭 키우기
여러분의 건강한 닭을 위한 온라인 자료
소개
자유게시판
사진
닭에게 아스피린 주기
이바나_88
시작글
10. 28 18:12
안녕하세요 여러분,
닭에게 아스피린을 줘도 괜찮을까요?
2년 된 암탉인데 다리를 다친 것 같아요.
제가 월요일까지는 동물병원에 갈 수가 없어서 전화를 했더니 수의사가 전화를 안 받네요.
저희 닭이 통증이 심한 것 같아요.
병원에 데려가기 전까지 우리 닭이 좀 나아지게 뭘 좀 먹였으면 좋겠어요.
도움 주셔서 감사합니다.
넬리B79
10. 28 18:36
아스피린이 닭에게 안전한지 잘 모르겠군요.
저는 항상 수의사와 상의한 후에 제가 키우는 조류에게 약을 주거든요.
어떤 약은 사람에게는 괜찮은데 조류에게는 매우 위험할 수 있거든요.
모니에
10. 28 18:52
저는 우리 닭이 다쳤을 때 아스피린을 먹였어요.
아무 문제 없었습니다.
다음 날 수의사에게 데려갔는데 이미 많이 괜찮아졌더라고요.
너무 많이 주면 위험할지 모르니까 복용 한도를 넘지 않도록 하세요!
닭이 좀 나아지길 바랍니다!
조류_판매
10. 28 19:07
안녕하세요.
조류 용품을 초저가로 판매하오니 잊지 말고 꼭 들러주세요.
지금 대폭 할인 행사 중입니다!
밥
10. 28 19:15
닭이 아픈지 어떻게 알죠? 누가  좀 말해 주실래요?
감사합니다.
프랭크
10. 28 19:21
이바나님 안녕하세요? 저는 조류 전문 수의사입니다.
닭이 다쳐서 통증을 느끼는 것 같으면 아스피린을 주셔도 괜찮습니다.
저는 임상조류질병학협회에서 발간한 지침에 따라 조류에게 아스피린을 처방합니다.
닭에게는 몸무게 1kg당 아스피린을 5mg씩 줘야 합니다.
하루 3~4회씩 주다가 동물병원에 가시면 되겠습니다.
수의사의 처방을 따르는 것이 매우 중요합니다.
닭이 건강해지길 바랍니다!"
R548-ChickenForum,6,3,Korean,kor-KOR,"건강한 닭 키우기 자유게시판 문제 5 / 7
오른쪽 화면의 '건강한 닭 키우기 자유게시판'을 읽고, 물음에 대한 답을 하나 선택하여 클릭하시오.
조류_판매가 이바나_88의 글에 답글을 올린 이유는 무엇인가?
제품 판매를 홍보하기 위해서
이바나_88의 질문에 답하기 위해서
모니에의 조언에 덧붙이는 말을 하기 위해서
조류에 대한 전문가임을 보여주기 위해서"
R548-ChickenForum,7,1,Korean,kor-KOR,PISA
R548-ChickenForum,7,2,Korean,kor-KOR,"www.chickenhealth.com/forum/aspirin-chickens
건강한 닭 키우기
여러분의 건강한 닭을 위한 온라인 자료
소개
자유게시판
사진
닭에게 아스피린 주기
이바나_88
시작글
10. 28 18:12
안녕하세요 여러분,
닭에게 아스피린을 줘도 괜찮을까요?
2년 된 암탉인데 다리를 다친 것 같아요.
제가 월요일까지는 동물병원에 갈 수가 없어서 전화를 했더니 수의사가 전화를 안 받네요.
저희 닭이 통증이 심한 것 같아요.
병원에 데려가기 전까지 우리 닭이 좀 나아지게 뭘 좀 먹였으면 좋겠어요.
도움 주셔서 감사합니다.
넬리B79
10. 28 18:36
아스피린이 닭에게 안전한지 잘 모르겠군요.
저는 항상 수의사와 상의한 후에 제가 키우는 조류에게 약을 주거든요.
어떤 약은 사람에게는 괜찮은데 조류에게는 매우 위험할 수 있거든요.
모니에
10. 28 18:52
저는 우리 닭이 다쳤을 때 아스피린을 먹였어요.
아무 문제 없었습니다.
다음 날 수의사에게 데려갔는데 이미 많이 괜찮아졌더라고요.
너무 많이 주면 위험할지 모르니까 복용 한도를 넘지 않도록 하세요!
닭이 좀 나아지길 바랍니다!
조류_판매
10. 28 19:07
안녕하세요.
조류 용품을 초저가로 판매하오니 잊지 말고 꼭 들러주세요.
지금 대폭 할인 행사 중입니다!
밥
10. 28 19:15
닭이 아픈지 어떻게 알죠? 누가  좀 말해 주실래요?
감사합니다.
프랭크
10. 28 19:21
이바나님 안녕하세요? 저는 조류 전문 수의사입니다.
닭이 다쳐서 통증을 느끼는 것 같으면 아스피린을 주셔도 괜찮습니다.
저는 임상조류질병학협회에서 발간한 지침에 따라 조류에게 아스피린을 처방합니다.
닭에게는 몸무게 1kg당 아스피린을 5mg씩 줘야 합니다.
하루 3~4회씩 주다가 동물병원에 가시면 되겠습니다.
수의사의 처방을 따르는 것이 매우 중요합니다.
닭이 건강해지길 바랍니다!"
R548-ChickenForum,7,3,Korean,kor-KOR,"건강한 닭 키우기 자유게시판 문제 6 / 7
오른쪽 화면의 '건강한 닭 키우기 자유게시판'을 읽고, 답을 하나 선택하여 클릭한 후 그 이유를 입력하시오.
누가 이바나_88의 질문에 가장 신뢰할 수 있는 답글을 달았는가?
넬리B79
모니에
조류_판매
프랭크
그렇게 답한 이유를 입력하시오."
R548-ChickenForum,8,1,Korean,kor-KOR,PISA
R548-ChickenForum,8,2,Korean,kor-KOR,"www.chickenhealth.com/forum/aspirin-chickens
건강한 닭 키우기
여러분의 건강한 닭을 위한 온라인 자료
소개
자유게시판
사진
닭에게 아스피린 주기
이바나_88
시작글
10. 28 18:12
안녕하세요 여러분,
닭에게 아스피린을 줘도 괜찮을까요?
2년 된 암탉인데 다리를 다친 것 같아요.
제가 월요일까지는 동물병원에 갈 수가 없어서 전화를 했더니 수의사가 전화를 안 받네요.
저희 닭이 통증이 심한 것 같아요.
병원에 데려가기 전까지 우리 닭이 좀 나아지게 뭘 좀 먹였으면 좋겠어요.
도움 주셔서 감사합니다.
넬리B79
10. 28 18:36
아스피린이 닭에게 안전한지 잘 모르겠군요.
저는 항상 수의사와 상의한 후에 제가 키우는 조류에게 약을 주거든요.
어떤 약은 사람에게는 괜찮은데 조류에게는 매우 위험할 수 있거든요.
모니에
10. 28 18:52
저는 우리 닭이 다쳤을 때 아스피린을 먹였어요.
아무 문제 없었습니다.
다음 날 수의사에게 데려갔는데 이미 많이 괜찮아졌더라고요.
너무 많이 주면 위험할지 모르니까 복용 한도를 넘지 않도록 하세요!
닭이 좀 나아지길 바랍니다!
조류_판매
10. 28 19:07
안녕하세요.
조류 용품을 초저가로 판매하오니 잊지 말고 꼭 들러주세요.
지금 대폭 할인 행사 중입니다!
밥
10. 28 19:15
닭이 아픈지 어떻게 알죠? 누가  좀 말해 주실래요?
감사합니다.
프랭크
10. 28 19:21
이바나님 안녕하세요? 저는 조류 전문 수의사입니다.
닭이 다쳐서 통증을 느끼는 것 같으면 아스피린을 주셔도 괜찮습니다.
저는 임상조류질병학협회에서 발간한 지침에 따라 조류에게 아스피린을 처방합니다.
닭에게는 몸무게 1kg당 아스피린을 5mg씩 줘야 합니다.
하루 3~4회씩 주다가 동물병원에 가시면 되겠습니다.
수의사의 처방을 따르는 것이 매우 중요합니다.
닭이 건강해지길 바랍니다!"
R548-ChickenForum,8,3,Korean,kor-KOR,"건강한 닭 키우기 자유게시판 문제 7 / 7
오른쪽 화면의 '건강한 닭 키우기 자유게시판'을 읽고, 물음에 대한 답을 입력하시오.
왜 프랭크는 이바나_88에게 그녀의 닭이 먹어야 하는 아스피린 복용량을 정확히 알려줄 수 없는가?"
R548-ChickenForum,9,1,Korean,kor-KOR,PISA
R548-ChickenForum,9,2,Korean,kor-KOR,"www.chickenhealth.com/forum/aspirin-chickens
건강한 닭 키우기
여러분의 건강한 닭을 위한 온라인 자료
소개
자유게시판
사진
닭에게 아스피린 주기
이바나_88
시작글
10. 28 18:12
안녕하세요 여러분,
닭에게 아스피린을 줘도 괜찮을까요?
2년 된 암탉인데 다리를 다친 것 같아요.
제가 월요일까지는 동물병원에 갈 수가 없어서 전화를 했더니 수의사가 전화를 안 받네요.
저희 닭이 통증이 심한 것 같아요.
병원에 데려가기 전까지 우리 닭이 좀 나아지게 뭘 좀 먹였으면 좋겠어요.
도움 주셔서 감사합니다.
넬리B79
10. 28 18:36
아스피린이 닭에게 안전한지 잘 모르겠군요.
저는 항상 수의사와 상의한 후에 제가 키우는 조류에게 약을 주거든요.
어떤 약은 사람에게는 괜찮은데 조류에게는 매우 위험할 수 있거든요.
모니에
10. 28 18:52
저는 우리 닭이 다쳤을 때 아스피린을 먹였어요.
아무 문제 없었습니다.
다음 날 수의사에게 데려갔는데 이미 많이 괜찮아졌더라고요.
너무 많이 주면 위험할지 모르니까 복용 한도를 넘지 않도록 하세요!
닭이 좀 나아지길 바랍니다!
조류_판매
10. 28 19:07
안녕하세요.
조류 용품을 초저가로 판매하오니 잊지 말고 꼭 들러주세요.
지금 대폭 할인 행사 중입니다!
밥
10. 28 19:15
닭이 아픈지 어떻게 알죠? 누가  좀 말해 주실래요?
감사합니다.
프랭크
10. 28 19:21
이바나님 안녕하세요? 저는 조류 전문 수의사입니다.
닭이 다쳐서 통증을 느끼는 것 같으면 아스피린을 주셔도 괜찮습니다.
저는 임상조류질병학협회에서 발간한 지침에 따라 조류에게 아스피린을 처방합니다.
닭에게는 몸무게 1kg당 아스피린을 5mg씩 줘야 합니다.
하루 3~4회씩 주다가 동물병원에 가시면 되겠습니다.
수의사의 처방을 따르는 것이 매우 중요합니다.
닭이 건강해지길 바랍니다!"
R548-ChickenForum,9,3,Korean,kor-KOR,"건강한 닭 키우기 자유게시판 문제 7 / 7
오른쪽 화면의 '건강한 닭 키우기 자유게시판'을 읽고, 물음에 대한 답을 입력하시오.
왜 프랭크는 이바나_88에게 그녀의 닭이 먹어야 하는 아스피린 복용량을 정확히 알려줄 수 없는가?"
R548-ChickenForum,10,1,Korean,kor-KOR,PISA
R548-ChickenForum,10,2,Korean,kor-KOR,"www.chickenhealth.com/forum/aspirin-chickens
건강한 닭 키우기
여러분의 건강한 닭을 위한 온라인 자료
소개
자유게시판
사진
닭에게 아스피린 주기
이바나_88
시작글
10. 28 18:12
안녕하세요 여러분,
닭에게 아스피린을 줘도 괜찮을까요?
2년 된 암탉인데 다리를 다친 것 같아요.
제가 월요일까지는 동물병원에 갈 수가 없어서 전화를 했더니 수의사가 전화를 안 받네요.
저희 닭이 통증이 심한 것 같아요.
병원에 데려가기 전까지 우리 닭이 좀 나아지게 뭘 좀 먹였으면 좋겠어요.
도움 주셔서 감사합니다.
넬리B79
10. 28 18:36
아스피린이 닭에게 안전한지 잘 모르겠군요.
저는 항상 수의사와 상의한 후에 제가 키우는 조류에게 약을 주거든요.
어떤 약은 사람에게는 괜찮은데 조류에게는 매우 위험할 수 있거든요.
모니에
10. 28 18:52
저는 우리 닭이 다쳤을 때 아스피린을 먹였어요.
아무 문제 없었습니다.
다음 날 수의사에게 데려갔는데 이미 많이 괜찮아졌더라고요.
너무 많이 주면 위험할지 모르니까 복용 한도를 넘지 않도록 하세요!
닭이 좀 나아지길 바랍니다!
조류_판매
10. 28 19:07
안녕하세요.
조류 용품을 초저가로 판매하오니 잊지 말고 꼭 들러주세요.
지금 대폭 할인 행사 중입니다!
밥
10. 28 19:15
닭이 아픈지 어떻게 알죠? 누가  좀 말해 주실래요?
감사합니다.
프랭크
10. 28 19:21
이바나님 안녕하세요? 저는 조류 전문 수의사입니다.
닭이 다쳐서 통증을 느끼는 것 같으면 아스피린을 주셔도 괜찮습니다.
저는 임상조류질병학협회에서 발간한 지침에 따라 조류에게 아스피린을 처방합니다.
닭에게는 몸무게 1kg당 아스피린을 5mg씩 줘야 합니다.
하루 3~4회씩 주다가 동물병원에 가시면 되겠습니다.
수의사의 처방을 따르는 것이 매우 중요합니다.
닭이 건강해지길 바랍니다!"
R548-ChickenForum,10,3,Korean,kor-KOR,"건강한 닭 키우기 자유게시판 문제 7 / 7
오른쪽 화면의 '건강한 닭 키우기 자유게시판'을 읽고, 물음에 대한 답을 입력하시오.
왜 프랭크는 이바나_88에게 그녀의 닭이 먹어야 하는 아스피린 복용량을 정확히 알려줄 수 없는가?"
R548-ChickenForum,1,1,Latvian,lav-LVA,PISA
R548-ChickenForum,1,2,Latvian,lav-LVA,"Vistu forums Ievads
Izlasi ievadu,  tad noklikšķini uz bultiņas.
Tu viesojies pie radiniekiem, kas nesen pārcēlušies uz laukiem, lai audzētu vistas.  Tu jautā savai tantei: ""Kā tu iemācījies audzēt vistas?""
Viņa atbild: ""Mēs runājām ar daudziem cilvēkiem, kas audzē vistas. Un internetā arī netrūkst informācijas.  Piemēram, Vistu veselības forums, kurā es labprāt piedalos.  Man tas nesen, kad viena vista bija savainojusi kāju, ļoti palīdzēja. Es tev parādīšu savu saraksti.""
Noklikšķini uz bultiņas, lai izlasītu forumu."
R548-ChickenForum,2,1,Latvian,lav-LVA,PISA
R548-ChickenForum,2,2,Latvian,lav-LVA,"www.vistuveseliba.com/forums/aspirins-vistas
Vistu veselība
Tavs interneta resurss par vistu veselību
Par
Forums
Attēli
Vistu ārstēšana ar aspirīnu
Izabella_88 Sarunas sākums Iesūtīts 28. oktobrī 18:12
Sveiciens visiem! Vai drīkstu dot savai vistai aspirīnu?   Viņa ir 2 gadus veca un, šķiet, savainojusi kāju.  Līdz pirmdienai nevaru tikt pie veterinārārsta, un viņš neatbild uz telefona zvaniem.  Izskatās, ka vistai stipri sāp.  Gribētu kaut ko iedot, lai vista jūtas labāk, līdz varam tikt pie ārsta.  Paldies par palīdzību.
NellijaB79 Iesūtīts 28. oktobrī 18:36
Es nezinu, vai aspirīnu vistām drīkst dot vai nedrīkst.  Es vienmēr pajautāju savam veterinārārstam un tikai tad dodu saviem putniem zāles.  Zinu, ka dažas zāles, kas ir labas cilvēkiem, putniem var būt kaitīgas.
Monika Iesūtīts 28. oktobrī 18:52
Es iedevu aspirīnu vienai no savām vistām, kad tā bija savainota.   Nekas slikts nenotika.  Nākamajā dienā aizgāju pie veterinārārsta, bet vistai jau bija labāk.  Manuprāt, kaitīgi būtu iedot pārāk daudz, tāpēc nepārsniedziet noteikto devu!  Ceru, ka viņa jūtas labāk!
Piedāvājumi_putniem Iesūtīts 28. oktobrī 19:07
Sveiki! Neaizmirstiet apskatīt manus superlētos piedāvājumus visa veida putnu kopšanas produktiem.  Pašlaik rīkoju lielu izpārdošanu!
Boriss Iesūtīts 28. oktobrī 19:15
Vai kāds man, lūdzu, varētu pateikt, kā var zināt, kad vista ir slima?  Paldies.
Alberts Iesūtīts 28. oktobrī 19:21
Sveiki, Izabella! Es esmu veterinārārsts, kas specializējies putnu slimībās.   Savainotām vistām, ja var redzēt, ka viņām ir sāpes, var dot aspirīnu.  Kad izrakstu putniem aspirīnu, es ievēroju Putnu klīniskajā medicīnā dotās vadlīnijas. Vistām var dot 5mg aspirīna uz ķermeņa masas kilogramu.   Jūs varat to dot 3-4 reizes dienā, līdz ir iespējams tikt pie veterinārārsta.   Ir ļoti svarīgi konsultēties ar veterināru.  Lai veicas!"
R548-ChickenForum,2,3,Latvian,lav-LVA,"Vistu forums Jautājums 1 / 7
Izmanto informāciju no teksta ""Vistu veselības forums"", kas atrodas pa labi.  Noklikšķini uz atbildes varianta, lai atbildētu uz jautājumu.
Ko grib zināt Izabella_88 ?
Vai viņa drīkst dot ievainotai vistai aspirīnu.
Cik bieži viņa var dot ievainotai vistai aspirīnu.
Kā sazināties ar veterinārārstu, lai lūgtu padomu par ievainotu vistu?
Vai viņa var noteikt, cik stipri ievainotajai vistai sāp."
R548-ChickenForum,3,1,Latvian,lav-LVA,PISA
R548-ChickenForum,3,2,Latvian,lav-LVA,"www.vistuveseliba.com/forums/aspirins-vistas
Vistu veselība
Tavs interneta resurss par vistu veselību
Par
Forums
Attēli
Vistu ārstēšana ar aspirīnu
Izabella_88 Sarunas sākums Iesūtīts 28. oktobrī 18:12
Sveiciens visiem! Vai drīkstu dot savai vistai aspirīnu?   Viņa ir 2 gadus veca un, šķiet, savainojusi kāju.  Līdz pirmdienai nevaru tikt pie veterinārārsta, un viņš neatbild uz telefona zvaniem.  Izskatās, ka vistai stipri sāp.  Gribētu kaut ko iedot, lai vista jūtas labāk, līdz varam tikt pie ārsta.  Paldies par palīdzību.
NellijaB79 Iesūtīts 28. oktobrī 18:36
Es nezinu, vai aspirīnu vistām drīkst dot vai nedrīkst.  Es vienmēr pajautāju savam veterinārārstam un tikai tad dodu saviem putniem zāles.  Zinu, ka dažas zāles, kas ir labas cilvēkiem, putniem var būt kaitīgas.
Monika Iesūtīts 28. oktobrī 18:52
Es iedevu aspirīnu vienai no savām vistām, kad tā bija savainota.   Nekas slikts nenotika.  Nākamajā dienā aizgāju pie veterinārārsta, bet vistai jau bija labāk.  Manuprāt, kaitīgi būtu iedot pārāk daudz, tāpēc nepārsniedziet noteikto devu!  Ceru, ka viņa jūtas labāk!
Piedāvājumi_putniem Iesūtīts 28. oktobrī 19:07
Sveiki! Neaizmirstiet apskatīt manus superlētos piedāvājumus visa veida putnu kopšanas produktiem.  Pašlaik rīkoju lielu izpārdošanu!
Boriss Iesūtīts 28. oktobrī 19:15
Vai kāds man, lūdzu, varētu pateikt, kā var zināt, kad vista ir slima?  Paldies.
Alberts Iesūtīts 28. oktobrī 19:21
Sveiki, Izabella! Es esmu veterinārārsts, kas specializējies putnu slimībās.   Savainotām vistām, ja var redzēt, ka viņām ir sāpes, var dot aspirīnu.  Kad izrakstu putniem aspirīnu, es ievēroju Putnu klīniskajā medicīnā dotās vadlīnijas. Vistām var dot 5mg aspirīna uz ķermeņa masas kilogramu.   Jūs varat to dot 3-4 reizes dienā, līdz ir iespējams tikt pie veterinārārsta.   Ir ļoti svarīgi konsultēties ar veterināru.  Lai veicas!"
R548-ChickenForum,3,3,Latvian,lav-LVA,"Vistu forums Jautājums 2 / 7
Izmanto informāciju no teksta ""Vistu veselības forums"", kas atrodas pa labi.  Noklikšķini uz atbildes varianta, lai atbildētu uz jautājumu.
Kāpēc Izabella_88 ir nolēmusi uzdot savu jautājumu interneta forumā?
Tāpēc, ka viņa nezina, kā atrast veterinārārstu.
Tāpēc, ka viņa uzskata, ka vistas savainojums nav nopietns.
Tāpēc, ka viņa vēlas palīdzēt savai vistai, cik drīz vien iespējams.
Tāpēc, ka viņa nevar atļauties vērsties pie veterinārārsta."
R548-ChickenForum,4,1,Latvian,lav-LVA,PISA
R548-ChickenForum,4,2,Latvian,lav-LVA,"www.vistuveseliba.com/forums/aspirins-vistas
Vistu veselība
Tavs interneta resurss par vistu veselību
Par
Forums
Attēli
Vistu ārstēšana ar aspirīnu
Izabella_88 Sarunas sākums Iesūtīts 28. oktobrī 18:12
Sveiciens visiem! Vai drīkstu dot savai vistai aspirīnu?   Viņa ir 2 gadus veca un, šķiet, savainojusi kāju.  Līdz pirmdienai nevaru tikt pie veterinārārsta, un viņš neatbild uz telefona zvaniem.  Izskatās, ka vistai stipri sāp.  Gribētu kaut ko iedot, lai vista jūtas labāk, līdz varam tikt pie ārsta.  Paldies par palīdzību.
NellijaB79 Iesūtīts 28. oktobrī 18:36
Es nezinu, vai aspirīnu vistām drīkst dot vai nedrīkst.  Es vienmēr pajautāju savam veterinārārstam un tikai tad dodu saviem putniem zāles.  Zinu, ka dažas zāles, kas ir labas cilvēkiem, putniem var būt kaitīgas.
Monika Iesūtīts 28. oktobrī 18:52
Es iedevu aspirīnu vienai no savām vistām, kad tā bija savainota.   Nekas slikts nenotika.  Nākamajā dienā aizgāju pie veterinārārsta, bet vistai jau bija labāk.  Manuprāt, kaitīgi būtu iedot pārāk daudz, tāpēc nepārsniedziet noteikto devu!  Ceru, ka viņa jūtas labāk!
Piedāvājumi_putniem Iesūtīts 28. oktobrī 19:07
Sveiki! Neaizmirstiet apskatīt manus superlētos piedāvājumus visa veida putnu kopšanas produktiem.  Pašlaik rīkoju lielu izpārdošanu!
Boriss Iesūtīts 28. oktobrī 19:15
Vai kāds man, lūdzu, varētu pateikt, kā var zināt, kad vista ir slima?  Paldies.
Alberts Iesūtīts 28. oktobrī 19:21
Sveiki, Izabella! Es esmu veterinārārsts, kas specializējies putnu slimībās.   Savainotām vistām, ja var redzēt, ka viņām ir sāpes, var dot aspirīnu.  Kad izrakstu putniem aspirīnu, es ievēroju Putnu klīniskajā medicīnā dotās vadlīnijas. Vistām var dot 5mg aspirīna uz ķermeņa masas kilogramu.   Jūs varat to dot 3-4 reizes dienā, līdz ir iespējams tikt pie veterinārārsta.   Ir ļoti svarīgi konsultēties ar veterināru.  Lai veicas!"
R548-ChickenForum,4,3,Latvian,lav-LVA,"Vistu forums Jautājums 3 / 7
Izmanto informāciju no teksta ""Vistu veselības forums"", kas atrodas pa labi.  Noklikšķini uz atbilžu variantiem tabulā, lai atbildētu uz jautājumu.
Daži ieraksti forumā ir saistīti ar tēmu, bet daži nav.  Noklikšķini uz Jā vai  Nē , lai norādītu, vai zemāk dotajā tabulā redzamie ieraksti attiecas uz Izabella_88 problēmu.
Vai ieraksts attiecas uz Izabella_88 problēmu?
Jā
Nē
NellijasB79 ieraksts
Monikas ieraksts
Piedāvājumi_putniem ieraksts
Borisa ieraksts
Alberta ieraksts"
R548-ChickenForum,5,1,Latvian,lav-LVA,PISA
R548-ChickenForum,5,2,Latvian,lav-LVA,"www.vistuveseliba.com/forums/aspirins-vistas
Vistu veselība
Tavs interneta resurss par vistu veselību
Par
Forums
Attēli
Vistu ārstēšana ar aspirīnu
Izabella_88 Sarunas sākums Iesūtīts 28. oktobrī 18:12
Sveiciens visiem! Vai drīkstu dot savai vistai aspirīnu?   Viņa ir 2 gadus veca un, šķiet, savainojusi kāju.  Līdz pirmdienai nevaru tikt pie veterinārārsta, un viņš neatbild uz telefona zvaniem.  Izskatās, ka vistai stipri sāp.  Gribētu kaut ko iedot, lai vista jūtas labāk, līdz varam tikt pie ārsta.  Paldies par palīdzību.
NellijaB79 Iesūtīts 28. oktobrī 18:36
Es nezinu, vai aspirīnu vistām drīkst dot vai nedrīkst.  Es vienmēr pajautāju savam veterinārārstam un tikai tad dodu saviem putniem zāles.  Zinu, ka dažas zāles, kas ir labas cilvēkiem, putniem var būt kaitīgas.
Monika Iesūtīts 28. oktobrī 18:52
Es iedevu aspirīnu vienai no savām vistām, kad tā bija savainota.   Nekas slikts nenotika.  Nākamajā dienā aizgāju pie veterinārārsta, bet vistai jau bija labāk.  Manuprāt, kaitīgi būtu iedot pārāk daudz, tāpēc nepārsniedziet noteikto devu!  Ceru, ka viņa jūtas labāk!
Piedāvājumi_putniem Iesūtīts 28. oktobrī 19:07
Sveiki! Neaizmirstiet apskatīt manus superlētos piedāvājumus visa veida putnu kopšanas produktiem.  Pašlaik rīkoju lielu izpārdošanu!
Boriss Iesūtīts 28. oktobrī 19:15
Vai kāds man, lūdzu, varētu pateikt, kā var zināt, kad vista ir slima?  Paldies.
Alberts Iesūtīts 28. oktobrī 19:21
Sveiki, Izabella! Es esmu veterinārārsts, kas specializējies putnu slimībās.   Savainotām vistām, ja var redzēt, ka viņām ir sāpes, var dot aspirīnu.  Kad izrakstu putniem aspirīnu, es ievēroju Putnu klīniskajā medicīnā dotās vadlīnijas. Vistām var dot 5mg aspirīna uz ķermeņa masas kilogramu.   Jūs varat to dot 3-4 reizes dienā, līdz ir iespējams tikt pie veterinārārsta.   Ir ļoti svarīgi konsultēties ar veterināru.  Lai veicas!"
R548-ChickenForum,5,3,Latvian,lav-LVA,"Vistu forums Jautājums 4 / 7
Izmanto informāciju no teksta ""Vistu veselības forums"", kas atrodas pa labi.  Noklikšķini uz atbildes varianta, lai atbildētu uz jautājumu.
Kuram bijusi pozitīva pieredze, dodot vistai aspirīnu?
Izabellai_88
NellijaiB79
Monikai
Borisam"
R548-ChickenForum,6,1,Latvian,lav-LVA,PISA
R548-ChickenForum,6,2,Latvian,lav-LVA,"www.vistuveseliba.com/forums/aspirins-vistas
Vistu veselība
Tavs interneta resurss par vistu veselību
Par
Forums
Attēli
Vistu ārstēšana ar aspirīnu
Izabella_88 Sarunas sākums Iesūtīts 28. oktobrī 18:12
Sveiciens visiem! Vai drīkstu dot savai vistai aspirīnu?   Viņa ir 2 gadus veca un, šķiet, savainojusi kāju.  Līdz pirmdienai nevaru tikt pie veterinārārsta, un viņš neatbild uz telefona zvaniem.  Izskatās, ka vistai stipri sāp.  Gribētu kaut ko iedot, lai vista jūtas labāk, līdz varam tikt pie ārsta.  Paldies par palīdzību.
NellijaB79 Iesūtīts 28. oktobrī 18:36
Es nezinu, vai aspirīnu vistām drīkst dot vai nedrīkst.  Es vienmēr pajautāju savam veterinārārstam un tikai tad dodu saviem putniem zāles.  Zinu, ka dažas zāles, kas ir labas cilvēkiem, putniem var būt kaitīgas.
Monika Iesūtīts 28. oktobrī 18:52
Es iedevu aspirīnu vienai no savām vistām, kad tā bija savainota.   Nekas slikts nenotika.  Nākamajā dienā aizgāju pie veterinārārsta, bet vistai jau bija labāk.  Manuprāt, kaitīgi būtu iedot pārāk daudz, tāpēc nepārsniedziet noteikto devu!  Ceru, ka viņa jūtas labāk!
Piedāvājumi_putniem Iesūtīts 28. oktobrī 19:07
Sveiki! Neaizmirstiet apskatīt manus superlētos piedāvājumus visa veida putnu kopšanas produktiem.  Pašlaik rīkoju lielu izpārdošanu!
Boriss Iesūtīts 28. oktobrī 19:15
Vai kāds man, lūdzu, varētu pateikt, kā var zināt, kad vista ir slima?  Paldies.
Alberts Iesūtīts 28. oktobrī 19:21
Sveiki, Izabella! Es esmu veterinārārsts, kas specializējies putnu slimībās.   Savainotām vistām, ja var redzēt, ka viņām ir sāpes, var dot aspirīnu.  Kad izrakstu putniem aspirīnu, es ievēroju Putnu klīniskajā medicīnā dotās vadlīnijas. Vistām var dot 5mg aspirīna uz ķermeņa masas kilogramu.   Jūs varat to dot 3-4 reizes dienā, līdz ir iespējams tikt pie veterinārārsta.   Ir ļoti svarīgi konsultēties ar veterināru.  Lai veicas!"
R548-ChickenForum,6,3,Latvian,lav-LVA,"Vistu forums Jautājums 5 / 7
Izmanto informāciju no teksta ""Vistu veselības forums"", kas atrodas pa labi.  Noklikšķini uz atbildes varianta, lai atbildētu uz jautājumu.
Kāpēc Piedāvājumi_putniem atbildēja uz Izabellas_88 ierakstu?
Lai popularizētu savu biznesu.
Lai atbildētu uz Izabella_88 jautājumu.
Lai papildinātu Monikas padomu.
Lai demonstrētu zināšanas par putniem."
R548-ChickenForum,7,1,Latvian,lav-LVA,PISA
R548-ChickenForum,7,2,Latvian,lav-LVA,"www.vistuveseliba.com/forums/aspirins-vistas
Vistu veselība
Tavs interneta resurss par vistu veselību
Par
Forums
Attēli
Vistu ārstēšana ar aspirīnu
Izabella_88 Sarunas sākums Iesūtīts 28. oktobrī 18:12
Sveiciens visiem! Vai drīkstu dot savai vistai aspirīnu?   Viņa ir 2 gadus veca un, šķiet, savainojusi kāju.  Līdz pirmdienai nevaru tikt pie veterinārārsta, un viņš neatbild uz telefona zvaniem.  Izskatās, ka vistai stipri sāp.  Gribētu kaut ko iedot, lai vista jūtas labāk, līdz varam tikt pie ārsta.  Paldies par palīdzību.
NellijaB79 Iesūtīts 28. oktobrī 18:36
Es nezinu, vai aspirīnu vistām drīkst dot vai nedrīkst.  Es vienmēr pajautāju savam veterinārārstam un tikai tad dodu saviem putniem zāles.  Zinu, ka dažas zāles, kas ir labas cilvēkiem, putniem var būt kaitīgas.
Monika Iesūtīts 28. oktobrī 18:52
Es iedevu aspirīnu vienai no savām vistām, kad tā bija savainota.   Nekas slikts nenotika.  Nākamajā dienā aizgāju pie veterinārārsta, bet vistai jau bija labāk.  Manuprāt, kaitīgi būtu iedot pārāk daudz, tāpēc nepārsniedziet noteikto devu!  Ceru, ka viņa jūtas labāk!
Piedāvājumi_putniem Iesūtīts 28. oktobrī 19:07
Sveiki! Neaizmirstiet apskatīt manus superlētos piedāvājumus visa veida putnu kopšanas produktiem.  Pašlaik rīkoju lielu izpārdošanu!
Boriss Iesūtīts 28. oktobrī 19:15
Vai kāds man, lūdzu, varētu pateikt, kā var zināt, kad vista ir slima?  Paldies.
Alberts Iesūtīts 28. oktobrī 19:21
Sveiki, Izabella! Es esmu veterinārārsts, kas specializējies putnu slimībās.   Savainotām vistām, ja var redzēt, ka viņām ir sāpes, var dot aspirīnu.  Kad izrakstu putniem aspirīnu, es ievēroju Putnu klīniskajā medicīnā dotās vadlīnijas. Vistām var dot 5mg aspirīna uz ķermeņa masas kilogramu.   Jūs varat to dot 3-4 reizes dienā, līdz ir iespējams tikt pie veterinārārsta.   Ir ļoti svarīgi konsultēties ar veterināru.  Lai veicas!"
R548-ChickenForum,7,3,Latvian,lav-LVA,"Vistu forums Jautājums 6 / 7
Izmanto informāciju no teksta ""Vistu veselības forums"", kas atrodas pa labi.  Noklikšķini uz atbildes varianta, un tad uzraksti skaidrojumu, lai atbildētu uz jautājumu.
Kurš publicēja visticamāko atbildi uz Izabella_88 jautājumu?
NellijaB79
Monika
Piedāvājumi_putniem
Alberts
Paskaidrojiet savu atbildi."
R548-ChickenForum,8,1,Latvian,lav-LVA,PISA
R548-ChickenForum,8,2,Latvian,lav-LVA,"www.vistuveseliba.com/forums/aspirins-vistas
Vistu veselība
Tavs interneta resurss par vistu veselību
Par
Forums
Attēli
Vistu ārstēšana ar aspirīnu
Izabella_88 Sarunas sākums Iesūtīts 28. oktobrī 18:12
Sveiciens visiem! Vai drīkstu dot savai vistai aspirīnu?   Viņa ir 2 gadus veca un, šķiet, savainojusi kāju.  Līdz pirmdienai nevaru tikt pie veterinārārsta, un viņš neatbild uz telefona zvaniem.  Izskatās, ka vistai stipri sāp.  Gribētu kaut ko iedot, lai vista jūtas labāk, līdz varam tikt pie ārsta.  Paldies par palīdzību.
NellijaB79 Iesūtīts 28. oktobrī 18:36
Es nezinu, vai aspirīnu vistām drīkst dot vai nedrīkst.  Es vienmēr pajautāju savam veterinārārstam un tikai tad dodu saviem putniem zāles.  Zinu, ka dažas zāles, kas ir labas cilvēkiem, putniem var būt kaitīgas.
Monika Iesūtīts 28. oktobrī 18:52
Es iedevu aspirīnu vienai no savām vistām, kad tā bija savainota.   Nekas slikts nenotika.  Nākamajā dienā aizgāju pie veterinārārsta, bet vistai jau bija labāk.  Manuprāt, kaitīgi būtu iedot pārāk daudz, tāpēc nepārsniedziet noteikto devu!  Ceru, ka viņa jūtas labāk!
Piedāvājumi_putniem Iesūtīts 28. oktobrī 19:07
Sveiki! Neaizmirstiet apskatīt manus superlētos piedāvājumus visa veida putnu kopšanas produktiem.  Pašlaik rīkoju lielu izpārdošanu!
Boriss Iesūtīts 28. oktobrī 19:15
Vai kāds man, lūdzu, varētu pateikt, kā var zināt, kad vista ir slima?  Paldies.
Alberts Iesūtīts 28. oktobrī 19:21
Sveiki, Izabella! Es esmu veterinārārsts, kas specializējies putnu slimībās.   Savainotām vistām, ja var redzēt, ka viņām ir sāpes, var dot aspirīnu.  Kad izrakstu putniem aspirīnu, es ievēroju Putnu klīniskajā medicīnā dotās vadlīnijas. Vistām var dot 5mg aspirīna uz ķermeņa masas kilogramu.   Jūs varat to dot 3-4 reizes dienā, līdz ir iespējams tikt pie veterinārārsta.   Ir ļoti svarīgi konsultēties ar veterināru.  Lai veicas!"
R548-ChickenForum,8,3,Latvian,lav-LVA,"Vistu forums Jautājums 7 / 7
Izmanto informāciju no teksta ""Vistu veselības forums"", kas atrodas pa labi.  Uzraksti savu atbildi uz jautājumu.
Kāpēc Alberts nevarēja pateikt Izabellai_88 precīzu aspirīna devu, kas jāiedod vistai?"
R548-ChickenForum,9,1,Latvian,lav-LVA,PISA
R548-ChickenForum,9,2,Latvian,lav-LVA,"www.vistuveseliba.com/forums/aspirins-vistas
Vistu veselība
Tavs interneta resurss par vistu veselību
Par
Forums
Attēli
Vistu ārstēšana ar aspirīnu
Izabella_88 Sarunas sākums Iesūtīts 28. oktobrī 18:12
Sveiciens visiem! Vai drīkstu dot savai vistai aspirīnu?   Viņa ir 2 gadus veca un, šķiet, savainojusi kāju.  Līdz pirmdienai nevaru tikt pie veterinārārsta, un viņš neatbild uz telefona zvaniem.  Izskatās, ka vistai stipri sāp.  Gribētu kaut ko iedot, lai vista jūtas labāk, līdz varam tikt pie ārsta.  Paldies par palīdzību.
NellijaB79 Iesūtīts 28. oktobrī 18:36
Es nezinu, vai aspirīnu vistām drīkst dot vai nedrīkst.  Es vienmēr pajautāju savam veterinārārstam un tikai tad dodu saviem putniem zāles.  Zinu, ka dažas zāles, kas ir labas cilvēkiem, putniem var būt kaitīgas.
Monika Iesūtīts 28. oktobrī 18:52
Es iedevu aspirīnu vienai no savām vistām, kad tā bija savainota.   Nekas slikts nenotika.  Nākamajā dienā aizgāju pie veterinārārsta, bet vistai jau bija labāk.  Manuprāt, kaitīgi būtu iedot pārāk daudz, tāpēc nepārsniedziet noteikto devu!  Ceru, ka viņa jūtas labāk!
Piedāvājumi_putniem Iesūtīts 28. oktobrī 19:07
Sveiki! Neaizmirstiet apskatīt manus superlētos piedāvājumus visa veida putnu kopšanas produktiem.  Pašlaik rīkoju lielu izpārdošanu!
Boriss Iesūtīts 28. oktobrī 19:15
Vai kāds man, lūdzu, varētu pateikt, kā var zināt, kad vista ir slima?  Paldies.
Alberts Iesūtīts 28. oktobrī 19:21
Sveiki, Izabella! Es esmu veterinārārsts, kas specializējies putnu slimībās.   Savainotām vistām, ja var redzēt, ka viņām ir sāpes, var dot aspirīnu.  Kad izrakstu putniem aspirīnu, es ievēroju Putnu klīniskajā medicīnā dotās vadlīnijas. Vistām var dot 5mg aspirīna uz ķermeņa masas kilogramu.   Jūs varat to dot 3-4 reizes dienā, līdz ir iespējams tikt pie veterinārārsta.   Ir ļoti svarīgi konsultēties ar veterināru.  Lai veicas!"
R548-ChickenForum,9,3,Latvian,lav-LVA,"Vistu forums Jautājums 7 / 7
Izmanto informāciju no teksta ""Vistu veselības forums"", kas atrodas pa labi.  Uzraksti savu atbildi uz jautājumu.
Kāpēc Alberts nevarēja pateikt Izabellai_88 precīzu aspirīna devu, kas jāiedod vistai?"
R548-ChickenForum,10,1,Latvian,lav-LVA,PISA
R548-ChickenForum,10,2,Latvian,lav-LVA,"www.vistuveseliba.com/forums/aspirins-vistas
Vistu veselība
Tavs interneta resurss par vistu veselību
Par
Forums
Attēli
Vistu ārstēšana ar aspirīnu
Izabella_88 Sarunas sākums Iesūtīts 28. oktobrī 18:12
Sveiciens visiem! Vai drīkstu dot savai vistai aspirīnu?   Viņa ir 2 gadus veca un, šķiet, savainojusi kāju.  Līdz pirmdienai nevaru tikt pie veterinārārsta, un viņš neatbild uz telefona zvaniem.  Izskatās, ka vistai stipri sāp.  Gribētu kaut ko iedot, lai vista jūtas labāk, līdz varam tikt pie ārsta.  Paldies par palīdzību.
NellijaB79 Iesūtīts 28. oktobrī 18:36
Es nezinu, vai aspirīnu vistām drīkst dot vai nedrīkst.  Es vienmēr pajautāju savam veterinārārstam un tikai tad dodu saviem putniem zāles.  Zinu, ka dažas zāles, kas ir labas cilvēkiem, putniem var būt kaitīgas.
Monika Iesūtīts 28. oktobrī 18:52
Es iedevu aspirīnu vienai no savām vistām, kad tā bija savainota.   Nekas slikts nenotika.  Nākamajā dienā aizgāju pie veterinārārsta, bet vistai jau bija labāk.  Manuprāt, kaitīgi būtu iedot pārāk daudz, tāpēc nepārsniedziet noteikto devu!  Ceru, ka viņa jūtas labāk!
Piedāvājumi_putniem Iesūtīts 28. oktobrī 19:07
Sveiki! Neaizmirstiet apskatīt manus superlētos piedāvājumus visa veida putnu kopšanas produktiem.  Pašlaik rīkoju lielu izpārdošanu!
Boriss Iesūtīts 28. oktobrī 19:15
Vai kāds man, lūdzu, varētu pateikt, kā var zināt, kad vista ir slima?  Paldies.
Alberts Iesūtīts 28. oktobrī 19:21
Sveiki, Izabella! Es esmu veterinārārsts, kas specializējies putnu slimībās.   Savainotām vistām, ja var redzēt, ka viņām ir sāpes, var dot aspirīnu.  Kad izrakstu putniem aspirīnu, es ievēroju Putnu klīniskajā medicīnā dotās vadlīnijas. Vistām var dot 5mg aspirīna uz ķermeņa masas kilogramu.   Jūs varat to dot 3-4 reizes dienā, līdz ir iespējams tikt pie veterinārārsta.   Ir ļoti svarīgi konsultēties ar veterināru.  Lai veicas!"
R548-ChickenForum,10,3,Latvian,lav-LVA,"Vistu forums Jautājums 7 / 7
Izmanto informāciju no teksta ""Vistu veselības forums"", kas atrodas pa labi.  Uzraksti savu atbildi uz jautājumu.
Kāpēc Alberts nevarēja pateikt Izabellai_88 precīzu aspirīna devu, kas jāiedod vistai?"
R548-ChickenForum,1,1,Lithuanian,lit-LTU,Programme for International Student Assessment
R548-ChickenForum,1,2,Lithuanian,lit-LTU,"Forumas apie vištas Įvadas
Perskaitykite įvadą ir spustelėkite rodyklę TOLIAU.
Jūs lankotes pas gimines, kurie neseniai persikėlė į kaimą auginti vištų. Tetai uždavėte klausimą: „Kaip išmokote auginti vištas?“
Ji atsakė: „Kalbėjomės su daugeliu žmonių, auginančių vištas. Be to, internete taip pat daugybė informacijos. Pavyzdžiui, yra toks forumas „Vištų sveikata“, kuriame mėgstu lankytis. Visai neseniai jis man labai pravertė, kai viena iš mano vištų susižalojo koją. Parodysiu tau mūsų pokalbį.“
Norėdami perskaityti pokalbį forume, spustelėkite rodyklę TOLIAU."
R548-ChickenForum,2,1,Lithuanian,lit-LTU,Programme for International Student Assessment
R548-ChickenForum,2,2,Lithuanian,lit-LTU,"www.vistusveikata.lt/forumas/aspirinas-vistos
Vištų sveikata
Informacijos apie vištų sveikatos palaikymą šaltinis internete.
Apie
Forumas
Nuotraukos
Ar galima vištoms duoti aspirino?
Iveta_88 Temos autorius Spalio 28 d. 18:12
Sveiki! Ar nieko tokio, jeigu vištai duosiu aspirino? Jai 2 metai ir, man regis, ji susižalojo koją. Pas veterinarą galėsiu nuvykti tik pirmadienį, o į skambučius jis neatsiliepia. Atrodo, kad mano vištelei labai skauda. Norėčiau jai duoti ko nors, kas numalšintų skausmą, kol galėsiu nuvežti ją pas veterinarą. Dėkoju už pagalbą.
NeleB79 Spalio 28 d. 18:36
Nežinau, ar aspirinas nekenkia vištoms. Prieš duodama savo paukščiams vaistų visuomet pasitariu su veterinaru. Žinau, kad kai kurie vaistai, kurie nekenkia žmonėms, gali būti labai pavojingi paukščiams.
Monika Spalio 28 d. 18:52
Esu davusi aspirino vienai iš savo vištų, kai ši buvo susižeidusi. Nekilo jokių problemų. Kitą dieną nuvykome pas veterinarą, bet ji jau jautėsi geriau. Manau, gali būti pavojinga, jei duosi per daug, tad neviršyk leistino kiekio! Tikiuosi, jai jau geriau!
Viskas_pauksciams Spalio 28 d. 19:07
Sveiki! Nepamirškite peržiūrėti mano pasiūlymų – visos prekės paukščiams už ypač žemą kainą. Kaip tik šiuo metu vyksta didžiulis išpardavimas!
Benas Spalio 28 d. 19:15
Gal kas nors gali pasakyti, kaip suprasti, ar višta serga? Ačiū.
Fredas Spalio 28 d. 19:21
Labas, Iveta, Esu veterinaras, mano specializacija – paukščiai. Susižalojusioms vištoms tikrai galite duoti aspirino, jeigu tik matote, kad joms skauda. Skirdamas paukščiams aspirino, vadovaujuosi knygoje „Paukščių ligos“ pateiktomis rekomendacijomis. Vištoms turėtų būti skiriami 5 mg aspirino vienam kilogramui kūno masės. Šį kiekį galite duoti 3-4 kartus per dieną, kol nuvešite ją pas veterinarą. O nuvykti pas jį yra labai svarbu. Sėkmės!"
R548-ChickenForum,2,3,Lithuanian,lit-LTU,"Forumas apie vištas Klausimas 1 / 7
Remdamiesi dešinėje pateikto forumo „Vištų sveikata“ informacija,  pasirinkite atsakymą.
Ką Iveta_88 nori sužinoti?
Ar ji gali duoti aspirino susižalojusiai vištai.
Kaip dažnai ji gali duoti aspirino susižalojusiai vištai.
Kaip susisiekti su veterinaru dėl susižalojusios vištos.
Ar ji gali nustatyti, kaip stipriai susižalojusiai vištai skauda."
R548-ChickenForum,3,1,Lithuanian,lit-LTU,Programme for International Student Assessment
R548-ChickenForum,3,2,Lithuanian,lit-LTU,"www.vistusveikata.lt/forumas/aspirinas-vistos
Vištų sveikata
Informacijos apie vištų sveikatos palaikymą šaltinis internete.
Apie
Forumas
Nuotraukos
Ar galima vištoms duoti aspirino?
Iveta_88 Temos autorius Spalio 28 d. 18:12
Sveiki! Ar nieko tokio, jeigu vištai duosiu aspirino? Jai 2 metai ir, man regis, ji susižalojo koją. Pas veterinarą galėsiu nuvykti tik pirmadienį, o į skambučius jis neatsiliepia. Atrodo, kad mano vištelei labai skauda. Norėčiau jai duoti ko nors, kas numalšintų skausmą, kol galėsiu nuvežti ją pas veterinarą. Dėkoju už pagalbą.
NeleB79 Spalio 28 d. 18:36
Nežinau, ar aspirinas nekenkia vištoms. Prieš duodama savo paukščiams vaistų visuomet pasitariu su veterinaru. Žinau, kad kai kurie vaistai, kurie nekenkia žmonėms, gali būti labai pavojingi paukščiams.
Monika Spalio 28 d. 18:52
Esu davusi aspirino vienai iš savo vištų, kai ši buvo susižeidusi. Nekilo jokių problemų. Kitą dieną nuvykome pas veterinarą, bet ji jau jautėsi geriau. Manau, gali būti pavojinga, jei duosi per daug, tad neviršyk leistino kiekio! Tikiuosi, jai jau geriau!
Viskas_pauksciams Spalio 28 d. 19:07
Sveiki! Nepamirškite peržiūrėti mano pasiūlymų – visos prekės paukščiams už ypač žemą kainą. Kaip tik šiuo metu vyksta didžiulis išpardavimas!
Benas Spalio 28 d. 19:15
Gal kas nors gali pasakyti, kaip suprasti, ar višta serga? Ačiū.
Fredas Spalio 28 d. 19:21
Labas, Iveta, Esu veterinaras, mano specializacija – paukščiai. Susižalojusioms vištoms tikrai galite duoti aspirino, jeigu tik matote, kad joms skauda. Skirdamas paukščiams aspirino, vadovaujuosi knygoje „Paukščių ligos“ pateiktomis rekomendacijomis. Vištoms turėtų būti skiriami 5 mg aspirino vienam kilogramui kūno masės. Šį kiekį galite duoti 3-4 kartus per dieną, kol nuvešite ją pas veterinarą. O nuvykti pas jį yra labai svarbu. Sėkmės!"
R548-ChickenForum,3,3,Lithuanian,lit-LTU,"Forumas apie vištas Klausimas 2 / 7
Remdamiesi dešinėje pateikto forumo „Vištų sveikata“ informacija,  pasirinkite atsakymą.
Kodėl Iveta_88 nusprendė užduoti savo klausimą interneto forume?
Nes ji nežinojo, kaip rasti veterinarą.
Nes ji galvojo, kad jos vištai nenutiko nieko rimta.
Nes ji norėjo savo vištai padėti kuo greičiau.
Nes ji neišgalėjo sau leisti nuvykti pas veterinarą."
R548-ChickenForum,4,1,Lithuanian,lit-LTU,Programme for International Student Assessment
R548-ChickenForum,4,2,Lithuanian,lit-LTU,"www.vistusveikata.lt/forumas/aspirinas-vistos
Vištų sveikata
Informacijos apie vištų sveikatos palaikymą šaltinis internete.
Apie
Forumas
Nuotraukos
Ar galima vištoms duoti aspirino?
Iveta_88 Temos autorius Spalio 28 d. 18:12
Sveiki! Ar nieko tokio, jeigu vištai duosiu aspirino? Jai 2 metai ir, man regis, ji susižalojo koją. Pas veterinarą galėsiu nuvykti tik pirmadienį, o į skambučius jis neatsiliepia. Atrodo, kad mano vištelei labai skauda. Norėčiau jai duoti ko nors, kas numalšintų skausmą, kol galėsiu nuvežti ją pas veterinarą. Dėkoju už pagalbą.
NeleB79 Spalio 28 d. 18:36
Nežinau, ar aspirinas nekenkia vištoms. Prieš duodama savo paukščiams vaistų visuomet pasitariu su veterinaru. Žinau, kad kai kurie vaistai, kurie nekenkia žmonėms, gali būti labai pavojingi paukščiams.
Monika Spalio 28 d. 18:52
Esu davusi aspirino vienai iš savo vištų, kai ši buvo susižeidusi. Nekilo jokių problemų. Kitą dieną nuvykome pas veterinarą, bet ji jau jautėsi geriau. Manau, gali būti pavojinga, jei duosi per daug, tad neviršyk leistino kiekio! Tikiuosi, jai jau geriau!
Viskas_pauksciams Spalio 28 d. 19:07
Sveiki! Nepamirškite peržiūrėti mano pasiūlymų – visos prekės paukščiams už ypač žemą kainą. Kaip tik šiuo metu vyksta didžiulis išpardavimas!
Benas Spalio 28 d. 19:15
Gal kas nors gali pasakyti, kaip suprasti, ar višta serga? Ačiū.
Fredas Spalio 28 d. 19:21
Labas, Iveta, Esu veterinaras, mano specializacija – paukščiai. Susižalojusioms vištoms tikrai galite duoti aspirino, jeigu tik matote, kad joms skauda. Skirdamas paukščiams aspirino, vadovaujuosi knygoje „Paukščių ligos“ pateiktomis rekomendacijomis. Vištoms turėtų būti skiriami 5 mg aspirino vienam kilogramui kūno masės. Šį kiekį galite duoti 3-4 kartus per dieną, kol nuvešite ją pas veterinarą. O nuvykti pas jį yra labai svarbu. Sėkmės!"
R548-ChickenForum,4,3,Lithuanian,lit-LTU,"Forumas apie vištas Klausimas 3 / 7
Remdamiesi dešinėje pateikto forumo „Vištų sveikata“ informacija,   lentelėje pasirinkite atsakymus.
Vieni pasisakymai forume gali būti tiesiogiai susiję su tema, o kiti ne. Prie kiekvieno pasisakymo pasirinkite Taip arba Ne, taip nurodydami, ar žemiau pateikti pasisakymai yra susiję su Ivetos_88 problema.
Ar pasisakymas susijęs su Ivetos_88 problema?
Taip
Ne
NeleB79 pasisakymas
Monikos pasisakymas
Viskas_pauksciams pasisakymas
Beno pasisakymas
Fredo pasisakymas"
R548-ChickenForum,5,1,Lithuanian,lit-LTU,Programme for International Student Assessment
R548-ChickenForum,5,2,Lithuanian,lit-LTU,"www.vistusveikata.lt/forumas/aspirinas-vistos
Vištų sveikata
Informacijos apie vištų sveikatos palaikymą šaltinis internete.
Apie
Forumas
Nuotraukos
Ar galima vištoms duoti aspirino?
Iveta_88 Temos autorius Spalio 28 d. 18:12
Sveiki! Ar nieko tokio, jeigu vištai duosiu aspirino? Jai 2 metai ir, man regis, ji susižalojo koją. Pas veterinarą galėsiu nuvykti tik pirmadienį, o į skambučius jis neatsiliepia. Atrodo, kad mano vištelei labai skauda. Norėčiau jai duoti ko nors, kas numalšintų skausmą, kol galėsiu nuvežti ją pas veterinarą. Dėkoju už pagalbą.
NeleB79 Spalio 28 d. 18:36
Nežinau, ar aspirinas nekenkia vištoms. Prieš duodama savo paukščiams vaistų visuomet pasitariu su veterinaru. Žinau, kad kai kurie vaistai, kurie nekenkia žmonėms, gali būti labai pavojingi paukščiams.
Monika Spalio 28 d. 18:52
Esu davusi aspirino vienai iš savo vištų, kai ši buvo susižeidusi. Nekilo jokių problemų. Kitą dieną nuvykome pas veterinarą, bet ji jau jautėsi geriau. Manau, gali būti pavojinga, jei duosi per daug, tad neviršyk leistino kiekio! Tikiuosi, jai jau geriau!
Viskas_pauksciams Spalio 28 d. 19:07
Sveiki! Nepamirškite peržiūrėti mano pasiūlymų – visos prekės paukščiams už ypač žemą kainą. Kaip tik šiuo metu vyksta didžiulis išpardavimas!
Benas Spalio 28 d. 19:15
Gal kas nors gali pasakyti, kaip suprasti, ar višta serga? Ačiū.
Fredas Spalio 28 d. 19:21
Labas, Iveta, Esu veterinaras, mano specializacija – paukščiai. Susižalojusioms vištoms tikrai galite duoti aspirino, jeigu tik matote, kad joms skauda. Skirdamas paukščiams aspirino, vadovaujuosi knygoje „Paukščių ligos“ pateiktomis rekomendacijomis. Vištoms turėtų būti skiriami 5 mg aspirino vienam kilogramui kūno masės. Šį kiekį galite duoti 3-4 kartus per dieną, kol nuvešite ją pas veterinarą. O nuvykti pas jį yra labai svarbu. Sėkmės!"
R548-ChickenForum,5,3,Lithuanian,lit-LTU,"Forumas apie vištas Klausimas 4 / 7
Remdamiesi dešinėje pateikto forumo „Vištų sveikata“ informacija,  pasirinkite atsakymą.
Kuris iš forumo dalyvių jau yra gydęs susižalojusią vištą aspirinu?
Iveta_88
NeleB79
Monika
Benas"
R548-ChickenForum,6,1,Lithuanian,lit-LTU,Programme for International Student Assessment
R548-ChickenForum,6,2,Lithuanian,lit-LTU,"www.vistusveikata.lt/forumas/aspirinas-vistos
Vištų sveikata
Informacijos apie vištų sveikatos palaikymą šaltinis internete.
Apie
Forumas
Nuotraukos
Ar galima vištoms duoti aspirino?
Iveta_88 Temos autorius Spalio 28 d. 18:12
Sveiki! Ar nieko tokio, jeigu vištai duosiu aspirino? Jai 2 metai ir, man regis, ji susižalojo koją. Pas veterinarą galėsiu nuvykti tik pirmadienį, o į skambučius jis neatsiliepia. Atrodo, kad mano vištelei labai skauda. Norėčiau jai duoti ko nors, kas numalšintų skausmą, kol galėsiu nuvežti ją pas veterinarą. Dėkoju už pagalbą.
NeleB79 Spalio 28 d. 18:36
Nežinau, ar aspirinas nekenkia vištoms. Prieš duodama savo paukščiams vaistų visuomet pasitariu su veterinaru. Žinau, kad kai kurie vaistai, kurie nekenkia žmonėms, gali būti labai pavojingi paukščiams.
Monika Spalio 28 d. 18:52
Esu davusi aspirino vienai iš savo vištų, kai ši buvo susižeidusi. Nekilo jokių problemų. Kitą dieną nuvykome pas veterinarą, bet ji jau jautėsi geriau. Manau, gali būti pavojinga, jei duosi per daug, tad neviršyk leistino kiekio! Tikiuosi, jai jau geriau!
Viskas_pauksciams Spalio 28 d. 19:07
Sveiki! Nepamirškite peržiūrėti mano pasiūlymų – visos prekės paukščiams už ypač žemą kainą. Kaip tik šiuo metu vyksta didžiulis išpardavimas!
Benas Spalio 28 d. 19:15
Gal kas nors gali pasakyti, kaip suprasti, ar višta serga? Ačiū.
Fredas Spalio 28 d. 19:21
Labas, Iveta, Esu veterinaras, mano specializacija – paukščiai. Susižalojusioms vištoms tikrai galite duoti aspirino, jeigu tik matote, kad joms skauda. Skirdamas paukščiams aspirino, vadovaujuosi knygoje „Paukščių ligos“ pateiktomis rekomendacijomis. Vištoms turėtų būti skiriami 5 mg aspirino vienam kilogramui kūno masės. Šį kiekį galite duoti 3-4 kartus per dieną, kol nuvešite ją pas veterinarą. O nuvykti pas jį yra labai svarbu. Sėkmės!"
R548-ChickenForum,6,3,Lithuanian,lit-LTU,"Forumas apie vištas Klausimas 5 / 7
Remdamiesi dešinėje pateikto forumo „Vištų sveikata“ informacija,  pasirinkite atsakymą.
Kodėl Viskas_pauksciams atsiliepė į Ivetos_88 pasisakymą?
Norėdamas pareklamuoti įmonę.
Norėdamas atsakyti į Ivetos_88 klausimą.
Norėdamas papildyti Monikos duotą patarimą.
Norėdamas pademonstruoti savo žinias apie paukščius."
R548-ChickenForum,7,1,Lithuanian,lit-LTU,Programme for International Student Assessment
R548-ChickenForum,7,2,Lithuanian,lit-LTU,"www.vistusveikata.lt/forumas/aspirinas-vistos
Vištų sveikata
Informacijos apie vištų sveikatos palaikymą šaltinis internete.
Apie
Forumas
Nuotraukos
Ar galima vištoms duoti aspirino?
Iveta_88 Temos autorius Spalio 28 d. 18:12
Sveiki! Ar nieko tokio, jeigu vištai duosiu aspirino? Jai 2 metai ir, man regis, ji susižalojo koją. Pas veterinarą galėsiu nuvykti tik pirmadienį, o į skambučius jis neatsiliepia. Atrodo, kad mano vištelei labai skauda. Norėčiau jai duoti ko nors, kas numalšintų skausmą, kol galėsiu nuvežti ją pas veterinarą. Dėkoju už pagalbą.
NeleB79 Spalio 28 d. 18:36
Nežinau, ar aspirinas nekenkia vištoms. Prieš duodama savo paukščiams vaistų visuomet pasitariu su veterinaru. Žinau, kad kai kurie vaistai, kurie nekenkia žmonėms, gali būti labai pavojingi paukščiams.
Monika Spalio 28 d. 18:52
Esu davusi aspirino vienai iš savo vištų, kai ši buvo susižeidusi. Nekilo jokių problemų. Kitą dieną nuvykome pas veterinarą, bet ji jau jautėsi geriau. Manau, gali būti pavojinga, jei duosi per daug, tad neviršyk leistino kiekio! Tikiuosi, jai jau geriau!
Viskas_pauksciams Spalio 28 d. 19:07
Sveiki! Nepamirškite peržiūrėti mano pasiūlymų – visos prekės paukščiams už ypač žemą kainą. Kaip tik šiuo metu vyksta didžiulis išpardavimas!
Benas Spalio 28 d. 19:15
Gal kas nors gali pasakyti, kaip suprasti, ar višta serga? Ačiū.
Fredas Spalio 28 d. 19:21
Labas, Iveta, Esu veterinaras, mano specializacija – paukščiai. Susižalojusioms vištoms tikrai galite duoti aspirino, jeigu tik matote, kad joms skauda. Skirdamas paukščiams aspirino, vadovaujuosi knygoje „Paukščių ligos“ pateiktomis rekomendacijomis. Vištoms turėtų būti skiriami 5 mg aspirino vienam kilogramui kūno masės. Šį kiekį galite duoti 3-4 kartus per dieną, kol nuvešite ją pas veterinarą. O nuvykti pas jį yra labai svarbu. Sėkmės!"
R548-ChickenForum,7,3,Lithuanian,lit-LTU,"Forumas apie vištas Klausimas 6 / 7
Remdamiesi dešinėje pateikto forumo „Vištų sveikata“ informacija,  pasirinkite atsakymą ir įrašykite paaiškinimą.
Kas parašė patikimiausią atsakymą į Ivetos_88 užduotą klausimą?
NeleB79
Monika
Viskas_pauksciams
Fredas
Pagrįskite savo atsakymą."
R548-ChickenForum,8,1,Lithuanian,lit-LTU,Programme for International Student Assessment
R548-ChickenForum,8,2,Lithuanian,lit-LTU,"www.vistusveikata.lt/forumas/aspirinas-vistos
Vištų sveikata
Informacijos apie vištų sveikatos palaikymą šaltinis internete.
Apie
Forumas
Nuotraukos
Ar galima vištoms duoti aspirino?
Iveta_88 Temos autorius Spalio 28 d. 18:12
Sveiki! Ar nieko tokio, jeigu vištai duosiu aspirino? Jai 2 metai ir, man regis, ji susižalojo koją. Pas veterinarą galėsiu nuvykti tik pirmadienį, o į skambučius jis neatsiliepia. Atrodo, kad mano vištelei labai skauda. Norėčiau jai duoti ko nors, kas numalšintų skausmą, kol galėsiu nuvežti ją pas veterinarą. Dėkoju už pagalbą.
NeleB79 Spalio 28 d. 18:36
Nežinau, ar aspirinas nekenkia vištoms. Prieš duodama savo paukščiams vaistų visuomet pasitariu su veterinaru. Žinau, kad kai kurie vaistai, kurie nekenkia žmonėms, gali būti labai pavojingi paukščiams.
Monika Spalio 28 d. 18:52
Esu davusi aspirino vienai iš savo vištų, kai ši buvo susižeidusi. Nekilo jokių problemų. Kitą dieną nuvykome pas veterinarą, bet ji jau jautėsi geriau. Manau, gali būti pavojinga, jei duosi per daug, tad neviršyk leistino kiekio! Tikiuosi, jai jau geriau!
Viskas_pauksciams Spalio 28 d. 19:07
Sveiki! Nepamirškite peržiūrėti mano pasiūlymų – visos prekės paukščiams už ypač žemą kainą. Kaip tik šiuo metu vyksta didžiulis išpardavimas!
Benas Spalio 28 d. 19:15
Gal kas nors gali pasakyti, kaip suprasti, ar višta serga? Ačiū.
Fredas Spalio 28 d. 19:21
Labas, Iveta, Esu veterinaras, mano specializacija – paukščiai. Susižalojusioms vištoms tikrai galite duoti aspirino, jeigu tik matote, kad joms skauda. Skirdamas paukščiams aspirino, vadovaujuosi knygoje „Paukščių ligos“ pateiktomis rekomendacijomis. Vištoms turėtų būti skiriami 5 mg aspirino vienam kilogramui kūno masės. Šį kiekį galite duoti 3-4 kartus per dieną, kol nuvešite ją pas veterinarą. O nuvykti pas jį yra labai svarbu. Sėkmės!"
R548-ChickenForum,8,3,Lithuanian,lit-LTU,"Forumas apie vištas Klausimas 7 / 7
Remdamiesi dešinėje pateikto forumo „Vištų sveikata“ informacija, įrašykite atsakymą.
Kodėl Fredas negali Ivetai_88 nurodyti tikslaus aspirino kiekio, reikalingo jos vištai?"
R548-ChickenForum,9,1,Lithuanian,lit-LTU,Programme for International Student Assessment
R548-ChickenForum,9,2,Lithuanian,lit-LTU,"www.vistusveikata.lt/forumas/aspirinas-vistos
Vištų sveikata
Informacijos apie vištų sveikatos palaikymą šaltinis internete.
Apie
Forumas
Nuotraukos
Ar galima vištoms duoti aspirino?
Iveta_88 Temos autorius Spalio 28 d. 18:12
Sveiki! Ar nieko tokio, jeigu vištai duosiu aspirino? Jai 2 metai ir, man regis, ji susižalojo koją. Pas veterinarą galėsiu nuvykti tik pirmadienį, o į skambučius jis neatsiliepia. Atrodo, kad mano vištelei labai skauda. Norėčiau jai duoti ko nors, kas numalšintų skausmą, kol galėsiu nuvežti ją pas veterinarą. Dėkoju už pagalbą.
NeleB79 Spalio 28 d. 18:36
Nežinau, ar aspirinas nekenkia vištoms. Prieš duodama savo paukščiams vaistų visuomet pasitariu su veterinaru. Žinau, kad kai kurie vaistai, kurie nekenkia žmonėms, gali būti labai pavojingi paukščiams.
Monika Spalio 28 d. 18:52
Esu davusi aspirino vienai iš savo vištų, kai ši buvo susižeidusi. Nekilo jokių problemų. Kitą dieną nuvykome pas veterinarą, bet ji jau jautėsi geriau. Manau, gali būti pavojinga, jei duosi per daug, tad neviršyk leistino kiekio! Tikiuosi, jai jau geriau!
Viskas_pauksciams Spalio 28 d. 19:07
Sveiki! Nepamirškite peržiūrėti mano pasiūlymų – visos prekės paukščiams už ypač žemą kainą. Kaip tik šiuo metu vyksta didžiulis išpardavimas!
Benas Spalio 28 d. 19:15
Gal kas nors gali pasakyti, kaip suprasti, ar višta serga? Ačiū.
Fredas Spalio 28 d. 19:21
Labas, Iveta, Esu veterinaras, mano specializacija – paukščiai. Susižalojusioms vištoms tikrai galite duoti aspirino, jeigu tik matote, kad joms skauda. Skirdamas paukščiams aspirino, vadovaujuosi knygoje „Paukščių ligos“ pateiktomis rekomendacijomis. Vištoms turėtų būti skiriami 5 mg aspirino vienam kilogramui kūno masės. Šį kiekį galite duoti 3-4 kartus per dieną, kol nuvešite ją pas veterinarą. O nuvykti pas jį yra labai svarbu. Sėkmės!"
R548-ChickenForum,9,3,Lithuanian,lit-LTU,"Forumas apie vištas Klausimas 7 / 7
Remdamiesi dešinėje pateikto forumo „Vištų sveikata“ informacija, įrašykite atsakymą.
Kodėl Fredas negali Ivetai_88 nurodyti tikslaus aspirino kiekio, reikalingo jos vištai?"
R548-ChickenForum,10,1,Lithuanian,lit-LTU,Programme for International Student Assessment
R548-ChickenForum,10,2,Lithuanian,lit-LTU,"www.vistusveikata.lt/forumas/aspirinas-vistos
Vištų sveikata
Informacijos apie vištų sveikatos palaikymą šaltinis internete.
Apie
Forumas
Nuotraukos
Ar galima vištoms duoti aspirino?
Iveta_88 Temos autorius Spalio 28 d. 18:12
Sveiki! Ar nieko tokio, jeigu vištai duosiu aspirino? Jai 2 metai ir, man regis, ji susižalojo koją. Pas veterinarą galėsiu nuvykti tik pirmadienį, o į skambučius jis neatsiliepia. Atrodo, kad mano vištelei labai skauda. Norėčiau jai duoti ko nors, kas numalšintų skausmą, kol galėsiu nuvežti ją pas veterinarą. Dėkoju už pagalbą.
NeleB79 Spalio 28 d. 18:36
Nežinau, ar aspirinas nekenkia vištoms. Prieš duodama savo paukščiams vaistų visuomet pasitariu su veterinaru. Žinau, kad kai kurie vaistai, kurie nekenkia žmonėms, gali būti labai pavojingi paukščiams.
Monika Spalio 28 d. 18:52
Esu davusi aspirino vienai iš savo vištų, kai ši buvo susižeidusi. Nekilo jokių problemų. Kitą dieną nuvykome pas veterinarą, bet ji jau jautėsi geriau. Manau, gali būti pavojinga, jei duosi per daug, tad neviršyk leistino kiekio! Tikiuosi, jai jau geriau!
Viskas_pauksciams Spalio 28 d. 19:07
Sveiki! Nepamirškite peržiūrėti mano pasiūlymų – visos prekės paukščiams už ypač žemą kainą. Kaip tik šiuo metu vyksta didžiulis išpardavimas!
Benas Spalio 28 d. 19:15
Gal kas nors gali pasakyti, kaip suprasti, ar višta serga? Ačiū.
Fredas Spalio 28 d. 19:21
Labas, Iveta, Esu veterinaras, mano specializacija – paukščiai. Susižalojusioms vištoms tikrai galite duoti aspirino, jeigu tik matote, kad joms skauda. Skirdamas paukščiams aspirino, vadovaujuosi knygoje „Paukščių ligos“ pateiktomis rekomendacijomis. Vištoms turėtų būti skiriami 5 mg aspirino vienam kilogramui kūno masės. Šį kiekį galite duoti 3-4 kartus per dieną, kol nuvešite ją pas veterinarą. O nuvykti pas jį yra labai svarbu. Sėkmės!"
R548-ChickenForum,10,3,Lithuanian,lit-LTU,"Forumas apie vištas Klausimas 7 / 7
Remdamiesi dešinėje pateikto forumo „Vištų sveikata“ informacija, įrašykite atsakymą.
Kodėl Fredas negali Ivetai_88 nurodyti tikslaus aspirino kiekio, reikalingo jos vištai?"
R548-ChickenForum,1,1,Malay,msa-MYS,PISA
R548-ChickenForum,1,2,Malay,msa-MYS,"Forum Ayam Pengenalan
Baca Pengenalan. Kemudian klik pada anak panah SETERUSNYA.
Anda sedang melawat saudara-mara yang baru berpindah ke sebuah ladang untuk menternak ayam. Anda bertanya kepada mak cik anda, ""Bagaimanakah mak cik belajar menternak ayam?""
Mak cik anda menjawab, ""Kami bertanya kepada ramai penternak ayam. Terdapat banyak juga sumber rujukan di Internet. Contohnya, terdapat satu forum yang bertajuk Kesihatan Ayam yang mak cik gemar layari. Forum tersebut banyak membantu mak cik baru-baru ini apabila salah seekor ayam mak cik tercedera di kakinya. Mak cik akan tunjukkan kandungan perbincangan yang telah diadakan.”
Klik pada anak panah SETERUSNYA untuk membaca forum tersebut."
R548-ChickenForum,2,1,Malay,msa-MYS,PISA
R548-ChickenForum,2,2,Malay,msa-MYS,"www.kesihatanayam.com/forum/aspirin-ayam
Kesihatan Ayam
Sumber dalam talian anda untuk ayam yang sihat
Perihal
Forum
Gambar
Memberikan Aspirin kepada Ayam
Ina_88 Pemula Urutan Topik Disiarkan pada 28 Oktober 18:12
Helo semua! Bolehkah saya memberi aspirin kepada ayam saya?  Ayam saya itu berumur 2 tahun dan saya rasa kakinya cedera. Saya tidak dapat pergi ke klinik haiwan sehingga hari Isnin dan doktor haiwan itu pula tidak menjawab panggilan saya. Ayam saya kelihatan sangat sakit. Saya ingin memberikan sesuatu untuk mengurangkan kesakitannya sebelum saya dapat membawanya berjumpa doktor haiwan. Terima kasih atas bantuan anda.
NaliniB79 Disiarkan pada 28 Oktober 18:36
Saya tidak pasti sama ada aspirin adalah selamat atau tidak untuk ayam. Saya selalu merujuk doktor haiwan saya sebelum memberikan ubat kepada burung peliharaan saya. Saya tahu sesetengah ubat yang selamat digunakan oleh manusia boleh membahayakan burung.
Murni Disiarkan pada 28 Oktober 18:52
Saya pernah memberikan aspirin kepada seekor ayam saya yang tercedera. Tiada masalah yang timbul. Keesokan harinya, saya telah pergi ke klinik haiwan tetapi keadaannya sudah semakin baik. Saya rasa jika diberikan terlalu banyak boleh jadi bahaya, jadi jangan melebihi had dos!  Saya harap ayam awak semakin pulih!
Tawaran_Avian Disiarkan pada 28 Oktober 19:07
Hai! Jangan lupa menyemak tawaran harga super rendah saya untuk semua keperluan burung. Saya mengadakan jualan hebat sekarang!
Bob Disiarkan pada 28 Oktober 19:15
Bolehkah sesiapa memberitahu saya cara untuk mengetahui jika seseekor ayam itu sakit? Terima kasih.
Faiz Disiarkan pada 28 Oktober 19:21
Helo Ina, Saya seorang doktor haiwan yang mempunyai kepakaran tentang burung.  Tiada masalah untuk memberikan aspirin kepada ayam yang cedera atau sakit jika ayam itu menunjukkan tanda kesakitan yang ketara. Ketika menetapkan dos aspirin untuk burung, saya mengikut garis panduan yang diterbitkan oleh Perubatan Klinikal Selesema Burung. Ayam hanya boleh diberikan 5mg aspirin bagi setiap kg berat badannya. Anda boleh memberikan aspirin sebanyak 3-4 kali sehari sehingga anda berjumpa doktor haiwan anda.  Adalah sangat mustahak untuk membuat perjumpaan susulan dengan doktor haiwan anda. Semoga berjaya!"
R548-ChickenForum,2,3,Malay,msa-MYS,"Forum Ayam Soalan 1 / 7
Rujuk Forum Kesihatan Ayam di sebelah kanan. Klik pada satu pilihan jawapan untuk menjawab soalan.
Apakah yang ingin diketahui oleh Ina_88?
Jika dia boleh memberi aspirin kepada seekor ayam yang cedera.
Kekerapan dia boleh memberi aspirin kepada seekor ayam yang cedera.
Cara untuk dia menghubungi doktor haiwan tentang seekor ayam yang cedera.
Jika dia boleh menentukan tahap kesakitan ayam yang cedera."
R548-ChickenForum,3,1,Malay,msa-MYS,PISA
R548-ChickenForum,3,2,Malay,msa-MYS,"www.kesihatanayam.com/forum/aspirin-ayam
Kesihatan Ayam
Sumber dalam talian anda untuk ayam yang sihat
Perihal
Forum
Gambar
Memberikan Aspirin kepada Ayam
Ina_88 Pemula Urutan Topik Disiarkan pada 28 Oktober 18:12
Helo semua! Bolehkah saya memberi aspirin kepada ayam saya?  Ayam saya itu berumur 2 tahun dan saya rasa kakinya cedera. Saya tidak dapat pergi ke klinik haiwan sehingga hari Isnin dan doktor haiwan itu pula tidak menjawab panggilan saya. Ayam saya kelihatan sangat sakit. Saya ingin memberikan sesuatu untuk mengurangkan kesakitannya sebelum saya dapat membawanya berjumpa doktor haiwan. Terima kasih atas bantuan anda.
NaliniB79 Disiarkan pada 28 Oktober 18:36
Saya tidak pasti sama ada aspirin adalah selamat atau tidak untuk ayam. Saya selalu merujuk doktor haiwan saya sebelum memberikan ubat kepada burung peliharaan saya. Saya tahu sesetengah ubat yang selamat digunakan oleh manusia boleh membahayakan burung.
Murni Disiarkan pada 28 Oktober 18:52
Saya pernah memberikan aspirin kepada seekor ayam saya yang tercedera. Tiada masalah yang timbul. Keesokan harinya, saya telah pergi ke klinik haiwan tetapi keadaannya sudah semakin baik. Saya rasa jika diberikan terlalu banyak boleh jadi bahaya, jadi jangan melebihi had dos!  Saya harap ayam awak semakin pulih!
Tawaran_Avian Disiarkan pada 28 Oktober 19:07
Hai! Jangan lupa menyemak tawaran harga super rendah saya untuk semua keperluan burung. Saya mengadakan jualan hebat sekarang!
Bob Disiarkan pada 28 Oktober 19:15
Bolehkah sesiapa memberitahu saya cara untuk mengetahui jika seseekor ayam itu sakit? Terima kasih.
Faiz Disiarkan pada 28 Oktober 19:21
Helo Ina, Saya seorang doktor haiwan yang mempunyai kepakaran tentang burung.  Tiada masalah untuk memberikan aspirin kepada ayam yang cedera atau sakit jika ayam itu menunjukkan tanda kesakitan yang ketara. Ketika menetapkan dos aspirin untuk burung, saya mengikut garis panduan yang diterbitkan oleh Perubatan Klinikal Selesema Burung. Ayam hanya boleh diberikan 5mg aspirin bagi setiap kg berat badannya. Anda boleh memberikan aspirin sebanyak 3-4 kali sehari sehingga anda berjumpa doktor haiwan anda.  Adalah sangat mustahak untuk membuat perjumpaan susulan dengan doktor haiwan anda. Semoga berjaya!"
R548-ChickenForum,3,3,Malay,msa-MYS,"Forum Ayam Soalan 2 / 7
Rujuk Forum Kesihatan Ayam di sebelah kanan. Klik pada satu pilihan jawapan untuk menjawab soalan.
Mengapakah Ina_88 memutuskan untuk menyiarkan soalannya di forum Internet?
Kerana dia tidak tahu cara untuk mendapatkan seorang doktor haiwan.
Kerana dia berpendapat yang masalah ayamnya tidak serius.
Kerana dia ingin membantu ayamnya secepat mungkin.
Kerana dia tidak mampu untuk berjumpa dengan doktor haiwan."
R548-ChickenForum,4,1,Malay,msa-MYS,PISA
R548-ChickenForum,4,2,Malay,msa-MYS,"www.kesihatanayam.com/forum/aspirin-ayam
Kesihatan Ayam
Sumber dalam talian anda untuk ayam yang sihat
Perihal
Forum
Gambar
Memberikan Aspirin kepada Ayam
Ina_88 Pemula Urutan Topik Disiarkan pada 28 Oktober 18:12
Helo semua! Bolehkah saya memberi aspirin kepada ayam saya?  Ayam saya itu berumur 2 tahun dan saya rasa kakinya cedera. Saya tidak dapat pergi ke klinik haiwan sehingga hari Isnin dan doktor haiwan itu pula tidak menjawab panggilan saya. Ayam saya kelihatan sangat sakit. Saya ingin memberikan sesuatu untuk mengurangkan kesakitannya sebelum saya dapat membawanya berjumpa doktor haiwan. Terima kasih atas bantuan anda.
NaliniB79 Disiarkan pada 28 Oktober 18:36
Saya tidak pasti sama ada aspirin adalah selamat atau tidak untuk ayam. Saya selalu merujuk doktor haiwan saya sebelum memberikan ubat kepada burung peliharaan saya. Saya tahu sesetengah ubat yang selamat digunakan oleh manusia boleh membahayakan burung.
Murni Disiarkan pada 28 Oktober 18:52
Saya pernah memberikan aspirin kepada seekor ayam saya yang tercedera. Tiada masalah yang timbul. Keesokan harinya, saya telah pergi ke klinik haiwan tetapi keadaannya sudah semakin baik. Saya rasa jika diberikan terlalu banyak boleh jadi bahaya, jadi jangan melebihi had dos!  Saya harap ayam awak semakin pulih!
Tawaran_Avian Disiarkan pada 28 Oktober 19:07
Hai! Jangan lupa menyemak tawaran harga super rendah saya untuk semua keperluan burung. Saya mengadakan jualan hebat sekarang!
Bob Disiarkan pada 28 Oktober 19:15
Bolehkah sesiapa memberitahu saya cara untuk mengetahui jika seseekor ayam itu sakit? Terima kasih.
Faiz Disiarkan pada 28 Oktober 19:21
Helo Ina, Saya seorang doktor haiwan yang mempunyai kepakaran tentang burung.  Tiada masalah untuk memberikan aspirin kepada ayam yang cedera atau sakit jika ayam itu menunjukkan tanda kesakitan yang ketara. Ketika menetapkan dos aspirin untuk burung, saya mengikut garis panduan yang diterbitkan oleh Perubatan Klinikal Selesema Burung. Ayam hanya boleh diberikan 5mg aspirin bagi setiap kg berat badannya. Anda boleh memberikan aspirin sebanyak 3-4 kali sehari sehingga anda berjumpa doktor haiwan anda.  Adalah sangat mustahak untuk membuat perjumpaan susulan dengan doktor haiwan anda. Semoga berjaya!"
R548-ChickenForum,4,3,Malay,msa-MYS,"Forum Ayam Soalan 3 / 7
Rujuk Forum Kesihatan Ayam di sebelah kanan. Klik pada pilihan di dalam jadual untuk menjawab soalan.
Sesetengah catatan dalam forum relevan dengan topik, namun sesetengah yang lain tidak berkaitan. Klik Ya atau Tidak untuk menyatakan sama ada catatan di dalam jadual di bawah adalah relevan untuk masalah yang dihadapi oleh Ina_88.
Adakah catatan ini relevan dengan masalah Ina_88?
Ya
Tidak
Catatan NaliniB79
Catatan Murni
Catatan Tawaran_Avian
Catatan Bob
Catatan Faiz"
R548-ChickenForum,5,1,Malay,msa-MYS,PISA
R548-ChickenForum,5,2,Malay,msa-MYS,"www.kesihatanayam.com/forum/aspirin-ayam
Kesihatan Ayam
Sumber dalam talian anda untuk ayam yang sihat
Perihal
Forum
Gambar
Memberikan Aspirin kepada Ayam
Ina_88 Pemula Urutan Topik Disiarkan pada 28 Oktober 18:12
Helo semua! Bolehkah saya memberi aspirin kepada ayam saya?  Ayam saya itu berumur 2 tahun dan saya rasa kakinya cedera. Saya tidak dapat pergi ke klinik haiwan sehingga hari Isnin dan doktor haiwan itu pula tidak menjawab panggilan saya. Ayam saya kelihatan sangat sakit. Saya ingin memberikan sesuatu untuk mengurangkan kesakitannya sebelum saya dapat membawanya berjumpa doktor haiwan. Terima kasih atas bantuan anda.
NaliniB79 Disiarkan pada 28 Oktober 18:36
Saya tidak pasti sama ada aspirin adalah selamat atau tidak untuk ayam. Saya selalu merujuk doktor haiwan saya sebelum memberikan ubat kepada burung peliharaan saya. Saya tahu sesetengah ubat yang selamat digunakan oleh manusia boleh membahayakan burung.
Murni Disiarkan pada 28 Oktober 18:52
Saya pernah memberikan aspirin kepada seekor ayam saya yang tercedera. Tiada masalah yang timbul. Keesokan harinya, saya telah pergi ke klinik haiwan tetapi keadaannya sudah semakin baik. Saya rasa jika diberikan terlalu banyak boleh jadi bahaya, jadi jangan melebihi had dos!  Saya harap ayam awak semakin pulih!
Tawaran_Avian Disiarkan pada 28 Oktober 19:07
Hai! Jangan lupa menyemak tawaran harga super rendah saya untuk semua keperluan burung. Saya mengadakan jualan hebat sekarang!
Bob Disiarkan pada 28 Oktober 19:15
Bolehkah sesiapa memberitahu saya cara untuk mengetahui jika seseekor ayam itu sakit? Terima kasih.
Faiz Disiarkan pada 28 Oktober 19:21
Helo Ina, Saya seorang doktor haiwan yang mempunyai kepakaran tentang burung.  Tiada masalah untuk memberikan aspirin kepada ayam yang cedera atau sakit jika ayam itu menunjukkan tanda kesakitan yang ketara. Ketika menetapkan dos aspirin untuk burung, saya mengikut garis panduan yang diterbitkan oleh Perubatan Klinikal Selesema Burung. Ayam hanya boleh diberikan 5mg aspirin bagi setiap kg berat badannya. Anda boleh memberikan aspirin sebanyak 3-4 kali sehari sehingga anda berjumpa doktor haiwan anda.  Adalah sangat mustahak untuk membuat perjumpaan susulan dengan doktor haiwan anda. Semoga berjaya!"
R548-ChickenForum,5,3,Malay,msa-MYS,"Forum Ayam Soalan 4 / 7
Rujuk Forum Kesihatan Ayam di sebelah kanan. Klik pada satu pilihan jawapan untuk menjawab soalan.
Siapakah berpengalaman positif memberikan aspirin kepada seekor ayam yang cedera?
Ina_88
NaliniB79
Murni
Bob"
R548-ChickenForum,6,1,Malay,msa-MYS,PISA
R548-ChickenForum,6,2,Malay,msa-MYS,"www.kesihatanayam.com/forum/aspirin-ayam
Kesihatan Ayam
Sumber dalam talian anda untuk ayam yang sihat
Perihal
Forum
Gambar
Memberikan Aspirin kepada Ayam
Ina_88 Pemula Urutan Topik Disiarkan pada 28 Oktober 18:12
Helo semua! Bolehkah saya memberi aspirin kepada ayam saya?  Ayam saya itu berumur 2 tahun dan saya rasa kakinya cedera. Saya tidak dapat pergi ke klinik haiwan sehingga hari Isnin dan doktor haiwan itu pula tidak menjawab panggilan saya. Ayam saya kelihatan sangat sakit. Saya ingin memberikan sesuatu untuk mengurangkan kesakitannya sebelum saya dapat membawanya berjumpa doktor haiwan. Terima kasih atas bantuan anda.
NaliniB79 Disiarkan pada 28 Oktober 18:36
Saya tidak pasti sama ada aspirin adalah selamat atau tidak untuk ayam. Saya selalu merujuk doktor haiwan saya sebelum memberikan ubat kepada burung peliharaan saya. Saya tahu sesetengah ubat yang selamat digunakan oleh manusia boleh membahayakan burung.
Murni Disiarkan pada 28 Oktober 18:52
Saya pernah memberikan aspirin kepada seekor ayam saya yang tercedera. Tiada masalah yang timbul. Keesokan harinya, saya telah pergi ke klinik haiwan tetapi keadaannya sudah semakin baik. Saya rasa jika diberikan terlalu banyak boleh jadi bahaya, jadi jangan melebihi had dos!  Saya harap ayam awak semakin pulih!
Tawaran_Avian Disiarkan pada 28 Oktober 19:07
Hai! Jangan lupa menyemak tawaran harga super rendah saya untuk semua keperluan burung. Saya mengadakan jualan hebat sekarang!
Bob Disiarkan pada 28 Oktober 19:15
Bolehkah sesiapa memberitahu saya cara untuk mengetahui jika seseekor ayam itu sakit? Terima kasih.
Faiz Disiarkan pada 28 Oktober 19:21
Helo Ina, Saya seorang doktor haiwan yang mempunyai kepakaran tentang burung.  Tiada masalah untuk memberikan aspirin kepada ayam yang cedera atau sakit jika ayam itu menunjukkan tanda kesakitan yang ketara. Ketika menetapkan dos aspirin untuk burung, saya mengikut garis panduan yang diterbitkan oleh Perubatan Klinikal Selesema Burung. Ayam hanya boleh diberikan 5mg aspirin bagi setiap kg berat badannya. Anda boleh memberikan aspirin sebanyak 3-4 kali sehari sehingga anda berjumpa doktor haiwan anda.  Adalah sangat mustahak untuk membuat perjumpaan susulan dengan doktor haiwan anda. Semoga berjaya!"
R548-ChickenForum,6,3,Malay,msa-MYS,"Forum Ayam Soalan 5 / 7
Rujuk Forum Kesihatan Ayam di sebelah kanan. Klik pada satu pilihan jawapan untuk menjawab soalan.
Mengapakah Tawaran_Avian memberikan respons pada catatan Ina_88?
Untuk mempromosikan sebuah perniagaan.
Untuk menjawab soalan Ina_88.
Untuk memberikan nasihat tambahan pada nasihat yang diberikan oleh Murni.
Untuk menunjukkan kepakaran tentang burung-burung."
R548-ChickenForum,7,1,Malay,msa-MYS,PISA
R548-ChickenForum,7,2,Malay,msa-MYS,"www.kesihatanayam.com/forum/aspirin-ayam
Kesihatan Ayam
Sumber dalam talian anda untuk ayam yang sihat
Perihal
Forum
Gambar
Memberikan Aspirin kepada Ayam
Ina_88 Pemula Urutan Topik Disiarkan pada 28 Oktober 18:12
Helo semua! Bolehkah saya memberi aspirin kepada ayam saya?  Ayam saya itu berumur 2 tahun dan saya rasa kakinya cedera. Saya tidak dapat pergi ke klinik haiwan sehingga hari Isnin dan doktor haiwan itu pula tidak menjawab panggilan saya. Ayam saya kelihatan sangat sakit. Saya ingin memberikan sesuatu untuk mengurangkan kesakitannya sebelum saya dapat membawanya berjumpa doktor haiwan. Terima kasih atas bantuan anda.
NaliniB79 Disiarkan pada 28 Oktober 18:36
Saya tidak pasti sama ada aspirin adalah selamat atau tidak untuk ayam. Saya selalu merujuk doktor haiwan saya sebelum memberikan ubat kepada burung peliharaan saya. Saya tahu sesetengah ubat yang selamat digunakan oleh manusia boleh membahayakan burung.
Murni Disiarkan pada 28 Oktober 18:52
Saya pernah memberikan aspirin kepada seekor ayam saya yang tercedera. Tiada masalah yang timbul. Keesokan harinya, saya telah pergi ke klinik haiwan tetapi keadaannya sudah semakin baik. Saya rasa jika diberikan terlalu banyak boleh jadi bahaya, jadi jangan melebihi had dos!  Saya harap ayam awak semakin pulih!
Tawaran_Avian Disiarkan pada 28 Oktober 19:07
Hai! Jangan lupa menyemak tawaran harga super rendah saya untuk semua keperluan burung. Saya mengadakan jualan hebat sekarang!
Bob Disiarkan pada 28 Oktober 19:15
Bolehkah sesiapa memberitahu saya cara untuk mengetahui jika seseekor ayam itu sakit? Terima kasih.
Faiz Disiarkan pada 28 Oktober 19:21
Helo Ina, Saya seorang doktor haiwan yang mempunyai kepakaran tentang burung.  Tiada masalah untuk memberikan aspirin kepada ayam yang cedera atau sakit jika ayam itu menunjukkan tanda kesakitan yang ketara. Ketika menetapkan dos aspirin untuk burung, saya mengikut garis panduan yang diterbitkan oleh Perubatan Klinikal Selesema Burung. Ayam hanya boleh diberikan 5mg aspirin bagi setiap kg berat badannya. Anda boleh memberikan aspirin sebanyak 3-4 kali sehari sehingga anda berjumpa doktor haiwan anda.  Adalah sangat mustahak untuk membuat perjumpaan susulan dengan doktor haiwan anda. Semoga berjaya!"
R548-ChickenForum,7,3,Malay,msa-MYS,"Forum Ayam Soalan 6 / 7
Rujuk Forum Kesihatan Ayam di sebelah kanan. Klik pada satu pilihan, kemudian taipkan penerangan anda untuk menjawab soalan tersebut.
Siapakah yang memberikan jawapan paling boleh diterima untuk soalan Ina_88?
NaliniB79
Murni
Tawaran_Avian
Faiz
Berikan alasan yang munasabah untuk jawapan anda."
R548-ChickenForum,8,1,Malay,msa-MYS,PISA
R548-ChickenForum,8,2,Malay,msa-MYS,"www.kesihatanayam.com/forum/aspirin-ayam
Kesihatan Ayam
Sumber dalam talian anda untuk ayam yang sihat
Perihal
Forum
Gambar
Memberikan Aspirin kepada Ayam
Ina_88 Pemula Urutan Topik Disiarkan pada 28 Oktober 18:12
Helo semua! Bolehkah saya memberi aspirin kepada ayam saya?  Ayam saya itu berumur 2 tahun dan saya rasa kakinya cedera. Saya tidak dapat pergi ke klinik haiwan sehingga hari Isnin dan doktor haiwan itu pula tidak menjawab panggilan saya. Ayam saya kelihatan sangat sakit. Saya ingin memberikan sesuatu untuk mengurangkan kesakitannya sebelum saya dapat membawanya berjumpa doktor haiwan. Terima kasih atas bantuan anda.
NaliniB79 Disiarkan pada 28 Oktober 18:36
Saya tidak pasti sama ada aspirin adalah selamat atau tidak untuk ayam. Saya selalu merujuk doktor haiwan saya sebelum memberikan ubat kepada burung peliharaan saya. Saya tahu sesetengah ubat yang selamat digunakan oleh manusia boleh membahayakan burung.
Murni Disiarkan pada 28 Oktober 18:52
Saya pernah memberikan aspirin kepada seekor ayam saya yang tercedera. Tiada masalah yang timbul. Keesokan harinya, saya telah pergi ke klinik haiwan tetapi keadaannya sudah semakin baik. Saya rasa jika diberikan terlalu banyak boleh jadi bahaya, jadi jangan melebihi had dos!  Saya harap ayam awak semakin pulih!
Tawaran_Avian Disiarkan pada 28 Oktober 19:07
Hai! Jangan lupa menyemak tawaran harga super rendah saya untuk semua keperluan burung. Saya mengadakan jualan hebat sekarang!
Bob Disiarkan pada 28 Oktober 19:15
Bolehkah sesiapa memberitahu saya cara untuk mengetahui jika seseekor ayam itu sakit? Terima kasih.
Faiz Disiarkan pada 28 Oktober 19:21
Helo Ina, Saya seorang doktor haiwan yang mempunyai kepakaran tentang burung.  Tiada masalah untuk memberikan aspirin kepada ayam yang cedera atau sakit jika ayam itu menunjukkan tanda kesakitan yang ketara. Ketika menetapkan dos aspirin untuk burung, saya mengikut garis panduan yang diterbitkan oleh Perubatan Klinikal Selesema Burung. Ayam hanya boleh diberikan 5mg aspirin bagi setiap kg berat badannya. Anda boleh memberikan aspirin sebanyak 3-4 kali sehari sehingga anda berjumpa doktor haiwan anda.  Adalah sangat mustahak untuk membuat perjumpaan susulan dengan doktor haiwan anda. Semoga berjaya!"
R548-ChickenForum,8,3,Malay,msa-MYS,"Forum Ayam Soalan 7 / 7
Rujuk Forum Kesihatan Ayam di sebelah kanan. Taipkan jawapan anda untuk soalan yang diberi.
Mengapakah Faiz tidak dapat memberikan sukatan tepat aspirin yang diperlukan untuk ayam Ina_88?"
R548-ChickenForum,9,1,Malay,msa-MYS,PISA
R548-ChickenForum,9,2,Malay,msa-MYS,"www.kesihatanayam.com/forum/aspirin-ayam
Kesihatan Ayam
Sumber dalam talian anda untuk ayam yang sihat
Perihal
Forum
Gambar
Memberikan Aspirin kepada Ayam
Ina_88 Pemula Urutan Topik Disiarkan pada 28 Oktober 18:12
Helo semua! Bolehkah saya memberi aspirin kepada ayam saya?  Ayam saya itu berumur 2 tahun dan saya rasa kakinya cedera. Saya tidak dapat pergi ke klinik haiwan sehingga hari Isnin dan doktor haiwan itu pula tidak menjawab panggilan saya. Ayam saya kelihatan sangat sakit. Saya ingin memberikan sesuatu untuk mengurangkan kesakitannya sebelum saya dapat membawanya berjumpa doktor haiwan. Terima kasih atas bantuan anda.
NaliniB79 Disiarkan pada 28 Oktober 18:36
Saya tidak pasti sama ada aspirin adalah selamat atau tidak untuk ayam. Saya selalu merujuk doktor haiwan saya sebelum memberikan ubat kepada burung peliharaan saya. Saya tahu sesetengah ubat yang selamat digunakan oleh manusia boleh membahayakan burung.
Murni Disiarkan pada 28 Oktober 18:52
Saya pernah memberikan aspirin kepada seekor ayam saya yang tercedera. Tiada masalah yang timbul. Keesokan harinya, saya telah pergi ke klinik haiwan tetapi keadaannya sudah semakin baik. Saya rasa jika diberikan terlalu banyak boleh jadi bahaya, jadi jangan melebihi had dos!  Saya harap ayam awak semakin pulih!
Tawaran_Avian Disiarkan pada 28 Oktober 19:07
Hai! Jangan lupa menyemak tawaran harga super rendah saya untuk semua keperluan burung. Saya mengadakan jualan hebat sekarang!
Bob Disiarkan pada 28 Oktober 19:15
Bolehkah sesiapa memberitahu saya cara untuk mengetahui jika seseekor ayam itu sakit? Terima kasih.
Faiz Disiarkan pada 28 Oktober 19:21
Helo Ina, Saya seorang doktor haiwan yang mempunyai kepakaran tentang burung.  Tiada masalah untuk memberikan aspirin kepada ayam yang cedera atau sakit jika ayam itu menunjukkan tanda kesakitan yang ketara. Ketika menetapkan dos aspirin untuk burung, saya mengikut garis panduan yang diterbitkan oleh Perubatan Klinikal Selesema Burung. Ayam hanya boleh diberikan 5mg aspirin bagi setiap kg berat badannya. Anda boleh memberikan aspirin sebanyak 3-4 kali sehari sehingga anda berjumpa doktor haiwan anda.  Adalah sangat mustahak untuk membuat perjumpaan susulan dengan doktor haiwan anda. Semoga berjaya!"
R548-ChickenForum,9,3,Malay,msa-MYS,"Forum Ayam Soalan 7 / 7
Rujuk Forum Kesihatan Ayam di sebelah kanan. Taipkan jawapan anda untuk soalan yang diberi.
Mengapakah Faiz tidak dapat memberikan sukatan tepat aspirin yang diperlukan untuk ayam Ina_88?"
R548-ChickenForum,10,1,Malay,msa-MYS,PISA
R548-ChickenForum,10,2,Malay,msa-MYS,"www.kesihatanayam.com/forum/aspirin-ayam
Kesihatan Ayam
Sumber dalam talian anda untuk ayam yang sihat
Perihal
Forum
Gambar
Memberikan Aspirin kepada Ayam
Ina_88 Pemula Urutan Topik Disiarkan pada 28 Oktober 18:12
Helo semua! Bolehkah saya memberi aspirin kepada ayam saya?  Ayam saya itu berumur 2 tahun dan saya rasa kakinya cedera. Saya tidak dapat pergi ke klinik haiwan sehingga hari Isnin dan doktor haiwan itu pula tidak menjawab panggilan saya. Ayam saya kelihatan sangat sakit. Saya ingin memberikan sesuatu untuk mengurangkan kesakitannya sebelum saya dapat membawanya berjumpa doktor haiwan. Terima kasih atas bantuan anda.
NaliniB79 Disiarkan pada 28 Oktober 18:36
Saya tidak pasti sama ada aspirin adalah selamat atau tidak untuk ayam. Saya selalu merujuk doktor haiwan saya sebelum memberikan ubat kepada burung peliharaan saya. Saya tahu sesetengah ubat yang selamat digunakan oleh manusia boleh membahayakan burung.
Murni Disiarkan pada 28 Oktober 18:52
Saya pernah memberikan aspirin kepada seekor ayam saya yang tercedera. Tiada masalah yang timbul. Keesokan harinya, saya telah pergi ke klinik haiwan tetapi keadaannya sudah semakin baik. Saya rasa jika diberikan terlalu banyak boleh jadi bahaya, jadi jangan melebihi had dos!  Saya harap ayam awak semakin pulih!
Tawaran_Avian Disiarkan pada 28 Oktober 19:07
Hai! Jangan lupa menyemak tawaran harga super rendah saya untuk semua keperluan burung. Saya mengadakan jualan hebat sekarang!
Bob Disiarkan pada 28 Oktober 19:15
Bolehkah sesiapa memberitahu saya cara untuk mengetahui jika seseekor ayam itu sakit? Terima kasih.
Faiz Disiarkan pada 28 Oktober 19:21
Helo Ina, Saya seorang doktor haiwan yang mempunyai kepakaran tentang burung.  Tiada masalah untuk memberikan aspirin kepada ayam yang cedera atau sakit jika ayam itu menunjukkan tanda kesakitan yang ketara. Ketika menetapkan dos aspirin untuk burung, saya mengikut garis panduan yang diterbitkan oleh Perubatan Klinikal Selesema Burung. Ayam hanya boleh diberikan 5mg aspirin bagi setiap kg berat badannya. Anda boleh memberikan aspirin sebanyak 3-4 kali sehari sehingga anda berjumpa doktor haiwan anda.  Adalah sangat mustahak untuk membuat perjumpaan susulan dengan doktor haiwan anda. Semoga berjaya!"
R548-ChickenForum,10,3,Malay,msa-MYS,"Forum Ayam Soalan 7 / 7
Rujuk Forum Kesihatan Ayam di sebelah kanan. Taipkan jawapan anda untuk soalan yang diberi.
Mengapakah Faiz tidak dapat memberikan sukatan tepat aspirin yang diperlukan untuk ayam Ina_88?"
R548-ChickenForum,1,1,Nynorsk,nno-NOR,PISA
R548-ChickenForum,1,2,Nynorsk,nno-NOR,"Kyllinghelse Innleiing
Les innleiinga. Klikk deretter på NESTE-pila.
Tenk deg at du er på besøk hos nokre slektningar som har flytta til ein gard for å drive kyllingoppdrett. Du spør tanta di: ""Korleis lærte du å drive med kyllingoppdrett?""
Ho svarar: ""Vi snakka med andre som driv med oppdrett, og i tillegg finst det mange nyttige nettsider. Det finst til dømes eit forum om kyllinghelse som eg har nytte av. Det var til stor hjelp nå nyleg, då ei av hønene mine skadde foten. Du skal få sjå diskusjonen vi hadde.""
Klikk på NESTE-pila for å lese diskusjonen i forumet."
R548-ChickenForum,2,1,Nynorsk,nno-NOR,PISA
R548-ChickenForum,2,2,Nynorsk,nno-NOR,"www.kyllinghelse.com/forum/aspirin_kylling
Kyllinghelse
Di nettkjelde til friske kyllingar
Om oss
Forum
Bilete
Å gi aspirin til kyllingar
Irene_88 Starta diskusjonen Publisert 28. oktober 18:12
Hei, alle saman! Er det greitt å gi aspirin til ei høne? Høna er to år gamal, og eg trur ho har skadd foten. Eg kjem meg ikkje til dyrlegen før måndag, og han tek ikkje telefonen. Høna ser ut til å ha vondt. Eg vil gjerne gi ho noko så ho får det betre fram til vi kjem oss til dyrlegen. Takk skal de ha for hjelpa.
NilleB79 Publisert 28. oktober 18:36
Eg veit ikkje om det er trygt å gi aspirin til høner eller ikkje. Eg sjekkar alltid med dyrlegen før eg gir medisin til fuglane mine. Eg veit at somme medisinar som kan brukast av menneske, kan vere svært skadelege for fuglar.
Monika Publisert 28. oktober 18:52
Eg gav aspirin til ei av hønene mine då ho var skadd. Det var ikkje noko problem. Eg tok henne med til dyrlege dagen etter, men då var ho allereie betre. Eg trur det kan vere skadeleg om du gir for mykje, så ikkje gi meir enn tilrådd dose! Håper ho kjem seg!
Alt_til_fuglen Publisert 28. oktober 19:07
Hei, alle saman! Ikkje gløym å sjekke supertilboda mine på fugleutstyr. Akkurat no har eg sal!
Bjørn Publisert 28 oktober 19:15
Kan nokon forklare meg korleis eg kan vite om ein kylling er sjuk? Takk.
Frank Publisert 28. oktober 19:21
Hei, Irene Eg er veterinær og spesialist på fuglar. Det går fint an å gi aspirin til sjuke kyllingar dersom dei viser teikn til å ha smerter. Når eg skriv ut resept på aspirin til fuglar, følgjer eg alltid tilrådingane i Veterinærkatalogen. Kyllingar kan få 5 mg aspirin per kilo kroppsvekt. Dette kan du gi 3–4 ganger om dagen heilt til du får dratt til dyrlegen. Det er viktig at det blir følgt opp av ein dyrlege. Lykke til!"
R548-ChickenForum,2,3,Nynorsk,nno-NOR,"Kyllinghelse Spørsmål 1 / 7
Les Kyllinghelse til høgre. Svar på spørsmålet ved å klikke på eit av alternativa.
Kva ønskjer Irene_88 å få svar på?
Om ho kan gi aspirin til ei skadd høne
Kor ofte ho kan gi aspirin til ei skadd høne
Kvar ho kan få snakka med ein dyrlege om ei skadd høne
Om ho kan vurdere smertene til ei skadd høne"
R548-ChickenForum,3,1,Nynorsk,nno-NOR,PISA
R548-ChickenForum,3,2,Nynorsk,nno-NOR,"www.kyllinghelse.com/forum/aspirin_kylling
Kyllinghelse
Di nettkjelde til friske kyllingar
Om oss
Forum
Bilete
Å gi aspirin til kyllingar
Irene_88 Starta diskusjonen Publisert 28. oktober 18:12
Hei, alle saman! Er det greitt å gi aspirin til ei høne? Høna er to år gamal, og eg trur ho har skadd foten. Eg kjem meg ikkje til dyrlegen før måndag, og han tek ikkje telefonen. Høna ser ut til å ha vondt. Eg vil gjerne gi ho noko så ho får det betre fram til vi kjem oss til dyrlegen. Takk skal de ha for hjelpa.
NilleB79 Publisert 28. oktober 18:36
Eg veit ikkje om det er trygt å gi aspirin til høner eller ikkje. Eg sjekkar alltid med dyrlegen før eg gir medisin til fuglane mine. Eg veit at somme medisinar som kan brukast av menneske, kan vere svært skadelege for fuglar.
Monika Publisert 28. oktober 18:52
Eg gav aspirin til ei av hønene mine då ho var skadd. Det var ikkje noko problem. Eg tok henne med til dyrlege dagen etter, men då var ho allereie betre. Eg trur det kan vere skadeleg om du gir for mykje, så ikkje gi meir enn tilrådd dose! Håper ho kjem seg!
Alt_til_fuglen Publisert 28. oktober 19:07
Hei, alle saman! Ikkje gløym å sjekke supertilboda mine på fugleutstyr. Akkurat no har eg sal!
Bjørn Publisert 28 oktober 19:15
Kan nokon forklare meg korleis eg kan vite om ein kylling er sjuk? Takk.
Frank Publisert 28. oktober 19:21
Hei, Irene Eg er veterinær og spesialist på fuglar. Det går fint an å gi aspirin til sjuke kyllingar dersom dei viser teikn til å ha smerter. Når eg skriv ut resept på aspirin til fuglar, følgjer eg alltid tilrådingane i Veterinærkatalogen. Kyllingar kan få 5 mg aspirin per kilo kroppsvekt. Dette kan du gi 3–4 ganger om dagen heilt til du får dratt til dyrlegen. Det er viktig at det blir følgt opp av ein dyrlege. Lykke til!"
R548-ChickenForum,3,3,Nynorsk,nno-NOR,"Kyllinghelse Spørsmål 2 / 7
Les Kyllinghelse til høgre. Svar på spørsmålet ved å klikke på eit av alternativa.
Kvifor bestemmer Irene_88 seg for å leggje ut spørsmålet sitt på eit nettforum?
Fordi ho ikkje veit korleis ho får tak i ein dyrlege
Fordi ho ikkje trur at det feiler høna noko alvorleg
Fordi ho vil hjelpe høna så raskt som råd
Fordi ho ikkje har råd til å gå til dyrlegen"
R548-ChickenForum,4,1,Nynorsk,nno-NOR,PISA
R548-ChickenForum,4,2,Nynorsk,nno-NOR,"www.kyllinghelse.com/forum/aspirin_kylling
Kyllinghelse
Di nettkjelde til friske kyllingar
Om oss
Forum
Bilete
Å gi aspirin til kyllingar
Irene_88 Starta diskusjonen Publisert 28. oktober 18:12
Hei, alle saman! Er det greitt å gi aspirin til ei høne? Høna er to år gamal, og eg trur ho har skadd foten. Eg kjem meg ikkje til dyrlegen før måndag, og han tek ikkje telefonen. Høna ser ut til å ha vondt. Eg vil gjerne gi ho noko så ho får det betre fram til vi kjem oss til dyrlegen. Takk skal de ha for hjelpa.
NilleB79 Publisert 28. oktober 18:36
Eg veit ikkje om det er trygt å gi aspirin til høner eller ikkje. Eg sjekkar alltid med dyrlegen før eg gir medisin til fuglane mine. Eg veit at somme medisinar som kan brukast av menneske, kan vere svært skadelege for fuglar.
Monika Publisert 28. oktober 18:52
Eg gav aspirin til ei av hønene mine då ho var skadd. Det var ikkje noko problem. Eg tok henne med til dyrlege dagen etter, men då var ho allereie betre. Eg trur det kan vere skadeleg om du gir for mykje, så ikkje gi meir enn tilrådd dose! Håper ho kjem seg!
Alt_til_fuglen Publisert 28. oktober 19:07
Hei, alle saman! Ikkje gløym å sjekke supertilboda mine på fugleutstyr. Akkurat no har eg sal!
Bjørn Publisert 28 oktober 19:15
Kan nokon forklare meg korleis eg kan vite om ein kylling er sjuk? Takk.
Frank Publisert 28. oktober 19:21
Hei, Irene Eg er veterinær og spesialist på fuglar. Det går fint an å gi aspirin til sjuke kyllingar dersom dei viser teikn til å ha smerter. Når eg skriv ut resept på aspirin til fuglar, følgjer eg alltid tilrådingane i Veterinærkatalogen. Kyllingar kan få 5 mg aspirin per kilo kroppsvekt. Dette kan du gi 3–4 ganger om dagen heilt til du får dratt til dyrlegen. Det er viktig at det blir følgt opp av ein dyrlege. Lykke til!"
R548-ChickenForum,4,3,Nynorsk,nno-NOR,"Kyllinghelse Spørsmål 3 / 7
Les Kyllinghelse til høgre.  Svar på spørsmålet ved å klikke på alternativa i tabellen.
Nokre innlegg på forumet kan vere relevante for temaet, medan andre ikkje er det. Klikk på anten Ja eller Nei i tabellen nedanfor for å vise om innlegga er relevante for det Irene_88 lurer på.
Er innlegget relevant for det Irene_88 lurer på?
Ja
Nei
Innlegget til NilleB79
Innlegget til Monika
Innlegget til Alt_til_fuglen
Innlegget til Bjørn
Innlegget til Frank"
R548-ChickenForum,5,1,Nynorsk,nno-NOR,PISA
R548-ChickenForum,5,2,Nynorsk,nno-NOR,"www.kyllinghelse.com/forum/aspirin_kylling
Kyllinghelse
Di nettkjelde til friske kyllingar
Om oss
Forum
Bilete
Å gi aspirin til kyllingar
Irene_88 Starta diskusjonen Publisert 28. oktober 18:12
Hei, alle saman! Er det greitt å gi aspirin til ei høne? Høna er to år gamal, og eg trur ho har skadd foten. Eg kjem meg ikkje til dyrlegen før måndag, og han tek ikkje telefonen. Høna ser ut til å ha vondt. Eg vil gjerne gi ho noko så ho får det betre fram til vi kjem oss til dyrlegen. Takk skal de ha for hjelpa.
NilleB79 Publisert 28. oktober 18:36
Eg veit ikkje om det er trygt å gi aspirin til høner eller ikkje. Eg sjekkar alltid med dyrlegen før eg gir medisin til fuglane mine. Eg veit at somme medisinar som kan brukast av menneske, kan vere svært skadelege for fuglar.
Monika Publisert 28. oktober 18:52
Eg gav aspirin til ei av hønene mine då ho var skadd. Det var ikkje noko problem. Eg tok henne med til dyrlege dagen etter, men då var ho allereie betre. Eg trur det kan vere skadeleg om du gir for mykje, så ikkje gi meir enn tilrådd dose! Håper ho kjem seg!
Alt_til_fuglen Publisert 28. oktober 19:07
Hei, alle saman! Ikkje gløym å sjekke supertilboda mine på fugleutstyr. Akkurat no har eg sal!
Bjørn Publisert 28 oktober 19:15
Kan nokon forklare meg korleis eg kan vite om ein kylling er sjuk? Takk.
Frank Publisert 28. oktober 19:21
Hei, Irene Eg er veterinær og spesialist på fuglar. Det går fint an å gi aspirin til sjuke kyllingar dersom dei viser teikn til å ha smerter. Når eg skriv ut resept på aspirin til fuglar, følgjer eg alltid tilrådingane i Veterinærkatalogen. Kyllingar kan få 5 mg aspirin per kilo kroppsvekt. Dette kan du gi 3–4 ganger om dagen heilt til du får dratt til dyrlegen. Det er viktig at det blir følgt opp av ein dyrlege. Lykke til!"
R548-ChickenForum,5,3,Nynorsk,nno-NOR,"Kyllinghelse Spørsmål 4 / 7
Les Kyllinghelse til høgre. Svar på spørsmålet ved å klikke på eit av alternativa.
Kven har hatt positive erfaringar med å gi aspirin til ei skadd høne?
Irene_88
NilleB79
Monika
Bjørn"
R548-ChickenForum,6,1,Nynorsk,nno-NOR,PISA
R548-ChickenForum,6,2,Nynorsk,nno-NOR,"www.kyllinghelse.com/forum/aspirin_kylling
Kyllinghelse
Di nettkjelde til friske kyllingar
Om oss
Forum
Bilete
Å gi aspirin til kyllingar
Irene_88 Starta diskusjonen Publisert 28. oktober 18:12
Hei, alle saman! Er det greitt å gi aspirin til ei høne? Høna er to år gamal, og eg trur ho har skadd foten. Eg kjem meg ikkje til dyrlegen før måndag, og han tek ikkje telefonen. Høna ser ut til å ha vondt. Eg vil gjerne gi ho noko så ho får det betre fram til vi kjem oss til dyrlegen. Takk skal de ha for hjelpa.
NilleB79 Publisert 28. oktober 18:36
Eg veit ikkje om det er trygt å gi aspirin til høner eller ikkje. Eg sjekkar alltid med dyrlegen før eg gir medisin til fuglane mine. Eg veit at somme medisinar som kan brukast av menneske, kan vere svært skadelege for fuglar.
Monika Publisert 28. oktober 18:52
Eg gav aspirin til ei av hønene mine då ho var skadd. Det var ikkje noko problem. Eg tok henne med til dyrlege dagen etter, men då var ho allereie betre. Eg trur det kan vere skadeleg om du gir for mykje, så ikkje gi meir enn tilrådd dose! Håper ho kjem seg!
Alt_til_fuglen Publisert 28. oktober 19:07
Hei, alle saman! Ikkje gløym å sjekke supertilboda mine på fugleutstyr. Akkurat no har eg sal!
Bjørn Publisert 28 oktober 19:15
Kan nokon forklare meg korleis eg kan vite om ein kylling er sjuk? Takk.
Frank Publisert 28. oktober 19:21
Hei, Irene Eg er veterinær og spesialist på fuglar. Det går fint an å gi aspirin til sjuke kyllingar dersom dei viser teikn til å ha smerter. Når eg skriv ut resept på aspirin til fuglar, følgjer eg alltid tilrådingane i Veterinærkatalogen. Kyllingar kan få 5 mg aspirin per kilo kroppsvekt. Dette kan du gi 3–4 ganger om dagen heilt til du får dratt til dyrlegen. Det er viktig at det blir følgt opp av ein dyrlege. Lykke til!"
R548-ChickenForum,6,3,Nynorsk,nno-NOR,"Kyllinghelse Spørsmål 5 / 7
Les Kyllinghelse til høgre. Svar på spørsmålet ved å klikke på eit av alternativa.
Kvifor svarer Alt_til_fuglen på innlegget til Irene_88?
For å drive reklame for forretninga si
For å svare på spørsmålet frå Irene_88
For å kommentere rådet frå Monika
For å vise at han er ein fugleekspert"
R548-ChickenForum,7,1,Nynorsk,nno-NOR,PISA
R548-ChickenForum,7,2,Nynorsk,nno-NOR,"www.kyllinghelse.com/forum/aspirin_kylling
Kyllinghelse
Di nettkjelde til friske kyllingar
Om oss
Forum
Bilete
Å gi aspirin til kyllingar
Irene_88 Starta diskusjonen Publisert 28. oktober 18:12
Hei, alle saman! Er det greitt å gi aspirin til ei høne? Høna er to år gamal, og eg trur ho har skadd foten. Eg kjem meg ikkje til dyrlegen før måndag, og han tek ikkje telefonen. Høna ser ut til å ha vondt. Eg vil gjerne gi ho noko så ho får det betre fram til vi kjem oss til dyrlegen. Takk skal de ha for hjelpa.
NilleB79 Publisert 28. oktober 18:36
Eg veit ikkje om det er trygt å gi aspirin til høner eller ikkje. Eg sjekkar alltid med dyrlegen før eg gir medisin til fuglane mine. Eg veit at somme medisinar som kan brukast av menneske, kan vere svært skadelege for fuglar.
Monika Publisert 28. oktober 18:52
Eg gav aspirin til ei av hønene mine då ho var skadd. Det var ikkje noko problem. Eg tok henne med til dyrlege dagen etter, men då var ho allereie betre. Eg trur det kan vere skadeleg om du gir for mykje, så ikkje gi meir enn tilrådd dose! Håper ho kjem seg!
Alt_til_fuglen Publisert 28. oktober 19:07
Hei, alle saman! Ikkje gløym å sjekke supertilboda mine på fugleutstyr. Akkurat no har eg sal!
Bjørn Publisert 28 oktober 19:15
Kan nokon forklare meg korleis eg kan vite om ein kylling er sjuk? Takk.
Frank Publisert 28. oktober 19:21
Hei, Irene Eg er veterinær og spesialist på fuglar. Det går fint an å gi aspirin til sjuke kyllingar dersom dei viser teikn til å ha smerter. Når eg skriv ut resept på aspirin til fuglar, følgjer eg alltid tilrådingane i Veterinærkatalogen. Kyllingar kan få 5 mg aspirin per kilo kroppsvekt. Dette kan du gi 3–4 ganger om dagen heilt til du får dratt til dyrlegen. Det er viktig at det blir følgt opp av ein dyrlege. Lykke til!"
R548-ChickenForum,7,3,Nynorsk,nno-NOR,"Kyllinghelse Spørsmål 6 / 7
Les Kyllinghelse til høgre. Svar på spørsmålet ved å klikke på eit av alternativa, og grunngi deretter svaret ditt.
Kven har publisert det mest pålitelege svaret på spørsmålet til Irene_88?
NilleB79
Monika
Alt_til_fuglen
Frank
Grunngi svaret ditt."
R548-ChickenForum,8,1,Nynorsk,nno-NOR,PISA
R548-ChickenForum,8,2,Nynorsk,nno-NOR,"www.kyllinghelse.com/forum/aspirin_kylling
Kyllinghelse
Di nettkjelde til friske kyllingar
Om oss
Forum
Bilete
Å gi aspirin til kyllingar
Irene_88 Starta diskusjonen Publisert 28. oktober 18:12
Hei, alle saman! Er det greitt å gi aspirin til ei høne? Høna er to år gamal, og eg trur ho har skadd foten. Eg kjem meg ikkje til dyrlegen før måndag, og han tek ikkje telefonen. Høna ser ut til å ha vondt. Eg vil gjerne gi ho noko så ho får det betre fram til vi kjem oss til dyrlegen. Takk skal de ha for hjelpa.
NilleB79 Publisert 28. oktober 18:36
Eg veit ikkje om det er trygt å gi aspirin til høner eller ikkje. Eg sjekkar alltid med dyrlegen før eg gir medisin til fuglane mine. Eg veit at somme medisinar som kan brukast av menneske, kan vere svært skadelege for fuglar.
Monika Publisert 28. oktober 18:52
Eg gav aspirin til ei av hønene mine då ho var skadd. Det var ikkje noko problem. Eg tok henne med til dyrlege dagen etter, men då var ho allereie betre. Eg trur det kan vere skadeleg om du gir for mykje, så ikkje gi meir enn tilrådd dose! Håper ho kjem seg!
Alt_til_fuglen Publisert 28. oktober 19:07
Hei, alle saman! Ikkje gløym å sjekke supertilboda mine på fugleutstyr. Akkurat no har eg sal!
Bjørn Publisert 28 oktober 19:15
Kan nokon forklare meg korleis eg kan vite om ein kylling er sjuk? Takk.
Frank Publisert 28. oktober 19:21
Hei, Irene Eg er veterinær og spesialist på fuglar. Det går fint an å gi aspirin til sjuke kyllingar dersom dei viser teikn til å ha smerter. Når eg skriv ut resept på aspirin til fuglar, følgjer eg alltid tilrådingane i Veterinærkatalogen. Kyllingar kan få 5 mg aspirin per kilo kroppsvekt. Dette kan du gi 3–4 ganger om dagen heilt til du får dratt til dyrlegen. Det er viktig at det blir følgt opp av ein dyrlege. Lykke til!"
R548-ChickenForum,8,3,Nynorsk,nno-NOR,"Kyllinghelse Spørsmål 7 / 7
Les Kyllinghelse til høgre. Skriv svaret ditt på spørsmålet.
Kvifor kan ikkje Frank oppgi nøyaktig kor stor dose Irene_88 kan gi til høna?"
R548-ChickenForum,9,1,Nynorsk,nno-NOR,PISA
R548-ChickenForum,9,2,Nynorsk,nno-NOR,"www.kyllinghelse.com/forum/aspirin_kylling
Kyllinghelse
Di nettkjelde til friske kyllingar
Om oss
Forum
Bilete
Å gi aspirin til kyllingar
Irene_88 Starta diskusjonen Publisert 28. oktober 18:12
Hei, alle saman! Er det greitt å gi aspirin til ei høne? Høna er to år gamal, og eg trur ho har skadd foten. Eg kjem meg ikkje til dyrlegen før måndag, og han tek ikkje telefonen. Høna ser ut til å ha vondt. Eg vil gjerne gi ho noko så ho får det betre fram til vi kjem oss til dyrlegen. Takk skal de ha for hjelpa.
NilleB79 Publisert 28. oktober 18:36
Eg veit ikkje om det er trygt å gi aspirin til høner eller ikkje. Eg sjekkar alltid med dyrlegen før eg gir medisin til fuglane mine. Eg veit at somme medisinar som kan brukast av menneske, kan vere svært skadelege for fuglar.
Monika Publisert 28. oktober 18:52
Eg gav aspirin til ei av hønene mine då ho var skadd. Det var ikkje noko problem. Eg tok henne med til dyrlege dagen etter, men då var ho allereie betre. Eg trur det kan vere skadeleg om du gir for mykje, så ikkje gi meir enn tilrådd dose! Håper ho kjem seg!
Alt_til_fuglen Publisert 28. oktober 19:07
Hei, alle saman! Ikkje gløym å sjekke supertilboda mine på fugleutstyr. Akkurat no har eg sal!
Bjørn Publisert 28 oktober 19:15
Kan nokon forklare meg korleis eg kan vite om ein kylling er sjuk? Takk.
Frank Publisert 28. oktober 19:21
Hei, Irene Eg er veterinær og spesialist på fuglar. Det går fint an å gi aspirin til sjuke kyllingar dersom dei viser teikn til å ha smerter. Når eg skriv ut resept på aspirin til fuglar, følgjer eg alltid tilrådingane i Veterinærkatalogen. Kyllingar kan få 5 mg aspirin per kilo kroppsvekt. Dette kan du gi 3–4 ganger om dagen heilt til du får dratt til dyrlegen. Det er viktig at det blir følgt opp av ein dyrlege. Lykke til!"
R548-ChickenForum,9,3,Nynorsk,nno-NOR,"Kyllinghelse Spørsmål 7 / 7
Les Kyllinghelse til høgre. Skriv svaret ditt på spørsmålet.
Kvifor kan ikkje Frank oppgi nøyaktig kor stor dose Irene_88 kan gi til høna?"
R548-ChickenForum,10,1,Nynorsk,nno-NOR,PISA
R548-ChickenForum,10,2,Nynorsk,nno-NOR,"www.kyllinghelse.com/forum/aspirin_kylling
Kyllinghelse
Di nettkjelde til friske kyllingar
Om oss
Forum
Bilete
Å gi aspirin til kyllingar
Irene_88 Starta diskusjonen Publisert 28. oktober 18:12
Hei, alle saman! Er det greitt å gi aspirin til ei høne? Høna er to år gamal, og eg trur ho har skadd foten. Eg kjem meg ikkje til dyrlegen før måndag, og han tek ikkje telefonen. Høna ser ut til å ha vondt. Eg vil gjerne gi ho noko så ho får det betre fram til vi kjem oss til dyrlegen. Takk skal de ha for hjelpa.
NilleB79 Publisert 28. oktober 18:36
Eg veit ikkje om det er trygt å gi aspirin til høner eller ikkje. Eg sjekkar alltid med dyrlegen før eg gir medisin til fuglane mine. Eg veit at somme medisinar som kan brukast av menneske, kan vere svært skadelege for fuglar.
Monika Publisert 28. oktober 18:52
Eg gav aspirin til ei av hønene mine då ho var skadd. Det var ikkje noko problem. Eg tok henne med til dyrlege dagen etter, men då var ho allereie betre. Eg trur det kan vere skadeleg om du gir for mykje, så ikkje gi meir enn tilrådd dose! Håper ho kjem seg!
Alt_til_fuglen Publisert 28. oktober 19:07
Hei, alle saman! Ikkje gløym å sjekke supertilboda mine på fugleutstyr. Akkurat no har eg sal!
Bjørn Publisert 28 oktober 19:15
Kan nokon forklare meg korleis eg kan vite om ein kylling er sjuk? Takk.
Frank Publisert 28. oktober 19:21
Hei, Irene Eg er veterinær og spesialist på fuglar. Det går fint an å gi aspirin til sjuke kyllingar dersom dei viser teikn til å ha smerter. Når eg skriv ut resept på aspirin til fuglar, følgjer eg alltid tilrådingane i Veterinærkatalogen. Kyllingar kan få 5 mg aspirin per kilo kroppsvekt. Dette kan du gi 3–4 ganger om dagen heilt til du får dratt til dyrlegen. Det er viktig at det blir følgt opp av ein dyrlege. Lykke til!"
R548-ChickenForum,10,3,Nynorsk,nno-NOR,"Kyllinghelse Spørsmål 7 / 7
Les Kyllinghelse til høgre. Skriv svaret ditt på spørsmålet.
Kvifor kan ikkje Frank oppgi nøyaktig kor stor dose Irene_88 kan gi til høna?"
R548-ChickenForum,1,1,Polish,pol-POL,PISA
R548-ChickenForum,1,2,Polish,pol-POL,"Forum na temat kurczaków Wstęp
Przeczytaj wstęp.  Następnie kliknij strzałkę DALEJ.
Odwiedzasz krewnych, którzy niedawno przeprowadzili się na wieś, żeby hodować kurczaki. Pytasz swoją ciocię: ""Jak nauczyliście się hodować kurczaki?"".
Ciocia odpowiada: ""Rozmawialiśmy z wieloma hodowcami kurczaków. A poza tym jest dużo porad w Internecie. Na przykład jest forum Zdrowie Kurczaka, na które lubię zaglądać. Bardzo mi ostatnio pomogło, kiedy jedna z kur skaleczyła się w nogę. Pokażę Ci moją rozmowę na ten temat”.
Kliknij strzałkę DALEJ, aby przeczytać rozmowę na forum."
R548-ChickenForum,2,1,Polish,pol-POL,PISA
R548-ChickenForum,2,2,Polish,pol-POL,"Forum na temat kurczaków Pytanie 1 / 7
Zapoznaj się z forum ""Zdrowie kurczaka"" po prawej stronie. Kliknij, aby wybrać odpowiedź.
Czego chce się dowiedzieć Iwona_88?
Czy może podać aspirynę skaleczonej kurze.
Jak często może podawać aspirynę skaleczonej kurze.
Jak skontaktować się z weterynarzem w sprawie skaleczonej kury.
Czy może określić nasilenie bólu u skaleczonej kury."
R548-ChickenForum,2,3,Polish,pol-POL,"www.zdrowiekurczaka.com/forum/aspiryna-kurczaki
Zdrowie kurczaka
Twoje internetowe porady na temat zdrowia kurczaków
O nas
Forum
Galeria
Podawanie aspiryny kurczakom
Iwona_88 Osoba otwierająca wątek  28 października, 18:12
Cześć wszystkim! Czy mogę podać aspirynę mojej kurze?  Ma dwa lata i myślę, że skaleczyła się w nogę.  Do weterynarza mogę pójść dopiero w poniedziałek, a nie mogę go złapać telefonicznie. Moją kurę chyba bardzo boli. Chciałabym dać jej coś, co przyniesie jej ulgę, dopóki nie pójdziemy do weterynarza. Dziękuję za pomoc.
NataliaB79  28 października, 18:36
Nie wiem, czy aspiryna jest bezpieczna dla kur, czy nie.  Zawsze pytam weterynarza, zanim podam jakieś leki moim ptakom. Wiem, że niektóre leki bezpieczne dla ludzi mogą być bardzo niebezpieczne dla ptaków.
Monika 28 października, 18:52
Dawałam już tabletkę aspiryny jednej z moich kur, jak się skaleczyła. Nie było problemu. Następnego dnia poszłam do weterynarza, ale miała się już lepiej. Myślę, że jeśli dasz jej za dużo, to może być niebezpieczne - nie przekraczaj dawki! Mam nadzieję, że poczuje się lepiej!
Ptasie_promocje 28 października, 19:07
Cześć! Nie zapomnijcie sprawdzić moich super okazji na wszystkie artykuły dla ptaków. Wyjątkowe obniżki tylko teraz!
Borys  28 października, 19:15
Czy ktoś mi powie, skąd wiadomo, że kurczak jest chory?  Dziękuję.
Franek  28 października, 19:21
Cześć Iwona, Jestem weterynarzem, specjalistą od ptaków. Można podawać aspirynę skaleczonym kurom, jeśli wykazują oznaki bólu. Kiedy przepisuję aspirynę ptakom, postępuję zgodnie ze wskazaniami podręcznika ""Choroby drobiu"".  Kury mogą dostawać 5 mg aspiryny na kilogram masy ciała. Do czasu wizyty u weterynarza można podawać im tę dawkę 3 do 4 razy dziennie. Jest bardzo ważne, żeby i tak pójść do weterynarza.  Powodzenia!"
R548-ChickenForum,3,1,Polish,pol-POL,PISA
R548-ChickenForum,3,2,Polish,pol-POL,"Forum na temat kurczaków Pytanie 2 / 7
Zapoznaj się z forum ""Zdrowie kurczaka"" po prawej stronie. Kliknij, aby wybrać odpowiedź.
Dlaczego Iwona_88 postanowiła zadać pytanie na forum internetowym?
Ponieważ nie wie, jak znaleźć weterynarza.
Ponieważ myśli, że problem z kurą nie jest poważny.
Ponieważ chce jak najszybciej pomóc swojej kurze.
Ponieważ nie stać jej na wizytę u weterynarza."
R548-ChickenForum,3,3,Polish,pol-POL,"www.zdrowiekurczaka.com/forum/aspiryna-kurczaki
Zdrowie kurczaka
Twoje internetowe porady na temat zdrowia kurczaków
O nas
Forum
Galeria
Podawanie aspiryny kurczakom
Iwona_88 Osoba otwierająca wątek  28 października, 18:12
Cześć wszystkim! Czy mogę podać aspirynę mojej kurze?  Ma dwa lata i myślę, że skaleczyła się w nogę.  Do weterynarza mogę pójść dopiero w poniedziałek, a nie mogę go złapać telefonicznie. Moją kurę chyba bardzo boli. Chciałabym dać jej coś, co przyniesie jej ulgę, dopóki nie pójdziemy do weterynarza. Dziękuję za pomoc.
NataliaB79  28 października, 18:36
Nie wiem, czy aspiryna jest bezpieczna dla kur, czy nie.  Zawsze pytam weterynarza, zanim podam jakieś leki moim ptakom. Wiem, że niektóre leki bezpieczne dla ludzi mogą być bardzo niebezpieczne dla ptaków.
Monika 28 października, 18:52
Dawałam już tabletkę aspiryny jednej z moich kur, jak się skaleczyła. Nie było problemu. Następnego dnia poszłam do weterynarza, ale miała się już lepiej. Myślę, że jeśli dasz jej za dużo, to może być niebezpieczne - nie przekraczaj dawki! Mam nadzieję, że poczuje się lepiej!
Ptasie_promocje 28 października, 19:07
Cześć! Nie zapomnijcie sprawdzić moich super okazji na wszystkie artykuły dla ptaków. Wyjątkowe obniżki tylko teraz!
Borys  28 października, 19:15
Czy ktoś mi powie, skąd wiadomo, że kurczak jest chory?  Dziękuję.
Franek  28 października, 19:21
Cześć Iwona, Jestem weterynarzem, specjalistą od ptaków. Można podawać aspirynę skaleczonym kurom, jeśli wykazują oznaki bólu. Kiedy przepisuję aspirynę ptakom, postępuję zgodnie ze wskazaniami podręcznika ""Choroby drobiu"".  Kury mogą dostawać 5 mg aspiryny na kilogram masy ciała. Do czasu wizyty u weterynarza można podawać im tę dawkę 3 do 4 razy dziennie. Jest bardzo ważne, żeby i tak pójść do weterynarza.  Powodzenia!"
R548-ChickenForum,4,1,Polish,pol-POL,PISA
R548-ChickenForum,4,2,Polish,pol-POL,"Forum na temat kurczaków Pytanie 3 / 7
Zapoznaj się z forum ""Zdrowie kurczaka"" po prawej stronie.  Kliknij, aby wybrać odpowiedź w tabeli.
Niektóre wpisy na forum dotyczą tematu, podczas gdy inne - nie. Kliknij Tak lub Nie, aby wskazać, czy wpisy w tabeli poniżej dotyczą problemu Iwony_88 czy nie.
Czy ten wpis dotyczy problemu Iwony_88?
Tak
Nie
Wpis NataliiB79
Wpis Moniki
Wpis Ptasich_promocji
Wpis Borysa
Wpis Franka"
R548-ChickenForum,4,3,Polish,pol-POL,"www.zdrowiekurczaka.com/forum/aspiryna-kurczaki
Zdrowie kurczaka
Twoje internetowe porady na temat zdrowia kurczaków
O nas
Forum
Galeria
Podawanie aspiryny kurczakom
Iwona_88 Osoba otwierająca wątek  28 października, 18:12
Cześć wszystkim! Czy mogę podać aspirynę mojej kurze?  Ma dwa lata i myślę, że skaleczyła się w nogę.  Do weterynarza mogę pójść dopiero w poniedziałek, a nie mogę go złapać telefonicznie. Moją kurę chyba bardzo boli. Chciałabym dać jej coś, co przyniesie jej ulgę, dopóki nie pójdziemy do weterynarza. Dziękuję za pomoc.
NataliaB79  28 października, 18:36
Nie wiem, czy aspiryna jest bezpieczna dla kur, czy nie.  Zawsze pytam weterynarza, zanim podam jakieś leki moim ptakom. Wiem, że niektóre leki bezpieczne dla ludzi mogą być bardzo niebezpieczne dla ptaków.
Monika 28 października, 18:52
Dawałam już tabletkę aspiryny jednej z moich kur, jak się skaleczyła. Nie było problemu. Następnego dnia poszłam do weterynarza, ale miała się już lepiej. Myślę, że jeśli dasz jej za dużo, to może być niebezpieczne - nie przekraczaj dawki! Mam nadzieję, że poczuje się lepiej!
Ptasie_promocje 28 października, 19:07
Cześć! Nie zapomnijcie sprawdzić moich super okazji na wszystkie artykuły dla ptaków. Wyjątkowe obniżki tylko teraz!
Borys  28 października, 19:15
Czy ktoś mi powie, skąd wiadomo, że kurczak jest chory?  Dziękuję.
Franek  28 października, 19:21
Cześć Iwona, Jestem weterynarzem, specjalistą od ptaków. Można podawać aspirynę skaleczonym kurom, jeśli wykazują oznaki bólu. Kiedy przepisuję aspirynę ptakom, postępuję zgodnie ze wskazaniami podręcznika ""Choroby drobiu"".  Kury mogą dostawać 5 mg aspiryny na kilogram masy ciała. Do czasu wizyty u weterynarza można podawać im tę dawkę 3 do 4 razy dziennie. Jest bardzo ważne, żeby i tak pójść do weterynarza.  Powodzenia!"
R548-ChickenForum,5,1,Polish,pol-POL,PISA
R548-ChickenForum,5,2,Polish,pol-POL,"Forum na temat kurczaków Pytanie 4 / 7
Zapoznaj się z forum ""Zdrowie kurczaka"" po prawej stronie. Kliknij, aby wybrać odpowiedź.
Kto miał dobre doświadczenie z podawaniem aspiryny skaleczonej kurze?
Iwona_88
NataliaB79
Monika
Borys"
R548-ChickenForum,5,3,Polish,pol-POL,"www.zdrowiekurczaka.com/forum/aspiryna-kurczaki
Zdrowie kurczaka
Twoje internetowe porady na temat zdrowia kurczaków
O nas
Forum
Galeria
Podawanie aspiryny kurczakom
Iwona_88 Osoba otwierająca wątek  28 października, 18:12
Cześć wszystkim! Czy mogę podać aspirynę mojej kurze?  Ma dwa lata i myślę, że skaleczyła się w nogę.  Do weterynarza mogę pójść dopiero w poniedziałek, a nie mogę go złapać telefonicznie. Moją kurę chyba bardzo boli. Chciałabym dać jej coś, co przyniesie jej ulgę, dopóki nie pójdziemy do weterynarza. Dziękuję za pomoc.
NataliaB79  28 października, 18:36
Nie wiem, czy aspiryna jest bezpieczna dla kur, czy nie.  Zawsze pytam weterynarza, zanim podam jakieś leki moim ptakom. Wiem, że niektóre leki bezpieczne dla ludzi mogą być bardzo niebezpieczne dla ptaków.
Monika 28 października, 18:52
Dawałam już tabletkę aspiryny jednej z moich kur, jak się skaleczyła. Nie było problemu. Następnego dnia poszłam do weterynarza, ale miała się już lepiej. Myślę, że jeśli dasz jej za dużo, to może być niebezpieczne - nie przekraczaj dawki! Mam nadzieję, że poczuje się lepiej!
Ptasie_promocje 28 października, 19:07
Cześć! Nie zapomnijcie sprawdzić moich super okazji na wszystkie artykuły dla ptaków. Wyjątkowe obniżki tylko teraz!
Borys  28 października, 19:15
Czy ktoś mi powie, skąd wiadomo, że kurczak jest chory?  Dziękuję.
Franek  28 października, 19:21
Cześć Iwona, Jestem weterynarzem, specjalistą od ptaków. Można podawać aspirynę skaleczonym kurom, jeśli wykazują oznaki bólu. Kiedy przepisuję aspirynę ptakom, postępuję zgodnie ze wskazaniami podręcznika ""Choroby drobiu"".  Kury mogą dostawać 5 mg aspiryny na kilogram masy ciała. Do czasu wizyty u weterynarza można podawać im tę dawkę 3 do 4 razy dziennie. Jest bardzo ważne, żeby i tak pójść do weterynarza.  Powodzenia!"
R548-ChickenForum,6,1,Polish,pol-POL,PISA
R548-ChickenForum,6,2,Polish,pol-POL,"Forum na temat kurczaków Pytanie 5 / 7
Zapoznaj się z forum ""Zdrowie kurczaka"" po prawej stronie. Kliknij, aby wybrać odpowiedź.
Dlaczego Ptasie_promocje odpowiedziały na wpis Iwony_88?
Aby promować swoją firmę.
Aby odpowiedzieć na pytanie Iwony_88.
Aby uzupełnić radę Moniki.
Aby wykazać się wiedzą na temat ptaków."
R548-ChickenForum,6,3,Polish,pol-POL,"www.zdrowiekurczaka.com/forum/aspiryna-kurczaki
Zdrowie kurczaka
Twoje internetowe porady na temat zdrowia kurczaków
O nas
Forum
Galeria
Podawanie aspiryny kurczakom
Iwona_88 Osoba otwierająca wątek  28 października, 18:12
Cześć wszystkim! Czy mogę podać aspirynę mojej kurze?  Ma dwa lata i myślę, że skaleczyła się w nogę.  Do weterynarza mogę pójść dopiero w poniedziałek, a nie mogę go złapać telefonicznie. Moją kurę chyba bardzo boli. Chciałabym dać jej coś, co przyniesie jej ulgę, dopóki nie pójdziemy do weterynarza. Dziękuję za pomoc.
NataliaB79  28 października, 18:36
Nie wiem, czy aspiryna jest bezpieczna dla kur, czy nie.  Zawsze pytam weterynarza, zanim podam jakieś leki moim ptakom. Wiem, że niektóre leki bezpieczne dla ludzi mogą być bardzo niebezpieczne dla ptaków.
Monika 28 października, 18:52
Dawałam już tabletkę aspiryny jednej z moich kur, jak się skaleczyła. Nie było problemu. Następnego dnia poszłam do weterynarza, ale miała się już lepiej. Myślę, że jeśli dasz jej za dużo, to może być niebezpieczne - nie przekraczaj dawki! Mam nadzieję, że poczuje się lepiej!
Ptasie_promocje 28 października, 19:07
Cześć! Nie zapomnijcie sprawdzić moich super okazji na wszystkie artykuły dla ptaków. Wyjątkowe obniżki tylko teraz!
Borys  28 października, 19:15
Czy ktoś mi powie, skąd wiadomo, że kurczak jest chory?  Dziękuję.
Franek  28 października, 19:21
Cześć Iwona, Jestem weterynarzem, specjalistą od ptaków. Można podawać aspirynę skaleczonym kurom, jeśli wykazują oznaki bólu. Kiedy przepisuję aspirynę ptakom, postępuję zgodnie ze wskazaniami podręcznika ""Choroby drobiu"".  Kury mogą dostawać 5 mg aspiryny na kilogram masy ciała. Do czasu wizyty u weterynarza można podawać im tę dawkę 3 do 4 razy dziennie. Jest bardzo ważne, żeby i tak pójść do weterynarza.  Powodzenia!"
R548-ChickenForum,7,1,Polish,pol-POL,PISA
R548-ChickenForum,7,2,Polish,pol-POL,"Forum na temat kurczaków Pytanie 6 / 7
Zapoznaj się z forum ""Zdrowie kurczaka"" po prawej stronie. Kliknij, aby wybrać odpowiedź, a następnie wpisz wyjaśnienie, uzasadniając swój wybór.
Kto umieścił najbardziej wiarygodną odpowiedź na pytanie Iwony_88?
NataliaB79
Monika
Ptasie_promocje
Franek
Uzasadnij swoją odpowiedź."
R548-ChickenForum,7,3,Polish,pol-POL,"www.zdrowiekurczaka.com/forum/aspiryna-kurczaki
Zdrowie kurczaka
Twoje internetowe porady na temat zdrowia kurczaków
O nas
Forum
Galeria
Podawanie aspiryny kurczakom
Iwona_88 Osoba otwierająca wątek  28 października, 18:12
Cześć wszystkim! Czy mogę podać aspirynę mojej kurze?  Ma dwa lata i myślę, że skaleczyła się w nogę.  Do weterynarza mogę pójść dopiero w poniedziałek, a nie mogę go złapać telefonicznie. Moją kurę chyba bardzo boli. Chciałabym dać jej coś, co przyniesie jej ulgę, dopóki nie pójdziemy do weterynarza. Dziękuję za pomoc.
NataliaB79  28 października, 18:36
Nie wiem, czy aspiryna jest bezpieczna dla kur, czy nie.  Zawsze pytam weterynarza, zanim podam jakieś leki moim ptakom. Wiem, że niektóre leki bezpieczne dla ludzi mogą być bardzo niebezpieczne dla ptaków.
Monika 28 października, 18:52
Dawałam już tabletkę aspiryny jednej z moich kur, jak się skaleczyła. Nie było problemu. Następnego dnia poszłam do weterynarza, ale miała się już lepiej. Myślę, że jeśli dasz jej za dużo, to może być niebezpieczne - nie przekraczaj dawki! Mam nadzieję, że poczuje się lepiej!
Ptasie_promocje 28 października, 19:07
Cześć! Nie zapomnijcie sprawdzić moich super okazji na wszystkie artykuły dla ptaków. Wyjątkowe obniżki tylko teraz!
Borys  28 października, 19:15
Czy ktoś mi powie, skąd wiadomo, że kurczak jest chory?  Dziękuję.
Franek  28 października, 19:21
Cześć Iwona, Jestem weterynarzem, specjalistą od ptaków. Można podawać aspirynę skaleczonym kurom, jeśli wykazują oznaki bólu. Kiedy przepisuję aspirynę ptakom, postępuję zgodnie ze wskazaniami podręcznika ""Choroby drobiu"".  Kury mogą dostawać 5 mg aspiryny na kilogram masy ciała. Do czasu wizyty u weterynarza można podawać im tę dawkę 3 do 4 razy dziennie. Jest bardzo ważne, żeby i tak pójść do weterynarza.  Powodzenia!"
R548-ChickenForum,8,1,Polish,pol-POL,PISA
R548-ChickenForum,8,2,Polish,pol-POL,"Forum na temat kurczaków Pytanie 7 / 7
Zapoznaj się z forum ""Zdrowie kurczaka"" po prawej stronie.  Wpisz odpowiedź na pytanie.
Dlaczego Franek nie może podać Iwonie_88 dokładnej ilości aspiryny dla jej kury?"
R548-ChickenForum,8,3,Polish,pol-POL,"www.zdrowiekurczaka.com/forum/aspiryna-kurczaki
Zdrowie kurczaka
Twoje internetowe porady na temat zdrowia kurczaków
O nas
Forum
Galeria
Podawanie aspiryny kurczakom
Iwona_88 Osoba otwierająca wątek  28 października, 18:12
Cześć wszystkim! Czy mogę podać aspirynę mojej kurze?  Ma dwa lata i myślę, że skaleczyła się w nogę.  Do weterynarza mogę pójść dopiero w poniedziałek, a nie mogę go złapać telefonicznie. Moją kurę chyba bardzo boli. Chciałabym dać jej coś, co przyniesie jej ulgę, dopóki nie pójdziemy do weterynarza. Dziękuję za pomoc.
NataliaB79  28 października, 18:36
Nie wiem, czy aspiryna jest bezpieczna dla kur, czy nie.  Zawsze pytam weterynarza, zanim podam jakieś leki moim ptakom. Wiem, że niektóre leki bezpieczne dla ludzi mogą być bardzo niebezpieczne dla ptaków.
Monika 28 października, 18:52
Dawałam już tabletkę aspiryny jednej z moich kur, jak się skaleczyła. Nie było problemu. Następnego dnia poszłam do weterynarza, ale miała się już lepiej. Myślę, że jeśli dasz jej za dużo, to może być niebezpieczne - nie przekraczaj dawki! Mam nadzieję, że poczuje się lepiej!
Ptasie_promocje 28 października, 19:07
Cześć! Nie zapomnijcie sprawdzić moich super okazji na wszystkie artykuły dla ptaków. Wyjątkowe obniżki tylko teraz!
Borys  28 października, 19:15
Czy ktoś mi powie, skąd wiadomo, że kurczak jest chory?  Dziękuję.
Franek  28 października, 19:21
Cześć Iwona, Jestem weterynarzem, specjalistą od ptaków. Można podawać aspirynę skaleczonym kurom, jeśli wykazują oznaki bólu. Kiedy przepisuję aspirynę ptakom, postępuję zgodnie ze wskazaniami podręcznika ""Choroby drobiu"".  Kury mogą dostawać 5 mg aspiryny na kilogram masy ciała. Do czasu wizyty u weterynarza można podawać im tę dawkę 3 do 4 razy dziennie. Jest bardzo ważne, żeby i tak pójść do weterynarza.  Powodzenia!"
R548-ChickenForum,9,1,Polish,pol-POL,PISA
R548-ChickenForum,9,2,Polish,pol-POL,"Forum na temat kurczaków Pytanie 7 / 7
Zapoznaj się z forum ""Zdrowie kurczaka"" po prawej stronie.  Wpisz odpowiedź na pytanie.
Dlaczego Franek nie może podać Iwonie_88 dokładnej ilości aspiryny dla jej kury?"
R548-ChickenForum,9,3,Polish,pol-POL,"www.zdrowiekurczaka.com/forum/aspiryna-kurczaki
Zdrowie kurczaka
Twoje internetowe porady na temat zdrowia kurczaków
O nas
Forum
Galeria
Podawanie aspiryny kurczakom
Iwona_88 Osoba otwierająca wątek  28 października, 18:12
Cześć wszystkim! Czy mogę podać aspirynę mojej kurze?  Ma dwa lata i myślę, że skaleczyła się w nogę.  Do weterynarza mogę pójść dopiero w poniedziałek, a nie mogę go złapać telefonicznie. Moją kurę chyba bardzo boli. Chciałabym dać jej coś, co przyniesie jej ulgę, dopóki nie pójdziemy do weterynarza. Dziękuję za pomoc.
NataliaB79  28 października, 18:36
Nie wiem, czy aspiryna jest bezpieczna dla kur, czy nie.  Zawsze pytam weterynarza, zanim podam jakieś leki moim ptakom. Wiem, że niektóre leki bezpieczne dla ludzi mogą być bardzo niebezpieczne dla ptaków.
Monika 28 października, 18:52
Dawałam już tabletkę aspiryny jednej z moich kur, jak się skaleczyła. Nie było problemu. Następnego dnia poszłam do weterynarza, ale miała się już lepiej. Myślę, że jeśli dasz jej za dużo, to może być niebezpieczne - nie przekraczaj dawki! Mam nadzieję, że poczuje się lepiej!
Ptasie_promocje 28 października, 19:07
Cześć! Nie zapomnijcie sprawdzić moich super okazji na wszystkie artykuły dla ptaków. Wyjątkowe obniżki tylko teraz!
Borys  28 października, 19:15
Czy ktoś mi powie, skąd wiadomo, że kurczak jest chory?  Dziękuję.
Franek  28 października, 19:21
Cześć Iwona, Jestem weterynarzem, specjalistą od ptaków. Można podawać aspirynę skaleczonym kurom, jeśli wykazują oznaki bólu. Kiedy przepisuję aspirynę ptakom, postępuję zgodnie ze wskazaniami podręcznika ""Choroby drobiu"".  Kury mogą dostawać 5 mg aspiryny na kilogram masy ciała. Do czasu wizyty u weterynarza można podawać im tę dawkę 3 do 4 razy dziennie. Jest bardzo ważne, żeby i tak pójść do weterynarza.  Powodzenia!"
R548-ChickenForum,10,1,Polish,pol-POL,PISA
R548-ChickenForum,10,2,Polish,pol-POL,"Forum na temat kurczaków Pytanie 7 / 7
Zapoznaj się z forum ""Zdrowie kurczaka"" po prawej stronie.  Wpisz odpowiedź na pytanie.
Dlaczego Franek nie może podać Iwonie_88 dokładnej ilości aspiryny dla jej kury?"
R548-ChickenForum,10,3,Polish,pol-POL,"www.zdrowiekurczaka.com/forum/aspiryna-kurczaki
Zdrowie kurczaka
Twoje internetowe porady na temat zdrowia kurczaków
O nas
Forum
Galeria
Podawanie aspiryny kurczakom
Iwona_88 Osoba otwierająca wątek  28 października, 18:12
Cześć wszystkim! Czy mogę podać aspirynę mojej kurze?  Ma dwa lata i myślę, że skaleczyła się w nogę.  Do weterynarza mogę pójść dopiero w poniedziałek, a nie mogę go złapać telefonicznie. Moją kurę chyba bardzo boli. Chciałabym dać jej coś, co przyniesie jej ulgę, dopóki nie pójdziemy do weterynarza. Dziękuję za pomoc.
NataliaB79  28 października, 18:36
Nie wiem, czy aspiryna jest bezpieczna dla kur, czy nie.  Zawsze pytam weterynarza, zanim podam jakieś leki moim ptakom. Wiem, że niektóre leki bezpieczne dla ludzi mogą być bardzo niebezpieczne dla ptaków.
Monika 28 października, 18:52
Dawałam już tabletkę aspiryny jednej z moich kur, jak się skaleczyła. Nie było problemu. Następnego dnia poszłam do weterynarza, ale miała się już lepiej. Myślę, że jeśli dasz jej za dużo, to może być niebezpieczne - nie przekraczaj dawki! Mam nadzieję, że poczuje się lepiej!
Ptasie_promocje 28 października, 19:07
Cześć! Nie zapomnijcie sprawdzić moich super okazji na wszystkie artykuły dla ptaków. Wyjątkowe obniżki tylko teraz!
Borys  28 października, 19:15
Czy ktoś mi powie, skąd wiadomo, że kurczak jest chory?  Dziękuję.
Franek  28 października, 19:21
Cześć Iwona, Jestem weterynarzem, specjalistą od ptaków. Można podawać aspirynę skaleczonym kurom, jeśli wykazują oznaki bólu. Kiedy przepisuję aspirynę ptakom, postępuję zgodnie ze wskazaniami podręcznika ""Choroby drobiu"".  Kury mogą dostawać 5 mg aspiryny na kilogram masy ciała. Do czasu wizyty u weterynarza można podawać im tę dawkę 3 do 4 razy dziennie. Jest bardzo ważne, żeby i tak pójść do weterynarza.  Powodzenia!"
R548-ChickenForum,1,1,Portuguese,por-PRT,PISA
R548-ChickenForum,1,2,Portuguese,por-PRT,"Fórum sobre galinhas Introdução
Lê a introdução. Depois clica na seta SEGUINTE.
Estás de visita a familiares teus que se mudaram recentemente para uma quinta para criarem galinhas. Perguntas à tua tia: «Como aprendeste a criar galinhas?».
Ela responde: «Falámos com muitas pessoas que criam galinhas. Além disso, há muitos recursos na internet. Por exemplo, há um fórum sobre a saúde das galinhas que eu gosto de consultar. Foi-me muito útil recentemente, quando uma das minhas galinhas ficou magoada numa pata. Vou mostrar-te a conversa que tive.».
Clica na seta SEGUINTE para leres o fórum."
R548-ChickenForum,2,1,Portuguese,por-PRT,PISA
R548-ChickenForum,2,2,Portuguese,por-PRT,"www.saudegalinhas.com/forum/aspirina-galinhas
Saúde das Galinhas
O seu recurso online para ter galinhas saudáveis
Sobre nós
Fórum
Imagens
Dar aspirina às galinhas
Ivone_88 Iniciou a discussão Publicado em 28 de outubro, 18:12
Olá a todos! Posso dar aspirina à minha galinha? Ela tem 2 anos e acho que magoou uma pata. Só consigo ir ao veterinário na segunda-feira e o veterinário não me atende o telefone. A galinha parece estar com muitas dores. Queria dar-lhe alguma coisa para ela se sentir melhor até podermos ir ao veterinário. Obrigada pela vossa ajuda.
NéliaB79 Publicado em 28 de outubro, 18:36
Não sei se a aspirina é segura para as galinhas ou não. Eu consulto sempre o veterinário antes de dar remédios às minhas aves. Sei que alguns medicamentos que são seguros para as pessoas podem ser muito perigosos para as aves.
Mónica Publicado em 28 de outubro, 18:52
Eu dei uma aspirina a uma das minhas galinhas quando esta estava magoada. Não houve problema. No dia seguinte, fui ao veterinário, mas ela já estava melhor. Acho que pode ser perigoso se deres em demasia, por isso não excedas os limites da dose! As melhoras para a tua galinha!
Promocões_Aviárias Publicado em 28 de outubro, 19:07
Viva! Não se esqueça de ver as minhas grandes ofertas em todos os produtos para aves. Promoções especiais agora mesmo!
Berto Publicado em 28 de outubro, 19:15
Alguém me pode dizer como se sabe se uma galinha está doente? Obrigado.
Fred Publicado em 28 de outubro, 19:21
Olá, Ivone, sou veterinário especializado em aves. Não faz mal dar aspirina a galinhas magoadas se elas mostrarem sinais de que estão com dores. Quando prescrevo aspirina a aves, sigo as recomendações publicadas no Manual de Medicina Aviária. As galinhas devem tomar 5 mg de aspirina por kg de massa corporal. Pode dar esta dose 3 a 4 vezes por dia até ir ao veterinário. É muito importante levá-la ao veterinário. Boa sorte!"
R548-ChickenForum,2,3,Portuguese,por-PRT,"Fórum sobre galinhas Questão 1 / 7
Considera o fórum sobre a saúde das galinhas, apresentado à direita. Para responderes à questão, seleciona uma opção.
O que é que a Ivone_88 quer saber?
Se pode dar aspirina a uma galinha magoada.
Com que frequência pode dar aspirina a uma galinha magoada.
Como contactar um veterinário por causa de uma galinha magoada.
Se pode saber o nível de dor de uma galinha magoada."
R548-ChickenForum,3,1,Portuguese,por-PRT,PISA
R548-ChickenForum,3,2,Portuguese,por-PRT,"www.saudegalinhas.com/forum/aspirina-galinhas
Saúde das Galinhas
O seu recurso online para ter galinhas saudáveis
Sobre nós
Fórum
Imagens
Dar aspirina às galinhas
Ivone_88 Iniciou a discussão Publicado em 28 de outubro, 18:12
Olá a todos! Posso dar aspirina à minha galinha? Ela tem 2 anos e acho que magoou uma pata. Só consigo ir ao veterinário na segunda-feira e o veterinário não me atende o telefone. A galinha parece estar com muitas dores. Queria dar-lhe alguma coisa para ela se sentir melhor até podermos ir ao veterinário. Obrigada pela vossa ajuda.
NéliaB79 Publicado em 28 de outubro, 18:36
Não sei se a aspirina é segura para as galinhas ou não. Eu consulto sempre o veterinário antes de dar remédios às minhas aves. Sei que alguns medicamentos que são seguros para as pessoas podem ser muito perigosos para as aves.
Mónica Publicado em 28 de outubro, 18:52
Eu dei uma aspirina a uma das minhas galinhas quando esta estava magoada. Não houve problema. No dia seguinte, fui ao veterinário, mas ela já estava melhor. Acho que pode ser perigoso se deres em demasia, por isso não excedas os limites da dose! As melhoras para a tua galinha!
Promocões_Aviárias Publicado em 28 de outubro, 19:07
Viva! Não se esqueça de ver as minhas grandes ofertas em todos os produtos para aves. Promoções especiais agora mesmo!
Berto Publicado em 28 de outubro, 19:15
Alguém me pode dizer como se sabe se uma galinha está doente? Obrigado.
Fred Publicado em 28 de outubro, 19:21
Olá, Ivone, sou veterinário especializado em aves. Não faz mal dar aspirina a galinhas magoadas se elas mostrarem sinais de que estão com dores. Quando prescrevo aspirina a aves, sigo as recomendações publicadas no Manual de Medicina Aviária. As galinhas devem tomar 5 mg de aspirina por kg de massa corporal. Pode dar esta dose 3 a 4 vezes por dia até ir ao veterinário. É muito importante levá-la ao veterinário. Boa sorte!"
R548-ChickenForum,3,3,Portuguese,por-PRT,"Fórum sobre galinhas Questão 2 / 7
Considera o fórum sobre a saúde das galinhas, apresentado à direita. Para responderes à questão, seleciona uma opção.
Porque é que a Ivone_88 decide publicar a sua questão num fórum da internet?
Porque não sabe como encontrar um veterinário.
Porque pensa que o problema da galinha não é grave.
Porque quer ajudar a sua galinha o mais depressa possível.
Porque não consegue pagar uma consulta no veterinário."
R548-ChickenForum,4,1,Portuguese,por-PRT,PISA
R548-ChickenForum,4,2,Portuguese,por-PRT,"www.saudegalinhas.com/forum/aspirina-galinhas
Saúde das Galinhas
O seu recurso online para ter galinhas saudáveis
Sobre nós
Fórum
Imagens
Dar aspirina às galinhas
Ivone_88 Iniciou a discussão Publicado em 28 de outubro, 18:12
Olá a todos! Posso dar aspirina à minha galinha? Ela tem 2 anos e acho que magoou uma pata. Só consigo ir ao veterinário na segunda-feira e o veterinário não me atende o telefone. A galinha parece estar com muitas dores. Queria dar-lhe alguma coisa para ela se sentir melhor até podermos ir ao veterinário. Obrigada pela vossa ajuda.
NéliaB79 Publicado em 28 de outubro, 18:36
Não sei se a aspirina é segura para as galinhas ou não. Eu consulto sempre o veterinário antes de dar remédios às minhas aves. Sei que alguns medicamentos que são seguros para as pessoas podem ser muito perigosos para as aves.
Mónica Publicado em 28 de outubro, 18:52
Eu dei uma aspirina a uma das minhas galinhas quando esta estava magoada. Não houve problema. No dia seguinte, fui ao veterinário, mas ela já estava melhor. Acho que pode ser perigoso se deres em demasia, por isso não excedas os limites da dose! As melhoras para a tua galinha!
Promocões_Aviárias Publicado em 28 de outubro, 19:07
Viva! Não se esqueça de ver as minhas grandes ofertas em todos os produtos para aves. Promoções especiais agora mesmo!
Berto Publicado em 28 de outubro, 19:15
Alguém me pode dizer como se sabe se uma galinha está doente? Obrigado.
Fred Publicado em 28 de outubro, 19:21
Olá, Ivone, sou veterinário especializado em aves. Não faz mal dar aspirina a galinhas magoadas se elas mostrarem sinais de que estão com dores. Quando prescrevo aspirina a aves, sigo as recomendações publicadas no Manual de Medicina Aviária. As galinhas devem tomar 5 mg de aspirina por kg de massa corporal. Pode dar esta dose 3 a 4 vezes por dia até ir ao veterinário. É muito importante levá-la ao veterinário. Boa sorte!"
R548-ChickenForum,4,3,Portuguese,por-PRT,"Fórum sobre galinhas Questão 3 / 7
Considera o fórum sobre a saúde das galinhas, apresentado à direita. Para responderes à questão, seleciona as opções na tabela.
Alguns dos comentários do fórum podem ser relevantes para o assunto, mas outros não. Seleciona Sim ou Não para indicares se os comentários apresentados na tabela abaixo são relevantes para o problema da Ivone_88.
O comentário é relevante para o problema da Ivone_88?
Sim
Não
Comentário da NéliaB79
Comentário da Mónica
Comentário da Promoções_Aviárias
Comentário do Berto
Comentário do Fred"
R548-ChickenForum,5,1,Portuguese,por-PRT,PISA
R548-ChickenForum,5,2,Portuguese,por-PRT,"www.saudegalinhas.com/forum/aspirina-galinhas
Saúde das Galinhas
O seu recurso online para ter galinhas saudáveis
Sobre nós
Fórum
Imagens
Dar aspirina às galinhas
Ivone_88 Iniciou a discussão Publicado em 28 de outubro, 18:12
Olá a todos! Posso dar aspirina à minha galinha? Ela tem 2 anos e acho que magoou uma pata. Só consigo ir ao veterinário na segunda-feira e o veterinário não me atende o telefone. A galinha parece estar com muitas dores. Queria dar-lhe alguma coisa para ela se sentir melhor até podermos ir ao veterinário. Obrigada pela vossa ajuda.
NéliaB79 Publicado em 28 de outubro, 18:36
Não sei se a aspirina é segura para as galinhas ou não. Eu consulto sempre o veterinário antes de dar remédios às minhas aves. Sei que alguns medicamentos que são seguros para as pessoas podem ser muito perigosos para as aves.
Mónica Publicado em 28 de outubro, 18:52
Eu dei uma aspirina a uma das minhas galinhas quando esta estava magoada. Não houve problema. No dia seguinte, fui ao veterinário, mas ela já estava melhor. Acho que pode ser perigoso se deres em demasia, por isso não excedas os limites da dose! As melhoras para a tua galinha!
Promocões_Aviárias Publicado em 28 de outubro, 19:07
Viva! Não se esqueça de ver as minhas grandes ofertas em todos os produtos para aves. Promoções especiais agora mesmo!
Berto Publicado em 28 de outubro, 19:15
Alguém me pode dizer como se sabe se uma galinha está doente? Obrigado.
Fred Publicado em 28 de outubro, 19:21
Olá, Ivone, sou veterinário especializado em aves. Não faz mal dar aspirina a galinhas magoadas se elas mostrarem sinais de que estão com dores. Quando prescrevo aspirina a aves, sigo as recomendações publicadas no Manual de Medicina Aviária. As galinhas devem tomar 5 mg de aspirina por kg de massa corporal. Pode dar esta dose 3 a 4 vezes por dia até ir ao veterinário. É muito importante levá-la ao veterinário. Boa sorte!"
R548-ChickenForum,5,3,Portuguese,por-PRT,"Fórum sobre galinhas Questão 4 / 7
Considera o fórum sobre a saúde das galinhas, apresentado à direita. Para responderes à questão, seleciona uma opção.
Quem é que já teve uma experiência positiva ao dar aspirina a uma galinha magoada?
A Ivone_88
A NéliaB79
A Mónica
O Berto"
R548-ChickenForum,6,1,Portuguese,por-PRT,PISA
R548-ChickenForum,6,2,Portuguese,por-PRT,"www.saudegalinhas.com/forum/aspirina-galinhas
Saúde das Galinhas
O seu recurso online para ter galinhas saudáveis
Sobre nós
Fórum
Imagens
Dar aspirina às galinhas
Ivone_88 Iniciou a discussão Publicado em 28 de outubro, 18:12
Olá a todos! Posso dar aspirina à minha galinha? Ela tem 2 anos e acho que magoou uma pata. Só consigo ir ao veterinário na segunda-feira e o veterinário não me atende o telefone. A galinha parece estar com muitas dores. Queria dar-lhe alguma coisa para ela se sentir melhor até podermos ir ao veterinário. Obrigada pela vossa ajuda.
NéliaB79 Publicado em 28 de outubro, 18:36
Não sei se a aspirina é segura para as galinhas ou não. Eu consulto sempre o veterinário antes de dar remédios às minhas aves. Sei que alguns medicamentos que são seguros para as pessoas podem ser muito perigosos para as aves.
Mónica Publicado em 28 de outubro, 18:52
Eu dei uma aspirina a uma das minhas galinhas quando esta estava magoada. Não houve problema. No dia seguinte, fui ao veterinário, mas ela já estava melhor. Acho que pode ser perigoso se deres em demasia, por isso não excedas os limites da dose! As melhoras para a tua galinha!
Promocões_Aviárias Publicado em 28 de outubro, 19:07
Viva! Não se esqueça de ver as minhas grandes ofertas em todos os produtos para aves. Promoções especiais agora mesmo!
Berto Publicado em 28 de outubro, 19:15
Alguém me pode dizer como se sabe se uma galinha está doente? Obrigado.
Fred Publicado em 28 de outubro, 19:21
Olá, Ivone, sou veterinário especializado em aves. Não faz mal dar aspirina a galinhas magoadas se elas mostrarem sinais de que estão com dores. Quando prescrevo aspirina a aves, sigo as recomendações publicadas no Manual de Medicina Aviária. As galinhas devem tomar 5 mg de aspirina por kg de massa corporal. Pode dar esta dose 3 a 4 vezes por dia até ir ao veterinário. É muito importante levá-la ao veterinário. Boa sorte!"
R548-ChickenForum,6,3,Portuguese,por-PRT,"Fórum sobre galinhas Questão 5 / 7
Considera o fórum sobre a saúde das galinhas, apresentado à direita. Para responderes à questão, seleciona uma opção.
Porque é que a Promoções_Aviárias responde ao comentário da Ivone_88?
Para fazer a promoção de um negócio.
Para responder à questão da Ivone_88.
Para completar o conselho da Mónica.
Para mostrar o seu conhecimento sobre aves."
R548-ChickenForum,7,1,Portuguese,por-PRT,PISA
R548-ChickenForum,7,2,Portuguese,por-PRT,"www.saudegalinhas.com/forum/aspirina-galinhas
Saúde das Galinhas
O seu recurso online para ter galinhas saudáveis
Sobre nós
Fórum
Imagens
Dar aspirina às galinhas
Ivone_88 Iniciou a discussão Publicado em 28 de outubro, 18:12
Olá a todos! Posso dar aspirina à minha galinha? Ela tem 2 anos e acho que magoou uma pata. Só consigo ir ao veterinário na segunda-feira e o veterinário não me atende o telefone. A galinha parece estar com muitas dores. Queria dar-lhe alguma coisa para ela se sentir melhor até podermos ir ao veterinário. Obrigada pela vossa ajuda.
NéliaB79 Publicado em 28 de outubro, 18:36
Não sei se a aspirina é segura para as galinhas ou não. Eu consulto sempre o veterinário antes de dar remédios às minhas aves. Sei que alguns medicamentos que são seguros para as pessoas podem ser muito perigosos para as aves.
Mónica Publicado em 28 de outubro, 18:52
Eu dei uma aspirina a uma das minhas galinhas quando esta estava magoada. Não houve problema. No dia seguinte, fui ao veterinário, mas ela já estava melhor. Acho que pode ser perigoso se deres em demasia, por isso não excedas os limites da dose! As melhoras para a tua galinha!
Promocões_Aviárias Publicado em 28 de outubro, 19:07
Viva! Não se esqueça de ver as minhas grandes ofertas em todos os produtos para aves. Promoções especiais agora mesmo!
Berto Publicado em 28 de outubro, 19:15
Alguém me pode dizer como se sabe se uma galinha está doente? Obrigado.
Fred Publicado em 28 de outubro, 19:21
Olá, Ivone, sou veterinário especializado em aves. Não faz mal dar aspirina a galinhas magoadas se elas mostrarem sinais de que estão com dores. Quando prescrevo aspirina a aves, sigo as recomendações publicadas no Manual de Medicina Aviária. As galinhas devem tomar 5 mg de aspirina por kg de massa corporal. Pode dar esta dose 3 a 4 vezes por dia até ir ao veterinário. É muito importante levá-la ao veterinário. Boa sorte!"
R548-ChickenForum,7,3,Portuguese,por-PRT,"Fórum sobre galinhas Questão 6 / 7
Considera o fórum sobre a saúde das galinhas, apresentado à direita. Para responderes à questão, seleciona uma opção e depois escreve uma justificação.
Quem publicou a resposta mais fiável à questão da Ivone_88?
A NéliaB79
A Mónica
A Promoções_Aviárias
O Fred
Justifica a tua resposta."
R548-ChickenForum,8,1,Portuguese,por-PRT,PISA
R548-ChickenForum,8,2,Portuguese,por-PRT,"www.saudegalinhas.com/forum/aspirina-galinhas
Saúde das Galinhas
O seu recurso online para ter galinhas saudáveis
Sobre nós
Fórum
Imagens
Dar aspirina às galinhas
Ivone_88 Iniciou a discussão Publicado em 28 de outubro, 18:12
Olá a todos! Posso dar aspirina à minha galinha? Ela tem 2 anos e acho que magoou uma pata. Só consigo ir ao veterinário na segunda-feira e o veterinário não me atende o telefone. A galinha parece estar com muitas dores. Queria dar-lhe alguma coisa para ela se sentir melhor até podermos ir ao veterinário. Obrigada pela vossa ajuda.
NéliaB79 Publicado em 28 de outubro, 18:36
Não sei se a aspirina é segura para as galinhas ou não. Eu consulto sempre o veterinário antes de dar remédios às minhas aves. Sei que alguns medicamentos que são seguros para as pessoas podem ser muito perigosos para as aves.
Mónica Publicado em 28 de outubro, 18:52
Eu dei uma aspirina a uma das minhas galinhas quando esta estava magoada. Não houve problema. No dia seguinte, fui ao veterinário, mas ela já estava melhor. Acho que pode ser perigoso se deres em demasia, por isso não excedas os limites da dose! As melhoras para a tua galinha!
Promocões_Aviárias Publicado em 28 de outubro, 19:07
Viva! Não se esqueça de ver as minhas grandes ofertas em todos os produtos para aves. Promoções especiais agora mesmo!
Berto Publicado em 28 de outubro, 19:15
Alguém me pode dizer como se sabe se uma galinha está doente? Obrigado.
Fred Publicado em 28 de outubro, 19:21
Olá, Ivone, sou veterinário especializado em aves. Não faz mal dar aspirina a galinhas magoadas se elas mostrarem sinais de que estão com dores. Quando prescrevo aspirina a aves, sigo as recomendações publicadas no Manual de Medicina Aviária. As galinhas devem tomar 5 mg de aspirina por kg de massa corporal. Pode dar esta dose 3 a 4 vezes por dia até ir ao veterinário. É muito importante levá-la ao veterinário. Boa sorte!"
R548-ChickenForum,8,3,Portuguese,por-PRT,"Fórum sobre galinhas Questão 7 / 7
Considera o fórum sobre a saúde das galinhas, apresentado à direita. Escreve a resposta à questão.
Porque é que o Fred não consegue indicar à Ivone_88 a quantidade exata de aspirina que ela deve dar à sua galinha?"
R548-ChickenForum,9,1,Portuguese,por-PRT,PISA
R548-ChickenForum,9,2,Portuguese,por-PRT,"www.saudegalinhas.com/forum/aspirina-galinhas
Saúde das Galinhas
O seu recurso online para ter galinhas saudáveis
Sobre nós
Fórum
Imagens
Dar aspirina às galinhas
Ivone_88 Iniciou a discussão Publicado em 28 de outubro, 18:12
Olá a todos! Posso dar aspirina à minha galinha? Ela tem 2 anos e acho que magoou uma pata. Só consigo ir ao veterinário na segunda-feira e o veterinário não me atende o telefone. A galinha parece estar com muitas dores. Queria dar-lhe alguma coisa para ela se sentir melhor até podermos ir ao veterinário. Obrigada pela vossa ajuda.
NéliaB79 Publicado em 28 de outubro, 18:36
Não sei se a aspirina é segura para as galinhas ou não. Eu consulto sempre o veterinário antes de dar remédios às minhas aves. Sei que alguns medicamentos que são seguros para as pessoas podem ser muito perigosos para as aves.
Mónica Publicado em 28 de outubro, 18:52
Eu dei uma aspirina a uma das minhas galinhas quando esta estava magoada. Não houve problema. No dia seguinte, fui ao veterinário, mas ela já estava melhor. Acho que pode ser perigoso se deres em demasia, por isso não excedas os limites da dose! As melhoras para a tua galinha!
Promocões_Aviárias Publicado em 28 de outubro, 19:07
Viva! Não se esqueça de ver as minhas grandes ofertas em todos os produtos para aves. Promoções especiais agora mesmo!
Berto Publicado em 28 de outubro, 19:15
Alguém me pode dizer como se sabe se uma galinha está doente? Obrigado.
Fred Publicado em 28 de outubro, 19:21
Olá, Ivone, sou veterinário especializado em aves. Não faz mal dar aspirina a galinhas magoadas se elas mostrarem sinais de que estão com dores. Quando prescrevo aspirina a aves, sigo as recomendações publicadas no Manual de Medicina Aviária. As galinhas devem tomar 5 mg de aspirina por kg de massa corporal. Pode dar esta dose 3 a 4 vezes por dia até ir ao veterinário. É muito importante levá-la ao veterinário. Boa sorte!"
R548-ChickenForum,9,3,Portuguese,por-PRT,"Fórum sobre galinhas Questão 7 / 7
Considera o fórum sobre a saúde das galinhas, apresentado à direita. Escreve a resposta à questão.
Porque é que o Fred não consegue indicar à Ivone_88 a quantidade exata de aspirina que ela deve dar à sua galinha?"
R548-ChickenForum,10,1,Portuguese,por-PRT,PISA
R548-ChickenForum,10,2,Portuguese,por-PRT,"www.saudegalinhas.com/forum/aspirina-galinhas
Saúde das Galinhas
O seu recurso online para ter galinhas saudáveis
Sobre nós
Fórum
Imagens
Dar aspirina às galinhas
Ivone_88 Iniciou a discussão Publicado em 28 de outubro, 18:12
Olá a todos! Posso dar aspirina à minha galinha? Ela tem 2 anos e acho que magoou uma pata. Só consigo ir ao veterinário na segunda-feira e o veterinário não me atende o telefone. A galinha parece estar com muitas dores. Queria dar-lhe alguma coisa para ela se sentir melhor até podermos ir ao veterinário. Obrigada pela vossa ajuda.
NéliaB79 Publicado em 28 de outubro, 18:36
Não sei se a aspirina é segura para as galinhas ou não. Eu consulto sempre o veterinário antes de dar remédios às minhas aves. Sei que alguns medicamentos que são seguros para as pessoas podem ser muito perigosos para as aves.
Mónica Publicado em 28 de outubro, 18:52
Eu dei uma aspirina a uma das minhas galinhas quando esta estava magoada. Não houve problema. No dia seguinte, fui ao veterinário, mas ela já estava melhor. Acho que pode ser perigoso se deres em demasia, por isso não excedas os limites da dose! As melhoras para a tua galinha!
Promocões_Aviárias Publicado em 28 de outubro, 19:07
Viva! Não se esqueça de ver as minhas grandes ofertas em todos os produtos para aves. Promoções especiais agora mesmo!
Berto Publicado em 28 de outubro, 19:15
Alguém me pode dizer como se sabe se uma galinha está doente? Obrigado.
Fred Publicado em 28 de outubro, 19:21
Olá, Ivone, sou veterinário especializado em aves. Não faz mal dar aspirina a galinhas magoadas se elas mostrarem sinais de que estão com dores. Quando prescrevo aspirina a aves, sigo as recomendações publicadas no Manual de Medicina Aviária. As galinhas devem tomar 5 mg de aspirina por kg de massa corporal. Pode dar esta dose 3 a 4 vezes por dia até ir ao veterinário. É muito importante levá-la ao veterinário. Boa sorte!"
R548-ChickenForum,10,3,Portuguese,por-PRT,"Fórum sobre galinhas Questão 7 / 7
Considera o fórum sobre a saúde das galinhas, apresentado à direita. Escreve a resposta à questão.
Porque é que o Fred não consegue indicar à Ivone_88 a quantidade exata de aspirina que ela deve dar à sua galinha?"
R548-ChickenForum,1,1,Russian,rus-KAZ,PISA
R548-ChickenForum,1,2,Russian,rus-KAZ,"Куриный форум Введение
Прочитайте введение.  Затем кликните мышью по кнопке «ДАЛЕЕ».
Вы в гостях у родственников, которые недавно переехали на ферму, чтобы разводить кур. Вы задаёте своей тёте вопрос: «Как ты научилась разводить кур?»
Она отвечает: «Мы поговорили с многими людьми, которые разводят кур. Кроме того, много ресурсов об этом есть в Интернете. Например, есть форум «Здоровые куры», и я люблю туда заходить. Это очень помогло мне недавно, когда одна из моих кур поранила лапку. Я покажу тебе свою переписку на форуме».
Кликните мышью по кнопке «ДАЛЕЕ», чтобы прочитать сообщения на форуме."
R548-ChickenForum,2,1,Russian,rus-KAZ,PISA
R548-ChickenForum,2,2,Russian,rus-KAZ,"www.zdorovyekury.com/forum/aspirin-kury
Здоровые куры
Ваш онлайн-ресурс для выращивания здоровых кур
О нас
Форум
Фото
Использование аспирина для помощи курам
Индира_88 Автор темы 28 октября, 18:12
Всем привет!
Могу ли я дать своей курице аспирин? Ей 2 года и, по-моему, она поранила лапку. Я не смогу пойти к ветеринару до понедельника, а на телефонные звонки он не отвечает. Мне кажется, что курице очень больно. Я бы хотела дать ей что-нибудь, чтобы ей стало полегче, до того, как мы попадём к ветеринару. Спасибо за помощь.
НургульВ79 28 октября, 18:36
Не знаю, безопасно ли давать курам аспирин. Я всегда советуюсь с ветеринаром, прежде чем давать лекарства своим птичкам. Я знаю, что некоторые лекарства, которые безопасны для людей, могут быть очень опасны для птиц.
Мадина 28 октября, 18:52
Я давала аспирин одной из своих кур, когда та поранилась. Никаких проблем не было. На следующий день я съездила к ветеринару, но ей уже стало лучше.  По-моему, опасно давать слишком много, так что не превышай дозировку! Надеюсь, что ей стало легче!
Птичьи_Предложения 28 октября, 19:07
Привет! Не забудьте заглянуть ко мне, чтобы узнать о моих предложениях по очень низким ценам на всю продукцию для птиц. Прямо сейчас у меня большая распродажа!
Бораш 28 октября, 19:15
Подскажите, пожалуйста, как понять, больна курица или нет? Спасибо.
Фархад  28 октября, 19:21
Здравствуйте, Индира! Я ветеринар, специализирующийся на птицах. Можно дать травмированной птице аспирин, если вы видите, что ей больно. Прописывая птицам аспирин, я следую инструкциям, опубликованным в книге «Клиническая медицина птиц». Курам нужно давать по 5 мг аспирина на килограмм массы тела. Вы можете давать такую дозу 3-4 раза в день, пока не посетите ветеринара. Очень важно, чтобы потом вы посетили своего ветеринара. Удачи!"
R548-ChickenForum,2,3,Russian,rus-KAZ,"Куриный форум Вопрос 1 / 7
Посмотрите на задание «Форум «Здоровые куры» справа.  Выберите ответ и кликните по нему мышью.
Что хочет узнать Индира_88?
Может ли она дать аспирин травмированной курице.
Как часто она может давать аспирин травмированной курице.
Как связаться с ветеринаром по поводу травмированной курицы.
Может ли она определить, насколько больно травмированной курице."
R548-ChickenForum,3,1,Russian,rus-KAZ,PISA
R548-ChickenForum,3,2,Russian,rus-KAZ,"www.zdorovyekury.com/forum/aspirin-kury
Здоровые куры
Ваш онлайн-ресурс для выращивания здоровых кур
О нас
Форум
Фото
Использование аспирина для помощи курам
Индира_88 Автор темы 28 октября, 18:12
Всем привет!
Могу ли я дать своей курице аспирин? Ей 2 года и, по-моему, она поранила лапку. Я не смогу пойти к ветеринару до понедельника, а на телефонные звонки он не отвечает. Мне кажется, что курице очень больно. Я бы хотела дать ей что-нибудь, чтобы ей стало полегче, до того, как мы попадём к ветеринару. Спасибо за помощь.
НургульВ79 28 октября, 18:36
Не знаю, безопасно ли давать курам аспирин. Я всегда советуюсь с ветеринаром, прежде чем давать лекарства своим птичкам. Я знаю, что некоторые лекарства, которые безопасны для людей, могут быть очень опасны для птиц.
Мадина 28 октября, 18:52
Я давала аспирин одной из своих кур, когда та поранилась. Никаких проблем не было. На следующий день я съездила к ветеринару, но ей уже стало лучше.  По-моему, опасно давать слишком много, так что не превышай дозировку! Надеюсь, что ей стало легче!
Птичьи_Предложения 28 октября, 19:07
Привет! Не забудьте заглянуть ко мне, чтобы узнать о моих предложениях по очень низким ценам на всю продукцию для птиц. Прямо сейчас у меня большая распродажа!
Бораш 28 октября, 19:15
Подскажите, пожалуйста, как понять, больна курица или нет? Спасибо.
Фархад  28 октября, 19:21
Здравствуйте, Индира! Я ветеринар, специализирующийся на птицах. Можно дать травмированной птице аспирин, если вы видите, что ей больно. Прописывая птицам аспирин, я следую инструкциям, опубликованным в книге «Клиническая медицина птиц». Курам нужно давать по 5 мг аспирина на килограмм массы тела. Вы можете давать такую дозу 3-4 раза в день, пока не посетите ветеринара. Очень важно, чтобы потом вы посетили своего ветеринара. Удачи!"
R548-ChickenForum,3,3,Russian,rus-KAZ,"Куриный форум Вопрос 2 / 7
Посмотрите на задание «Форум «Здоровые куры» справа.  Выберите ответ и кликните по нему мышью.
Почему Индира_88 решила задать свой вопрос на форуме в Интернете?
Потому что она не знает, как найти ветеринара.
Потому что она считает проблему со своей курицей несерьёзной.
Потому что она хочет как можно быстрее помочь своей курице.
Потому что у неё нет средств, чтобы пойти к ветеринару."
R548-ChickenForum,4,1,Russian,rus-KAZ,PISA
R548-ChickenForum,4,2,Russian,rus-KAZ,"www.zdorovyekury.com/forum/aspirin-kury
Здоровые куры
Ваш онлайн-ресурс для выращивания здоровых кур
О нас
Форум
Фото
Использование аспирина для помощи курам
Индира_88 Автор темы 28 октября, 18:12
Всем привет!
Могу ли я дать своей курице аспирин? Ей 2 года и, по-моему, она поранила лапку. Я не смогу пойти к ветеринару до понедельника, а на телефонные звонки он не отвечает. Мне кажется, что курице очень больно. Я бы хотела дать ей что-нибудь, чтобы ей стало полегче, до того, как мы попадём к ветеринару. Спасибо за помощь.
НургульВ79 28 октября, 18:36
Не знаю, безопасно ли давать курам аспирин. Я всегда советуюсь с ветеринаром, прежде чем давать лекарства своим птичкам. Я знаю, что некоторые лекарства, которые безопасны для людей, могут быть очень опасны для птиц.
Мадина 28 октября, 18:52
Я давала аспирин одной из своих кур, когда та поранилась. Никаких проблем не было. На следующий день я съездила к ветеринару, но ей уже стало лучше.  По-моему, опасно давать слишком много, так что не превышай дозировку! Надеюсь, что ей стало легче!
Птичьи_Предложения 28 октября, 19:07
Привет! Не забудьте заглянуть ко мне, чтобы узнать о моих предложениях по очень низким ценам на всю продукцию для птиц. Прямо сейчас у меня большая распродажа!
Бораш 28 октября, 19:15
Подскажите, пожалуйста, как понять, больна курица или нет? Спасибо.
Фархад  28 октября, 19:21
Здравствуйте, Индира! Я ветеринар, специализирующийся на птицах. Можно дать травмированной птице аспирин, если вы видите, что ей больно. Прописывая птицам аспирин, я следую инструкциям, опубликованным в книге «Клиническая медицина птиц». Курам нужно давать по 5 мг аспирина на килограмм массы тела. Вы можете давать такую дозу 3-4 раза в день, пока не посетите ветеринара. Очень важно, чтобы потом вы посетили своего ветеринара. Удачи!"
R548-ChickenForum,4,3,Russian,rus-KAZ,"Куриный форум Вопрос 3 / 7
Посмотрите на задание «Форум «Здоровые куры» справа.  Выберите ответы в таблице и кликните по ним мышью.
Некоторые сообщения на форуме могут относиться к обсуждаемой теме, а некоторые сообщения – нет. Кликните мышью по одному из слов «Да» или «Нет», чтобы показать, относятся ли сообщения в таблице, приведённой ниже, к вопросу Индиры_88.
Относится ли данное сообщение к вопросу Индиры_88?
Да
Нет
Сообщение НургульВ79
Сообщение Мадины
Сообщение Птичьи_Предложения
Сообщение Бораша
Сообщение Фархада"
R548-ChickenForum,5,1,Russian,rus-KAZ,PISA
R548-ChickenForum,5,2,Russian,rus-KAZ,"www.zdorovyekury.com/forum/aspirin-kury
Здоровые куры
Ваш онлайн-ресурс для выращивания здоровых кур
О нас
Форум
Фото
Использование аспирина для помощи курам
Индира_88 Автор темы 28 октября, 18:12
Всем привет!
Могу ли я дать своей курице аспирин? Ей 2 года и, по-моему, она поранила лапку. Я не смогу пойти к ветеринару до понедельника, а на телефонные звонки он не отвечает. Мне кажется, что курице очень больно. Я бы хотела дать ей что-нибудь, чтобы ей стало полегче, до того, как мы попадём к ветеринару. Спасибо за помощь.
НургульВ79 28 октября, 18:36
Не знаю, безопасно ли давать курам аспирин. Я всегда советуюсь с ветеринаром, прежде чем давать лекарства своим птичкам. Я знаю, что некоторые лекарства, которые безопасны для людей, могут быть очень опасны для птиц.
Мадина 28 октября, 18:52
Я давала аспирин одной из своих кур, когда та поранилась. Никаких проблем не было. На следующий день я съездила к ветеринару, но ей уже стало лучше.  По-моему, опасно давать слишком много, так что не превышай дозировку! Надеюсь, что ей стало легче!
Птичьи_Предложения 28 октября, 19:07
Привет! Не забудьте заглянуть ко мне, чтобы узнать о моих предложениях по очень низким ценам на всю продукцию для птиц. Прямо сейчас у меня большая распродажа!
Бораш 28 октября, 19:15
Подскажите, пожалуйста, как понять, больна курица или нет? Спасибо.
Фархад  28 октября, 19:21
Здравствуйте, Индира! Я ветеринар, специализирующийся на птицах. Можно дать травмированной птице аспирин, если вы видите, что ей больно. Прописывая птицам аспирин, я следую инструкциям, опубликованным в книге «Клиническая медицина птиц». Курам нужно давать по 5 мг аспирина на килограмм массы тела. Вы можете давать такую дозу 3-4 раза в день, пока не посетите ветеринара. Очень важно, чтобы потом вы посетили своего ветеринара. Удачи!"
R548-ChickenForum,5,3,Russian,rus-KAZ,"Куриный форум Вопрос 4 / 7
Посмотрите на задание «Форум «Здоровые куры» справа.  Выберите ответ и кликните по нему мышью.
Кто имел положительный опыт использования аспирина для помощи травмированной курице?
Индира_88
НургульВ79
Мадина
Бораш"
R548-ChickenForum,6,1,Russian,rus-KAZ,PISA
R548-ChickenForum,6,2,Russian,rus-KAZ,"www.zdorovyekury.com/forum/aspirin-kury
Здоровые куры
Ваш онлайн-ресурс для выращивания здоровых кур
О нас
Форум
Фото
Использование аспирина для помощи курам
Индира_88 Автор темы 28 октября, 18:12
Всем привет!
Могу ли я дать своей курице аспирин? Ей 2 года и, по-моему, она поранила лапку. Я не смогу пойти к ветеринару до понедельника, а на телефонные звонки он не отвечает. Мне кажется, что курице очень больно. Я бы хотела дать ей что-нибудь, чтобы ей стало полегче, до того, как мы попадём к ветеринару. Спасибо за помощь.
НургульВ79 28 октября, 18:36
Не знаю, безопасно ли давать курам аспирин. Я всегда советуюсь с ветеринаром, прежде чем давать лекарства своим птичкам. Я знаю, что некоторые лекарства, которые безопасны для людей, могут быть очень опасны для птиц.
Мадина 28 октября, 18:52
Я давала аспирин одной из своих кур, когда та поранилась. Никаких проблем не было. На следующий день я съездила к ветеринару, но ей уже стало лучше.  По-моему, опасно давать слишком много, так что не превышай дозировку! Надеюсь, что ей стало легче!
Птичьи_Предложения 28 октября, 19:07
Привет! Не забудьте заглянуть ко мне, чтобы узнать о моих предложениях по очень низким ценам на всю продукцию для птиц. Прямо сейчас у меня большая распродажа!
Бораш 28 октября, 19:15
Подскажите, пожалуйста, как понять, больна курица или нет? Спасибо.
Фархад  28 октября, 19:21
Здравствуйте, Индира! Я ветеринар, специализирующийся на птицах. Можно дать травмированной птице аспирин, если вы видите, что ей больно. Прописывая птицам аспирин, я следую инструкциям, опубликованным в книге «Клиническая медицина птиц». Курам нужно давать по 5 мг аспирина на килограмм массы тела. Вы можете давать такую дозу 3-4 раза в день, пока не посетите ветеринара. Очень важно, чтобы потом вы посетили своего ветеринара. Удачи!"
R548-ChickenForum,6,3,Russian,rus-KAZ,"Куриный форум Вопрос 5 / 7
Посмотрите на задание «Форум «Здоровые куры» справа.  Выберите ответ и кликните по нему мышью.
Для чего Птичьи_Предложения отвечает на сообщение Индиры_88?
Чтобы прорекламировать бизнес.
Чтобы ответить на вопрос Индиры_88.
Чтобы дополнить совет Мадины.
Чтобы показать, как хорошо разбирается в птицах."
R548-ChickenForum,7,1,Russian,rus-KAZ,PISA
R548-ChickenForum,7,2,Russian,rus-KAZ,"www.zdorovyekury.com/forum/aspirin-kury
Здоровые куры
Ваш онлайн-ресурс для выращивания здоровых кур
О нас
Форум
Фото
Использование аспирина для помощи курам
Индира_88 Автор темы 28 октября, 18:12
Всем привет!
Могу ли я дать своей курице аспирин? Ей 2 года и, по-моему, она поранила лапку. Я не смогу пойти к ветеринару до понедельника, а на телефонные звонки он не отвечает. Мне кажется, что курице очень больно. Я бы хотела дать ей что-нибудь, чтобы ей стало полегче, до того, как мы попадём к ветеринару. Спасибо за помощь.
НургульВ79 28 октября, 18:36
Не знаю, безопасно ли давать курам аспирин. Я всегда советуюсь с ветеринаром, прежде чем давать лекарства своим птичкам. Я знаю, что некоторые лекарства, которые безопасны для людей, могут быть очень опасны для птиц.
Мадина 28 октября, 18:52
Я давала аспирин одной из своих кур, когда та поранилась. Никаких проблем не было. На следующий день я съездила к ветеринару, но ей уже стало лучше.  По-моему, опасно давать слишком много, так что не превышай дозировку! Надеюсь, что ей стало легче!
Птичьи_Предложения 28 октября, 19:07
Привет! Не забудьте заглянуть ко мне, чтобы узнать о моих предложениях по очень низким ценам на всю продукцию для птиц. Прямо сейчас у меня большая распродажа!
Бораш 28 октября, 19:15
Подскажите, пожалуйста, как понять, больна курица или нет? Спасибо.
Фархад  28 октября, 19:21
Здравствуйте, Индира! Я ветеринар, специализирующийся на птицах. Можно дать травмированной птице аспирин, если вы видите, что ей больно. Прописывая птицам аспирин, я следую инструкциям, опубликованным в книге «Клиническая медицина птиц». Курам нужно давать по 5 мг аспирина на килограмм массы тела. Вы можете давать такую дозу 3-4 раза в день, пока не посетите ветеринара. Очень важно, чтобы потом вы посетили своего ветеринара. Удачи!"
R548-ChickenForum,7,3,Russian,rus-KAZ,"Куриный форум Вопрос 6 / 7
Посмотрите на задание «Форум «Здоровые куры» справа. Выберите ответ, кликните по нему мышью, а затем напечатайте пояснение к Вашему ответу.
Кто написал наиболее заслуживающий доверия ответ на вопрос Индиры_88?
НургульВ79
Мадина
Птичьи_Предложения
Фархад
Объясните свой ответ."
R548-ChickenForum,8,1,Russian,rus-KAZ,PISA
R548-ChickenForum,8,2,Russian,rus-KAZ,"www.zdorovyekury.com/forum/aspirin-kury
Здоровые куры
Ваш онлайн-ресурс для выращивания здоровых кур
О нас
Форум
Фото
Использование аспирина для помощи курам
Индира_88 Автор темы 28 октября, 18:12
Всем привет!
Могу ли я дать своей курице аспирин? Ей 2 года и, по-моему, она поранила лапку. Я не смогу пойти к ветеринару до понедельника, а на телефонные звонки он не отвечает. Мне кажется, что курице очень больно. Я бы хотела дать ей что-нибудь, чтобы ей стало полегче, до того, как мы попадём к ветеринару. Спасибо за помощь.
НургульВ79 28 октября, 18:36
Не знаю, безопасно ли давать курам аспирин. Я всегда советуюсь с ветеринаром, прежде чем давать лекарства своим птичкам. Я знаю, что некоторые лекарства, которые безопасны для людей, могут быть очень опасны для птиц.
Мадина 28 октября, 18:52
Я давала аспирин одной из своих кур, когда та поранилась. Никаких проблем не было. На следующий день я съездила к ветеринару, но ей уже стало лучше.  По-моему, опасно давать слишком много, так что не превышай дозировку! Надеюсь, что ей стало легче!
Птичьи_Предложения 28 октября, 19:07
Привет! Не забудьте заглянуть ко мне, чтобы узнать о моих предложениях по очень низким ценам на всю продукцию для птиц. Прямо сейчас у меня большая распродажа!
Бораш 28 октября, 19:15
Подскажите, пожалуйста, как понять, больна курица или нет? Спасибо.
Фархад  28 октября, 19:21
Здравствуйте, Индира! Я ветеринар, специализирующийся на птицах. Можно дать травмированной птице аспирин, если вы видите, что ей больно. Прописывая птицам аспирин, я следую инструкциям, опубликованным в книге «Клиническая медицина птиц». Курам нужно давать по 5 мг аспирина на килограмм массы тела. Вы можете давать такую дозу 3-4 раза в день, пока не посетите ветеринара. Очень важно, чтобы потом вы посетили своего ветеринара. Удачи!"
R548-ChickenForum,8,3,Russian,rus-KAZ,"Куриный форум Вопрос 7 / 7
Посмотрите на задание «Форум «Здоровые куры» справа. Напечатайте Ваш ответ на вопрос.
Почему Фархад не может сказать Индире_88 точное количество аспирина, которое нужно дать её курице?"
R548-ChickenForum,9,1,Russian,rus-KAZ,PISA
R548-ChickenForum,9,2,Russian,rus-KAZ,"www.zdorovyekury.com/forum/aspirin-kury
Здоровые куры
Ваш онлайн-ресурс для выращивания здоровых кур
О нас
Форум
Фото
Использование аспирина для помощи курам
Индира_88 Автор темы 28 октября, 18:12
Всем привет!
Могу ли я дать своей курице аспирин? Ей 2 года и, по-моему, она поранила лапку. Я не смогу пойти к ветеринару до понедельника, а на телефонные звонки он не отвечает. Мне кажется, что курице очень больно. Я бы хотела дать ей что-нибудь, чтобы ей стало полегче, до того, как мы попадём к ветеринару. Спасибо за помощь.
НургульВ79 28 октября, 18:36
Не знаю, безопасно ли давать курам аспирин. Я всегда советуюсь с ветеринаром, прежде чем давать лекарства своим птичкам. Я знаю, что некоторые лекарства, которые безопасны для людей, могут быть очень опасны для птиц.
Мадина 28 октября, 18:52
Я давала аспирин одной из своих кур, когда та поранилась. Никаких проблем не было. На следующий день я съездила к ветеринару, но ей уже стало лучше.  По-моему, опасно давать слишком много, так что не превышай дозировку! Надеюсь, что ей стало легче!
Птичьи_Предложения 28 октября, 19:07
Привет! Не забудьте заглянуть ко мне, чтобы узнать о моих предложениях по очень низким ценам на всю продукцию для птиц. Прямо сейчас у меня большая распродажа!
Бораш 28 октября, 19:15
Подскажите, пожалуйста, как понять, больна курица или нет? Спасибо.
Фархад  28 октября, 19:21
Здравствуйте, Индира! Я ветеринар, специализирующийся на птицах. Можно дать травмированной птице аспирин, если вы видите, что ей больно. Прописывая птицам аспирин, я следую инструкциям, опубликованным в книге «Клиническая медицина птиц». Курам нужно давать по 5 мг аспирина на килограмм массы тела. Вы можете давать такую дозу 3-4 раза в день, пока не посетите ветеринара. Очень важно, чтобы потом вы посетили своего ветеринара. Удачи!"
R548-ChickenForum,9,3,Russian,rus-KAZ,"Куриный форум Вопрос 7 / 7
Посмотрите на задание «Форум «Здоровые куры» справа. Напечатайте Ваш ответ на вопрос.
Почему Фархад не может сказать Индире_88 точное количество аспирина, которое нужно дать её курице?"
R548-ChickenForum,10,1,Russian,rus-KAZ,PISA
R548-ChickenForum,10,2,Russian,rus-KAZ,"www.zdorovyekury.com/forum/aspirin-kury
Здоровые куры
Ваш онлайн-ресурс для выращивания здоровых кур
О нас
Форум
Фото
Использование аспирина для помощи курам
Индира_88 Автор темы 28 октября, 18:12
Всем привет!
Могу ли я дать своей курице аспирин? Ей 2 года и, по-моему, она поранила лапку. Я не смогу пойти к ветеринару до понедельника, а на телефонные звонки он не отвечает. Мне кажется, что курице очень больно. Я бы хотела дать ей что-нибудь, чтобы ей стало полегче, до того, как мы попадём к ветеринару. Спасибо за помощь.
НургульВ79 28 октября, 18:36
Не знаю, безопасно ли давать курам аспирин. Я всегда советуюсь с ветеринаром, прежде чем давать лекарства своим птичкам. Я знаю, что некоторые лекарства, которые безопасны для людей, могут быть очень опасны для птиц.
Мадина 28 октября, 18:52
Я давала аспирин одной из своих кур, когда та поранилась. Никаких проблем не было. На следующий день я съездила к ветеринару, но ей уже стало лучше.  По-моему, опасно давать слишком много, так что не превышай дозировку! Надеюсь, что ей стало легче!
Птичьи_Предложения 28 октября, 19:07
Привет! Не забудьте заглянуть ко мне, чтобы узнать о моих предложениях по очень низким ценам на всю продукцию для птиц. Прямо сейчас у меня большая распродажа!
Бораш 28 октября, 19:15
Подскажите, пожалуйста, как понять, больна курица или нет? Спасибо.
Фархад  28 октября, 19:21
Здравствуйте, Индира! Я ветеринар, специализирующийся на птицах. Можно дать травмированной птице аспирин, если вы видите, что ей больно. Прописывая птицам аспирин, я следую инструкциям, опубликованным в книге «Клиническая медицина птиц». Курам нужно давать по 5 мг аспирина на килограмм массы тела. Вы можете давать такую дозу 3-4 раза в день, пока не посетите ветеринара. Очень важно, чтобы потом вы посетили своего ветеринара. Удачи!"
R548-ChickenForum,10,3,Russian,rus-KAZ,"Куриный форум Вопрос 7 / 7
Посмотрите на задание «Форум «Здоровые куры» справа. Напечатайте Ваш ответ на вопрос.
Почему Фархад не может сказать Индире_88 точное количество аспирина, которое нужно дать её курице?"
R548-ChickenForum,1,1,Serbian / Serb,srp-SRB,PISA
R548-ChickenForum,1,2,Serbian / Serb,srp-SRB,"Forum o živini Uvod
Pročitaj uvod, zatim klikni na strelicu DALJE.
U poseti si rođacima koji su se nedavno preselili na farmu kako bi gajili živinu.  Pitaš tetku:„Kako si naučila da gajiš živinu?”
Ona kaže: „Razgovarali smo sa mnogo ljudi koji gaje živinu.  A ima i mnogo izvora na internetu.  Na primer, postoji forum „Zdravlje živine” koji volim da posjećujem.  Nedavno mi je mnogo pomogao kada je jedna moja kokoška povredila nogu.  Pokazaću ti razgovor koji smo vodili”.
Klikni na strelicu DALJE da pročitaš forum."
R548-ChickenForum,2,1,Serbian / Serb,srp-SRB,PISA
R548-ChickenForum,2,2,Serbian / Serb,srp-SRB,"www.zdravljezivine.com/forum/aspirin-zivina
Zdravlje živine
Vaš onlajn izvor informacija o zdravlju živine
O nama
Forum
Galerija
Davanje aspirina živini
Ivana_88 Temu započinje Objavljeno 28. oktobra u 18.12
Zdravo svima!  Mogu li da svojoj kokoški dam aspirin? Ima dve godine i mislim da je povredila nogu.  Ne mogu da odem kod veterinara pre ponedeljka, a ne uspevam da ga dobijem telefonom. Izgleda da moja kokoška trpi jake bolove.  Volela bih da joj dam nešto što će joj pomoći da se oseća bolje dok je ne odvedem kod veterinara.   Hvala vam na pomoći!
NataB79 Objavljeno 28. oktobra u 18.36
Ne znam da li je aspirin bezbedan za kokoške.  Uvek se posavetujem sa veterinarom pre nego što svojim pticama dam lekove. Znam da neki lekovi koji su bezbedni za ljude mogu biti veoma opasni za ptice.
Monika Objavljeno 28. oktobra u 18.52
Dala sam aspirin jednoj od mojih kokošaka kada se povredila.  Nije bilo problema.  Sutradan sam je odvela kod veterinara, ali joj je već bilo bolje.  Mislim da može biti opasno ako joj daš previše, zato pazi da ne prekoračiš preporučenu dozu.  Nadam se da će biti bolje!
Svet ptica_Super ponude Objavljeno 28. oktobra u 19.07
Zdravo!  Obavezno pogledajte moje super povoljne ponude za sve proizvode za ptice.   U toku su neverovatni popusti!
Bob Objavljeno 28. oktobra u 19.15
Može li neko da mi kaže kako znamo da je kokoška bolesna? Hvala.
Frenk Objavljeno 28. oktobra u 19.21
Zdravo, Ivana, Ja sam veterinar, a uža specijalnost su mi ptice.  Povređenoj živini može se dati aspirin ukoliko pokazuje da je nešto boli.  Kada prepisujem aspirin pticama, pratim preporuke objavljene u „Kliničkoj medicini za ptice”. Živini se daje 5 mg aspirina po kilogramu telesne mase.  Možete im davati tu dozu tri do četiri puta dnevno dok ne posetite veterinara.  Vrlo je važno da sa veterinarom pratite stanje. Srećno!"
R548-ChickenForum,2,3,Serbian / Serb,srp-SRB,"Forum o živini Pitanje 1 / 7
Koristi informacije iz foruma „Zdravlje živine” sa desne strane.  Odgovori na pitanje tako što ćeš kliknuti ispred izabranog odgovora.
Šta Ivana_88 želi da sazna?
Može li da daje aspirin povređenoj kokoški.
Koliko često može da daje aspirin povređenoj kokoški.
Kako da stupi u kontakt sa veterinarom u vezi sa povređenom kokoškom.
Može li da odredi koliki bol trpi povređena kokoška."
R548-ChickenForum,3,1,Serbian / Serb,srp-SRB,PISA
R548-ChickenForum,3,2,Serbian / Serb,srp-SRB,"www.zdravljezivine.com/forum/aspirin-zivina
Zdravlje živine
Vaš onlajn izvor informacija o zdravlju živine
O nama
Forum
Galerija
Davanje aspirina živini
Ivana_88 Temu započinje Objavljeno 28. oktobra u 18.12
Zdravo svima!  Mogu li da svojoj kokoški dam aspirin? Ima dve godine i mislim da je povredila nogu.  Ne mogu da odem kod veterinara pre ponedeljka, a ne uspevam da ga dobijem telefonom. Izgleda da moja kokoška trpi jake bolove.  Volela bih da joj dam nešto što će joj pomoći da se oseća bolje dok je ne odvedem kod veterinara.   Hvala vam na pomoći!
NataB79 Objavljeno 28. oktobra u 18.36
Ne znam da li je aspirin bezbedan za kokoške.  Uvek se posavetujem sa veterinarom pre nego što svojim pticama dam lekove. Znam da neki lekovi koji su bezbedni za ljude mogu biti veoma opasni za ptice.
Monika Objavljeno 28. oktobra u 18.52
Dala sam aspirin jednoj od mojih kokošaka kada se povredila.  Nije bilo problema.  Sutradan sam je odvela kod veterinara, ali joj je već bilo bolje.  Mislim da može biti opasno ako joj daš previše, zato pazi da ne prekoračiš preporučenu dozu.  Nadam se da će biti bolje!
Svet ptica_Super ponude Objavljeno 28. oktobra u 19.07
Zdravo!  Obavezno pogledajte moje super povoljne ponude za sve proizvode za ptice.   U toku su neverovatni popusti!
Bob Objavljeno 28. oktobra u 19.15
Može li neko da mi kaže kako znamo da je kokoška bolesna? Hvala.
Frenk Objavljeno 28. oktobra u 19.21
Zdravo, Ivana, Ja sam veterinar, a uža specijalnost su mi ptice.  Povređenoj živini može se dati aspirin ukoliko pokazuje da je nešto boli.  Kada prepisujem aspirin pticama, pratim preporuke objavljene u „Kliničkoj medicini za ptice”. Živini se daje 5 mg aspirina po kilogramu telesne mase.  Možete im davati tu dozu tri do četiri puta dnevno dok ne posetite veterinara.  Vrlo je važno da sa veterinarom pratite stanje. Srećno!"
R548-ChickenForum,3,3,Serbian / Serb,srp-SRB,"Forum o živini Pitanje 2 / 7
Koristi informacije iz foruma „Zdravlje živine” sa desne strane.  Odgovori na pitanje tako što ćeš kliknuti ispred izabranog odgovora.
Zašto je Ivana_88 odlučila da svoje pitanje postavi na forumu na internetu?
Zato što ne zna kako da pronađe veterinara.
Zato što smatra da zdravstveni problem njene kokoške nije ozbiljan.
Zato što želi da što pre pomogne svojoj kokoški.
Zato što sebi ne može da priušti posetu veterinaru."
R548-ChickenForum,4,1,Serbian / Serb,srp-SRB,PISA
R548-ChickenForum,4,2,Serbian / Serb,srp-SRB,"www.zdravljezivine.com/forum/aspirin-zivina
Zdravlje živine
Vaš onlajn izvor informacija o zdravlju živine
O nama
Forum
Galerija
Davanje aspirina živini
Ivana_88 Temu započinje Objavljeno 28. oktobra u 18.12
Zdravo svima!  Mogu li da svojoj kokoški dam aspirin? Ima dve godine i mislim da je povredila nogu.  Ne mogu da odem kod veterinara pre ponedeljka, a ne uspevam da ga dobijem telefonom. Izgleda da moja kokoška trpi jake bolove.  Volela bih da joj dam nešto što će joj pomoći da se oseća bolje dok je ne odvedem kod veterinara.   Hvala vam na pomoći!
NataB79 Objavljeno 28. oktobra u 18.36
Ne znam da li je aspirin bezbedan za kokoške.  Uvek se posavetujem sa veterinarom pre nego što svojim pticama dam lekove. Znam da neki lekovi koji su bezbedni za ljude mogu biti veoma opasni za ptice.
Monika Objavljeno 28. oktobra u 18.52
Dala sam aspirin jednoj od mojih kokošaka kada se povredila.  Nije bilo problema.  Sutradan sam je odvela kod veterinara, ali joj je već bilo bolje.  Mislim da može biti opasno ako joj daš previše, zato pazi da ne prekoračiš preporučenu dozu.  Nadam se da će biti bolje!
Svet ptica_Super ponude Objavljeno 28. oktobra u 19.07
Zdravo!  Obavezno pogledajte moje super povoljne ponude za sve proizvode za ptice.   U toku su neverovatni popusti!
Bob Objavljeno 28. oktobra u 19.15
Može li neko da mi kaže kako znamo da je kokoška bolesna? Hvala.
Frenk Objavljeno 28. oktobra u 19.21
Zdravo, Ivana, Ja sam veterinar, a uža specijalnost su mi ptice.  Povređenoj živini može se dati aspirin ukoliko pokazuje da je nešto boli.  Kada prepisujem aspirin pticama, pratim preporuke objavljene u „Kliničkoj medicini za ptice”. Živini se daje 5 mg aspirina po kilogramu telesne mase.  Možete im davati tu dozu tri do četiri puta dnevno dok ne posetite veterinara.  Vrlo je važno da sa veterinarom pratite stanje. Srećno!"
R548-ChickenForum,4,3,Serbian / Serb,srp-SRB,"Forum o živini Pitanje 3 / 7
Koristi informacije iz foruma „Zdravlje živine” sa desne strane. Odgovori na pitanje tako što ćeš kliknuti na izabrane odgovore u tabeli.
Neke objave na forumu mogu biti relevantne za postavljenu temu, dok druge nisu. Klikni na Da ili Ne da označiš da li su objave u tabeli ispod releventne za problem sa kojima se suočava Ivana_88.
Da li je objava relevantna za problem koji ima Ivana_88?
Da
Ne
Objava koju je postavila NataB79
Objava koju je postavila Monika
Objava koju je postavio Svet ptica_Super ponude
Objava koju je postavio Bob
Objava koju je postavio Frenk"
R548-ChickenForum,5,1,Serbian / Serb,srp-SRB,PISA
R548-ChickenForum,5,2,Serbian / Serb,srp-SRB,"www.zdravljezivine.com/forum/aspirin-zivina
Zdravlje živine
Vaš onlajn izvor informacija o zdravlju živine
O nama
Forum
Galerija
Davanje aspirina živini
Ivana_88 Temu započinje Objavljeno 28. oktobra u 18.12
Zdravo svima!  Mogu li da svojoj kokoški dam aspirin? Ima dve godine i mislim da je povredila nogu.  Ne mogu da odem kod veterinara pre ponedeljka, a ne uspevam da ga dobijem telefonom. Izgleda da moja kokoška trpi jake bolove.  Volela bih da joj dam nešto što će joj pomoći da se oseća bolje dok je ne odvedem kod veterinara.   Hvala vam na pomoći!
NataB79 Objavljeno 28. oktobra u 18.36
Ne znam da li je aspirin bezbedan za kokoške.  Uvek se posavetujem sa veterinarom pre nego što svojim pticama dam lekove. Znam da neki lekovi koji su bezbedni za ljude mogu biti veoma opasni za ptice.
Monika Objavljeno 28. oktobra u 18.52
Dala sam aspirin jednoj od mojih kokošaka kada se povredila.  Nije bilo problema.  Sutradan sam je odvela kod veterinara, ali joj je već bilo bolje.  Mislim da može biti opasno ako joj daš previše, zato pazi da ne prekoračiš preporučenu dozu.  Nadam se da će biti bolje!
Svet ptica_Super ponude Objavljeno 28. oktobra u 19.07
Zdravo!  Obavezno pogledajte moje super povoljne ponude za sve proizvode za ptice.   U toku su neverovatni popusti!
Bob Objavljeno 28. oktobra u 19.15
Može li neko da mi kaže kako znamo da je kokoška bolesna? Hvala.
Frenk Objavljeno 28. oktobra u 19.21
Zdravo, Ivana, Ja sam veterinar, a uža specijalnost su mi ptice.  Povređenoj živini može se dati aspirin ukoliko pokazuje da je nešto boli.  Kada prepisujem aspirin pticama, pratim preporuke objavljene u „Kliničkoj medicini za ptice”. Živini se daje 5 mg aspirina po kilogramu telesne mase.  Možete im davati tu dozu tri do četiri puta dnevno dok ne posetite veterinara.  Vrlo je važno da sa veterinarom pratite stanje. Srećno!"
R548-ChickenForum,5,3,Serbian / Serb,srp-SRB,"Forum o živini Pitanje 4 / 7
Koristi informacije iz foruma „Zdravlje živine” sa desne strane.  Odgovori na pitanje tako što ćeš kliknuti ispred izabranog odgovora.
Ko je imao pozitivno iskustvo sa davanjem aspirina povređenoj kokoški?
Ivana_88
NataB79
Monika
Bob"
R548-ChickenForum,6,1,Serbian / Serb,srp-SRB,PISA
R548-ChickenForum,6,2,Serbian / Serb,srp-SRB,"www.zdravljezivine.com/forum/aspirin-zivina
Zdravlje živine
Vaš onlajn izvor informacija o zdravlju živine
O nama
Forum
Galerija
Davanje aspirina živini
Ivana_88 Temu započinje Objavljeno 28. oktobra u 18.12
Zdravo svima!  Mogu li da svojoj kokoški dam aspirin? Ima dve godine i mislim da je povredila nogu.  Ne mogu da odem kod veterinara pre ponedeljka, a ne uspevam da ga dobijem telefonom. Izgleda da moja kokoška trpi jake bolove.  Volela bih da joj dam nešto što će joj pomoći da se oseća bolje dok je ne odvedem kod veterinara.   Hvala vam na pomoći!
NataB79 Objavljeno 28. oktobra u 18.36
Ne znam da li je aspirin bezbedan za kokoške.  Uvek se posavetujem sa veterinarom pre nego što svojim pticama dam lekove. Znam da neki lekovi koji su bezbedni za ljude mogu biti veoma opasni za ptice.
Monika Objavljeno 28. oktobra u 18.52
Dala sam aspirin jednoj od mojih kokošaka kada se povredila.  Nije bilo problema.  Sutradan sam je odvela kod veterinara, ali joj je već bilo bolje.  Mislim da može biti opasno ako joj daš previše, zato pazi da ne prekoračiš preporučenu dozu.  Nadam se da će biti bolje!
Svet ptica_Super ponude Objavljeno 28. oktobra u 19.07
Zdravo!  Obavezno pogledajte moje super povoljne ponude za sve proizvode za ptice.   U toku su neverovatni popusti!
Bob Objavljeno 28. oktobra u 19.15
Može li neko da mi kaže kako znamo da je kokoška bolesna? Hvala.
Frenk Objavljeno 28. oktobra u 19.21
Zdravo, Ivana, Ja sam veterinar, a uža specijalnost su mi ptice.  Povređenoj živini može se dati aspirin ukoliko pokazuje da je nešto boli.  Kada prepisujem aspirin pticama, pratim preporuke objavljene u „Kliničkoj medicini za ptice”. Živini se daje 5 mg aspirina po kilogramu telesne mase.  Možete im davati tu dozu tri do četiri puta dnevno dok ne posetite veterinara.  Vrlo je važno da sa veterinarom pratite stanje. Srećno!"
R548-ChickenForum,6,3,Serbian / Serb,srp-SRB,"Forum o živini Pitanje 5 / 7
Koristi informacije iz foruma „Zdravlje živine” sa desne strane.  Odgovori na pitanje tako što ćeš kliknuti ispred izabranog odgovora.
Zašto Svet ptica_Super ponude odgovara na objavu koju je postavila Ivana_88?
Da promoviše svoj posao.
Da odgovori na pitanje koje postavila Ivana_88.
Da dopuni Monikin savet.
Da pokaže svoje stručno znanje o pticama."
R548-ChickenForum,7,1,Serbian / Serb,srp-SRB,PISA
R548-ChickenForum,7,2,Serbian / Serb,srp-SRB,"www.zdravljezivine.com/forum/aspirin-zivina
Zdravlje živine
Vaš onlajn izvor informacija o zdravlju živine
O nama
Forum
Galerija
Davanje aspirina živini
Ivana_88 Temu započinje Objavljeno 28. oktobra u 18.12
Zdravo svima!  Mogu li da svojoj kokoški dam aspirin? Ima dve godine i mislim da je povredila nogu.  Ne mogu da odem kod veterinara pre ponedeljka, a ne uspevam da ga dobijem telefonom. Izgleda da moja kokoška trpi jake bolove.  Volela bih da joj dam nešto što će joj pomoći da se oseća bolje dok je ne odvedem kod veterinara.   Hvala vam na pomoći!
NataB79 Objavljeno 28. oktobra u 18.36
Ne znam da li je aspirin bezbedan za kokoške.  Uvek se posavetujem sa veterinarom pre nego što svojim pticama dam lekove. Znam da neki lekovi koji su bezbedni za ljude mogu biti veoma opasni za ptice.
Monika Objavljeno 28. oktobra u 18.52
Dala sam aspirin jednoj od mojih kokošaka kada se povredila.  Nije bilo problema.  Sutradan sam je odvela kod veterinara, ali joj je već bilo bolje.  Mislim da može biti opasno ako joj daš previše, zato pazi da ne prekoračiš preporučenu dozu.  Nadam se da će biti bolje!
Svet ptica_Super ponude Objavljeno 28. oktobra u 19.07
Zdravo!  Obavezno pogledajte moje super povoljne ponude za sve proizvode za ptice.   U toku su neverovatni popusti!
Bob Objavljeno 28. oktobra u 19.15
Može li neko da mi kaže kako znamo da je kokoška bolesna? Hvala.
Frenk Objavljeno 28. oktobra u 19.21
Zdravo, Ivana, Ja sam veterinar, a uža specijalnost su mi ptice.  Povređenoj živini može se dati aspirin ukoliko pokazuje da je nešto boli.  Kada prepisujem aspirin pticama, pratim preporuke objavljene u „Kliničkoj medicini za ptice”. Živini se daje 5 mg aspirina po kilogramu telesne mase.  Možete im davati tu dozu tri do četiri puta dnevno dok ne posetite veterinara.  Vrlo je važno da sa veterinarom pratite stanje. Srećno!"
R548-ChickenForum,7,3,Serbian / Serb,srp-SRB,"Forum o živini Pitanje 5 / 7
Koristi informacije iz foruma „Zdravlje živine” sa desne strane.  Odgovori na pitanje tako što ćeš kliknuti ispred izabranog odgovora.
Zašto Svet ptica_Super ponude odgovara na objavu koju je postavila Ivana_88?
Da promoviše svoj posao.
Da odgovori na pitanje koje postavila Ivana_88.
Da dopuni Monikin savet.
Da pokaže svoje stručno znanje o pticama."
R548-ChickenForum,8,1,Serbian / Serb,srp-SRB,PISA
R548-ChickenForum,8,2,Serbian / Serb,srp-SRB,"www.zdravljezivine.com/forum/aspirin-zivina
Zdravlje živine
Vaš onlajn izvor informacija o zdravlju živine
O nama
Forum
Galerija
Davanje aspirina živini
Ivana_88 Temu započinje Objavljeno 28. oktobra u 18.12
Zdravo svima!  Mogu li da svojoj kokoški dam aspirin? Ima dve godine i mislim da je povredila nogu.  Ne mogu da odem kod veterinara pre ponedeljka, a ne uspevam da ga dobijem telefonom. Izgleda da moja kokoška trpi jake bolove.  Volela bih da joj dam nešto što će joj pomoći da se oseća bolje dok je ne odvedem kod veterinara.   Hvala vam na pomoći!
NataB79 Objavljeno 28. oktobra u 18.36
Ne znam da li je aspirin bezbedan za kokoške.  Uvek se posavetujem sa veterinarom pre nego što svojim pticama dam lekove. Znam da neki lekovi koji su bezbedni za ljude mogu biti veoma opasni za ptice.
Monika Objavljeno 28. oktobra u 18.52
Dala sam aspirin jednoj od mojih kokošaka kada se povredila.  Nije bilo problema.  Sutradan sam je odvela kod veterinara, ali joj je već bilo bolje.  Mislim da može biti opasno ako joj daš previše, zato pazi da ne prekoračiš preporučenu dozu.  Nadam se da će biti bolje!
Svet ptica_Super ponude Objavljeno 28. oktobra u 19.07
Zdravo!  Obavezno pogledajte moje super povoljne ponude za sve proizvode za ptice.   U toku su neverovatni popusti!
Bob Objavljeno 28. oktobra u 19.15
Može li neko da mi kaže kako znamo da je kokoška bolesna? Hvala.
Frenk Objavljeno 28. oktobra u 19.21
Zdravo, Ivana, Ja sam veterinar, a uža specijalnost su mi ptice.  Povređenoj živini može se dati aspirin ukoliko pokazuje da je nešto boli.  Kada prepisujem aspirin pticama, pratim preporuke objavljene u „Kliničkoj medicini za ptice”. Živini se daje 5 mg aspirina po kilogramu telesne mase.  Možete im davati tu dozu tri do četiri puta dnevno dok ne posetite veterinara.  Vrlo je važno da sa veterinarom pratite stanje. Srećno!"
R548-ChickenForum,8,3,Serbian / Serb,srp-SRB,"Forum o živini Pitanje 7 / 7
Koristi informacije iz foruma „Zdravlje živine” sa desne strane. Napiši odgovor na pitanje.
Zašto Frenk ne može da kaže Ivani_88 tačnu količinu aspirina koju treba dati njenoj kokoški?"
R548-ChickenForum,9,1,Serbian / Serb,srp-SRB,PISA
R548-ChickenForum,9,2,Serbian / Serb,srp-SRB,"www.zdravljezivine.com/forum/aspirin-zivina
Zdravlje živine
Vaš onlajn izvor informacija o zdravlju živine
O nama
Forum
Galerija
Davanje aspirina živini
Ivana_88 Temu započinje Objavljeno 28. oktobra u 18.12
Zdravo svima!  Mogu li da svojoj kokoški dam aspirin? Ima dve godine i mislim da je povredila nogu.  Ne mogu da odem kod veterinara pre ponedeljka, a ne uspevam da ga dobijem telefonom. Izgleda da moja kokoška trpi jake bolove.  Volela bih da joj dam nešto što će joj pomoći da se oseća bolje dok je ne odvedem kod veterinara.   Hvala vam na pomoći!
NataB79 Objavljeno 28. oktobra u 18.36
Ne znam da li je aspirin bezbedan za kokoške.  Uvek se posavetujem sa veterinarom pre nego što svojim pticama dam lekove. Znam da neki lekovi koji su bezbedni za ljude mogu biti veoma opasni za ptice.
Monika Objavljeno 28. oktobra u 18.52
Dala sam aspirin jednoj od mojih kokošaka kada se povredila.  Nije bilo problema.  Sutradan sam je odvela kod veterinara, ali joj je već bilo bolje.  Mislim da može biti opasno ako joj daš previše, zato pazi da ne prekoračiš preporučenu dozu.  Nadam se da će biti bolje!
Svet ptica_Super ponude Objavljeno 28. oktobra u 19.07
Zdravo!  Obavezno pogledajte moje super povoljne ponude za sve proizvode za ptice.   U toku su neverovatni popusti!
Bob Objavljeno 28. oktobra u 19.15
Može li neko da mi kaže kako znamo da je kokoška bolesna? Hvala.
Frenk Objavljeno 28. oktobra u 19.21
Zdravo, Ivana, Ja sam veterinar, a uža specijalnost su mi ptice.  Povređenoj živini može se dati aspirin ukoliko pokazuje da je nešto boli.  Kada prepisujem aspirin pticama, pratim preporuke objavljene u „Kliničkoj medicini za ptice”. Živini se daje 5 mg aspirina po kilogramu telesne mase.  Možete im davati tu dozu tri do četiri puta dnevno dok ne posetite veterinara.  Vrlo je važno da sa veterinarom pratite stanje. Srećno!"
R548-ChickenForum,9,3,Serbian / Serb,srp-SRB,"Forum o živini Pitanje 7 / 7
Koristi informacije iz foruma „Zdravlje živine” sa desne strane. Napiši odgovor na pitanje.
Zašto Frenk ne može da kaže Ivani_88 tačnu količinu aspirina koju treba dati njenoj kokoški?"
R548-ChickenForum,10,1,Serbian / Serb,srp-SRB,PISA
R548-ChickenForum,10,2,Serbian / Serb,srp-SRB,"www.zdravljezivine.com/forum/aspirin-zivina
Zdravlje živine
Vaš onlajn izvor informacija o zdravlju živine
O nama
Forum
Galerija
Davanje aspirina živini
Ivana_88 Temu započinje Objavljeno 28. oktobra u 18.12
Zdravo svima!  Mogu li da svojoj kokoški dam aspirin? Ima dve godine i mislim da je povredila nogu.  Ne mogu da odem kod veterinara pre ponedeljka, a ne uspevam da ga dobijem telefonom. Izgleda da moja kokoška trpi jake bolove.  Volela bih da joj dam nešto što će joj pomoći da se oseća bolje dok je ne odvedem kod veterinara.   Hvala vam na pomoći!
NataB79 Objavljeno 28. oktobra u 18.36
Ne znam da li je aspirin bezbedan za kokoške.  Uvek se posavetujem sa veterinarom pre nego što svojim pticama dam lekove. Znam da neki lekovi koji su bezbedni za ljude mogu biti veoma opasni za ptice.
Monika Objavljeno 28. oktobra u 18.52
Dala sam aspirin jednoj od mojih kokošaka kada se povredila.  Nije bilo problema.  Sutradan sam je odvela kod veterinara, ali joj je već bilo bolje.  Mislim da može biti opasno ako joj daš previše, zato pazi da ne prekoračiš preporučenu dozu.  Nadam se da će biti bolje!
Svet ptica_Super ponude Objavljeno 28. oktobra u 19.07
Zdravo!  Obavezno pogledajte moje super povoljne ponude za sve proizvode za ptice.   U toku su neverovatni popusti!
Bob Objavljeno 28. oktobra u 19.15
Može li neko da mi kaže kako znamo da je kokoška bolesna? Hvala.
Frenk Objavljeno 28. oktobra u 19.21
Zdravo, Ivana, Ja sam veterinar, a uža specijalnost su mi ptice.  Povređenoj živini može se dati aspirin ukoliko pokazuje da je nešto boli.  Kada prepisujem aspirin pticama, pratim preporuke objavljene u „Kliničkoj medicini za ptice”. Živini se daje 5 mg aspirina po kilogramu telesne mase.  Možete im davati tu dozu tri do četiri puta dnevno dok ne posetite veterinara.  Vrlo je važno da sa veterinarom pratite stanje. Srećno!"
R548-ChickenForum,10,3,Serbian / Serb,srp-SRB,"Forum o živini Pitanje 7 / 7
Koristi informacije iz foruma „Zdravlje živine” sa desne strane. Napiši odgovor na pitanje.
Zašto Frenk ne može da kaže Ivani_88 tačnu količinu aspirina koju treba dati njenoj kokoški?"
R548-ChickenForum,1,1,Slovak,slo-SVK,PISA
R548-ChickenForum,1,2,Slovak,slo-SVK,"Fórum o hydine Úvod
Prečítaj si úvod. Potom klikni na šípku ĎALEJ.
Si na návšteve u svojich príbuzných, ktorí sa nedávno presťahovali na farmu, aby chovali hydinu.  Opýtaš sa svojej tety: „Ako si sa naučila chovať hydinu?“
Ona hovorí: „Veľa sme sa rozprávali s ľuďmi, ktorí chovajú hydinu. A aj na internete je veľa zdrojov.
Nájdeš tam napríklad fórum Zdravie hydiny, ktoré veľmi rada navštevujem.  Nedávno mi tá stránka veľmi pomohla, keď si jedna z mojich sliepok poranila nohu.  Ukážem ti, akú som tam mala debatu.“
Klikni na šípku ĎALEJ a prečítaj si fórum."
R548-ChickenForum,2,1,Slovak,slo-SVK,PISA
R548-ChickenForum,2,2,Slovak,slo-SVK,"www.zdraviehydiny.sk/forum/aspirin-hydina
Zdravie hydiny
Váš online zdroj pre zdravú hydinu
O nás
Fórum
Fotografie
Podávanie aspirínu hydine
Ivana_88 Začiatok diskusie  Uverejnené 28. októbra o 18:12
Ahojte, všetci! Je v poriadku, ak podám sliepke aspirín? Má 2 roky a myslím, že si poranila nohu. Do pondelka nemôžem ísť k veterinárovi a ani mi nedvíha telefón.  Zdá sa, že moja sliepka má veľké bolesti.  Rada by som jej niečo dala, aby sa cítila lepšie, kým budem môcť ísť k veterinárovi. Ďakujem vám za pomoc.
NellieB79 Uverejnené 28. októbra o 18:36
Neviem, či je aspirín pre sliepky bezpečný alebo nie.   Predtým, než mojim vtákom podám liek, vždy si to overím u svojho veterinára.  Viem, že niektoré lieky, ktoré sú bezpečné pre ľudí, môžu byť  pre vtáky veľmi nebezpečné.
Monie Uverejnené 28.októbra o 18:52
Keď sa jedna z mojich sliepok poranila, podala som jej aspirín. Nebol žiadny problém. Na druhý deň som išla k veterinárovi, ale už sa mala lepšie.  Myslím si, že by mohlo byť nebezpečné, ak podáš príliš veľa, takže neprekroč limity dávkovania! Dúfam, že sa cíti lepšie!
Vtáčie_ponuky Uverejnené 28. októbra o 19:07
Ahoj!  Nezabudni si pozrieť úžasne nízke ponuky na všetky produkty pre vtáctvo. Práve teraz mám veľký výpredaj!
Bob Uverejnené 28. októbra o 19:15
Môže mi, prosím, niekto povedať, ako zistím, či je hydina chorá? Ďakujem.
Frank Uverejnené 28. októbra o 19:21
Ahoj, Ivana, som veterinár špecializujúci sa na vtáctvo. Je v poriadku podať zranenej hydine aspirín ak vykazuje známky bolesti. Keď predpisujem vtáctvu aspirín, postupujem podľa pokynov uverejnených v časopise Chovateľ vtáctva. Hydina by mala dostať 5mg aspirínu na 1 kg telesnej hmotnosti.  Môžeš podávať 3- až 4-krát denne dovtedy, kým nenavštíviš veterinára.  Je dôležité, aby si sa poradila s veterinárom.  Veľa šťastia!"
R548-ChickenForum,2,3,Slovak,slo-SVK,"Fórum o hydine Otázka 1 / 7
Použi informácie z fóra „Zdravie hydiny“ na pravej strane.  Klikni na jednu z možností a odpovedz tak na otázku.
Čo chce Ivana_88 vedieť?
či môže zranenej sliepke podať aspirín
ako často môže zranenej sliepke podávať aspirín
ako má kontaktovať veterinára v súvislosti so zranenou sliepkou
či sa dá určiť stupeň bolesti zranenej sliepky"
R548-ChickenForum,3,1,Slovak,slo-SVK,PISA
R548-ChickenForum,3,2,Slovak,slo-SVK,"www.zdraviehydiny.sk/forum/aspirin-hydina
Zdravie hydiny
Váš online zdroj pre zdravú hydinu
O nás
Fórum
Fotografie
Podávanie aspirínu hydine
Ivana_88 Začiatok diskusie  Uverejnené 28. októbra o 18:12
Ahojte, všetci! Je v poriadku, ak podám sliepke aspirín? Má 2 roky a myslím, že si poranila nohu. Do pondelka nemôžem ísť k veterinárovi a ani mi nedvíha telefón.  Zdá sa, že moja sliepka má veľké bolesti.  Rada by som jej niečo dala, aby sa cítila lepšie, kým budem môcť ísť k veterinárovi. Ďakujem vám za pomoc.
NellieB79 Uverejnené 28. októbra o 18:36
Neviem, či je aspirín pre sliepky bezpečný alebo nie.   Predtým, než mojim vtákom podám liek, vždy si to overím u svojho veterinára.  Viem, že niektoré lieky, ktoré sú bezpečné pre ľudí, môžu byť  pre vtáky veľmi nebezpečné.
Monie Uverejnené 28.októbra o 18:52
Keď sa jedna z mojich sliepok poranila, podala som jej aspirín. Nebol žiadny problém. Na druhý deň som išla k veterinárovi, ale už sa mala lepšie.  Myslím si, že by mohlo byť nebezpečné, ak podáš príliš veľa, takže neprekroč limity dávkovania! Dúfam, že sa cíti lepšie!
Vtáčie_ponuky Uverejnené 28. októbra o 19:07
Ahoj!  Nezabudni si pozrieť úžasne nízke ponuky na všetky produkty pre vtáctvo. Práve teraz mám veľký výpredaj!
Bob Uverejnené 28. októbra o 19:15
Môže mi, prosím, niekto povedať, ako zistím, či je hydina chorá? Ďakujem.
Frank Uverejnené 28. októbra o 19:21
Ahoj, Ivana, som veterinár špecializujúci sa na vtáctvo. Je v poriadku podať zranenej hydine aspirín ak vykazuje známky bolesti. Keď predpisujem vtáctvu aspirín, postupujem podľa pokynov uverejnených v časopise Chovateľ vtáctva. Hydina by mala dostať 5mg aspirínu na 1 kg telesnej hmotnosti.  Môžeš podávať 3- až 4-krát denne dovtedy, kým nenavštíviš veterinára.  Je dôležité, aby si sa poradila s veterinárom.  Veľa šťastia!"
R548-ChickenForum,3,3,Slovak,slo-SVK,"Fórum o hydine Otázka 2 / 7
Použi informácie z fóra „Zdravie hydiny“ na pravej strane.  Klikni na jednu z možností a odpovedz tak na otázku.
Prečo sa  Ivana_88 rozhodne uverejniť otázku na internetovom fóre?
pretože nevie, ako nájsť veterinára
pretože si myslí, že problém jej sliepky nie je vážny
pretože chce pomôcť svojej sliepke čo najskôr
pretože si nemôže dovoliť ísť k veterinárovi"
R548-ChickenForum,4,1,Slovak,slo-SVK,PISA
R548-ChickenForum,4,2,Slovak,slo-SVK,"www.zdraviehydiny.sk/forum/aspirin-hydina
Zdravie hydiny
Váš online zdroj pre zdravú hydinu
O nás
Fórum
Fotografie
Podávanie aspirínu hydine
Ivana_88 Začiatok diskusie  Uverejnené 28. októbra o 18:12
Ahojte, všetci! Je v poriadku, ak podám sliepke aspirín? Má 2 roky a myslím, že si poranila nohu. Do pondelka nemôžem ísť k veterinárovi a ani mi nedvíha telefón.  Zdá sa, že moja sliepka má veľké bolesti.  Rada by som jej niečo dala, aby sa cítila lepšie, kým budem môcť ísť k veterinárovi. Ďakujem vám za pomoc.
NellieB79 Uverejnené 28. októbra o 18:36
Neviem, či je aspirín pre sliepky bezpečný alebo nie.   Predtým, než mojim vtákom podám liek, vždy si to overím u svojho veterinára.  Viem, že niektoré lieky, ktoré sú bezpečné pre ľudí, môžu byť  pre vtáky veľmi nebezpečné.
Monie Uverejnené 28.októbra o 18:52
Keď sa jedna z mojich sliepok poranila, podala som jej aspirín. Nebol žiadny problém. Na druhý deň som išla k veterinárovi, ale už sa mala lepšie.  Myslím si, že by mohlo byť nebezpečné, ak podáš príliš veľa, takže neprekroč limity dávkovania! Dúfam, že sa cíti lepšie!
Vtáčie_ponuky Uverejnené 28. októbra o 19:07
Ahoj!  Nezabudni si pozrieť úžasne nízke ponuky na všetky produkty pre vtáctvo. Práve teraz mám veľký výpredaj!
Bob Uverejnené 28. októbra o 19:15
Môže mi, prosím, niekto povedať, ako zistím, či je hydina chorá? Ďakujem.
Frank Uverejnené 28. októbra o 19:21
Ahoj, Ivana, som veterinár špecializujúci sa na vtáctvo. Je v poriadku podať zranenej hydine aspirín ak vykazuje známky bolesti. Keď predpisujem vtáctvu aspirín, postupujem podľa pokynov uverejnených v časopise Chovateľ vtáctva. Hydina by mala dostať 5mg aspirínu na 1 kg telesnej hmotnosti.  Môžeš podávať 3- až 4-krát denne dovtedy, kým nenavštíviš veterinára.  Je dôležité, aby si sa poradila s veterinárom.  Veľa šťastia!"
R548-ChickenForum,4,3,Slovak,slo-SVK,"Fórum o hydine Otázka 3 / 7
Použi informácie z fóra „Zdravie hydiny“ na pravej strane.   Klikni na niektoré z možností v tabuľke a odpovedz tak na otázku.
Niektoré príspevky na fóre sa môžu priamo týkať témy, zatiaľ čo niektoré príspevky nie.  Kliknutím buď na Áno, alebo Nie označ, či príspevky v nasledujúcej tabuľke priamo súvisia s problémom od Ivany_88.
Súvisí tento príspevok s problémom Ivany_88?
Áno
Nie
príspevok od NellieB79
príspevok od Monie
príspevok od Vtáčie_ponuky
príspevok od Boba
príspevok od Franka"
R548-ChickenForum,5,1,Slovak,slo-SVK,PISA
R548-ChickenForum,5,2,Slovak,slo-SVK,"www.zdraviehydiny.sk/forum/aspirin-hydina
Zdravie hydiny
Váš online zdroj pre zdravú hydinu
O nás
Fórum
Fotografie
Podávanie aspirínu hydine
Ivana_88 Začiatok diskusie  Uverejnené 28. októbra o 18:12
Ahojte, všetci! Je v poriadku, ak podám sliepke aspirín? Má 2 roky a myslím, že si poranila nohu. Do pondelka nemôžem ísť k veterinárovi a ani mi nedvíha telefón.  Zdá sa, že moja sliepka má veľké bolesti.  Rada by som jej niečo dala, aby sa cítila lepšie, kým budem môcť ísť k veterinárovi. Ďakujem vám za pomoc.
NellieB79 Uverejnené 28. októbra o 18:36
Neviem, či je aspirín pre sliepky bezpečný alebo nie.   Predtým, než mojim vtákom podám liek, vždy si to overím u svojho veterinára.  Viem, že niektoré lieky, ktoré sú bezpečné pre ľudí, môžu byť  pre vtáky veľmi nebezpečné.
Monie Uverejnené 28.októbra o 18:52
Keď sa jedna z mojich sliepok poranila, podala som jej aspirín. Nebol žiadny problém. Na druhý deň som išla k veterinárovi, ale už sa mala lepšie.  Myslím si, že by mohlo byť nebezpečné, ak podáš príliš veľa, takže neprekroč limity dávkovania! Dúfam, že sa cíti lepšie!
Vtáčie_ponuky Uverejnené 28. októbra o 19:07
Ahoj!  Nezabudni si pozrieť úžasne nízke ponuky na všetky produkty pre vtáctvo. Práve teraz mám veľký výpredaj!
Bob Uverejnené 28. októbra o 19:15
Môže mi, prosím, niekto povedať, ako zistím, či je hydina chorá? Ďakujem.
Frank Uverejnené 28. októbra o 19:21
Ahoj, Ivana, som veterinár špecializujúci sa na vtáctvo. Je v poriadku podať zranenej hydine aspirín ak vykazuje známky bolesti. Keď predpisujem vtáctvu aspirín, postupujem podľa pokynov uverejnených v časopise Chovateľ vtáctva. Hydina by mala dostať 5mg aspirínu na 1 kg telesnej hmotnosti.  Môžeš podávať 3- až 4-krát denne dovtedy, kým nenavštíviš veterinára.  Je dôležité, aby si sa poradila s veterinárom.  Veľa šťastia!"
R548-ChickenForum,5,3,Slovak,slo-SVK,"Fórum o hydine Otázka 4 / 7
Použi informácie z fóra „Zdravie hydiny“ na pravej strane.  Klikni na jednu z možností a odpovedz tak na otázku.
Kto mal pozitívne skúsenosti s podávaním aspirínu zranenej sliepke?
Ivana_88
NellieB79
Monie
Bob"
R548-ChickenForum,6,1,Slovak,slo-SVK,PISA
R548-ChickenForum,6,2,Slovak,slo-SVK,"www.zdraviehydiny.sk/forum/aspirin-hydina
Zdravie hydiny
Váš online zdroj pre zdravú hydinu
O nás
Fórum
Fotografie
Podávanie aspirínu hydine
Ivana_88 Začiatok diskusie  Uverejnené 28. októbra o 18:12
Ahojte, všetci! Je v poriadku, ak podám sliepke aspirín? Má 2 roky a myslím, že si poranila nohu. Do pondelka nemôžem ísť k veterinárovi a ani mi nedvíha telefón.  Zdá sa, že moja sliepka má veľké bolesti.  Rada by som jej niečo dala, aby sa cítila lepšie, kým budem môcť ísť k veterinárovi. Ďakujem vám za pomoc.
NellieB79 Uverejnené 28. októbra o 18:36
Neviem, či je aspirín pre sliepky bezpečný alebo nie.   Predtým, než mojim vtákom podám liek, vždy si to overím u svojho veterinára.  Viem, že niektoré lieky, ktoré sú bezpečné pre ľudí, môžu byť  pre vtáky veľmi nebezpečné.
Monie Uverejnené 28.októbra o 18:52
Keď sa jedna z mojich sliepok poranila, podala som jej aspirín. Nebol žiadny problém. Na druhý deň som išla k veterinárovi, ale už sa mala lepšie.  Myslím si, že by mohlo byť nebezpečné, ak podáš príliš veľa, takže neprekroč limity dávkovania! Dúfam, že sa cíti lepšie!
Vtáčie_ponuky Uverejnené 28. októbra o 19:07
Ahoj!  Nezabudni si pozrieť úžasne nízke ponuky na všetky produkty pre vtáctvo. Práve teraz mám veľký výpredaj!
Bob Uverejnené 28. októbra o 19:15
Môže mi, prosím, niekto povedať, ako zistím, či je hydina chorá? Ďakujem.
Frank Uverejnené 28. októbra o 19:21
Ahoj, Ivana, som veterinár špecializujúci sa na vtáctvo. Je v poriadku podať zranenej hydine aspirín ak vykazuje známky bolesti. Keď predpisujem vtáctvu aspirín, postupujem podľa pokynov uverejnených v časopise Chovateľ vtáctva. Hydina by mala dostať 5mg aspirínu na 1 kg telesnej hmotnosti.  Môžeš podávať 3- až 4-krát denne dovtedy, kým nenavštíviš veterinára.  Je dôležité, aby si sa poradila s veterinárom.  Veľa šťastia!"
R548-ChickenForum,6,3,Slovak,slo-SVK,"Fórum o hydine Otázka 5 / 7
Použi informácie z fóra „Zdravie hydiny“ na pravej strane.  Klikni na jednu z možností a odpovedz tak na otázku.
Prečo prispievateľ Vtáčie_ponuky odpovedá na príspevok od Ivany_88?
aby si urobil reklamu
aby odpovedal na otázku od Ivany_88
aby doplnil radu od Monie
aby preukázal odborné znalosti o vtákoch"
R548-ChickenForum,7,1,Slovak,slo-SVK,PISA
R548-ChickenForum,7,2,Slovak,slo-SVK,"www.zdraviehydiny.sk/forum/aspirin-hydina
Zdravie hydiny
Váš online zdroj pre zdravú hydinu
O nás
Fórum
Fotografie
Podávanie aspirínu hydine
Ivana_88 Začiatok diskusie  Uverejnené 28. októbra o 18:12
Ahojte, všetci! Je v poriadku, ak podám sliepke aspirín? Má 2 roky a myslím, že si poranila nohu. Do pondelka nemôžem ísť k veterinárovi a ani mi nedvíha telefón.  Zdá sa, že moja sliepka má veľké bolesti.  Rada by som jej niečo dala, aby sa cítila lepšie, kým budem môcť ísť k veterinárovi. Ďakujem vám za pomoc.
NellieB79 Uverejnené 28. októbra o 18:36
Neviem, či je aspirín pre sliepky bezpečný alebo nie.   Predtým, než mojim vtákom podám liek, vždy si to overím u svojho veterinára.  Viem, že niektoré lieky, ktoré sú bezpečné pre ľudí, môžu byť  pre vtáky veľmi nebezpečné.
Monie Uverejnené 28.októbra o 18:52
Keď sa jedna z mojich sliepok poranila, podala som jej aspirín. Nebol žiadny problém. Na druhý deň som išla k veterinárovi, ale už sa mala lepšie.  Myslím si, že by mohlo byť nebezpečné, ak podáš príliš veľa, takže neprekroč limity dávkovania! Dúfam, že sa cíti lepšie!
Vtáčie_ponuky Uverejnené 28. októbra o 19:07
Ahoj!  Nezabudni si pozrieť úžasne nízke ponuky na všetky produkty pre vtáctvo. Práve teraz mám veľký výpredaj!
Bob Uverejnené 28. októbra o 19:15
Môže mi, prosím, niekto povedať, ako zistím, či je hydina chorá? Ďakujem.
Frank Uverejnené 28. októbra o 19:21
Ahoj, Ivana, som veterinár špecializujúci sa na vtáctvo. Je v poriadku podať zranenej hydine aspirín ak vykazuje známky bolesti. Keď predpisujem vtáctvu aspirín, postupujem podľa pokynov uverejnených v časopise Chovateľ vtáctva. Hydina by mala dostať 5mg aspirínu na 1 kg telesnej hmotnosti.  Môžeš podávať 3- až 4-krát denne dovtedy, kým nenavštíviš veterinára.  Je dôležité, aby si sa poradila s veterinárom.  Veľa šťastia!"
R548-ChickenForum,7,3,Slovak,slo-SVK,"Fórum o hydine Otázka 6 / 7
Použi informácie z fóra „Zdravie hydiny“ na pravej strane.  Klikni na jednu z možností a potom vysvetli svoju odpoveď na otázku.
Kto uverejnil najspoľahlivejšiu odpoveď na otázku od Ivany_88?
NellieB79
Monie
Vtáčie_ponuky
Frank
Zdôvodni svoju odpoveď."
R548-ChickenForum,8,1,Slovak,slo-SVK,PISA
R548-ChickenForum,8,2,Slovak,slo-SVK,"www.zdraviehydiny.sk/forum/aspirin-hydina
Zdravie hydiny
Váš online zdroj pre zdravú hydinu
O nás
Fórum
Fotografie
Podávanie aspirínu hydine
Ivana_88 Začiatok diskusie  Uverejnené 28. októbra o 18:12
Ahojte, všetci! Je v poriadku, ak podám sliepke aspirín? Má 2 roky a myslím, že si poranila nohu. Do pondelka nemôžem ísť k veterinárovi a ani mi nedvíha telefón.  Zdá sa, že moja sliepka má veľké bolesti.  Rada by som jej niečo dala, aby sa cítila lepšie, kým budem môcť ísť k veterinárovi. Ďakujem vám za pomoc.
NellieB79 Uverejnené 28. októbra o 18:36
Neviem, či je aspirín pre sliepky bezpečný alebo nie.   Predtým, než mojim vtákom podám liek, vždy si to overím u svojho veterinára.  Viem, že niektoré lieky, ktoré sú bezpečné pre ľudí, môžu byť  pre vtáky veľmi nebezpečné.
Monie Uverejnené 28.októbra o 18:52
Keď sa jedna z mojich sliepok poranila, podala som jej aspirín. Nebol žiadny problém. Na druhý deň som išla k veterinárovi, ale už sa mala lepšie.  Myslím si, že by mohlo byť nebezpečné, ak podáš príliš veľa, takže neprekroč limity dávkovania! Dúfam, že sa cíti lepšie!
Vtáčie_ponuky Uverejnené 28. októbra o 19:07
Ahoj!  Nezabudni si pozrieť úžasne nízke ponuky na všetky produkty pre vtáctvo. Práve teraz mám veľký výpredaj!
Bob Uverejnené 28. októbra o 19:15
Môže mi, prosím, niekto povedať, ako zistím, či je hydina chorá? Ďakujem.
Frank Uverejnené 28. októbra o 19:21
Ahoj, Ivana, som veterinár špecializujúci sa na vtáctvo. Je v poriadku podať zranenej hydine aspirín ak vykazuje známky bolesti. Keď predpisujem vtáctvu aspirín, postupujem podľa pokynov uverejnených v časopise Chovateľ vtáctva. Hydina by mala dostať 5mg aspirínu na 1 kg telesnej hmotnosti.  Môžeš podávať 3- až 4-krát denne dovtedy, kým nenavštíviš veterinára.  Je dôležité, aby si sa poradila s veterinárom.  Veľa šťastia!"
R548-ChickenForum,8,3,Slovak,slo-SVK,"Fórum o hydine Otázka 7 / 7
Použi informácie z fóra „Zdravie hydiny“ na pravej strane.  Napíš svoju odpoveď na otázku.
Prečo nemôže Frank uviesť Ivane_88 presné množstvo aspirínu pre jej sliepku?"
R548-ChickenForum,9,1,Slovak,slo-SVK,PISA
R548-ChickenForum,9,2,Slovak,slo-SVK,"www.zdraviehydiny.sk/forum/aspirin-hydina
Zdravie hydiny
Váš online zdroj pre zdravú hydinu
O nás
Fórum
Fotografie
Podávanie aspirínu hydine
Ivana_88 Začiatok diskusie  Uverejnené 28. októbra o 18:12
Ahojte, všetci! Je v poriadku, ak podám sliepke aspirín? Má 2 roky a myslím, že si poranila nohu. Do pondelka nemôžem ísť k veterinárovi a ani mi nedvíha telefón.  Zdá sa, že moja sliepka má veľké bolesti.  Rada by som jej niečo dala, aby sa cítila lepšie, kým budem môcť ísť k veterinárovi. Ďakujem vám za pomoc.
NellieB79 Uverejnené 28. októbra o 18:36
Neviem, či je aspirín pre sliepky bezpečný alebo nie.   Predtým, než mojim vtákom podám liek, vždy si to overím u svojho veterinára.  Viem, že niektoré lieky, ktoré sú bezpečné pre ľudí, môžu byť  pre vtáky veľmi nebezpečné.
Monie Uverejnené 28.októbra o 18:52
Keď sa jedna z mojich sliepok poranila, podala som jej aspirín. Nebol žiadny problém. Na druhý deň som išla k veterinárovi, ale už sa mala lepšie.  Myslím si, že by mohlo byť nebezpečné, ak podáš príliš veľa, takže neprekroč limity dávkovania! Dúfam, že sa cíti lepšie!
Vtáčie_ponuky Uverejnené 28. októbra o 19:07
Ahoj!  Nezabudni si pozrieť úžasne nízke ponuky na všetky produkty pre vtáctvo. Práve teraz mám veľký výpredaj!
Bob Uverejnené 28. októbra o 19:15
Môže mi, prosím, niekto povedať, ako zistím, či je hydina chorá? Ďakujem.
Frank Uverejnené 28. októbra o 19:21
Ahoj, Ivana, som veterinár špecializujúci sa na vtáctvo. Je v poriadku podať zranenej hydine aspirín ak vykazuje známky bolesti. Keď predpisujem vtáctvu aspirín, postupujem podľa pokynov uverejnených v časopise Chovateľ vtáctva. Hydina by mala dostať 5mg aspirínu na 1 kg telesnej hmotnosti.  Môžeš podávať 3- až 4-krát denne dovtedy, kým nenavštíviš veterinára.  Je dôležité, aby si sa poradila s veterinárom.  Veľa šťastia!"
R548-ChickenForum,9,3,Slovak,slo-SVK,"Fórum o hydine Otázka 7 / 7
Použi informácie z fóra „Zdravie hydiny“ na pravej strane.  Napíš svoju odpoveď na otázku.
Prečo nemôže Frank uviesť Ivane_88 presné množstvo aspirínu pre jej sliepku?"
R548-ChickenForum,10,1,Slovak,slo-SVK,PISA
R548-ChickenForum,10,2,Slovak,slo-SVK,"www.zdraviehydiny.sk/forum/aspirin-hydina
Zdravie hydiny
Váš online zdroj pre zdravú hydinu
O nás
Fórum
Fotografie
Podávanie aspirínu hydine
Ivana_88 Začiatok diskusie  Uverejnené 28. októbra o 18:12
Ahojte, všetci! Je v poriadku, ak podám sliepke aspirín? Má 2 roky a myslím, že si poranila nohu. Do pondelka nemôžem ísť k veterinárovi a ani mi nedvíha telefón.  Zdá sa, že moja sliepka má veľké bolesti.  Rada by som jej niečo dala, aby sa cítila lepšie, kým budem môcť ísť k veterinárovi. Ďakujem vám za pomoc.
NellieB79 Uverejnené 28. októbra o 18:36
Neviem, či je aspirín pre sliepky bezpečný alebo nie.   Predtým, než mojim vtákom podám liek, vždy si to overím u svojho veterinára.  Viem, že niektoré lieky, ktoré sú bezpečné pre ľudí, môžu byť  pre vtáky veľmi nebezpečné.
Monie Uverejnené 28.októbra o 18:52
Keď sa jedna z mojich sliepok poranila, podala som jej aspirín. Nebol žiadny problém. Na druhý deň som išla k veterinárovi, ale už sa mala lepšie.  Myslím si, že by mohlo byť nebezpečné, ak podáš príliš veľa, takže neprekroč limity dávkovania! Dúfam, že sa cíti lepšie!
Vtáčie_ponuky Uverejnené 28. októbra o 19:07
Ahoj!  Nezabudni si pozrieť úžasne nízke ponuky na všetky produkty pre vtáctvo. Práve teraz mám veľký výpredaj!
Bob Uverejnené 28. októbra o 19:15
Môže mi, prosím, niekto povedať, ako zistím, či je hydina chorá? Ďakujem.
Frank Uverejnené 28. októbra o 19:21
Ahoj, Ivana, som veterinár špecializujúci sa na vtáctvo. Je v poriadku podať zranenej hydine aspirín ak vykazuje známky bolesti. Keď predpisujem vtáctvu aspirín, postupujem podľa pokynov uverejnených v časopise Chovateľ vtáctva. Hydina by mala dostať 5mg aspirínu na 1 kg telesnej hmotnosti.  Môžeš podávať 3- až 4-krát denne dovtedy, kým nenavštíviš veterinára.  Je dôležité, aby si sa poradila s veterinárom.  Veľa šťastia!"
R548-ChickenForum,10,3,Slovak,slo-SVK,"Fórum o hydine Otázka 7 / 7
Použi informácie z fóra „Zdravie hydiny“ na pravej strane.  Napíš svoju odpoveď na otázku.
Prečo nemôže Frank uviesť Ivane_88 presné množstvo aspirínu pre jej sliepku?"
R548-ChickenForum,1,1,Slovenian,slv-SVN,PISA
R548-ChickenForum,1,2,Slovenian,slv-SVN,"Perutninski forum Uvod
Preberi uvod.  Nato klikni puščico »NAPREJ«.
Si na obisku pri sorodnikih, ki so se pred kratkim preselili na kmetijo, da bi redili perutnino. Svojo teto vprašaš: “Kako si se naučila rediti perutnino?”
Teta odgovori: ""Pogovarjala sem se s številnimi vzreditelji perutnine. Poleg tega je veliko virov na spletu, na primer forum o zdravju perutnine, ki ga rada obiskujem. Pred kratkim mi je bil v veliko pomoč, ko si je ena izmed mojih kokoši poškodovala nogo. Pokazala ti bom pogovor.”
Pogovor na forumu prebereš tako, da klikneš puščico »NAPREJ«."
R548-ChickenForum,2,1,Slovenian,slv-SVN,PISA
R548-ChickenForum,2,2,Slovenian,slv-SVN,"www.zdravjeperutnine.com/forum/aspirin-kokosi
Zdravje perutnine
Spletni vir za zdravo perutnino
O nas
Forum
Fotografije
Dajanje aspirina kokošim
Ivana_88 Začetnik teme Objavljeno: 28. oktobra ob 18.12
Živjo vsem! Ali smem dati kokoši aspirin? Stara je dve leti in mislim, da si je poškodovala nogo. Pred ponedeljkom ne morem obiskati veterinarja, pa tudi na telefon ga ne morem priklicati. Zdi se mi, da jo zelo boli. Rada bi ji dala kaj, da ji bo bolje, dokler je ne bom peljala k veterinarju. Hvala za pomoč.
NeliB79 Objavljeno: 28. oktobra ob 18.36
Ne vem, ali je aspirin varen za kokoši ali ne.  Vedno se posvetujem z veterinarjem, preden dam svojim pticam zdravila. Vem, da so nekatera zdravila, ki so varna za ljudi, za ptice lahko zelo nevarna.
Monika Objavljeno: 28. oktobra ob 18.52
Eni izmed svojih kokoši sem dala aspirin, ko se je poškodovala. Nobenih težav ni bilo. Naslednji dan sem jo peljala k veterinarju, ampak je bilo že bolje. Mislim, da je lahko nevarno, če ji ga daš preveč, zato ne prekorači priporočenega odmerka. Upam, da ji bo bolje.
Ptičje_kupčije Objavljeno: 28. oktobra ob 19.07
Pozdravljeni! Ne pozabite preveriti mojih izjemno ugodnih ponudb za vse izdelke za ptice.  Neverjetne promocijske cene že zdaj!
Bojan Objavljeno: 28. oktobra ob 19.15
Mi lahko kdo pove, kako naj ugotovim, ali je kokoš bolna? Hvala.
Franc Objavljeno: 28. oktobra ob 19.21
Živjo, Ivana, sem veterinar, specialist za ptice. Poškodovanim kokošim smete dati aspirin, če je videti, da jih boli. Kadar pticam predpisujem aspirin, upoštevam navodila, objavljena v priročniku Klinična medicina ptic. Kokoši naj bi dobile 5 mg aspirina na kg telesne mase. Tolikšen odmerek ji lahko daste 3-krat ali 4-krat na dan, dokler je ne boste peljali k veterinarju. Zelo pomembno je, da jo pregleda še veterinar. Srečno!"
R548-ChickenForum,2,3,Slovenian,slv-SVN,"Perutninski forum Vprašanje 1 / 7
Pomagaj si s forumom ""Zdravje perutnine"" na desni.  Na vprašanje odgovori tako, da klikneš eno izmed možnosti.
Kaj želi izvedeti Ivana_88?
Ali sme poškodovani kokoši dati aspirin.
Kako pogosto sme poškodovani kokoši dati aspirin.
Kako naj glede poškodovane kokoši stopi v stik z veterinarjem.
Ali lahko ugotovi, kako močne bolečine čuti poškodovana kokoš."
R548-ChickenForum,3,1,Slovenian,slv-SVN,PISA
R548-ChickenForum,3,2,Slovenian,slv-SVN,"www.zdravjeperutnine.com/forum/aspirin-kokosi
Zdravje perutnine
Spletni vir za zdravo perutnino
O nas
Forum
Fotografije
Dajanje aspirina kokošim
Ivana_88 Začetnik teme Objavljeno: 28. oktobra ob 18.12
Živjo vsem! Ali smem dati kokoši aspirin? Stara je dve leti in mislim, da si je poškodovala nogo. Pred ponedeljkom ne morem obiskati veterinarja, pa tudi na telefon ga ne morem priklicati. Zdi se mi, da jo zelo boli. Rada bi ji dala kaj, da ji bo bolje, dokler je ne bom peljala k veterinarju. Hvala za pomoč.
NeliB79 Objavljeno: 28. oktobra ob 18.36
Ne vem, ali je aspirin varen za kokoši ali ne.  Vedno se posvetujem z veterinarjem, preden dam svojim pticam zdravila. Vem, da so nekatera zdravila, ki so varna za ljudi, za ptice lahko zelo nevarna.
Monika Objavljeno: 28. oktobra ob 18.52
Eni izmed svojih kokoši sem dala aspirin, ko se je poškodovala. Nobenih težav ni bilo. Naslednji dan sem jo peljala k veterinarju, ampak je bilo že bolje. Mislim, da je lahko nevarno, če ji ga daš preveč, zato ne prekorači priporočenega odmerka. Upam, da ji bo bolje.
Ptičje_kupčije Objavljeno: 28. oktobra ob 19.07
Pozdravljeni! Ne pozabite preveriti mojih izjemno ugodnih ponudb za vse izdelke za ptice.  Neverjetne promocijske cene že zdaj!
Bojan Objavljeno: 28. oktobra ob 19.15
Mi lahko kdo pove, kako naj ugotovim, ali je kokoš bolna? Hvala.
Franc Objavljeno: 28. oktobra ob 19.21
Živjo, Ivana, sem veterinar, specialist za ptice. Poškodovanim kokošim smete dati aspirin, če je videti, da jih boli. Kadar pticam predpisujem aspirin, upoštevam navodila, objavljena v priročniku Klinična medicina ptic. Kokoši naj bi dobile 5 mg aspirina na kg telesne mase. Tolikšen odmerek ji lahko daste 3-krat ali 4-krat na dan, dokler je ne boste peljali k veterinarju. Zelo pomembno je, da jo pregleda še veterinar. Srečno!"
R548-ChickenForum,3,3,Slovenian,slv-SVN,"Perutninski forum Vprašanje 2 / 7
Pomagaj si s forumom ""Zdravje perutnine"" na desni.  Na vprašanje odgovori tako, da klikneš eno izmed možnosti.
Zakaj se je Ivana_88 odločila, da bo objavila vprašanje na spletnem forumu?
Ker ne ve, kako poiskati veterinarja.
Ker misli, da poškodba kokoši ni huda.
Ker bi rada kokoši čim prej pomagala.
Ker si ne more privoščiti pregleda pri veterinarju."
R548-ChickenForum,4,1,Slovenian,slv-SVN,PISA
R548-ChickenForum,4,2,Slovenian,slv-SVN,"www.zdravjeperutnine.com/forum/aspirin-kokosi
Zdravje perutnine
Spletni vir za zdravo perutnino
O nas
Forum
Fotografije
Dajanje aspirina kokošim
Ivana_88 Začetnik teme Objavljeno: 28. oktobra ob 18.12
Živjo vsem! Ali smem dati kokoši aspirin? Stara je dve leti in mislim, da si je poškodovala nogo. Pred ponedeljkom ne morem obiskati veterinarja, pa tudi na telefon ga ne morem priklicati. Zdi se mi, da jo zelo boli. Rada bi ji dala kaj, da ji bo bolje, dokler je ne bom peljala k veterinarju. Hvala za pomoč.
NeliB79 Objavljeno: 28. oktobra ob 18.36
Ne vem, ali je aspirin varen za kokoši ali ne.  Vedno se posvetujem z veterinarjem, preden dam svojim pticam zdravila. Vem, da so nekatera zdravila, ki so varna za ljudi, za ptice lahko zelo nevarna.
Monika Objavljeno: 28. oktobra ob 18.52
Eni izmed svojih kokoši sem dala aspirin, ko se je poškodovala. Nobenih težav ni bilo. Naslednji dan sem jo peljala k veterinarju, ampak je bilo že bolje. Mislim, da je lahko nevarno, če ji ga daš preveč, zato ne prekorači priporočenega odmerka. Upam, da ji bo bolje.
Ptičje_kupčije Objavljeno: 28. oktobra ob 19.07
Pozdravljeni! Ne pozabite preveriti mojih izjemno ugodnih ponudb za vse izdelke za ptice.  Neverjetne promocijske cene že zdaj!
Bojan Objavljeno: 28. oktobra ob 19.15
Mi lahko kdo pove, kako naj ugotovim, ali je kokoš bolna? Hvala.
Franc Objavljeno: 28. oktobra ob 19.21
Živjo, Ivana, sem veterinar, specialist za ptice. Poškodovanim kokošim smete dati aspirin, če je videti, da jih boli. Kadar pticam predpisujem aspirin, upoštevam navodila, objavljena v priročniku Klinična medicina ptic. Kokoši naj bi dobile 5 mg aspirina na kg telesne mase. Tolikšen odmerek ji lahko daste 3-krat ali 4-krat na dan, dokler je ne boste peljali k veterinarju. Zelo pomembno je, da jo pregleda še veterinar. Srečno!"
R548-ChickenForum,4,3,Slovenian,slv-SVN,"Perutninski forum Vprašanje 3 / 7
Pomagaj si s forumom ""Zdravje perutnine"" na desni.  Na vprašanje odgovori tako, da klikneš v tabelo.
Nekatere objave na forumu so povezane s temo, druge pa ne. Klikni ""Da"" ali ""Ne"", da pokažeš, ali so objave v spodnji tabeli povezane s težavo Ivane_88.
Ali je objava povezana s težavo Ivane_88?
Da
Ne
Objava uporabnice NeliB79
Objava uporabnice Monike
Objava uporabnika Ptičje_kupčije
Objava uporabnika Bojana
Objava uporabnika Franca"
R548-ChickenForum,5,1,Slovenian,slv-SVN,PISA
R548-ChickenForum,5,2,Slovenian,slv-SVN,"www.zdravjeperutnine.com/forum/aspirin-kokosi
Zdravje perutnine
Spletni vir za zdravo perutnino
O nas
Forum
Fotografije
Dajanje aspirina kokošim
Ivana_88 Začetnik teme Objavljeno: 28. oktobra ob 18.12
Živjo vsem! Ali smem dati kokoši aspirin? Stara je dve leti in mislim, da si je poškodovala nogo. Pred ponedeljkom ne morem obiskati veterinarja, pa tudi na telefon ga ne morem priklicati. Zdi se mi, da jo zelo boli. Rada bi ji dala kaj, da ji bo bolje, dokler je ne bom peljala k veterinarju. Hvala za pomoč.
NeliB79 Objavljeno: 28. oktobra ob 18.36
Ne vem, ali je aspirin varen za kokoši ali ne.  Vedno se posvetujem z veterinarjem, preden dam svojim pticam zdravila. Vem, da so nekatera zdravila, ki so varna za ljudi, za ptice lahko zelo nevarna.
Monika Objavljeno: 28. oktobra ob 18.52
Eni izmed svojih kokoši sem dala aspirin, ko se je poškodovala. Nobenih težav ni bilo. Naslednji dan sem jo peljala k veterinarju, ampak je bilo že bolje. Mislim, da je lahko nevarno, če ji ga daš preveč, zato ne prekorači priporočenega odmerka. Upam, da ji bo bolje.
Ptičje_kupčije Objavljeno: 28. oktobra ob 19.07
Pozdravljeni! Ne pozabite preveriti mojih izjemno ugodnih ponudb za vse izdelke za ptice.  Neverjetne promocijske cene že zdaj!
Bojan Objavljeno: 28. oktobra ob 19.15
Mi lahko kdo pove, kako naj ugotovim, ali je kokoš bolna? Hvala.
Franc Objavljeno: 28. oktobra ob 19.21
Živjo, Ivana, sem veterinar, specialist za ptice. Poškodovanim kokošim smete dati aspirin, če je videti, da jih boli. Kadar pticam predpisujem aspirin, upoštevam navodila, objavljena v priročniku Klinična medicina ptic. Kokoši naj bi dobile 5 mg aspirina na kg telesne mase. Tolikšen odmerek ji lahko daste 3-krat ali 4-krat na dan, dokler je ne boste peljali k veterinarju. Zelo pomembno je, da jo pregleda še veterinar. Srečno!"
R548-ChickenForum,5,3,Slovenian,slv-SVN,"Perutninski forum Vprašanje 4 / 7
Pomagaj si s forumom ""Zdravje perutnine"" na desni.  Na vprašanje odgovori tako, da klikneš eno izmed možnosti.
Kdo ima dobre izkušnje z dajanjem aspirina poškodovani kokoši?
Ivana_88
NeliB79
Monika
Bojan"
R548-ChickenForum,6,1,Slovenian,slv-SVN,PISA
R548-ChickenForum,6,2,Slovenian,slv-SVN,"www.zdravjeperutnine.com/forum/aspirin-kokosi
Zdravje perutnine
Spletni vir za zdravo perutnino
O nas
Forum
Fotografije
Dajanje aspirina kokošim
Ivana_88 Začetnik teme Objavljeno: 28. oktobra ob 18.12
Živjo vsem! Ali smem dati kokoši aspirin? Stara je dve leti in mislim, da si je poškodovala nogo. Pred ponedeljkom ne morem obiskati veterinarja, pa tudi na telefon ga ne morem priklicati. Zdi se mi, da jo zelo boli. Rada bi ji dala kaj, da ji bo bolje, dokler je ne bom peljala k veterinarju. Hvala za pomoč.
NeliB79 Objavljeno: 28. oktobra ob 18.36
Ne vem, ali je aspirin varen za kokoši ali ne.  Vedno se posvetujem z veterinarjem, preden dam svojim pticam zdravila. Vem, da so nekatera zdravila, ki so varna za ljudi, za ptice lahko zelo nevarna.
Monika Objavljeno: 28. oktobra ob 18.52
Eni izmed svojih kokoši sem dala aspirin, ko se je poškodovala. Nobenih težav ni bilo. Naslednji dan sem jo peljala k veterinarju, ampak je bilo že bolje. Mislim, da je lahko nevarno, če ji ga daš preveč, zato ne prekorači priporočenega odmerka. Upam, da ji bo bolje.
Ptičje_kupčije Objavljeno: 28. oktobra ob 19.07
Pozdravljeni! Ne pozabite preveriti mojih izjemno ugodnih ponudb za vse izdelke za ptice.  Neverjetne promocijske cene že zdaj!
Bojan Objavljeno: 28. oktobra ob 19.15
Mi lahko kdo pove, kako naj ugotovim, ali je kokoš bolna? Hvala.
Franc Objavljeno: 28. oktobra ob 19.21
Živjo, Ivana, sem veterinar, specialist za ptice. Poškodovanim kokošim smete dati aspirin, če je videti, da jih boli. Kadar pticam predpisujem aspirin, upoštevam navodila, objavljena v priročniku Klinična medicina ptic. Kokoši naj bi dobile 5 mg aspirina na kg telesne mase. Tolikšen odmerek ji lahko daste 3-krat ali 4-krat na dan, dokler je ne boste peljali k veterinarju. Zelo pomembno je, da jo pregleda še veterinar. Srečno!"
R548-ChickenForum,6,3,Slovenian,slv-SVN,"Perutninski forum Vprašanje 5 / 7
Pomagaj si s forumom ""Zdravje perutnine"" na desni.  Na vprašanje odgovori tako, da klikneš eno izmed možnosti.
Zakaj je Ptičje_kupčije odgovoril na objavo Ivane_88?
Da bi oglaševal posel.
Da bi odgovoril na vprašanje Ivane_88.
Da bi dopolnil Monikin nasvet.
Da bi pokazal, kako dobro pozna ptice."
R548-ChickenForum,7,1,Slovenian,slv-SVN,PISA
R548-ChickenForum,7,2,Slovenian,slv-SVN,"www.zdravjeperutnine.com/forum/aspirin-kokosi
Zdravje perutnine
Spletni vir za zdravo perutnino
O nas
Forum
Fotografije
Dajanje aspirina kokošim
Ivana_88 Začetnik teme Objavljeno: 28. oktobra ob 18.12
Živjo vsem! Ali smem dati kokoši aspirin? Stara je dve leti in mislim, da si je poškodovala nogo. Pred ponedeljkom ne morem obiskati veterinarja, pa tudi na telefon ga ne morem priklicati. Zdi se mi, da jo zelo boli. Rada bi ji dala kaj, da ji bo bolje, dokler je ne bom peljala k veterinarju. Hvala za pomoč.
NeliB79 Objavljeno: 28. oktobra ob 18.36
Ne vem, ali je aspirin varen za kokoši ali ne.  Vedno se posvetujem z veterinarjem, preden dam svojim pticam zdravila. Vem, da so nekatera zdravila, ki so varna za ljudi, za ptice lahko zelo nevarna.
Monika Objavljeno: 28. oktobra ob 18.52
Eni izmed svojih kokoši sem dala aspirin, ko se je poškodovala. Nobenih težav ni bilo. Naslednji dan sem jo peljala k veterinarju, ampak je bilo že bolje. Mislim, da je lahko nevarno, če ji ga daš preveč, zato ne prekorači priporočenega odmerka. Upam, da ji bo bolje.
Ptičje_kupčije Objavljeno: 28. oktobra ob 19.07
Pozdravljeni! Ne pozabite preveriti mojih izjemno ugodnih ponudb za vse izdelke za ptice.  Neverjetne promocijske cene že zdaj!
Bojan Objavljeno: 28. oktobra ob 19.15
Mi lahko kdo pove, kako naj ugotovim, ali je kokoš bolna? Hvala.
Franc Objavljeno: 28. oktobra ob 19.21
Živjo, Ivana, sem veterinar, specialist za ptice. Poškodovanim kokošim smete dati aspirin, če je videti, da jih boli. Kadar pticam predpisujem aspirin, upoštevam navodila, objavljena v priročniku Klinična medicina ptic. Kokoši naj bi dobile 5 mg aspirina na kg telesne mase. Tolikšen odmerek ji lahko daste 3-krat ali 4-krat na dan, dokler je ne boste peljali k veterinarju. Zelo pomembno je, da jo pregleda še veterinar. Srečno!"
R548-ChickenForum,7,3,Slovenian,slv-SVN,"Perutninski forum Vprašanje 6 / 7
Pomagaj si s forumom ""Zdravje perutnine"" na desni. Na vprašanje odgovori tako, da najprej klikneš enega izmed odgovorov, nato pa vtipkaš svojo utemeljitev.
Kdo je objavil najbolj zaupanja vreden odgovor na vprašanje Ivane_88?
NeliB79
Monika
Ptičje_kupčije
Franc
Utemelji svojo izbiro."
R548-ChickenForum,8,1,Slovenian,slv-SVN,PISA
R548-ChickenForum,8,2,Slovenian,slv-SVN,"www.zdravjeperutnine.com/forum/aspirin-kokosi
Zdravje perutnine
Spletni vir za zdravo perutnino
O nas
Forum
Fotografije
Dajanje aspirina kokošim
Ivana_88 Začetnik teme Objavljeno: 28. oktobra ob 18.12
Živjo vsem! Ali smem dati kokoši aspirin? Stara je dve leti in mislim, da si je poškodovala nogo. Pred ponedeljkom ne morem obiskati veterinarja, pa tudi na telefon ga ne morem priklicati. Zdi se mi, da jo zelo boli. Rada bi ji dala kaj, da ji bo bolje, dokler je ne bom peljala k veterinarju. Hvala za pomoč.
NeliB79 Objavljeno: 28. oktobra ob 18.36
Ne vem, ali je aspirin varen za kokoši ali ne.  Vedno se posvetujem z veterinarjem, preden dam svojim pticam zdravila. Vem, da so nekatera zdravila, ki so varna za ljudi, za ptice lahko zelo nevarna.
Monika Objavljeno: 28. oktobra ob 18.52
Eni izmed svojih kokoši sem dala aspirin, ko se je poškodovala. Nobenih težav ni bilo. Naslednji dan sem jo peljala k veterinarju, ampak je bilo že bolje. Mislim, da je lahko nevarno, če ji ga daš preveč, zato ne prekorači priporočenega odmerka. Upam, da ji bo bolje.
Ptičje_kupčije Objavljeno: 28. oktobra ob 19.07
Pozdravljeni! Ne pozabite preveriti mojih izjemno ugodnih ponudb za vse izdelke za ptice.  Neverjetne promocijske cene že zdaj!
Bojan Objavljeno: 28. oktobra ob 19.15
Mi lahko kdo pove, kako naj ugotovim, ali je kokoš bolna? Hvala.
Franc Objavljeno: 28. oktobra ob 19.21
Živjo, Ivana, sem veterinar, specialist za ptice. Poškodovanim kokošim smete dati aspirin, če je videti, da jih boli. Kadar pticam predpisujem aspirin, upoštevam navodila, objavljena v priročniku Klinična medicina ptic. Kokoši naj bi dobile 5 mg aspirina na kg telesne mase. Tolikšen odmerek ji lahko daste 3-krat ali 4-krat na dan, dokler je ne boste peljali k veterinarju. Zelo pomembno je, da jo pregleda še veterinar. Srečno!"
R548-ChickenForum,8,3,Slovenian,slv-SVN,"Perutninski forum Vprašanje 7 / 7
Pomagaj si s forumom ""Zdravje perutnine"" na desni. Vtipkaj svoj odgovor na vprašanje.
Zakaj Franc Ivani_88 ne more navesti natančne količine aspirina za njeno kokoš?"
R548-ChickenForum,9,1,Slovenian,slv-SVN,PISA
R548-ChickenForum,9,2,Slovenian,slv-SVN,"www.zdravjeperutnine.com/forum/aspirin-kokosi
Zdravje perutnine
Spletni vir za zdravo perutnino
O nas
Forum
Fotografije
Dajanje aspirina kokošim
Ivana_88 Začetnik teme Objavljeno: 28. oktobra ob 18.12
Živjo vsem! Ali smem dati kokoši aspirin? Stara je dve leti in mislim, da si je poškodovala nogo. Pred ponedeljkom ne morem obiskati veterinarja, pa tudi na telefon ga ne morem priklicati. Zdi se mi, da jo zelo boli. Rada bi ji dala kaj, da ji bo bolje, dokler je ne bom peljala k veterinarju. Hvala za pomoč.
NeliB79 Objavljeno: 28. oktobra ob 18.36
Ne vem, ali je aspirin varen za kokoši ali ne.  Vedno se posvetujem z veterinarjem, preden dam svojim pticam zdravila. Vem, da so nekatera zdravila, ki so varna za ljudi, za ptice lahko zelo nevarna.
Monika Objavljeno: 28. oktobra ob 18.52
Eni izmed svojih kokoši sem dala aspirin, ko se je poškodovala. Nobenih težav ni bilo. Naslednji dan sem jo peljala k veterinarju, ampak je bilo že bolje. Mislim, da je lahko nevarno, če ji ga daš preveč, zato ne prekorači priporočenega odmerka. Upam, da ji bo bolje.
Ptičje_kupčije Objavljeno: 28. oktobra ob 19.07
Pozdravljeni! Ne pozabite preveriti mojih izjemno ugodnih ponudb za vse izdelke za ptice.  Neverjetne promocijske cene že zdaj!
Bojan Objavljeno: 28. oktobra ob 19.15
Mi lahko kdo pove, kako naj ugotovim, ali je kokoš bolna? Hvala.
Franc Objavljeno: 28. oktobra ob 19.21
Živjo, Ivana, sem veterinar, specialist za ptice. Poškodovanim kokošim smete dati aspirin, če je videti, da jih boli. Kadar pticam predpisujem aspirin, upoštevam navodila, objavljena v priročniku Klinična medicina ptic. Kokoši naj bi dobile 5 mg aspirina na kg telesne mase. Tolikšen odmerek ji lahko daste 3-krat ali 4-krat na dan, dokler je ne boste peljali k veterinarju. Zelo pomembno je, da jo pregleda še veterinar. Srečno!"
R548-ChickenForum,9,3,Slovenian,slv-SVN,"Perutninski forum Vprašanje 7 / 7
Pomagaj si s forumom ""Zdravje perutnine"" na desni. Vtipkaj svoj odgovor na vprašanje.
Zakaj Franc Ivani_88 ne more navesti natančne količine aspirina za njeno kokoš?"
R548-ChickenForum,10,1,Slovenian,slv-SVN,PISA
R548-ChickenForum,10,2,Slovenian,slv-SVN,"www.zdravjeperutnine.com/forum/aspirin-kokosi
Zdravje perutnine
Spletni vir za zdravo perutnino
O nas
Forum
Fotografije
Dajanje aspirina kokošim
Ivana_88 Začetnik teme Objavljeno: 28. oktobra ob 18.12
Živjo vsem! Ali smem dati kokoši aspirin? Stara je dve leti in mislim, da si je poškodovala nogo. Pred ponedeljkom ne morem obiskati veterinarja, pa tudi na telefon ga ne morem priklicati. Zdi se mi, da jo zelo boli. Rada bi ji dala kaj, da ji bo bolje, dokler je ne bom peljala k veterinarju. Hvala za pomoč.
NeliB79 Objavljeno: 28. oktobra ob 18.36
Ne vem, ali je aspirin varen za kokoši ali ne.  Vedno se posvetujem z veterinarjem, preden dam svojim pticam zdravila. Vem, da so nekatera zdravila, ki so varna za ljudi, za ptice lahko zelo nevarna.
Monika Objavljeno: 28. oktobra ob 18.52
Eni izmed svojih kokoši sem dala aspirin, ko se je poškodovala. Nobenih težav ni bilo. Naslednji dan sem jo peljala k veterinarju, ampak je bilo že bolje. Mislim, da je lahko nevarno, če ji ga daš preveč, zato ne prekorači priporočenega odmerka. Upam, da ji bo bolje.
Ptičje_kupčije Objavljeno: 28. oktobra ob 19.07
Pozdravljeni! Ne pozabite preveriti mojih izjemno ugodnih ponudb za vse izdelke za ptice.  Neverjetne promocijske cene že zdaj!
Bojan Objavljeno: 28. oktobra ob 19.15
Mi lahko kdo pove, kako naj ugotovim, ali je kokoš bolna? Hvala.
Franc Objavljeno: 28. oktobra ob 19.21
Živjo, Ivana, sem veterinar, specialist za ptice. Poškodovanim kokošim smete dati aspirin, če je videti, da jih boli. Kadar pticam predpisujem aspirin, upoštevam navodila, objavljena v priročniku Klinična medicina ptic. Kokoši naj bi dobile 5 mg aspirina na kg telesne mase. Tolikšen odmerek ji lahko daste 3-krat ali 4-krat na dan, dokler je ne boste peljali k veterinarju. Zelo pomembno je, da jo pregleda še veterinar. Srečno!"
R548-ChickenForum,10,3,Slovenian,slv-SVN,"Perutninski forum Vprašanje 7 / 7
Pomagaj si s forumom ""Zdravje perutnine"" na desni. Vtipkaj svoj odgovor na vprašanje.
Zakaj Franc Ivani_88 ne more navesti natančne količine aspirina za njeno kokoš?"
R548-ChickenForum,1,1,Spanish,esp-ESP,PISA
R548-ChickenForum,1,2,Spanish,esp-ESP,"Foro sobre aves Introducción
Lee la Introducción. Después pulsa en la flecha SIGUIENTE.
Has ido a visitar a unos parientes que recientemente se han mudado a una granja para criar gallinas. Tú le preguntas a tu tía: ""¿Cómo aprendiste a criar gallinas?""
Ella dice: ""Hablamos con mucha gente que cría gallinas, y hay muchos recursos en Internet. Por ejemplo, hay un foro sobre la salud de las aves que me gusta visitar. Me fue de gran ayuda cuando hace poco una de mis gallinas se hizo daño en la pata. Te voy a enseñar la conversación que tuvimos.""
Pulsa en la flecha SIGUIENTE para leer la conversación del foro."
R548-ChickenForum,2,1,Spanish,esp-ESP,PISA
R548-ChickenForum,2,2,Spanish,esp-ESP,"Foro sobre aves Pregunta 1 / 7
Consulta el foro sobre la salud de las aves a la derecha. Pulsa en una opción para responder a la pregunta.
¿Qué quiere saber Inma_88?
Si puede dar aspirina a una gallina herida.
Con qué frecuencia puede dar aspirina a una gallina herida.
Cómo contactar con un veterinario para preguntar sobre una gallina herida.
Si puede determinar el nivel de dolor de una gallina herida."
R548-ChickenForum,2,3,Spanish,esp-ESP,"www.lasaluddelasaves.com/forum/aspirina-gallinas
La salud de las aves
Tu recurso online para unas gallinas saludables
Acerca de
Foro
Fotos
Dar aspirina a las gallinas
Inma_88 Autora del hilo Publicado el 28 de octubre a las 18:12 h
¡Hola a todos!  ¿Le puedo dar aspirina a mi gallina? Tiene 2 años y creo que se ha hecho daño en una pata. No puedo ir al veterinario hasta el lunes, y no contesta al teléfono. Mi gallina parece tener mucho dolor. Quiero darle algo para que se sienta mejor hasta que pueda ir al veterinario. Gracias por vuestra ayuda.
NuriaB79 Publicado el 28 de octubre a las 18:36 h
No sé si la aspirina es o no segura para las gallinas. Yo siempre pregunto a mi veterinario antes de dar cualquier medicina a mis aves. Sé que algunas medicinas que son seguras para los humanos pueden ser muy peligrosas para las aves.
Mónica Publicado el 28 de octubre a las 18:52 h
Yo le di una aspirina a una de mis gallinas cuando se hizo daño. No hubo ningún problema. Al día siguiente fui al veterinario pero ya estaba mejor. ¡Creo que puede ser peligroso si le das demasiadas, así que no superes la dosis indicada! ¡Espero que se mejore!
Ofertas_Aviarias Publicado el 28 de octubre a las 19:07 h
¡Hola! No os olvidéis de echar un vistazo a mis superofertas en todos los productos para aves. ¡En este momento hay grandes rebajas!
Bruno Publicado el 28 de octubre a las 19:15 h
Por favor, ¿alguien puede decirme cómo saber si un ave está enferma? Gracias.
Francisco Publicado el 28 de octubre a las 19:21 h
Hola, Inma: Soy veterinario especializado en aves. Se puede dar aspirina a las gallinas heridas si presentan signos de dolor. Al recetar aspirina a las aves, sigo las pautas publicadas en Medicina clínica aviar. Las gallinas deben tomar 5 mg de aspirina por kg de masa corporal. Le puedes dar esta dosis 3-4 veces al día hasta que puedas ir al veterinario. Es muy importante que lleves el seguimiento con tu veterinario. ¡Buena suerte!"
R548-ChickenForum,3,1,Spanish,esp-ESP,PISA
R548-ChickenForum,3,2,Spanish,esp-ESP,"Foro sobre aves Pregunta 1 / 7
Consulta el foro sobre la salud de las aves a la derecha. Pulsa en una opción para responder a la pregunta.
¿Qué quiere saber Inma_88?
Si puede dar aspirina a una gallina herida.
Con qué frecuencia puede dar aspirina a una gallina herida.
Cómo contactar con un veterinario para preguntar sobre una gallina herida.
Si puede determinar el nivel de dolor de una gallina herida."
R548-ChickenForum,3,3,Spanish,esp-ESP,"www.lasaluddelasaves.com/forum/aspirina-gallinas
La salud de las aves
Tu recurso online para unas gallinas saludables
Acerca de
Foro
Fotos
Dar aspirina a las gallinas
Inma_88 Autora del hilo Publicado el 28 de octubre a las 18:12 h
¡Hola a todos!  ¿Le puedo dar aspirina a mi gallina? Tiene 2 años y creo que se ha hecho daño en una pata. No puedo ir al veterinario hasta el lunes, y no contesta al teléfono. Mi gallina parece tener mucho dolor. Quiero darle algo para que se sienta mejor hasta que pueda ir al veterinario. Gracias por vuestra ayuda.
NuriaB79 Publicado el 28 de octubre a las 18:36 h
No sé si la aspirina es o no segura para las gallinas. Yo siempre pregunto a mi veterinario antes de dar cualquier medicina a mis aves. Sé que algunas medicinas que son seguras para los humanos pueden ser muy peligrosas para las aves.
Mónica Publicado el 28 de octubre a las 18:52 h
Yo le di una aspirina a una de mis gallinas cuando se hizo daño. No hubo ningún problema. Al día siguiente fui al veterinario pero ya estaba mejor. ¡Creo que puede ser peligroso si le das demasiadas, así que no superes la dosis indicada! ¡Espero que se mejore!
Ofertas_Aviarias Publicado el 28 de octubre a las 19:07 h
¡Hola! No os olvidéis de echar un vistazo a mis superofertas en todos los productos para aves. ¡En este momento hay grandes rebajas!
Bruno Publicado el 28 de octubre a las 19:15 h
Por favor, ¿alguien puede decirme cómo saber si un ave está enferma? Gracias.
Francisco Publicado el 28 de octubre a las 19:21 h
Hola, Inma: Soy veterinario especializado en aves. Se puede dar aspirina a las gallinas heridas si presentan signos de dolor. Al recetar aspirina a las aves, sigo las pautas publicadas en Medicina clínica aviar. Las gallinas deben tomar 5 mg de aspirina por kg de masa corporal. Le puedes dar esta dosis 3-4 veces al día hasta que puedas ir al veterinario. Es muy importante que lleves el seguimiento con tu veterinario. ¡Buena suerte!"
R548-ChickenForum,3,4,Spanish,esp-ESP,"Confirmaci&#xF3;nclose
OK"
R548-ChickenForum,3,5,Spanish,esp-ESP,"Esta es la retroalimentación de CR548Q02 en castellano.
Proceso cognitivo
Reflejar el significado literal
Formato de respuesta
Opción múltiple simple - Codificada por ordenador
Dificultad
328 - Nivel b1
Para obtener crédito total el/la estudiante selecciona (A) «Sí puede dar aspirina a una gallina herida».
En esta pregunta, el/la estudiante debe considerar el post de Inma_88 y comprender el significado literal del mismo. El/ la estudiante debe relacionar la paráfrasis de la pregunta inicial de Inma_88 (¿Le puedo dar aspirina a mi gallina?) con las opciones de la pregunta. No se trata simplemente de una pregunta de «Acceder y recabar información dentro de un texto» porque no hay una correspondencia directa y literal entre las opciones de la pregunta y el estímulo."
R548-ChickenForum,4,1,Spanish,esp-ESP,PISA
R548-ChickenForum,4,2,Spanish,esp-ESP,"Foro sobre aves Pregunta 1 / 7
Consulta el foro sobre la salud de las aves a la derecha. Pulsa en una opción para responder a la pregunta.
¿Qué quiere saber Inma_88?
Si puede dar aspirina a una gallina herida.
Con qué frecuencia puede dar aspirina a una gallina herida.
Cómo contactar con un veterinario para preguntar sobre una gallina herida.
Si puede determinar el nivel de dolor de una gallina herida."
R548-ChickenForum,4,3,Spanish,esp-ESP,"www.lasaluddelasaves.com/forum/aspirina-gallinas
La salud de las aves
Tu recurso online para unas gallinas saludables
Acerca de
Foro
Fotos
Dar aspirina a las gallinas
Inma_88 Autora del hilo Publicado el 28 de octubre a las 18:12 h
¡Hola a todos!  ¿Le puedo dar aspirina a mi gallina? Tiene 2 años y creo que se ha hecho daño en una pata. No puedo ir al veterinario hasta el lunes, y no contesta al teléfono. Mi gallina parece tener mucho dolor. Quiero darle algo para que se sienta mejor hasta que pueda ir al veterinario. Gracias por vuestra ayuda.
NuriaB79 Publicado el 28 de octubre a las 18:36 h
No sé si la aspirina es o no segura para las gallinas. Yo siempre pregunto a mi veterinario antes de dar cualquier medicina a mis aves. Sé que algunas medicinas que son seguras para los humanos pueden ser muy peligrosas para las aves.
Mónica Publicado el 28 de octubre a las 18:52 h
Yo le di una aspirina a una de mis gallinas cuando se hizo daño. No hubo ningún problema. Al día siguiente fui al veterinario pero ya estaba mejor. ¡Creo que puede ser peligroso si le das demasiadas, así que no superes la dosis indicada! ¡Espero que se mejore!
Ofertas_Aviarias Publicado el 28 de octubre a las 19:07 h
¡Hola! No os olvidéis de echar un vistazo a mis superofertas en todos los productos para aves. ¡En este momento hay grandes rebajas!
Bruno Publicado el 28 de octubre a las 19:15 h
Por favor, ¿alguien puede decirme cómo saber si un ave está enferma? Gracias.
Francisco Publicado el 28 de octubre a las 19:21 h
Hola, Inma: Soy veterinario especializado en aves. Se puede dar aspirina a las gallinas heridas si presentan signos de dolor. Al recetar aspirina a las aves, sigo las pautas publicadas en Medicina clínica aviar. Las gallinas deben tomar 5 mg de aspirina por kg de masa corporal. Le puedes dar esta dosis 3-4 veces al día hasta que puedas ir al veterinario. Es muy importante que lleves el seguimiento con tu veterinario. ¡Buena suerte!"
R548-ChickenForum,4,4,Spanish,esp-ESP,"Confirmaci&#xF3;nclose
OK"
R548-ChickenForum,4,5,Spanish,esp-ESP,"Esta es la retroalimentación de CR548Q02 en castellano.
Proceso cognitivo
Reflejar el significado literal
Formato de respuesta
Opción múltiple simple - Codificada por ordenador
Dificultad
328 - Nivel b1
Para obtener crédito total el/la estudiante selecciona (A) «Sí puede dar aspirina a una gallina herida».
En esta pregunta, el/la estudiante debe considerar el post de Inma_88 y comprender el significado literal del mismo. El/ la estudiante debe relacionar la paráfrasis de la pregunta inicial de Inma_88 (¿Le puedo dar aspirina a mi gallina?) con las opciones de la pregunta. No se trata simplemente de una pregunta de «Acceder y recabar información dentro de un texto» porque no hay una correspondencia directa y literal entre las opciones de la pregunta y el estímulo."
R548-ChickenForum,5,1,Spanish,esp-ESP,PISA
R548-ChickenForum,5,2,Spanish,esp-ESP,"Foro sobre aves Pregunta 1 / 7
Consulta el foro sobre la salud de las aves a la derecha. Pulsa en una opción para responder a la pregunta.
¿Qué quiere saber Inma_88?
Si puede dar aspirina a una gallina herida.
Con qué frecuencia puede dar aspirina a una gallina herida.
Cómo contactar con un veterinario para preguntar sobre una gallina herida.
Si puede determinar el nivel de dolor de una gallina herida."
R548-ChickenForum,5,3,Spanish,esp-ESP,"www.lasaluddelasaves.com/forum/aspirina-gallinas
La salud de las aves
Tu recurso online para unas gallinas saludables
Acerca de
Foro
Fotos
Dar aspirina a las gallinas
Inma_88 Autora del hilo Publicado el 28 de octubre a las 18:12 h
¡Hola a todos!  ¿Le puedo dar aspirina a mi gallina? Tiene 2 años y creo que se ha hecho daño en una pata. No puedo ir al veterinario hasta el lunes, y no contesta al teléfono. Mi gallina parece tener mucho dolor. Quiero darle algo para que se sienta mejor hasta que pueda ir al veterinario. Gracias por vuestra ayuda.
NuriaB79 Publicado el 28 de octubre a las 18:36 h
No sé si la aspirina es o no segura para las gallinas. Yo siempre pregunto a mi veterinario antes de dar cualquier medicina a mis aves. Sé que algunas medicinas que son seguras para los humanos pueden ser muy peligrosas para las aves.
Mónica Publicado el 28 de octubre a las 18:52 h
Yo le di una aspirina a una de mis gallinas cuando se hizo daño. No hubo ningún problema. Al día siguiente fui al veterinario pero ya estaba mejor. ¡Creo que puede ser peligroso si le das demasiadas, así que no superes la dosis indicada! ¡Espero que se mejore!
Ofertas_Aviarias Publicado el 28 de octubre a las 19:07 h
¡Hola! No os olvidéis de echar un vistazo a mis superofertas en todos los productos para aves. ¡En este momento hay grandes rebajas!
Bruno Publicado el 28 de octubre a las 19:15 h
Por favor, ¿alguien puede decirme cómo saber si un ave está enferma? Gracias.
Francisco Publicado el 28 de octubre a las 19:21 h
Hola, Inma: Soy veterinario especializado en aves. Se puede dar aspirina a las gallinas heridas si presentan signos de dolor. Al recetar aspirina a las aves, sigo las pautas publicadas en Medicina clínica aviar. Las gallinas deben tomar 5 mg de aspirina por kg de masa corporal. Le puedes dar esta dosis 3-4 veces al día hasta que puedas ir al veterinario. Es muy importante que lleves el seguimiento con tu veterinario. ¡Buena suerte!"
R548-ChickenForum,5,4,Spanish,esp-ESP,"Confirmaci&#xF3;nclose
OK"
R548-ChickenForum,5,5,Spanish,esp-ESP,"Esta es la retroalimentación de CR548Q02 en castellano.
Proceso cognitivo
Reflejar el significado literal
Formato de respuesta
Opción múltiple simple - Codificada por ordenador
Dificultad
328 - Nivel b1
Para obtener crédito total el/la estudiante selecciona (A) «Sí puede dar aspirina a una gallina herida».
En esta pregunta, el/la estudiante debe considerar el post de Inma_88 y comprender el significado literal del mismo. El/ la estudiante debe relacionar la paráfrasis de la pregunta inicial de Inma_88 (¿Le puedo dar aspirina a mi gallina?) con las opciones de la pregunta. No se trata simplemente de una pregunta de «Acceder y recabar información dentro de un texto» porque no hay una correspondencia directa y literal entre las opciones de la pregunta y el estímulo."
R548-ChickenForum,6,1,Spanish,esp-ESP,PISA
R548-ChickenForum,6,2,Spanish,esp-ESP,"Foro sobre aves Pregunta 1 / 7
Consulta el foro sobre la salud de las aves a la derecha. Pulsa en una opción para responder a la pregunta.
¿Qué quiere saber Inma_88?
Si puede dar aspirina a una gallina herida.
Con qué frecuencia puede dar aspirina a una gallina herida.
Cómo contactar con un veterinario para preguntar sobre una gallina herida.
Si puede determinar el nivel de dolor de una gallina herida."
R548-ChickenForum,6,3,Spanish,esp-ESP,"www.lasaluddelasaves.com/forum/aspirina-gallinas
La salud de las aves
Tu recurso online para unas gallinas saludables
Acerca de
Foro
Fotos
Dar aspirina a las gallinas
Inma_88 Autora del hilo Publicado el 28 de octubre a las 18:12 h
¡Hola a todos!  ¿Le puedo dar aspirina a mi gallina? Tiene 2 años y creo que se ha hecho daño en una pata. No puedo ir al veterinario hasta el lunes, y no contesta al teléfono. Mi gallina parece tener mucho dolor. Quiero darle algo para que se sienta mejor hasta que pueda ir al veterinario. Gracias por vuestra ayuda.
NuriaB79 Publicado el 28 de octubre a las 18:36 h
No sé si la aspirina es o no segura para las gallinas. Yo siempre pregunto a mi veterinario antes de dar cualquier medicina a mis aves. Sé que algunas medicinas que son seguras para los humanos pueden ser muy peligrosas para las aves.
Mónica Publicado el 28 de octubre a las 18:52 h
Yo le di una aspirina a una de mis gallinas cuando se hizo daño. No hubo ningún problema. Al día siguiente fui al veterinario pero ya estaba mejor. ¡Creo que puede ser peligroso si le das demasiadas, así que no superes la dosis indicada! ¡Espero que se mejore!
Ofertas_Aviarias Publicado el 28 de octubre a las 19:07 h
¡Hola! No os olvidéis de echar un vistazo a mis superofertas en todos los productos para aves. ¡En este momento hay grandes rebajas!
Bruno Publicado el 28 de octubre a las 19:15 h
Por favor, ¿alguien puede decirme cómo saber si un ave está enferma? Gracias.
Francisco Publicado el 28 de octubre a las 19:21 h
Hola, Inma: Soy veterinario especializado en aves. Se puede dar aspirina a las gallinas heridas si presentan signos de dolor. Al recetar aspirina a las aves, sigo las pautas publicadas en Medicina clínica aviar. Las gallinas deben tomar 5 mg de aspirina por kg de masa corporal. Le puedes dar esta dosis 3-4 veces al día hasta que puedas ir al veterinario. Es muy importante que lleves el seguimiento con tu veterinario. ¡Buena suerte!"
R548-ChickenForum,6,4,Spanish,esp-ESP,"Confirmaci&#xF3;nclose
OK"
R548-ChickenForum,6,5,Spanish,esp-ESP,"Esta es la retroalimentación de CR548Q02 en castellano.
Proceso cognitivo
Reflejar el significado literal
Formato de respuesta
Opción múltiple simple - Codificada por ordenador
Dificultad
328 - Nivel b1
Para obtener crédito total el/la estudiante selecciona (A) «Sí puede dar aspirina a una gallina herida».
En esta pregunta, el/la estudiante debe considerar el post de Inma_88 y comprender el significado literal del mismo. El/ la estudiante debe relacionar la paráfrasis de la pregunta inicial de Inma_88 (¿Le puedo dar aspirina a mi gallina?) con las opciones de la pregunta. No se trata simplemente de una pregunta de «Acceder y recabar información dentro de un texto» porque no hay una correspondencia directa y literal entre las opciones de la pregunta y el estímulo."
R548-ChickenForum,7,1,Spanish,esp-ESP,PISA
R548-ChickenForum,7,2,Spanish,esp-ESP,"Foro sobre aves Pregunta 1 / 7
Consulta el foro sobre la salud de las aves a la derecha. Pulsa en una opción para responder a la pregunta.
¿Qué quiere saber Inma_88?
Si puede dar aspirina a una gallina herida.
Con qué frecuencia puede dar aspirina a una gallina herida.
Cómo contactar con un veterinario para preguntar sobre una gallina herida.
Si puede determinar el nivel de dolor de una gallina herida."
R548-ChickenForum,7,3,Spanish,esp-ESP,"www.lasaluddelasaves.com/forum/aspirina-gallinas
La salud de las aves
Tu recurso online para unas gallinas saludables
Acerca de
Foro
Fotos
Dar aspirina a las gallinas
Inma_88 Autora del hilo Publicado el 28 de octubre a las 18:12 h
¡Hola a todos!  ¿Le puedo dar aspirina a mi gallina? Tiene 2 años y creo que se ha hecho daño en una pata. No puedo ir al veterinario hasta el lunes, y no contesta al teléfono. Mi gallina parece tener mucho dolor. Quiero darle algo para que se sienta mejor hasta que pueda ir al veterinario. Gracias por vuestra ayuda.
NuriaB79 Publicado el 28 de octubre a las 18:36 h
No sé si la aspirina es o no segura para las gallinas. Yo siempre pregunto a mi veterinario antes de dar cualquier medicina a mis aves. Sé que algunas medicinas que son seguras para los humanos pueden ser muy peligrosas para las aves.
Mónica Publicado el 28 de octubre a las 18:52 h
Yo le di una aspirina a una de mis gallinas cuando se hizo daño. No hubo ningún problema. Al día siguiente fui al veterinario pero ya estaba mejor. ¡Creo que puede ser peligroso si le das demasiadas, así que no superes la dosis indicada! ¡Espero que se mejore!
Ofertas_Aviarias Publicado el 28 de octubre a las 19:07 h
¡Hola! No os olvidéis de echar un vistazo a mis superofertas en todos los productos para aves. ¡En este momento hay grandes rebajas!
Bruno Publicado el 28 de octubre a las 19:15 h
Por favor, ¿alguien puede decirme cómo saber si un ave está enferma? Gracias.
Francisco Publicado el 28 de octubre a las 19:21 h
Hola, Inma: Soy veterinario especializado en aves. Se puede dar aspirina a las gallinas heridas si presentan signos de dolor. Al recetar aspirina a las aves, sigo las pautas publicadas en Medicina clínica aviar. Las gallinas deben tomar 5 mg de aspirina por kg de masa corporal. Le puedes dar esta dosis 3-4 veces al día hasta que puedas ir al veterinario. Es muy importante que lleves el seguimiento con tu veterinario. ¡Buena suerte!"
R548-ChickenForum,7,4,Spanish,esp-ESP,"Confirmaci&#xF3;nclose
OK"
R548-ChickenForum,7,5,Spanish,esp-ESP,"Esta es la retroalimentación de CR548Q02 en castellano.
Proceso cognitivo
Reflejar el significado literal
Formato de respuesta
Opción múltiple simple - Codificada por ordenador
Dificultad
328 - Nivel b1
Para obtener crédito total el/la estudiante selecciona (A) «Sí puede dar aspirina a una gallina herida».
En esta pregunta, el/la estudiante debe considerar el post de Inma_88 y comprender el significado literal del mismo. El/ la estudiante debe relacionar la paráfrasis de la pregunta inicial de Inma_88 (¿Le puedo dar aspirina a mi gallina?) con las opciones de la pregunta. No se trata simplemente de una pregunta de «Acceder y recabar información dentro de un texto» porque no hay una correspondencia directa y literal entre las opciones de la pregunta y el estímulo."
R548-ChickenForum,8,1,Spanish,esp-ESP,PISA
R548-ChickenForum,8,2,Spanish,esp-ESP,"Foro sobre aves Pregunta 1 / 7
Consulta el foro sobre la salud de las aves a la derecha. Pulsa en una opción para responder a la pregunta.
¿Qué quiere saber Inma_88?
Si puede dar aspirina a una gallina herida.
Con qué frecuencia puede dar aspirina a una gallina herida.
Cómo contactar con un veterinario para preguntar sobre una gallina herida.
Si puede determinar el nivel de dolor de una gallina herida."
R548-ChickenForum,8,3,Spanish,esp-ESP,"www.lasaluddelasaves.com/forum/aspirina-gallinas
La salud de las aves
Tu recurso online para unas gallinas saludables
Acerca de
Foro
Fotos
Dar aspirina a las gallinas
Inma_88 Autora del hilo Publicado el 28 de octubre a las 18:12 h
¡Hola a todos!  ¿Le puedo dar aspirina a mi gallina? Tiene 2 años y creo que se ha hecho daño en una pata. No puedo ir al veterinario hasta el lunes, y no contesta al teléfono. Mi gallina parece tener mucho dolor. Quiero darle algo para que se sienta mejor hasta que pueda ir al veterinario. Gracias por vuestra ayuda.
NuriaB79 Publicado el 28 de octubre a las 18:36 h
No sé si la aspirina es o no segura para las gallinas. Yo siempre pregunto a mi veterinario antes de dar cualquier medicina a mis aves. Sé que algunas medicinas que son seguras para los humanos pueden ser muy peligrosas para las aves.
Mónica Publicado el 28 de octubre a las 18:52 h
Yo le di una aspirina a una de mis gallinas cuando se hizo daño. No hubo ningún problema. Al día siguiente fui al veterinario pero ya estaba mejor. ¡Creo que puede ser peligroso si le das demasiadas, así que no superes la dosis indicada! ¡Espero que se mejore!
Ofertas_Aviarias Publicado el 28 de octubre a las 19:07 h
¡Hola! No os olvidéis de echar un vistazo a mis superofertas en todos los productos para aves. ¡En este momento hay grandes rebajas!
Bruno Publicado el 28 de octubre a las 19:15 h
Por favor, ¿alguien puede decirme cómo saber si un ave está enferma? Gracias.
Francisco Publicado el 28 de octubre a las 19:21 h
Hola, Inma: Soy veterinario especializado en aves. Se puede dar aspirina a las gallinas heridas si presentan signos de dolor. Al recetar aspirina a las aves, sigo las pautas publicadas en Medicina clínica aviar. Las gallinas deben tomar 5 mg de aspirina por kg de masa corporal. Le puedes dar esta dosis 3-4 veces al día hasta que puedas ir al veterinario. Es muy importante que lleves el seguimiento con tu veterinario. ¡Buena suerte!"
R548-ChickenForum,8,4,Spanish,esp-ESP,"Confirmaci&#xF3;nclose
OK"
R548-ChickenForum,8,5,Spanish,esp-ESP,"Esta es la retroalimentación de CR548Q02 en castellano.
Proceso cognitivo
Reflejar el significado literal
Formato de respuesta
Opción múltiple simple - Codificada por ordenador
Dificultad
328 - Nivel b1
Para obtener crédito total el/la estudiante selecciona (A) «Sí puede dar aspirina a una gallina herida».
En esta pregunta, el/la estudiante debe considerar el post de Inma_88 y comprender el significado literal del mismo. El/ la estudiante debe relacionar la paráfrasis de la pregunta inicial de Inma_88 (¿Le puedo dar aspirina a mi gallina?) con las opciones de la pregunta. No se trata simplemente de una pregunta de «Acceder y recabar información dentro de un texto» porque no hay una correspondencia directa y literal entre las opciones de la pregunta y el estímulo."
R548-ChickenForum,9,1,Spanish,esp-ESP,PISA
R548-ChickenForum,9,2,Spanish,esp-ESP,"Foro sobre aves Pregunta 1 / 7
Consulta el foro sobre la salud de las aves a la derecha. Pulsa en una opción para responder a la pregunta.
¿Qué quiere saber Inma_88?
Si puede dar aspirina a una gallina herida.
Con qué frecuencia puede dar aspirina a una gallina herida.
Cómo contactar con un veterinario para preguntar sobre una gallina herida.
Si puede determinar el nivel de dolor de una gallina herida."
R548-ChickenForum,9,3,Spanish,esp-ESP,"www.lasaluddelasaves.com/forum/aspirina-gallinas
La salud de las aves
Tu recurso online para unas gallinas saludables
Acerca de
Foro
Fotos
Dar aspirina a las gallinas
Inma_88 Autora del hilo Publicado el 28 de octubre a las 18:12 h
¡Hola a todos!  ¿Le puedo dar aspirina a mi gallina? Tiene 2 años y creo que se ha hecho daño en una pata. No puedo ir al veterinario hasta el lunes, y no contesta al teléfono. Mi gallina parece tener mucho dolor. Quiero darle algo para que se sienta mejor hasta que pueda ir al veterinario. Gracias por vuestra ayuda.
NuriaB79 Publicado el 28 de octubre a las 18:36 h
No sé si la aspirina es o no segura para las gallinas. Yo siempre pregunto a mi veterinario antes de dar cualquier medicina a mis aves. Sé que algunas medicinas que son seguras para los humanos pueden ser muy peligrosas para las aves.
Mónica Publicado el 28 de octubre a las 18:52 h
Yo le di una aspirina a una de mis gallinas cuando se hizo daño. No hubo ningún problema. Al día siguiente fui al veterinario pero ya estaba mejor. ¡Creo que puede ser peligroso si le das demasiadas, así que no superes la dosis indicada! ¡Espero que se mejore!
Ofertas_Aviarias Publicado el 28 de octubre a las 19:07 h
¡Hola! No os olvidéis de echar un vistazo a mis superofertas en todos los productos para aves. ¡En este momento hay grandes rebajas!
Bruno Publicado el 28 de octubre a las 19:15 h
Por favor, ¿alguien puede decirme cómo saber si un ave está enferma? Gracias.
Francisco Publicado el 28 de octubre a las 19:21 h
Hola, Inma: Soy veterinario especializado en aves. Se puede dar aspirina a las gallinas heridas si presentan signos de dolor. Al recetar aspirina a las aves, sigo las pautas publicadas en Medicina clínica aviar. Las gallinas deben tomar 5 mg de aspirina por kg de masa corporal. Le puedes dar esta dosis 3-4 veces al día hasta que puedas ir al veterinario. Es muy importante que lleves el seguimiento con tu veterinario. ¡Buena suerte!"
R548-ChickenForum,9,4,Spanish,esp-ESP,"Confirmaci&#xF3;nclose
OK"
R548-ChickenForum,9,5,Spanish,esp-ESP,"Esta es la retroalimentación de CR548Q02 en castellano.
Proceso cognitivo
Reflejar el significado literal
Formato de respuesta
Opción múltiple simple - Codificada por ordenador
Dificultad
328 - Nivel b1
Para obtener crédito total el/la estudiante selecciona (A) «Sí puede dar aspirina a una gallina herida».
En esta pregunta, el/la estudiante debe considerar el post de Inma_88 y comprender el significado literal del mismo. El/ la estudiante debe relacionar la paráfrasis de la pregunta inicial de Inma_88 (¿Le puedo dar aspirina a mi gallina?) con las opciones de la pregunta. No se trata simplemente de una pregunta de «Acceder y recabar información dentro de un texto» porque no hay una correspondencia directa y literal entre las opciones de la pregunta y el estímulo."
R548-ChickenForum,10,1,Spanish,esp-ESP,PISA
R548-ChickenForum,10,2,Spanish,esp-ESP,"Foro sobre aves Pregunta 1 / 7
Consulta el foro sobre la salud de las aves a la derecha. Pulsa en una opción para responder a la pregunta.
¿Qué quiere saber Inma_88?
Si puede dar aspirina a una gallina herida.
Con qué frecuencia puede dar aspirina a una gallina herida.
Cómo contactar con un veterinario para preguntar sobre una gallina herida.
Si puede determinar el nivel de dolor de una gallina herida."
R548-ChickenForum,10,3,Spanish,esp-ESP,"www.lasaluddelasaves.com/forum/aspirina-gallinas
La salud de las aves
Tu recurso online para unas gallinas saludables
Acerca de
Foro
Fotos
Dar aspirina a las gallinas
Inma_88 Autora del hilo Publicado el 28 de octubre a las 18:12 h
¡Hola a todos!  ¿Le puedo dar aspirina a mi gallina? Tiene 2 años y creo que se ha hecho daño en una pata. No puedo ir al veterinario hasta el lunes, y no contesta al teléfono. Mi gallina parece tener mucho dolor. Quiero darle algo para que se sienta mejor hasta que pueda ir al veterinario. Gracias por vuestra ayuda.
NuriaB79 Publicado el 28 de octubre a las 18:36 h
No sé si la aspirina es o no segura para las gallinas. Yo siempre pregunto a mi veterinario antes de dar cualquier medicina a mis aves. Sé que algunas medicinas que son seguras para los humanos pueden ser muy peligrosas para las aves.
Mónica Publicado el 28 de octubre a las 18:52 h
Yo le di una aspirina a una de mis gallinas cuando se hizo daño. No hubo ningún problema. Al día siguiente fui al veterinario pero ya estaba mejor. ¡Creo que puede ser peligroso si le das demasiadas, así que no superes la dosis indicada! ¡Espero que se mejore!
Ofertas_Aviarias Publicado el 28 de octubre a las 19:07 h
¡Hola! No os olvidéis de echar un vistazo a mis superofertas en todos los productos para aves. ¡En este momento hay grandes rebajas!
Bruno Publicado el 28 de octubre a las 19:15 h
Por favor, ¿alguien puede decirme cómo saber si un ave está enferma? Gracias.
Francisco Publicado el 28 de octubre a las 19:21 h
Hola, Inma: Soy veterinario especializado en aves. Se puede dar aspirina a las gallinas heridas si presentan signos de dolor. Al recetar aspirina a las aves, sigo las pautas publicadas en Medicina clínica aviar. Las gallinas deben tomar 5 mg de aspirina por kg de masa corporal. Le puedes dar esta dosis 3-4 veces al día hasta que puedas ir al veterinario. Es muy importante que lleves el seguimiento con tu veterinario. ¡Buena suerte!"
R548-ChickenForum,10,4,Spanish,esp-ESP,"Confirmaci&#xF3;nclose
OK"
R548-ChickenForum,10,5,Spanish,esp-ESP,"Esta es la retroalimentación de CR548Q02 en castellano.
Proceso cognitivo
Reflejar el significado literal
Formato de respuesta
Opción múltiple simple - Codificada por ordenador
Dificultad
328 - Nivel b1
Para obtener crédito total el/la estudiante selecciona (A) «Sí puede dar aspirina a una gallina herida».
En esta pregunta, el/la estudiante debe considerar el post de Inma_88 y comprender el significado literal del mismo. El/ la estudiante debe relacionar la paráfrasis de la pregunta inicial de Inma_88 (¿Le puedo dar aspirina a mi gallina?) con las opciones de la pregunta. No se trata simplemente de una pregunta de «Acceder y recabar información dentro de un texto» porque no hay una correspondencia directa y literal entre las opciones de la pregunta y el estímulo."
R548-ChickenForum,1,1,Swedish,swe-SWE,PISA
R548-ChickenForum,1,2,Swedish,swe-SWE,"Hönsforum Introduktion
Läs introduktionen. Klicka sedan på pilen NÄSTA.
Du hälsar på släktingar som nyligen har flyttat till en gård för att föda upp höns. Du frågar din moster:– Hur har ni lärt er att föda upp höns?
Hon förklarar:– Vi pratade med många hönsuppfödare. Och det finns gott om information på internet. Det finns till exempel ett bra Hönsforum som jag brukar besöka. Det var nyligen till stor hjälp när en av mina hönor hade gjort sig illa i benet. Jag ska visa dig diskussionen vi hade.
Klicka på pilen NÄSTA för att läsa forumet."
R548-ChickenForum,2,1,Swedish,swe-SWE,PISA
R548-ChickenForum,2,2,Swedish,swe-SWE,"www.honshalsa.com/forum/aspirin-hons
Hönshälsa
Din webbresurs för friska höns
Om oss
Forum
Bilder
Att ge hönor aspirin
Ingela_88 Trådskapare 28 oktober kl. 18.12
Hej! Kan jag ge aspirin till min höna? Hon är två år och jag tror att hon har gjort sig illa i benet. Jag kan inte ta mig till veterinären förrän på måndag, och veterinären svarar inte i telefonen. Min höna verkar ha mycket ont. Jag skulle vilja ge henne något som får henne att må bättre tills jag kan åka till veterinären. Tack för hjälpen.
NellieB79 28 oktober kl. 18.36
Jag vet inte om höns tål aspirin eller inte. Jag kollar alltid med min veterinär innan jag ger medicin till mina fåglar. Jag vet att vissa läkemedel som är säkra för människor kan vara mycket farliga för fåglar.
Monica 28 oktober kl. 18.52
Jag gav en aspirin till en av mina hönor när hon var skadad. Det var inga problem. Nästa dag gick jag till veterinären, men den hade redan blivit bättre. Jag tror att det kan vara farligt om du ger för mycket, så överskrid inte maxdosen! Jag hoppas att hon blir bättre!
Fågel_Erbjudanden 28 oktober kl. 19.07
Hej! Missa inte att kolla in mina superbra erbjudanden på alla fågelprodukter! Jag har jätterea just nu!
Bosse 28 oktober kl. 19.15
Är det någon som vet hur man ser om en höna är sjuk? Tack.
Frank 28 oktober kl. 19.21
Hej Ingela, Jag är veterinär och specialist på fåglar. Man kan ge aspirin till skadade hönor om de visar tecken på smärta. När jag skriver ut aspirin till fåglar så följer jag riktlinjerna i Klinisk Fågelmedicin. Höns bör få 5 mg aspirin per kilo kroppsvikt. Du kan ge det 3–4 gånger per dag tills du kan åka till veterinären. Det är mycket viktigt att följa upp detta hos veterinären. Lycka till!"
R548-ChickenForum,2,3,Swedish,swe-SWE,"Hönsforum Fråga 1 / 7
Utgå från forumet om hönshälsa till höger. Svara på frågan genom att markera ett av alternativen.
Vad vill Ingela_88 veta?
Om hon kan ge aspirin till en skadad höna.
Hur ofta hon kan ge aspirin till en skadad höna.
Hur man kontaktar en veterinär när det gäller en skadad höna.
Om hon kan avgöra hur ont en skadad höna har."
R548-ChickenForum,3,1,Swedish,swe-SWE,PISA
R548-ChickenForum,3,2,Swedish,swe-SWE,"www.honshalsa.com/forum/aspirin-hons
Hönshälsa
Din webbresurs för friska höns
Om oss
Forum
Bilder
Att ge hönor aspirin
Ingela_88 Trådskapare 28 oktober kl. 18.12
Hej! Kan jag ge aspirin till min höna? Hon är två år och jag tror att hon har gjort sig illa i benet. Jag kan inte ta mig till veterinären förrän på måndag, och veterinären svarar inte i telefonen. Min höna verkar ha mycket ont. Jag skulle vilja ge henne något som får henne att må bättre tills jag kan åka till veterinären. Tack för hjälpen.
NellieB79 28 oktober kl. 18.36
Jag vet inte om höns tål aspirin eller inte. Jag kollar alltid med min veterinär innan jag ger medicin till mina fåglar. Jag vet att vissa läkemedel som är säkra för människor kan vara mycket farliga för fåglar.
Monica 28 oktober kl. 18.52
Jag gav en aspirin till en av mina hönor när hon var skadad. Det var inga problem. Nästa dag gick jag till veterinären, men den hade redan blivit bättre. Jag tror att det kan vara farligt om du ger för mycket, så överskrid inte maxdosen! Jag hoppas att hon blir bättre!
Fågel_Erbjudanden 28 oktober kl. 19.07
Hej! Missa inte att kolla in mina superbra erbjudanden på alla fågelprodukter! Jag har jätterea just nu!
Bosse 28 oktober kl. 19.15
Är det någon som vet hur man ser om en höna är sjuk? Tack.
Frank 28 oktober kl. 19.21
Hej Ingela, Jag är veterinär och specialist på fåglar. Man kan ge aspirin till skadade hönor om de visar tecken på smärta. När jag skriver ut aspirin till fåglar så följer jag riktlinjerna i Klinisk Fågelmedicin. Höns bör få 5 mg aspirin per kilo kroppsvikt. Du kan ge det 3–4 gånger per dag tills du kan åka till veterinären. Det är mycket viktigt att följa upp detta hos veterinären. Lycka till!"
R548-ChickenForum,3,3,Swedish,swe-SWE,"Hönsforum Fråga 2 / 7
Utgå från forumet om hönshälsa till höger. Svara på frågan genom att markera ett av alternativen.
Varför lägger Ingela_88 ut sin fråga på ett forum på internet?
För att hon inte vet hur hon ska hitta en veterinär.
För att hon inte tror att hönans problem är så allvarligt.
För att hon vill hjälpa sin höna så fort som möjligt.
För att hon inte har råd att åka till veterinären."
R548-ChickenForum,4,1,Swedish,swe-SWE,PISA
R548-ChickenForum,4,2,Swedish,swe-SWE,"www.honshalsa.com/forum/aspirin-hons
Hönshälsa
Din webbresurs för friska höns
Om oss
Forum
Bilder
Att ge hönor aspirin
Ingela_88 Trådskapare 28 oktober kl. 18.12
Hej! Kan jag ge aspirin till min höna? Hon är två år och jag tror att hon har gjort sig illa i benet. Jag kan inte ta mig till veterinären förrän på måndag, och veterinären svarar inte i telefonen. Min höna verkar ha mycket ont. Jag skulle vilja ge henne något som får henne att må bättre tills jag kan åka till veterinären. Tack för hjälpen.
NellieB79 28 oktober kl. 18.36
Jag vet inte om höns tål aspirin eller inte. Jag kollar alltid med min veterinär innan jag ger medicin till mina fåglar. Jag vet att vissa läkemedel som är säkra för människor kan vara mycket farliga för fåglar.
Monica 28 oktober kl. 18.52
Jag gav en aspirin till en av mina hönor när hon var skadad. Det var inga problem. Nästa dag gick jag till veterinären, men den hade redan blivit bättre. Jag tror att det kan vara farligt om du ger för mycket, så överskrid inte maxdosen! Jag hoppas att hon blir bättre!
Fågel_Erbjudanden 28 oktober kl. 19.07
Hej! Missa inte att kolla in mina superbra erbjudanden på alla fågelprodukter! Jag har jätterea just nu!
Bosse 28 oktober kl. 19.15
Är det någon som vet hur man ser om en höna är sjuk? Tack.
Frank 28 oktober kl. 19.21
Hej Ingela, Jag är veterinär och specialist på fåglar. Man kan ge aspirin till skadade hönor om de visar tecken på smärta. När jag skriver ut aspirin till fåglar så följer jag riktlinjerna i Klinisk Fågelmedicin. Höns bör få 5 mg aspirin per kilo kroppsvikt. Du kan ge det 3–4 gånger per dag tills du kan åka till veterinären. Det är mycket viktigt att följa upp detta hos veterinären. Lycka till!"
R548-ChickenForum,4,3,Swedish,swe-SWE,"Hönsforum Fråga 3 / 7
Utgå från forumet om hönshälsa till höger. Svara på frågan genom att markera alternativ i tabellen.
Vissa inlägg på ett forum kan vara relevanta för ämnet medan andra inte är det. Ange om inläggen i tabellen nedan är relevanta för Ingela_88:s problem genom att markera Ja eller Nej.
Är inlägget relevant för det problem som Ingela_88 har?
Ja
Nej
Inlägget från NellieB79
Inlägget från Monica
Inlägget från Fågel_Erbjudanden
Inlägget från Bosse
Inlägget från Frank"
R548-ChickenForum,5,1,Swedish,swe-SWE,PISA
R548-ChickenForum,5,2,Swedish,swe-SWE,"www.honshalsa.com/forum/aspirin-hons
Hönshälsa
Din webbresurs för friska höns
Om oss
Forum
Bilder
Att ge hönor aspirin
Ingela_88 Trådskapare 28 oktober kl. 18.12
Hej! Kan jag ge aspirin till min höna? Hon är två år och jag tror att hon har gjort sig illa i benet. Jag kan inte ta mig till veterinären förrän på måndag, och veterinären svarar inte i telefonen. Min höna verkar ha mycket ont. Jag skulle vilja ge henne något som får henne att må bättre tills jag kan åka till veterinären. Tack för hjälpen.
NellieB79 28 oktober kl. 18.36
Jag vet inte om höns tål aspirin eller inte. Jag kollar alltid med min veterinär innan jag ger medicin till mina fåglar. Jag vet att vissa läkemedel som är säkra för människor kan vara mycket farliga för fåglar.
Monica 28 oktober kl. 18.52
Jag gav en aspirin till en av mina hönor när hon var skadad. Det var inga problem. Nästa dag gick jag till veterinären, men den hade redan blivit bättre. Jag tror att det kan vara farligt om du ger för mycket, så överskrid inte maxdosen! Jag hoppas att hon blir bättre!
Fågel_Erbjudanden 28 oktober kl. 19.07
Hej! Missa inte att kolla in mina superbra erbjudanden på alla fågelprodukter! Jag har jätterea just nu!
Bosse 28 oktober kl. 19.15
Är det någon som vet hur man ser om en höna är sjuk? Tack.
Frank 28 oktober kl. 19.21
Hej Ingela, Jag är veterinär och specialist på fåglar. Man kan ge aspirin till skadade hönor om de visar tecken på smärta. När jag skriver ut aspirin till fåglar så följer jag riktlinjerna i Klinisk Fågelmedicin. Höns bör få 5 mg aspirin per kilo kroppsvikt. Du kan ge det 3–4 gånger per dag tills du kan åka till veterinären. Det är mycket viktigt att följa upp detta hos veterinären. Lycka till!"
R548-ChickenForum,5,3,Swedish,swe-SWE,"Hönsforum Fråga 4 / 7
Utgå från forumet om hönshälsa till höger. Svara på frågan genom att markera ett av alternativen.
Vem har positiva erfarenheter av att ge aspirin till en skadad höna?
Ingela_88
NellieB79
Monica
Bosse"
R548-ChickenForum,6,1,Swedish,swe-SWE,PISA
R548-ChickenForum,6,2,Swedish,swe-SWE,"www.honshalsa.com/forum/aspirin-hons
Hönshälsa
Din webbresurs för friska höns
Om oss
Forum
Bilder
Att ge hönor aspirin
Ingela_88 Trådskapare 28 oktober kl. 18.12
Hej! Kan jag ge aspirin till min höna? Hon är två år och jag tror att hon har gjort sig illa i benet. Jag kan inte ta mig till veterinären förrän på måndag, och veterinären svarar inte i telefonen. Min höna verkar ha mycket ont. Jag skulle vilja ge henne något som får henne att må bättre tills jag kan åka till veterinären. Tack för hjälpen.
NellieB79 28 oktober kl. 18.36
Jag vet inte om höns tål aspirin eller inte. Jag kollar alltid med min veterinär innan jag ger medicin till mina fåglar. Jag vet att vissa läkemedel som är säkra för människor kan vara mycket farliga för fåglar.
Monica 28 oktober kl. 18.52
Jag gav en aspirin till en av mina hönor när hon var skadad. Det var inga problem. Nästa dag gick jag till veterinären, men den hade redan blivit bättre. Jag tror att det kan vara farligt om du ger för mycket, så överskrid inte maxdosen! Jag hoppas att hon blir bättre!
Fågel_Erbjudanden 28 oktober kl. 19.07
Hej! Missa inte att kolla in mina superbra erbjudanden på alla fågelprodukter! Jag har jätterea just nu!
Bosse 28 oktober kl. 19.15
Är det någon som vet hur man ser om en höna är sjuk? Tack.
Frank 28 oktober kl. 19.21
Hej Ingela, Jag är veterinär och specialist på fåglar. Man kan ge aspirin till skadade hönor om de visar tecken på smärta. När jag skriver ut aspirin till fåglar så följer jag riktlinjerna i Klinisk Fågelmedicin. Höns bör få 5 mg aspirin per kilo kroppsvikt. Du kan ge det 3–4 gånger per dag tills du kan åka till veterinären. Det är mycket viktigt att följa upp detta hos veterinären. Lycka till!"
R548-ChickenForum,6,3,Swedish,swe-SWE,"Hönsforum Fråga 5 / 7
Utgå från forumet om hönshälsa till höger. Svara på frågan genom att markera ett av alternativen.
Varför svarar Fågel_Erbjudanden på inlägget från Ingela_88?
För att göra reklam för ett företag.
För att svara på frågan från Ingela_88.
För att komplettera rådet från Monica.
För att visa sina expertkunskaper om fåglar."
R548-ChickenForum,7,1,Swedish,swe-SWE,PISA
R548-ChickenForum,7,2,Swedish,swe-SWE,"www.honshalsa.com/forum/aspirin-hons
Hönshälsa
Din webbresurs för friska höns
Om oss
Forum
Bilder
Att ge hönor aspirin
Ingela_88 Trådskapare 28 oktober kl. 18.12
Hej! Kan jag ge aspirin till min höna? Hon är två år och jag tror att hon har gjort sig illa i benet. Jag kan inte ta mig till veterinären förrän på måndag, och veterinären svarar inte i telefonen. Min höna verkar ha mycket ont. Jag skulle vilja ge henne något som får henne att må bättre tills jag kan åka till veterinären. Tack för hjälpen.
NellieB79 28 oktober kl. 18.36
Jag vet inte om höns tål aspirin eller inte. Jag kollar alltid med min veterinär innan jag ger medicin till mina fåglar. Jag vet att vissa läkemedel som är säkra för människor kan vara mycket farliga för fåglar.
Monica 28 oktober kl. 18.52
Jag gav en aspirin till en av mina hönor när hon var skadad. Det var inga problem. Nästa dag gick jag till veterinären, men den hade redan blivit bättre. Jag tror att det kan vara farligt om du ger för mycket, så överskrid inte maxdosen! Jag hoppas att hon blir bättre!
Fågel_Erbjudanden 28 oktober kl. 19.07
Hej! Missa inte att kolla in mina superbra erbjudanden på alla fågelprodukter! Jag har jätterea just nu!
Bosse 28 oktober kl. 19.15
Är det någon som vet hur man ser om en höna är sjuk? Tack.
Frank 28 oktober kl. 19.21
Hej Ingela, Jag är veterinär och specialist på fåglar. Man kan ge aspirin till skadade hönor om de visar tecken på smärta. När jag skriver ut aspirin till fåglar så följer jag riktlinjerna i Klinisk Fågelmedicin. Höns bör få 5 mg aspirin per kilo kroppsvikt. Du kan ge det 3–4 gånger per dag tills du kan åka till veterinären. Det är mycket viktigt att följa upp detta hos veterinären. Lycka till!"
R548-ChickenForum,7,3,Swedish,swe-SWE,"Hönsforum Fråga 6 / 7
Utgå från forumet om hönshälsa till höger. Svara på frågan genom att markera ett av alternativen och ge sedan en förklaring.
Vem lade ut det mest trovärdiga svaret på frågan från Ingela_88?
NellieB79
Monica
Fågel_Erbjudanden
Frank
Ge en förklaring som stöder ditt svar."
R548-ChickenForum,8,1,Swedish,swe-SWE,PISA
R548-ChickenForum,8,2,Swedish,swe-SWE,"www.honshalsa.com/forum/aspirin-hons
Hönshälsa
Din webbresurs för friska höns
Om oss
Forum
Bilder
Att ge hönor aspirin
Ingela_88 Trådskapare 28 oktober kl. 18.12
Hej! Kan jag ge aspirin till min höna? Hon är två år och jag tror att hon har gjort sig illa i benet. Jag kan inte ta mig till veterinären förrän på måndag, och veterinären svarar inte i telefonen. Min höna verkar ha mycket ont. Jag skulle vilja ge henne något som får henne att må bättre tills jag kan åka till veterinären. Tack för hjälpen.
NellieB79 28 oktober kl. 18.36
Jag vet inte om höns tål aspirin eller inte. Jag kollar alltid med min veterinär innan jag ger medicin till mina fåglar. Jag vet att vissa läkemedel som är säkra för människor kan vara mycket farliga för fåglar.
Monica 28 oktober kl. 18.52
Jag gav en aspirin till en av mina hönor när hon var skadad. Det var inga problem. Nästa dag gick jag till veterinären, men den hade redan blivit bättre. Jag tror att det kan vara farligt om du ger för mycket, så överskrid inte maxdosen! Jag hoppas att hon blir bättre!
Fågel_Erbjudanden 28 oktober kl. 19.07
Hej! Missa inte att kolla in mina superbra erbjudanden på alla fågelprodukter! Jag har jätterea just nu!
Bosse 28 oktober kl. 19.15
Är det någon som vet hur man ser om en höna är sjuk? Tack.
Frank 28 oktober kl. 19.21
Hej Ingela, Jag är veterinär och specialist på fåglar. Man kan ge aspirin till skadade hönor om de visar tecken på smärta. När jag skriver ut aspirin till fåglar så följer jag riktlinjerna i Klinisk Fågelmedicin. Höns bör få 5 mg aspirin per kilo kroppsvikt. Du kan ge det 3–4 gånger per dag tills du kan åka till veterinären. Det är mycket viktigt att följa upp detta hos veterinären. Lycka till!"
R548-ChickenForum,8,3,Swedish,swe-SWE,"Hönsforum Fråga 7 / 7
Utgå från forumet om hönshälsa till höger. Skriv ditt svar på frågan.
Varför kan inte Frank ge Ingela_88 den exakta mängden aspirin som hon ska ge till sin höna?"
R548-ChickenForum,9,1,Swedish,swe-SWE,PISA
R548-ChickenForum,9,2,Swedish,swe-SWE,"www.honshalsa.com/forum/aspirin-hons
Hönshälsa
Din webbresurs för friska höns
Om oss
Forum
Bilder
Att ge hönor aspirin
Ingela_88 Trådskapare 28 oktober kl. 18.12
Hej! Kan jag ge aspirin till min höna? Hon är två år och jag tror att hon har gjort sig illa i benet. Jag kan inte ta mig till veterinären förrän på måndag, och veterinären svarar inte i telefonen. Min höna verkar ha mycket ont. Jag skulle vilja ge henne något som får henne att må bättre tills jag kan åka till veterinären. Tack för hjälpen.
NellieB79 28 oktober kl. 18.36
Jag vet inte om höns tål aspirin eller inte. Jag kollar alltid med min veterinär innan jag ger medicin till mina fåglar. Jag vet att vissa läkemedel som är säkra för människor kan vara mycket farliga för fåglar.
Monica 28 oktober kl. 18.52
Jag gav en aspirin till en av mina hönor när hon var skadad. Det var inga problem. Nästa dag gick jag till veterinären, men den hade redan blivit bättre. Jag tror att det kan vara farligt om du ger för mycket, så överskrid inte maxdosen! Jag hoppas att hon blir bättre!
Fågel_Erbjudanden 28 oktober kl. 19.07
Hej! Missa inte att kolla in mina superbra erbjudanden på alla fågelprodukter! Jag har jätterea just nu!
Bosse 28 oktober kl. 19.15
Är det någon som vet hur man ser om en höna är sjuk? Tack.
Frank 28 oktober kl. 19.21
Hej Ingela, Jag är veterinär och specialist på fåglar. Man kan ge aspirin till skadade hönor om de visar tecken på smärta. När jag skriver ut aspirin till fåglar så följer jag riktlinjerna i Klinisk Fågelmedicin. Höns bör få 5 mg aspirin per kilo kroppsvikt. Du kan ge det 3–4 gånger per dag tills du kan åka till veterinären. Det är mycket viktigt att följa upp detta hos veterinären. Lycka till!"
R548-ChickenForum,9,3,Swedish,swe-SWE,"Hönsforum Fråga 7 / 7
Utgå från forumet om hönshälsa till höger. Skriv ditt svar på frågan.
Varför kan inte Frank ge Ingela_88 den exakta mängden aspirin som hon ska ge till sin höna?"
R548-ChickenForum,10,1,Swedish,swe-SWE,PISA
R548-ChickenForum,10,2,Swedish,swe-SWE,"www.honshalsa.com/forum/aspirin-hons
Hönshälsa
Din webbresurs för friska höns
Om oss
Forum
Bilder
Att ge hönor aspirin
Ingela_88 Trådskapare 28 oktober kl. 18.12
Hej! Kan jag ge aspirin till min höna? Hon är två år och jag tror att hon har gjort sig illa i benet. Jag kan inte ta mig till veterinären förrän på måndag, och veterinären svarar inte i telefonen. Min höna verkar ha mycket ont. Jag skulle vilja ge henne något som får henne att må bättre tills jag kan åka till veterinären. Tack för hjälpen.
NellieB79 28 oktober kl. 18.36
Jag vet inte om höns tål aspirin eller inte. Jag kollar alltid med min veterinär innan jag ger medicin till mina fåglar. Jag vet att vissa läkemedel som är säkra för människor kan vara mycket farliga för fåglar.
Monica 28 oktober kl. 18.52
Jag gav en aspirin till en av mina hönor när hon var skadad. Det var inga problem. Nästa dag gick jag till veterinären, men den hade redan blivit bättre. Jag tror att det kan vara farligt om du ger för mycket, så överskrid inte maxdosen! Jag hoppas att hon blir bättre!
Fågel_Erbjudanden 28 oktober kl. 19.07
Hej! Missa inte att kolla in mina superbra erbjudanden på alla fågelprodukter! Jag har jätterea just nu!
Bosse 28 oktober kl. 19.15
Är det någon som vet hur man ser om en höna är sjuk? Tack.
Frank 28 oktober kl. 19.21
Hej Ingela, Jag är veterinär och specialist på fåglar. Man kan ge aspirin till skadade hönor om de visar tecken på smärta. När jag skriver ut aspirin till fåglar så följer jag riktlinjerna i Klinisk Fågelmedicin. Höns bör få 5 mg aspirin per kilo kroppsvikt. Du kan ge det 3–4 gånger per dag tills du kan åka till veterinären. Det är mycket viktigt att följa upp detta hos veterinären. Lycka till!"
R548-ChickenForum,10,3,Swedish,swe-SWE,"Hönsforum Fråga 7 / 7
Utgå från forumet om hönshälsa till höger. Skriv ditt svar på frågan.
Varför kan inte Frank ge Ingela_88 den exakta mängden aspirin som hon ska ge till sin höna?"
R548-ChickenForum,1,1,Thai,tha-THA,PISA
R548-ChickenForum,1,2,Thai,tha-THA,"กระดานสนทนาเรื่องไก่ บทนำ
เมื่ออ่านบทนำแล้ว ให้คลิกที่ลูกศรถัดไป
นักเรียนเดินทางไปเยี่ยมญาติที่เพิ่งย้ายไปทำฟาร์มเลี้ยงไก่     นักเรียนถามคุณป้าว่า “ป้ารู้วิธีเลี้ยงไก่ได้อย่างไร”
คุณป้าตอบว่า “เราได้พูดคุยกับผู้ที่เลี้ยงไก่หลายๆ คน  และยังมีแหล่งเรียนรู้มากมายในอินเทอร์เน็ต  เช่น มีกระดานสนทนาเรื่องสุขภาพของไก่ที่ป้าชอบเข้าไปดู  ซึ่งมันช่วยได้อย่างมากตอนที่แม่ไก่ตัวหนึ่งมีอาการเจ็บขาเมื่อไม่นานมานี้   ป้าจะให้ดูบทสนทนาที่ป้าเก็บไว้”
ให้คลิกที่ลูกศรถัดไปเพื่ออ่านกระดานสนทนา"
R548-ChickenForum,2,1,Thai,tha-THA,PISA
R548-ChickenForum,2,2,Thai,tha-THA,"www.chickenhealth.com/forum/aspirin-chickens
สุขภาพไก่
แหล่งเรียนรู้ออนไลน์เพื่อไก่สุขภาพดี
เกี่ยวกับเรา
กระดานสนทนา
รูปภาพ
การให้แอสไพรินกับไก่
อุษา_88 ผู้ตั้งกระทู้ โพสต์เมื่อวันที่ 28 ตุลาคม  เวลา  18.12 น.
สวัสดีทุกคน! จะเป็นอะไรไหมถ้าฉันให้แอสไพรินกับแม่ไก่ของฉัน มันอายุ 2 ปี และฉันคิดว่ามันมีอาการเจ็บขา  ฉันพามันไปหาสัตวแพทย์ไม่ได้จนกว่าจะถึงวันจันทร์และคุณหมอก็ไม่รับโทรศัพท์   แม่ไก่ดูจะเจ็บปวดมาก  ฉันอยากให้อะไรบางอย่างกับมันเพื่อทำให้มันรู้สึกดีขึ้นจนกว่าฉันจะได้พามันไปหาหมอ   ขอบคุณสำหรับความช่วยเหลือ
นิวB79 โพสต์เมื่อวันที่ 28 ตุลาคม  เวลา 18.36 น.
ฉันไม่รู้ว่าแอสไพรินปลอดภัยกับแม่ไก่หรือไม่    ฉันจะตรวจสอบกับสัตวแพทย์อยู่เสมอก่อนจะให้ยากับนกของฉัน    ฉันรู้มาว่ายาที่ปลอดภัยกับมนุษย์บางชนิดอาจเป็นอันตรายร้ายแรงกับนกได้
มล โพสต์เมื่อวันที่ 28 ตุลาคม  เวลา 18.52 น.
ฉันเคยให้แอสไพรินกับแม่ไก่ของฉันตัวหนึ่งตอนที่มันบาดเจ็บ   ไม่มีปัญหาอะไรเลย   วันต่อมาฉันพามันไปพบสัตวแพทย์แต่มันก็อาการดีขึ้นแล้ว     ฉันคิดว่าอันตรายอาจเกิดจากการให้ยาในปริมาณที่มากเกินไป ดังนั้น อย่าให้ยาเกินขนาด!   ฉันหวังว่ามันจะอาการดีขึ้น!
สินค้า_สัตว์ปีก โพสต์เมื่อวันที่ 28 ตุลาคม  เวลา 19.07 น.
สวัสดี!  อย่าลืมเข้ามาดูข้อเสนอพิเศษสำหรับสินค้าทุกชนิดที่เกี่ยวกับนก กำลังจัดรายการลดราคาพิเศษในตอนนี้!
บอย โพสต์เมื่อวันที่ 28 ตุลาคม  เวลา19.15 น.
ใครก็ได้ช่วยกรุณาบอกผมหน่อยว่า จะรู้ได้อย่างไรว่าไก่มีอาการป่วย   ขอบคุณครับ
ภาณุ โพสต์เมื่อวันที่ 28 ตุลาคม  เวลา 19.21 น.
สวัสดี อุษา ผมเป็นสัตวแพทย์ที่เชี่ยวชาญในด้านนก  การให้แอสไพรินกับไก่ที่บาดเจ็บนั้นทำได้ถ้ามันแสดงอาการให้เห็นว่าเจ็บปวด     เมื่อต้องจ่ายแอสไพรินให้นก ผมจะทำตามคำแนะนำที่ตีพิมพ์โดยเวชศาสตร์คลินิกสัตว์ปีก     ไก่ควรได้รับแอสไพริน 5 มิลลิกรัมต่อนำหนักตัวหนึ่งกิโลกรัม   คุณสามารถให้ยาในปริมาณนี้ 3-4 ครั้งต่อวันจนกว่าคุณจะสามารถพามันไปพบสัตวแพทย์ได้    การติดตามอาการด้วยการพาไปพบสัตวแพทย์เป็นสิ่งที่สำคัญมาก   ขอให้โชคดี!"
R548-ChickenForum,2,3,Thai,tha-THA,"กระดานสนทนาเรื่องไก่  คำถามที่ 1 /  7
จากกระดานสนทนาเรื่องไก่ทางด้านขวา ให้คลิกหนึ่งตัวเลือกเพื่อตอบคำถาม
อุษา_88 ต้องการรู้ในเรื่องใด
เธอสามารถให้แอสไพรินกับแม่ไก่ที่บาดเจ็บได้หรือไม่
เธอสามารถให้แอสไพรินกับแม่ไก่ที่บาดเจ็บได้บ่อยเพียงใด
เธอจะติดต่อสัตวแพทย์เกี่ยวกับเรื่องแม่ไก่ที่บาดเจ็บได้อย่างไร
เธอสามารถวินิจฉัยระดับความเจ็บปวดของแม่ไก่ที่บาดเจ็บได้หรือไม่"
R548-ChickenForum,3,1,Thai,tha-THA,PISA
R548-ChickenForum,3,2,Thai,tha-THA,"www.chickenhealth.com/forum/aspirin-chickens
สุขภาพไก่
แหล่งเรียนรู้ออนไลน์เพื่อไก่สุขภาพดี
เกี่ยวกับเรา
กระดานสนทนา
รูปภาพ
การให้แอสไพรินกับไก่
อุษา_88 ผู้ตั้งกระทู้ โพสต์เมื่อวันที่ 28 ตุลาคม  เวลา  18.12 น.
สวัสดีทุกคน! จะเป็นอะไรไหมถ้าฉันให้แอสไพรินกับแม่ไก่ของฉัน มันอายุ 2 ปี และฉันคิดว่ามันมีอาการเจ็บขา  ฉันพามันไปหาสัตวแพทย์ไม่ได้จนกว่าจะถึงวันจันทร์และคุณหมอก็ไม่รับโทรศัพท์   แม่ไก่ดูจะเจ็บปวดมาก  ฉันอยากให้อะไรบางอย่างกับมันเพื่อทำให้มันรู้สึกดีขึ้นจนกว่าฉันจะได้พามันไปหาหมอ   ขอบคุณสำหรับความช่วยเหลือ
นิวB79 โพสต์เมื่อวันที่ 28 ตุลาคม  เวลา 18.36 น.
ฉันไม่รู้ว่าแอสไพรินปลอดภัยกับแม่ไก่หรือไม่    ฉันจะตรวจสอบกับสัตวแพทย์อยู่เสมอก่อนจะให้ยากับนกของฉัน    ฉันรู้มาว่ายาที่ปลอดภัยกับมนุษย์บางชนิดอาจเป็นอันตรายร้ายแรงกับนกได้
มล โพสต์เมื่อวันที่ 28 ตุลาคม  เวลา 18.52 น.
ฉันเคยให้แอสไพรินกับแม่ไก่ของฉันตัวหนึ่งตอนที่มันบาดเจ็บ   ไม่มีปัญหาอะไรเลย   วันต่อมาฉันพามันไปพบสัตวแพทย์แต่มันก็อาการดีขึ้นแล้ว     ฉันคิดว่าอันตรายอาจเกิดจากการให้ยาในปริมาณที่มากเกินไป ดังนั้น อย่าให้ยาเกินขนาด!   ฉันหวังว่ามันจะอาการดีขึ้น!
สินค้า_สัตว์ปีก โพสต์เมื่อวันที่ 28 ตุลาคม  เวลา 19.07 น.
สวัสดี!  อย่าลืมเข้ามาดูข้อเสนอพิเศษสำหรับสินค้าทุกชนิดที่เกี่ยวกับนก กำลังจัดรายการลดราคาพิเศษในตอนนี้!
บอย โพสต์เมื่อวันที่ 28 ตุลาคม  เวลา19.15 น.
ใครก็ได้ช่วยกรุณาบอกผมหน่อยว่า จะรู้ได้อย่างไรว่าไก่มีอาการป่วย   ขอบคุณครับ
ภาณุ โพสต์เมื่อวันที่ 28 ตุลาคม  เวลา 19.21 น.
สวัสดี อุษา ผมเป็นสัตวแพทย์ที่เชี่ยวชาญในด้านนก  การให้แอสไพรินกับไก่ที่บาดเจ็บนั้นทำได้ถ้ามันแสดงอาการให้เห็นว่าเจ็บปวด     เมื่อต้องจ่ายแอสไพรินให้นก ผมจะทำตามคำแนะนำที่ตีพิมพ์โดยเวชศาสตร์คลินิกสัตว์ปีก     ไก่ควรได้รับแอสไพริน 5 มิลลิกรัมต่อนำหนักตัวหนึ่งกิโลกรัม   คุณสามารถให้ยาในปริมาณนี้ 3-4 ครั้งต่อวันจนกว่าคุณจะสามารถพามันไปพบสัตวแพทย์ได้    การติดตามอาการด้วยการพาไปพบสัตวแพทย์เป็นสิ่งที่สำคัญมาก   ขอให้โชคดี!"
R548-ChickenForum,3,3,Thai,tha-THA,"กระดานสนทนาเรื่องไก่  คำถามที่ 2 /  7
จากกระดานสนทนาเรื่องไก่ทางด้านขวา ให้คลิกหนึ่งตัวเลือกเพื่อตอบคำถาม
เพราะเหตุใด อุษา_88 จึงตัดสินใจโพสต์คำถามของเธอลงบนกระดานสนทนาในอินเทอร์เน็ต
เพราะเธอไม่รู้ว่าจะค้นหาสัตวแพทย์ได้อย่างไร
เพราะเธอคิดว่าปัญหาของแม่ไก่ไม่ได้รุนแรง
เพราะเธอต้องการช่วยแม่ไก่ให้เร็วที่สุดเท่าที่จะทำได้
เพราะเธอมีเงินไม่มากพอที่จะไปหาสัตวแพทย์"
R548-ChickenForum,4,1,Thai,tha-THA,PISA
R548-ChickenForum,4,2,Thai,tha-THA,"www.chickenhealth.com/forum/aspirin-chickens
สุขภาพไก่
แหล่งเรียนรู้ออนไลน์เพื่อไก่สุขภาพดี
เกี่ยวกับเรา
กระดานสนทนา
รูปภาพ
การให้แอสไพรินกับไก่
อุษา_88 ผู้ตั้งกระทู้ โพสต์เมื่อวันที่ 28 ตุลาคม  เวลา  18.12 น.
สวัสดีทุกคน! จะเป็นอะไรไหมถ้าฉันให้แอสไพรินกับแม่ไก่ของฉัน มันอายุ 2 ปี และฉันคิดว่ามันมีอาการเจ็บขา  ฉันพามันไปหาสัตวแพทย์ไม่ได้จนกว่าจะถึงวันจันทร์และคุณหมอก็ไม่รับโทรศัพท์   แม่ไก่ดูจะเจ็บปวดมาก  ฉันอยากให้อะไรบางอย่างกับมันเพื่อทำให้มันรู้สึกดีขึ้นจนกว่าฉันจะได้พามันไปหาหมอ   ขอบคุณสำหรับความช่วยเหลือ
นิวB79 โพสต์เมื่อวันที่ 28 ตุลาคม  เวลา 18.36 น.
ฉันไม่รู้ว่าแอสไพรินปลอดภัยกับแม่ไก่หรือไม่    ฉันจะตรวจสอบกับสัตวแพทย์อยู่เสมอก่อนจะให้ยากับนกของฉัน    ฉันรู้มาว่ายาที่ปลอดภัยกับมนุษย์บางชนิดอาจเป็นอันตรายร้ายแรงกับนกได้
มล โพสต์เมื่อวันที่ 28 ตุลาคม  เวลา 18.52 น.
ฉันเคยให้แอสไพรินกับแม่ไก่ของฉันตัวหนึ่งตอนที่มันบาดเจ็บ   ไม่มีปัญหาอะไรเลย   วันต่อมาฉันพามันไปพบสัตวแพทย์แต่มันก็อาการดีขึ้นแล้ว     ฉันคิดว่าอันตรายอาจเกิดจากการให้ยาในปริมาณที่มากเกินไป ดังนั้น อย่าให้ยาเกินขนาด!   ฉันหวังว่ามันจะอาการดีขึ้น!
สินค้า_สัตว์ปีก โพสต์เมื่อวันที่ 28 ตุลาคม  เวลา 19.07 น.
สวัสดี!  อย่าลืมเข้ามาดูข้อเสนอพิเศษสำหรับสินค้าทุกชนิดที่เกี่ยวกับนก กำลังจัดรายการลดราคาพิเศษในตอนนี้!
บอย โพสต์เมื่อวันที่ 28 ตุลาคม  เวลา19.15 น.
ใครก็ได้ช่วยกรุณาบอกผมหน่อยว่า จะรู้ได้อย่างไรว่าไก่มีอาการป่วย   ขอบคุณครับ
ภาณุ โพสต์เมื่อวันที่ 28 ตุลาคม  เวลา 19.21 น.
สวัสดี อุษา ผมเป็นสัตวแพทย์ที่เชี่ยวชาญในด้านนก  การให้แอสไพรินกับไก่ที่บาดเจ็บนั้นทำได้ถ้ามันแสดงอาการให้เห็นว่าเจ็บปวด     เมื่อต้องจ่ายแอสไพรินให้นก ผมจะทำตามคำแนะนำที่ตีพิมพ์โดยเวชศาสตร์คลินิกสัตว์ปีก     ไก่ควรได้รับแอสไพริน 5 มิลลิกรัมต่อนำหนักตัวหนึ่งกิโลกรัม   คุณสามารถให้ยาในปริมาณนี้ 3-4 ครั้งต่อวันจนกว่าคุณจะสามารถพามันไปพบสัตวแพทย์ได้    การติดตามอาการด้วยการพาไปพบสัตวแพทย์เป็นสิ่งที่สำคัญมาก   ขอให้โชคดี!"
R548-ChickenForum,4,3,Thai,tha-THA,"กระดานสนทนาเรื่องไก่  คำถามที่ 3 /  7
จากกระดานสนทนาเรื่องไก่ทางด้านขวา ให้คลิกตัวเลือกในตารางเพื่อตอบคำถาม
บนกระดานสนทนามีบางโพสต์ที่เกี่ยวข้องกับหัวข้อเรื่อง แต่บางโพสต์ก็ไม่เกี่ยวข้องกับหัวข้อเรื่อง จงคลิกเลือก  ใช่ หรือ ไม่ใช่ เพื่อระบุว่าโพสต์ที่อยู่ในตารางข้างล่างเกี่ยวกับปัญหาของอุษา_88 หรือไม่
โพสต์นี้เกี่ยวกับปัญหาของอุษา_88 ใช่หรือไม่
ใช่
ไม่ใช่
โพสต์ของนิวB79
โพสต์ของมล
โพสต์ของสินค้า_สัตว์ปีก
โพสต์ของบอย
โพสต์ของภาณุ"
R548-ChickenForum,5,1,Thai,tha-THA,PISA
R548-ChickenForum,5,2,Thai,tha-THA,"www.chickenhealth.com/forum/aspirin-chickens
สุขภาพไก่
แหล่งเรียนรู้ออนไลน์เพื่อไก่สุขภาพดี
เกี่ยวกับเรา
กระดานสนทนา
รูปภาพ
การให้แอสไพรินกับไก่
อุษา_88 ผู้ตั้งกระทู้ โพสต์เมื่อวันที่ 28 ตุลาคม  เวลา  18.12 น.
สวัสดีทุกคน! จะเป็นอะไรไหมถ้าฉันให้แอสไพรินกับแม่ไก่ของฉัน มันอายุ 2 ปี และฉันคิดว่ามันมีอาการเจ็บขา  ฉันพามันไปหาสัตวแพทย์ไม่ได้จนกว่าจะถึงวันจันทร์และคุณหมอก็ไม่รับโทรศัพท์   แม่ไก่ดูจะเจ็บปวดมาก  ฉันอยากให้อะไรบางอย่างกับมันเพื่อทำให้มันรู้สึกดีขึ้นจนกว่าฉันจะได้พามันไปหาหมอ   ขอบคุณสำหรับความช่วยเหลือ
นิวB79 โพสต์เมื่อวันที่ 28 ตุลาคม  เวลา 18.36 น.
ฉันไม่รู้ว่าแอสไพรินปลอดภัยกับแม่ไก่หรือไม่    ฉันจะตรวจสอบกับสัตวแพทย์อยู่เสมอก่อนจะให้ยากับนกของฉัน    ฉันรู้มาว่ายาที่ปลอดภัยกับมนุษย์บางชนิดอาจเป็นอันตรายร้ายแรงกับนกได้
มล โพสต์เมื่อวันที่ 28 ตุลาคม  เวลา 18.52 น.
ฉันเคยให้แอสไพรินกับแม่ไก่ของฉันตัวหนึ่งตอนที่มันบาดเจ็บ   ไม่มีปัญหาอะไรเลย   วันต่อมาฉันพามันไปพบสัตวแพทย์แต่มันก็อาการดีขึ้นแล้ว     ฉันคิดว่าอันตรายอาจเกิดจากการให้ยาในปริมาณที่มากเกินไป ดังนั้น อย่าให้ยาเกินขนาด!   ฉันหวังว่ามันจะอาการดีขึ้น!
สินค้า_สัตว์ปีก โพสต์เมื่อวันที่ 28 ตุลาคม  เวลา 19.07 น.
สวัสดี!  อย่าลืมเข้ามาดูข้อเสนอพิเศษสำหรับสินค้าทุกชนิดที่เกี่ยวกับนก กำลังจัดรายการลดราคาพิเศษในตอนนี้!
บอย โพสต์เมื่อวันที่ 28 ตุลาคม  เวลา19.15 น.
ใครก็ได้ช่วยกรุณาบอกผมหน่อยว่า จะรู้ได้อย่างไรว่าไก่มีอาการป่วย   ขอบคุณครับ
ภาณุ โพสต์เมื่อวันที่ 28 ตุลาคม  เวลา 19.21 น.
สวัสดี อุษา ผมเป็นสัตวแพทย์ที่เชี่ยวชาญในด้านนก  การให้แอสไพรินกับไก่ที่บาดเจ็บนั้นทำได้ถ้ามันแสดงอาการให้เห็นว่าเจ็บปวด     เมื่อต้องจ่ายแอสไพรินให้นก ผมจะทำตามคำแนะนำที่ตีพิมพ์โดยเวชศาสตร์คลินิกสัตว์ปีก     ไก่ควรได้รับแอสไพริน 5 มิลลิกรัมต่อนำหนักตัวหนึ่งกิโลกรัม   คุณสามารถให้ยาในปริมาณนี้ 3-4 ครั้งต่อวันจนกว่าคุณจะสามารถพามันไปพบสัตวแพทย์ได้    การติดตามอาการด้วยการพาไปพบสัตวแพทย์เป็นสิ่งที่สำคัญมาก   ขอให้โชคดี!"
R548-ChickenForum,5,3,Thai,tha-THA,"กระดานสนทนาเรื่องไก่  คำถามที่ 4 /  7
จากกระดานสนทนาเรื่องไก่ทางด้านขวา ให้คลิกหนึ่งตัวเลือกเพื่อตอบคำถาม
ผู้ที่เคยมีประสบการณ์ด้านบวกในการใช้แอสไพรินกับแม่ไก่ที่บาดเจ็บคือใคร
อุษา_88
นิวB79
มล
บอย"
R548-ChickenForum,6,1,Thai,tha-THA,PISA
R548-ChickenForum,6,2,Thai,tha-THA,"www.chickenhealth.com/forum/aspirin-chickens
สุขภาพไก่
แหล่งเรียนรู้ออนไลน์เพื่อไก่สุขภาพดี
เกี่ยวกับเรา
กระดานสนทนา
รูปภาพ
การให้แอสไพรินกับไก่
อุษา_88 ผู้ตั้งกระทู้ โพสต์เมื่อวันที่ 28 ตุลาคม  เวลา  18.12 น.
สวัสดีทุกคน! จะเป็นอะไรไหมถ้าฉันให้แอสไพรินกับแม่ไก่ของฉัน มันอายุ 2 ปี และฉันคิดว่ามันมีอาการเจ็บขา  ฉันพามันไปหาสัตวแพทย์ไม่ได้จนกว่าจะถึงวันจันทร์และคุณหมอก็ไม่รับโทรศัพท์   แม่ไก่ดูจะเจ็บปวดมาก  ฉันอยากให้อะไรบางอย่างกับมันเพื่อทำให้มันรู้สึกดีขึ้นจนกว่าฉันจะได้พามันไปหาหมอ   ขอบคุณสำหรับความช่วยเหลือ
นิวB79 โพสต์เมื่อวันที่ 28 ตุลาคม  เวลา 18.36 น.
ฉันไม่รู้ว่าแอสไพรินปลอดภัยกับแม่ไก่หรือไม่    ฉันจะตรวจสอบกับสัตวแพทย์อยู่เสมอก่อนจะให้ยากับนกของฉัน    ฉันรู้มาว่ายาที่ปลอดภัยกับมนุษย์บางชนิดอาจเป็นอันตรายร้ายแรงกับนกได้
มล โพสต์เมื่อวันที่ 28 ตุลาคม  เวลา 18.52 น.
ฉันเคยให้แอสไพรินกับแม่ไก่ของฉันตัวหนึ่งตอนที่มันบาดเจ็บ   ไม่มีปัญหาอะไรเลย   วันต่อมาฉันพามันไปพบสัตวแพทย์แต่มันก็อาการดีขึ้นแล้ว     ฉันคิดว่าอันตรายอาจเกิดจากการให้ยาในปริมาณที่มากเกินไป ดังนั้น อย่าให้ยาเกินขนาด!   ฉันหวังว่ามันจะอาการดีขึ้น!
สินค้า_สัตว์ปีก โพสต์เมื่อวันที่ 28 ตุลาคม  เวลา 19.07 น.
สวัสดี!  อย่าลืมเข้ามาดูข้อเสนอพิเศษสำหรับสินค้าทุกชนิดที่เกี่ยวกับนก กำลังจัดรายการลดราคาพิเศษในตอนนี้!
บอย โพสต์เมื่อวันที่ 28 ตุลาคม  เวลา19.15 น.
ใครก็ได้ช่วยกรุณาบอกผมหน่อยว่า จะรู้ได้อย่างไรว่าไก่มีอาการป่วย   ขอบคุณครับ
ภาณุ โพสต์เมื่อวันที่ 28 ตุลาคม  เวลา 19.21 น.
สวัสดี อุษา ผมเป็นสัตวแพทย์ที่เชี่ยวชาญในด้านนก  การให้แอสไพรินกับไก่ที่บาดเจ็บนั้นทำได้ถ้ามันแสดงอาการให้เห็นว่าเจ็บปวด     เมื่อต้องจ่ายแอสไพรินให้นก ผมจะทำตามคำแนะนำที่ตีพิมพ์โดยเวชศาสตร์คลินิกสัตว์ปีก     ไก่ควรได้รับแอสไพริน 5 มิลลิกรัมต่อนำหนักตัวหนึ่งกิโลกรัม   คุณสามารถให้ยาในปริมาณนี้ 3-4 ครั้งต่อวันจนกว่าคุณจะสามารถพามันไปพบสัตวแพทย์ได้    การติดตามอาการด้วยการพาไปพบสัตวแพทย์เป็นสิ่งที่สำคัญมาก   ขอให้โชคดี!"
R548-ChickenForum,6,3,Thai,tha-THA,"กระดานสนทนาเรื่องไก่  คำถามที่ 5 /  7
จากกระดานสนทนาเรื่องไก่ทางด้านขวา ให้คลิกหนึ่งตัวเลือกเพื่อตอบคำถาม
เพราะเหตุใด สินค้า_สัตว์ปีก จึงตอบโพสต์ของอุษา_88
เพื่อเป็นการโฆษณาธุรกิจ
เพื่อตอบคำถามของอุษา_88
เพื่อเสริมคำแนะนำของมล
เพื่อแสดงถึงความเชี่ยวชาญในเรื่องนก"
R548-ChickenForum,7,1,Thai,tha-THA,PISA
R548-ChickenForum,7,2,Thai,tha-THA,"www.chickenhealth.com/forum/aspirin-chickens
สุขภาพไก่
แหล่งเรียนรู้ออนไลน์เพื่อไก่สุขภาพดี
เกี่ยวกับเรา
กระดานสนทนา
รูปภาพ
การให้แอสไพรินกับไก่
อุษา_88 ผู้ตั้งกระทู้ โพสต์เมื่อวันที่ 28 ตุลาคม  เวลา  18.12 น.
สวัสดีทุกคน! จะเป็นอะไรไหมถ้าฉันให้แอสไพรินกับแม่ไก่ของฉัน มันอายุ 2 ปี และฉันคิดว่ามันมีอาการเจ็บขา  ฉันพามันไปหาสัตวแพทย์ไม่ได้จนกว่าจะถึงวันจันทร์และคุณหมอก็ไม่รับโทรศัพท์   แม่ไก่ดูจะเจ็บปวดมาก  ฉันอยากให้อะไรบางอย่างกับมันเพื่อทำให้มันรู้สึกดีขึ้นจนกว่าฉันจะได้พามันไปหาหมอ   ขอบคุณสำหรับความช่วยเหลือ
นิวB79 โพสต์เมื่อวันที่ 28 ตุลาคม  เวลา 18.36 น.
ฉันไม่รู้ว่าแอสไพรินปลอดภัยกับแม่ไก่หรือไม่    ฉันจะตรวจสอบกับสัตวแพทย์อยู่เสมอก่อนจะให้ยากับนกของฉัน    ฉันรู้มาว่ายาที่ปลอดภัยกับมนุษย์บางชนิดอาจเป็นอันตรายร้ายแรงกับนกได้
มล โพสต์เมื่อวันที่ 28 ตุลาคม  เวลา 18.52 น.
ฉันเคยให้แอสไพรินกับแม่ไก่ของฉันตัวหนึ่งตอนที่มันบาดเจ็บ   ไม่มีปัญหาอะไรเลย   วันต่อมาฉันพามันไปพบสัตวแพทย์แต่มันก็อาการดีขึ้นแล้ว     ฉันคิดว่าอันตรายอาจเกิดจากการให้ยาในปริมาณที่มากเกินไป ดังนั้น อย่าให้ยาเกินขนาด!   ฉันหวังว่ามันจะอาการดีขึ้น!
สินค้า_สัตว์ปีก โพสต์เมื่อวันที่ 28 ตุลาคม  เวลา 19.07 น.
สวัสดี!  อย่าลืมเข้ามาดูข้อเสนอพิเศษสำหรับสินค้าทุกชนิดที่เกี่ยวกับนก กำลังจัดรายการลดราคาพิเศษในตอนนี้!
บอย โพสต์เมื่อวันที่ 28 ตุลาคม  เวลา19.15 น.
ใครก็ได้ช่วยกรุณาบอกผมหน่อยว่า จะรู้ได้อย่างไรว่าไก่มีอาการป่วย   ขอบคุณครับ
ภาณุ โพสต์เมื่อวันที่ 28 ตุลาคม  เวลา 19.21 น.
สวัสดี อุษา ผมเป็นสัตวแพทย์ที่เชี่ยวชาญในด้านนก  การให้แอสไพรินกับไก่ที่บาดเจ็บนั้นทำได้ถ้ามันแสดงอาการให้เห็นว่าเจ็บปวด     เมื่อต้องจ่ายแอสไพรินให้นก ผมจะทำตามคำแนะนำที่ตีพิมพ์โดยเวชศาสตร์คลินิกสัตว์ปีก     ไก่ควรได้รับแอสไพริน 5 มิลลิกรัมต่อนำหนักตัวหนึ่งกิโลกรัม   คุณสามารถให้ยาในปริมาณนี้ 3-4 ครั้งต่อวันจนกว่าคุณจะสามารถพามันไปพบสัตวแพทย์ได้    การติดตามอาการด้วยการพาไปพบสัตวแพทย์เป็นสิ่งที่สำคัญมาก   ขอให้โชคดี!"
R548-ChickenForum,7,3,Thai,tha-THA,"กระดานสนทนาเรื่องไก่  คำถามที่ 6 /  7
จากกระดานสนทนาเรื่องไก่ทางด้านขวา ให้คลิกหนึ่งตัวเลือก แล้วพิมพ์คำอธิบายเพื่อตอบคำถาม
ใครคือผู้ที่โพสต์ตอบคำถามของ อุษา_88 ได้น่าเชื่อถือที่สุด
นิวB79
มล
สินค้า_สัตว์ปีก
ภาณุ
จงให้เหตุผลอธิบายคำตอบของนักเรียน"
R548-ChickenForum,8,1,Thai,tha-THA,PISA
R548-ChickenForum,8,2,Thai,tha-THA,"www.chickenhealth.com/forum/aspirin-chickens
สุขภาพไก่
แหล่งเรียนรู้ออนไลน์เพื่อไก่สุขภาพดี
เกี่ยวกับเรา
กระดานสนทนา
รูปภาพ
การให้แอสไพรินกับไก่
อุษา_88 ผู้ตั้งกระทู้ โพสต์เมื่อวันที่ 28 ตุลาคม  เวลา  18.12 น.
สวัสดีทุกคน! จะเป็นอะไรไหมถ้าฉันให้แอสไพรินกับแม่ไก่ของฉัน มันอายุ 2 ปี และฉันคิดว่ามันมีอาการเจ็บขา  ฉันพามันไปหาสัตวแพทย์ไม่ได้จนกว่าจะถึงวันจันทร์และคุณหมอก็ไม่รับโทรศัพท์   แม่ไก่ดูจะเจ็บปวดมาก  ฉันอยากให้อะไรบางอย่างกับมันเพื่อทำให้มันรู้สึกดีขึ้นจนกว่าฉันจะได้พามันไปหาหมอ   ขอบคุณสำหรับความช่วยเหลือ
นิวB79 โพสต์เมื่อวันที่ 28 ตุลาคม  เวลา 18.36 น.
ฉันไม่รู้ว่าแอสไพรินปลอดภัยกับแม่ไก่หรือไม่    ฉันจะตรวจสอบกับสัตวแพทย์อยู่เสมอก่อนจะให้ยากับนกของฉัน    ฉันรู้มาว่ายาที่ปลอดภัยกับมนุษย์บางชนิดอาจเป็นอันตรายร้ายแรงกับนกได้
มล โพสต์เมื่อวันที่ 28 ตุลาคม  เวลา 18.52 น.
ฉันเคยให้แอสไพรินกับแม่ไก่ของฉันตัวหนึ่งตอนที่มันบาดเจ็บ   ไม่มีปัญหาอะไรเลย   วันต่อมาฉันพามันไปพบสัตวแพทย์แต่มันก็อาการดีขึ้นแล้ว     ฉันคิดว่าอันตรายอาจเกิดจากการให้ยาในปริมาณที่มากเกินไป ดังนั้น อย่าให้ยาเกินขนาด!   ฉันหวังว่ามันจะอาการดีขึ้น!
สินค้า_สัตว์ปีก โพสต์เมื่อวันที่ 28 ตุลาคม  เวลา 19.07 น.
สวัสดี!  อย่าลืมเข้ามาดูข้อเสนอพิเศษสำหรับสินค้าทุกชนิดที่เกี่ยวกับนก กำลังจัดรายการลดราคาพิเศษในตอนนี้!
บอย โพสต์เมื่อวันที่ 28 ตุลาคม  เวลา19.15 น.
ใครก็ได้ช่วยกรุณาบอกผมหน่อยว่า จะรู้ได้อย่างไรว่าไก่มีอาการป่วย   ขอบคุณครับ
ภาณุ โพสต์เมื่อวันที่ 28 ตุลาคม  เวลา 19.21 น.
สวัสดี อุษา ผมเป็นสัตวแพทย์ที่เชี่ยวชาญในด้านนก  การให้แอสไพรินกับไก่ที่บาดเจ็บนั้นทำได้ถ้ามันแสดงอาการให้เห็นว่าเจ็บปวด     เมื่อต้องจ่ายแอสไพรินให้นก ผมจะทำตามคำแนะนำที่ตีพิมพ์โดยเวชศาสตร์คลินิกสัตว์ปีก     ไก่ควรได้รับแอสไพริน 5 มิลลิกรัมต่อนำหนักตัวหนึ่งกิโลกรัม   คุณสามารถให้ยาในปริมาณนี้ 3-4 ครั้งต่อวันจนกว่าคุณจะสามารถพามันไปพบสัตวแพทย์ได้    การติดตามอาการด้วยการพาไปพบสัตวแพทย์เป็นสิ่งที่สำคัญมาก   ขอให้โชคดี!"
R548-ChickenForum,8,3,Thai,tha-THA,"กระดานสนทนาเรื่องไก่  คำถามที่ 7 /  7
จากกระดานสนทนาเรื่องไก่ทางด้านขวา ให้พิมพ์คำตอบของนักเรียนเพื่อตอบคำถาม
เพราะเหตุใดภาณุจึงไม่สามารถบอกปริมาณที่แน่นอนของแอสไพรินสำหรับแม่ไก่ของอุษา_88 ได้"
R548-ChickenForum,9,1,Thai,tha-THA,PISA
R548-ChickenForum,9,2,Thai,tha-THA,"www.chickenhealth.com/forum/aspirin-chickens
สุขภาพไก่
แหล่งเรียนรู้ออนไลน์เพื่อไก่สุขภาพดี
เกี่ยวกับเรา
กระดานสนทนา
รูปภาพ
การให้แอสไพรินกับไก่
อุษา_88 ผู้ตั้งกระทู้ โพสต์เมื่อวันที่ 28 ตุลาคม  เวลา  18.12 น.
สวัสดีทุกคน! จะเป็นอะไรไหมถ้าฉันให้แอสไพรินกับแม่ไก่ของฉัน มันอายุ 2 ปี และฉันคิดว่ามันมีอาการเจ็บขา  ฉันพามันไปหาสัตวแพทย์ไม่ได้จนกว่าจะถึงวันจันทร์และคุณหมอก็ไม่รับโทรศัพท์   แม่ไก่ดูจะเจ็บปวดมาก  ฉันอยากให้อะไรบางอย่างกับมันเพื่อทำให้มันรู้สึกดีขึ้นจนกว่าฉันจะได้พามันไปหาหมอ   ขอบคุณสำหรับความช่วยเหลือ
นิวB79 โพสต์เมื่อวันที่ 28 ตุลาคม  เวลา 18.36 น.
ฉันไม่รู้ว่าแอสไพรินปลอดภัยกับแม่ไก่หรือไม่    ฉันจะตรวจสอบกับสัตวแพทย์อยู่เสมอก่อนจะให้ยากับนกของฉัน    ฉันรู้มาว่ายาที่ปลอดภัยกับมนุษย์บางชนิดอาจเป็นอันตรายร้ายแรงกับนกได้
มล โพสต์เมื่อวันที่ 28 ตุลาคม  เวลา 18.52 น.
ฉันเคยให้แอสไพรินกับแม่ไก่ของฉันตัวหนึ่งตอนที่มันบาดเจ็บ   ไม่มีปัญหาอะไรเลย   วันต่อมาฉันพามันไปพบสัตวแพทย์แต่มันก็อาการดีขึ้นแล้ว     ฉันคิดว่าอันตรายอาจเกิดจากการให้ยาในปริมาณที่มากเกินไป ดังนั้น อย่าให้ยาเกินขนาด!   ฉันหวังว่ามันจะอาการดีขึ้น!
สินค้า_สัตว์ปีก โพสต์เมื่อวันที่ 28 ตุลาคม  เวลา 19.07 น.
สวัสดี!  อย่าลืมเข้ามาดูข้อเสนอพิเศษสำหรับสินค้าทุกชนิดที่เกี่ยวกับนก กำลังจัดรายการลดราคาพิเศษในตอนนี้!
บอย โพสต์เมื่อวันที่ 28 ตุลาคม  เวลา19.15 น.
ใครก็ได้ช่วยกรุณาบอกผมหน่อยว่า จะรู้ได้อย่างไรว่าไก่มีอาการป่วย   ขอบคุณครับ
ภาณุ โพสต์เมื่อวันที่ 28 ตุลาคม  เวลา 19.21 น.
สวัสดี อุษา ผมเป็นสัตวแพทย์ที่เชี่ยวชาญในด้านนก  การให้แอสไพรินกับไก่ที่บาดเจ็บนั้นทำได้ถ้ามันแสดงอาการให้เห็นว่าเจ็บปวด     เมื่อต้องจ่ายแอสไพรินให้นก ผมจะทำตามคำแนะนำที่ตีพิมพ์โดยเวชศาสตร์คลินิกสัตว์ปีก     ไก่ควรได้รับแอสไพริน 5 มิลลิกรัมต่อนำหนักตัวหนึ่งกิโลกรัม   คุณสามารถให้ยาในปริมาณนี้ 3-4 ครั้งต่อวันจนกว่าคุณจะสามารถพามันไปพบสัตวแพทย์ได้    การติดตามอาการด้วยการพาไปพบสัตวแพทย์เป็นสิ่งที่สำคัญมาก   ขอให้โชคดี!"
R548-ChickenForum,9,3,Thai,tha-THA,"กระดานสนทนาเรื่องไก่  คำถามที่ 7 /  7
จากกระดานสนทนาเรื่องไก่ทางด้านขวา ให้พิมพ์คำตอบของนักเรียนเพื่อตอบคำถาม
เพราะเหตุใดภาณุจึงไม่สามารถบอกปริมาณที่แน่นอนของแอสไพรินสำหรับแม่ไก่ของอุษา_88 ได้"
R548-ChickenForum,10,1,Thai,tha-THA,PISA
R548-ChickenForum,10,2,Thai,tha-THA,"www.chickenhealth.com/forum/aspirin-chickens
สุขภาพไก่
แหล่งเรียนรู้ออนไลน์เพื่อไก่สุขภาพดี
เกี่ยวกับเรา
กระดานสนทนา
รูปภาพ
การให้แอสไพรินกับไก่
อุษา_88 ผู้ตั้งกระทู้ โพสต์เมื่อวันที่ 28 ตุลาคม  เวลา  18.12 น.
สวัสดีทุกคน! จะเป็นอะไรไหมถ้าฉันให้แอสไพรินกับแม่ไก่ของฉัน มันอายุ 2 ปี และฉันคิดว่ามันมีอาการเจ็บขา  ฉันพามันไปหาสัตวแพทย์ไม่ได้จนกว่าจะถึงวันจันทร์และคุณหมอก็ไม่รับโทรศัพท์   แม่ไก่ดูจะเจ็บปวดมาก  ฉันอยากให้อะไรบางอย่างกับมันเพื่อทำให้มันรู้สึกดีขึ้นจนกว่าฉันจะได้พามันไปหาหมอ   ขอบคุณสำหรับความช่วยเหลือ
นิวB79 โพสต์เมื่อวันที่ 28 ตุลาคม  เวลา 18.36 น.
ฉันไม่รู้ว่าแอสไพรินปลอดภัยกับแม่ไก่หรือไม่    ฉันจะตรวจสอบกับสัตวแพทย์อยู่เสมอก่อนจะให้ยากับนกของฉัน    ฉันรู้มาว่ายาที่ปลอดภัยกับมนุษย์บางชนิดอาจเป็นอันตรายร้ายแรงกับนกได้
มล โพสต์เมื่อวันที่ 28 ตุลาคม  เวลา 18.52 น.
ฉันเคยให้แอสไพรินกับแม่ไก่ของฉันตัวหนึ่งตอนที่มันบาดเจ็บ   ไม่มีปัญหาอะไรเลย   วันต่อมาฉันพามันไปพบสัตวแพทย์แต่มันก็อาการดีขึ้นแล้ว     ฉันคิดว่าอันตรายอาจเกิดจากการให้ยาในปริมาณที่มากเกินไป ดังนั้น อย่าให้ยาเกินขนาด!   ฉันหวังว่ามันจะอาการดีขึ้น!
สินค้า_สัตว์ปีก โพสต์เมื่อวันที่ 28 ตุลาคม  เวลา 19.07 น.
สวัสดี!  อย่าลืมเข้ามาดูข้อเสนอพิเศษสำหรับสินค้าทุกชนิดที่เกี่ยวกับนก กำลังจัดรายการลดราคาพิเศษในตอนนี้!
บอย โพสต์เมื่อวันที่ 28 ตุลาคม  เวลา19.15 น.
ใครก็ได้ช่วยกรุณาบอกผมหน่อยว่า จะรู้ได้อย่างไรว่าไก่มีอาการป่วย   ขอบคุณครับ
ภาณุ โพสต์เมื่อวันที่ 28 ตุลาคม  เวลา 19.21 น.
สวัสดี อุษา ผมเป็นสัตวแพทย์ที่เชี่ยวชาญในด้านนก  การให้แอสไพรินกับไก่ที่บาดเจ็บนั้นทำได้ถ้ามันแสดงอาการให้เห็นว่าเจ็บปวด     เมื่อต้องจ่ายแอสไพรินให้นก ผมจะทำตามคำแนะนำที่ตีพิมพ์โดยเวชศาสตร์คลินิกสัตว์ปีก     ไก่ควรได้รับแอสไพริน 5 มิลลิกรัมต่อนำหนักตัวหนึ่งกิโลกรัม   คุณสามารถให้ยาในปริมาณนี้ 3-4 ครั้งต่อวันจนกว่าคุณจะสามารถพามันไปพบสัตวแพทย์ได้    การติดตามอาการด้วยการพาไปพบสัตวแพทย์เป็นสิ่งที่สำคัญมาก   ขอให้โชคดี!"
R548-ChickenForum,10,3,Thai,tha-THA,"กระดานสนทนาเรื่องไก่  คำถามที่ 7 /  7
จากกระดานสนทนาเรื่องไก่ทางด้านขวา ให้พิมพ์คำตอบของนักเรียนเพื่อตอบคำถาม
เพราะเหตุใดภาณุจึงไม่สามารถบอกปริมาณที่แน่นอนของแอสไพรินสำหรับแม่ไก่ของอุษา_88 ได้"
R548-ChickenForum,1,1,Turkish,tur-TUR,PISA
R548-ChickenForum,1,2,Turkish,tur-TUR,"Tavuk Forumu Giriş
Girişi okuyunuz. Sonra İLERİ ok tuşuna tıklayınız.
Tavuk yetiştirmek için kısa bir süre önce çiftliğe taşınan akrabalarını ziyaret ediyorsun. Halana ""Tavuk yetiştirmeyi nasıl öğrendin?"" diye soruyorsun.
Halan ""Tavuk yetiştiren birçok kişiyle konuştuk. Üstelik bu konuda İnternet'te birçok kaynak var. Örneğin takip ettiğim bir Tavuk Sağlığı forumu var. Geçenlerde tavuklarımdan biri bacağını incittiğinde bu forum bana çok yardımcı olmuştu. Sana yaptığımız konuşmaları göstereceğim.” diyor.
Forumu okumak için İLERİ ok tuşuna tıklayınız."
R548-ChickenForum,2,1,Turkish,tur-TUR,PISA
R548-ChickenForum,2,2,Turkish,tur-TUR,"www.tavuksagligi.com/forum/aspirin-tavuklar
Tavuk Sağlığı
Sağlıklı tavuklar için online bilgi kaynağınız
Hakkında
Forum
Resimler
Tavuklara Aspirin Vermek
İlkay_88 Konuyu Başlatan 28 Ekim 18.12'de gönderildi.
Herkese merhaba! Tavuğuma aspirin vermemin sakıncası var mı? Tavuğum 2 yaşında ve sanırım bacağını incitti. Pazartesiye kadar veterinere gidemiyorum ve veteriner de telefonuma cevap vermiyor. Tavuğum çok acı çekiyor gibi görünüyor. Veterinere götürene kadar acısını dindirmek için ona bir şey vermek istiyorum.  Yardımınız için teşekkür ederim.
NergizB79  28 Ekim 18.36'da gönderildi.
Aspirinin tavuklar için güvenilir olup olmadığını bilmiyorum. Ben kuşlarıma ilaç vermeden önce daima veterinerime danışırım. İnsanlara iyi gelen bazı ilaçların kuşlar için çok tehlikeli olabileceğini biliyorum.
Merve 28 Ekim 18.52'de gönderildi.
Tavuğum yaralandığında ona aspirin vermiştim. Sorun olmamıştı. Ertesi gün veterinere götürdüğümde daha iyi durumdaydı. Bence çok fazla vermen tehlikeli olabilir, bu yüzden dozu aşma! Umarım iyileşir!
Kuş_Ticaret 28 Ekim 19.07'de gönderildi.
Merhaba! Tüm kuş malzemelerinde süper ucuz tekliflerimizi inceleyin. Şu an büyük bir indirim var.
Bora 28 Ekim 19.15'de gönderildi.
Lütfen biri bana bir tavuğun hasta olup olmadığını nasıl anlayacağımı söyleyebilir mi? Teşekkürler.
Ferdi 28 Ekim 19.21'de gönderildi.
Merhaba İlkay, Ben kuşlar konusunda uzman bir veterinerim. Acı çektiğini gösteren belirtiler varsa yaralı tavuklara aspirin vermek sorun olmaz. Ben kuşlara aspirin reçetesi yazarken Klinik Kuş Tıbbı kılavuzunda yayımlanan önerileri takip ediyorum. Tavuklara, vücut ağırlıklarının her bir kg'ı için 5 mg aspirin verilmeli. Veterinerine götürene kadar günde 3-4 kez verebilirsin. Veterinerinin önerilerini takip etmen çok önemli. Bol şanslar!"
R548-ChickenForum,2,3,Turkish,tur-TUR,"Tavuk Forumu Soru 1 / 7
Sağdaki 'Tavuk Sağlığı' forumundan yararlanınız. Soruyu cevaplamak için seçeneklerden birine tıklayınız.
İlkay_88 ne öğrenmek istiyor?
Yaralı bir tavuğa aspirin verip veremeyeceğini
Yaralı bir tavuğa ne sıklıkla aspirin verebileceğini
Yaralı bir tavuk hakkında veterinerle nasıl iletişime geçileceğini
Yaralı bir tavuğun ağrı şiddetini tespit edip edemeyeceğini"
R548-ChickenForum,3,1,Turkish,tur-TUR,PISA
R548-ChickenForum,3,2,Turkish,tur-TUR,"www.tavuksagligi.com/forum/aspirin-tavuklar
Tavuk Sağlığı
Sağlıklı tavuklar için online bilgi kaynağınız
Hakkında
Forum
Resimler
Tavuklara Aspirin Vermek
İlkay_88 Konuyu Başlatan 28 Ekim 18.12'de gönderildi.
Herkese merhaba! Tavuğuma aspirin vermemin sakıncası var mı? Tavuğum 2 yaşında ve sanırım bacağını incitti. Pazartesiye kadar veterinere gidemiyorum ve veteriner de telefonuma cevap vermiyor. Tavuğum çok acı çekiyor gibi görünüyor. Veterinere götürene kadar acısını dindirmek için ona bir şey vermek istiyorum.  Yardımınız için teşekkür ederim.
NergizB79  28 Ekim 18.36'da gönderildi.
Aspirinin tavuklar için güvenilir olup olmadığını bilmiyorum. Ben kuşlarıma ilaç vermeden önce daima veterinerime danışırım. İnsanlara iyi gelen bazı ilaçların kuşlar için çok tehlikeli olabileceğini biliyorum.
Merve 28 Ekim 18.52'de gönderildi.
Tavuğum yaralandığında ona aspirin vermiştim. Sorun olmamıştı. Ertesi gün veterinere götürdüğümde daha iyi durumdaydı. Bence çok fazla vermen tehlikeli olabilir, bu yüzden dozu aşma! Umarım iyileşir!
Kuş_Ticaret 28 Ekim 19.07'de gönderildi.
Merhaba! Tüm kuş malzemelerinde süper ucuz tekliflerimizi inceleyin. Şu an büyük bir indirim var.
Bora 28 Ekim 19.15'de gönderildi.
Lütfen biri bana bir tavuğun hasta olup olmadığını nasıl anlayacağımı söyleyebilir mi? Teşekkürler.
Ferdi 28 Ekim 19.21'de gönderildi.
Merhaba İlkay, Ben kuşlar konusunda uzman bir veterinerim. Acı çektiğini gösteren belirtiler varsa yaralı tavuklara aspirin vermek sorun olmaz. Ben kuşlara aspirin reçetesi yazarken Klinik Kuş Tıbbı kılavuzunda yayımlanan önerileri takip ediyorum. Tavuklara, vücut ağırlıklarının her bir kg'ı için 5 mg aspirin verilmeli. Veterinerine götürene kadar günde 3-4 kez verebilirsin. Veterinerinin önerilerini takip etmen çok önemli. Bol şanslar!"
R548-ChickenForum,3,3,Turkish,tur-TUR,"Tavuk Forumu Soru 2 / 7
Sağdaki 'Tavuk Sağlığı' forumundan yararlanınız. Soruyu cevaplamak için seçeneklerden birine tıklayınız.
İlkay_88 sorusunu niçin İnternet forumuna göndermeye karar veriyor?
Çünkü nasıl bir veteriner bulacağını bilmiyor.
Çünkü tavuğun sorununun ciddi olmadığını düşünüyor.
Çünkü bir an önce tavuğuna yardım etmek istiyor.
Çünkü veterinere gidecek parası yok."
R548-ChickenForum,4,1,Turkish,tur-TUR,PISA
R548-ChickenForum,4,2,Turkish,tur-TUR,"www.tavuksagligi.com/forum/aspirin-tavuklar
Tavuk Sağlığı
Sağlıklı tavuklar için online bilgi kaynağınız
Hakkında
Forum
Resimler
Tavuklara Aspirin Vermek
İlkay_88 Konuyu Başlatan 28 Ekim 18.12'de gönderildi.
Herkese merhaba! Tavuğuma aspirin vermemin sakıncası var mı? Tavuğum 2 yaşında ve sanırım bacağını incitti. Pazartesiye kadar veterinere gidemiyorum ve veteriner de telefonuma cevap vermiyor. Tavuğum çok acı çekiyor gibi görünüyor. Veterinere götürene kadar acısını dindirmek için ona bir şey vermek istiyorum.  Yardımınız için teşekkür ederim.
NergizB79  28 Ekim 18.36'da gönderildi.
Aspirinin tavuklar için güvenilir olup olmadığını bilmiyorum. Ben kuşlarıma ilaç vermeden önce daima veterinerime danışırım. İnsanlara iyi gelen bazı ilaçların kuşlar için çok tehlikeli olabileceğini biliyorum.
Merve 28 Ekim 18.52'de gönderildi.
Tavuğum yaralandığında ona aspirin vermiştim. Sorun olmamıştı. Ertesi gün veterinere götürdüğümde daha iyi durumdaydı. Bence çok fazla vermen tehlikeli olabilir, bu yüzden dozu aşma! Umarım iyileşir!
Kuş_Ticaret 28 Ekim 19.07'de gönderildi.
Merhaba! Tüm kuş malzemelerinde süper ucuz tekliflerimizi inceleyin. Şu an büyük bir indirim var.
Bora 28 Ekim 19.15'de gönderildi.
Lütfen biri bana bir tavuğun hasta olup olmadığını nasıl anlayacağımı söyleyebilir mi? Teşekkürler.
Ferdi 28 Ekim 19.21'de gönderildi.
Merhaba İlkay, Ben kuşlar konusunda uzman bir veterinerim. Acı çektiğini gösteren belirtiler varsa yaralı tavuklara aspirin vermek sorun olmaz. Ben kuşlara aspirin reçetesi yazarken Klinik Kuş Tıbbı kılavuzunda yayımlanan önerileri takip ediyorum. Tavuklara, vücut ağırlıklarının her bir kg'ı için 5 mg aspirin verilmeli. Veterinerine götürene kadar günde 3-4 kez verebilirsin. Veterinerinin önerilerini takip etmen çok önemli. Bol şanslar!"
R548-ChickenForum,4,3,Turkish,tur-TUR,"Tavuk Forumu Soru 3 / 7
Sağdaki 'Tavuk Sağlığı' forumundan yararlanınız. Soruyu cevaplamak için tablodaki seçeneklere tıklayınız.
Forumdaki bazı gönderiler konuyla alakalı iken bazıları alakalı değildir. Aşağıdaki tabloda yer alan gönderilerin, İlkay_88'in yaşadığı sorun ile alakalı olup olmadığını belirtmek için ya Evet ya da Hayır seçeneklerinden birine tıklayınız.
Bu gönderi, İlkay_88’in sorunu ile alakalı mıdır?
Evet
Hayır
NergizB79’un gönderisi
Merve'nin gönderisi
Kuş_Ticaret’in gönderisi
Bora’nın gönderisi
Ferdi’nin gönderisi"
R548-ChickenForum,5,1,Turkish,tur-TUR,PISA
R548-ChickenForum,5,2,Turkish,tur-TUR,"www.tavuksagligi.com/forum/aspirin-tavuklar
Tavuk Sağlığı
Sağlıklı tavuklar için online bilgi kaynağınız
Hakkında
Forum
Resimler
Tavuklara Aspirin Vermek
İlkay_88 Konuyu Başlatan 28 Ekim 18.12'de gönderildi.
Herkese merhaba! Tavuğuma aspirin vermemin sakıncası var mı? Tavuğum 2 yaşında ve sanırım bacağını incitti. Pazartesiye kadar veterinere gidemiyorum ve veteriner de telefonuma cevap vermiyor. Tavuğum çok acı çekiyor gibi görünüyor. Veterinere götürene kadar acısını dindirmek için ona bir şey vermek istiyorum.  Yardımınız için teşekkür ederim.
NergizB79  28 Ekim 18.36'da gönderildi.
Aspirinin tavuklar için güvenilir olup olmadığını bilmiyorum. Ben kuşlarıma ilaç vermeden önce daima veterinerime danışırım. İnsanlara iyi gelen bazı ilaçların kuşlar için çok tehlikeli olabileceğini biliyorum.
Merve 28 Ekim 18.52'de gönderildi.
Tavuğum yaralandığında ona aspirin vermiştim. Sorun olmamıştı. Ertesi gün veterinere götürdüğümde daha iyi durumdaydı. Bence çok fazla vermen tehlikeli olabilir, bu yüzden dozu aşma! Umarım iyileşir!
Kuş_Ticaret 28 Ekim 19.07'de gönderildi.
Merhaba! Tüm kuş malzemelerinde süper ucuz tekliflerimizi inceleyin. Şu an büyük bir indirim var.
Bora 28 Ekim 19.15'de gönderildi.
Lütfen biri bana bir tavuğun hasta olup olmadığını nasıl anlayacağımı söyleyebilir mi? Teşekkürler.
Ferdi 28 Ekim 19.21'de gönderildi.
Merhaba İlkay, Ben kuşlar konusunda uzman bir veterinerim. Acı çektiğini gösteren belirtiler varsa yaralı tavuklara aspirin vermek sorun olmaz. Ben kuşlara aspirin reçetesi yazarken Klinik Kuş Tıbbı kılavuzunda yayımlanan önerileri takip ediyorum. Tavuklara, vücut ağırlıklarının her bir kg'ı için 5 mg aspirin verilmeli. Veterinerine götürene kadar günde 3-4 kez verebilirsin. Veterinerinin önerilerini takip etmen çok önemli. Bol şanslar!"
R548-ChickenForum,5,3,Turkish,tur-TUR,"Tavuk Forumu Soru 4 / 7
Sağdaki 'Tavuk Sağlığı' forumundan yararlanınız. Soruyu cevaplamak için seçeneklerden birine tıklayınız.
Yaralı tavuğa aspirin verme konusunda kimin olumlu bir tecrübesi olmuştur?
İlkay_88
NergizB79
Merve
Bora"
R548-ChickenForum,6,1,Turkish,tur-TUR,PISA
R548-ChickenForum,6,2,Turkish,tur-TUR,"www.tavuksagligi.com/forum/aspirin-tavuklar
Tavuk Sağlığı
Sağlıklı tavuklar için online bilgi kaynağınız
Hakkında
Forum
Resimler
Tavuklara Aspirin Vermek
İlkay_88 Konuyu Başlatan 28 Ekim 18.12'de gönderildi.
Herkese merhaba! Tavuğuma aspirin vermemin sakıncası var mı? Tavuğum 2 yaşında ve sanırım bacağını incitti. Pazartesiye kadar veterinere gidemiyorum ve veteriner de telefonuma cevap vermiyor. Tavuğum çok acı çekiyor gibi görünüyor. Veterinere götürene kadar acısını dindirmek için ona bir şey vermek istiyorum.  Yardımınız için teşekkür ederim.
NergizB79  28 Ekim 18.36'da gönderildi.
Aspirinin tavuklar için güvenilir olup olmadığını bilmiyorum. Ben kuşlarıma ilaç vermeden önce daima veterinerime danışırım. İnsanlara iyi gelen bazı ilaçların kuşlar için çok tehlikeli olabileceğini biliyorum.
Merve 28 Ekim 18.52'de gönderildi.
Tavuğum yaralandığında ona aspirin vermiştim. Sorun olmamıştı. Ertesi gün veterinere götürdüğümde daha iyi durumdaydı. Bence çok fazla vermen tehlikeli olabilir, bu yüzden dozu aşma! Umarım iyileşir!
Kuş_Ticaret 28 Ekim 19.07'de gönderildi.
Merhaba! Tüm kuş malzemelerinde süper ucuz tekliflerimizi inceleyin. Şu an büyük bir indirim var.
Bora 28 Ekim 19.15'de gönderildi.
Lütfen biri bana bir tavuğun hasta olup olmadığını nasıl anlayacağımı söyleyebilir mi? Teşekkürler.
Ferdi 28 Ekim 19.21'de gönderildi.
Merhaba İlkay, Ben kuşlar konusunda uzman bir veterinerim. Acı çektiğini gösteren belirtiler varsa yaralı tavuklara aspirin vermek sorun olmaz. Ben kuşlara aspirin reçetesi yazarken Klinik Kuş Tıbbı kılavuzunda yayımlanan önerileri takip ediyorum. Tavuklara, vücut ağırlıklarının her bir kg'ı için 5 mg aspirin verilmeli. Veterinerine götürene kadar günde 3-4 kez verebilirsin. Veterinerinin önerilerini takip etmen çok önemli. Bol şanslar!"
R548-ChickenForum,6,3,Turkish,tur-TUR,"Tavuk Forumu Soru 5 / 7
Sağdaki 'Tavuk Sağlığı' forumundan yararlanınız. Soruyu cevaplamak için seçeneklerden birine tıklayınız.
İlkay_88’in gönderisine Kuş_Ticaret niçin cevap veriyor?
Firmasının tanıtımını yapmak için
İlkay_88’in sorusunu cevaplamak için
Merve’nin tavsiyesine ekleme yapmak için
Kuşlar hakkında uzmanlığını göstermek için"
R548-ChickenForum,7,1,Turkish,tur-TUR,PISA
R548-ChickenForum,7,2,Turkish,tur-TUR,"www.tavuksagligi.com/forum/aspirin-tavuklar
Tavuk Sağlığı
Sağlıklı tavuklar için online bilgi kaynağınız
Hakkında
Forum
Resimler
Tavuklara Aspirin Vermek
İlkay_88 Konuyu Başlatan 28 Ekim 18.12'de gönderildi.
Herkese merhaba! Tavuğuma aspirin vermemin sakıncası var mı? Tavuğum 2 yaşında ve sanırım bacağını incitti. Pazartesiye kadar veterinere gidemiyorum ve veteriner de telefonuma cevap vermiyor. Tavuğum çok acı çekiyor gibi görünüyor. Veterinere götürene kadar acısını dindirmek için ona bir şey vermek istiyorum.  Yardımınız için teşekkür ederim.
NergizB79  28 Ekim 18.36'da gönderildi.
Aspirinin tavuklar için güvenilir olup olmadığını bilmiyorum. Ben kuşlarıma ilaç vermeden önce daima veterinerime danışırım. İnsanlara iyi gelen bazı ilaçların kuşlar için çok tehlikeli olabileceğini biliyorum.
Merve 28 Ekim 18.52'de gönderildi.
Tavuğum yaralandığında ona aspirin vermiştim. Sorun olmamıştı. Ertesi gün veterinere götürdüğümde daha iyi durumdaydı. Bence çok fazla vermen tehlikeli olabilir, bu yüzden dozu aşma! Umarım iyileşir!
Kuş_Ticaret 28 Ekim 19.07'de gönderildi.
Merhaba! Tüm kuş malzemelerinde süper ucuz tekliflerimizi inceleyin. Şu an büyük bir indirim var.
Bora 28 Ekim 19.15'de gönderildi.
Lütfen biri bana bir tavuğun hasta olup olmadığını nasıl anlayacağımı söyleyebilir mi? Teşekkürler.
Ferdi 28 Ekim 19.21'de gönderildi.
Merhaba İlkay, Ben kuşlar konusunda uzman bir veterinerim. Acı çektiğini gösteren belirtiler varsa yaralı tavuklara aspirin vermek sorun olmaz. Ben kuşlara aspirin reçetesi yazarken Klinik Kuş Tıbbı kılavuzunda yayımlanan önerileri takip ediyorum. Tavuklara, vücut ağırlıklarının her bir kg'ı için 5 mg aspirin verilmeli. Veterinerine götürene kadar günde 3-4 kez verebilirsin. Veterinerinin önerilerini takip etmen çok önemli. Bol şanslar!"
R548-ChickenForum,7,3,Turkish,tur-TUR,"Tavuk Forumu Soru 6 / 7
Sağdaki 'Tavuk Sağlığı' forumundan yararlanınız. Soruyu cevaplamak için seçeneklerden birine tıklayınız ve sonra bir açıklama yazınız.
İlkay_88’in sorusuna en güvenilir cevabı kim yazmıştır?
NergizB79
Merve
Kuş_Ticaret
Ferdi
Cevabınız için bir gerekçe belirtiniz."
R548-ChickenForum,8,1,Turkish,tur-TUR,PISA
R548-ChickenForum,8,2,Turkish,tur-TUR,"www.tavuksagligi.com/forum/aspirin-tavuklar
Tavuk Sağlığı
Sağlıklı tavuklar için online bilgi kaynağınız
Hakkında
Forum
Resimler
Tavuklara Aspirin Vermek
İlkay_88 Konuyu Başlatan 28 Ekim 18.12'de gönderildi.
Herkese merhaba! Tavuğuma aspirin vermemin sakıncası var mı? Tavuğum 2 yaşında ve sanırım bacağını incitti. Pazartesiye kadar veterinere gidemiyorum ve veteriner de telefonuma cevap vermiyor. Tavuğum çok acı çekiyor gibi görünüyor. Veterinere götürene kadar acısını dindirmek için ona bir şey vermek istiyorum.  Yardımınız için teşekkür ederim.
NergizB79  28 Ekim 18.36'da gönderildi.
Aspirinin tavuklar için güvenilir olup olmadığını bilmiyorum. Ben kuşlarıma ilaç vermeden önce daima veterinerime danışırım. İnsanlara iyi gelen bazı ilaçların kuşlar için çok tehlikeli olabileceğini biliyorum.
Merve 28 Ekim 18.52'de gönderildi.
Tavuğum yaralandığında ona aspirin vermiştim. Sorun olmamıştı. Ertesi gün veterinere götürdüğümde daha iyi durumdaydı. Bence çok fazla vermen tehlikeli olabilir, bu yüzden dozu aşma! Umarım iyileşir!
Kuş_Ticaret 28 Ekim 19.07'de gönderildi.
Merhaba! Tüm kuş malzemelerinde süper ucuz tekliflerimizi inceleyin. Şu an büyük bir indirim var.
Bora 28 Ekim 19.15'de gönderildi.
Lütfen biri bana bir tavuğun hasta olup olmadığını nasıl anlayacağımı söyleyebilir mi? Teşekkürler.
Ferdi 28 Ekim 19.21'de gönderildi.
Merhaba İlkay, Ben kuşlar konusunda uzman bir veterinerim. Acı çektiğini gösteren belirtiler varsa yaralı tavuklara aspirin vermek sorun olmaz. Ben kuşlara aspirin reçetesi yazarken Klinik Kuş Tıbbı kılavuzunda yayımlanan önerileri takip ediyorum. Tavuklara, vücut ağırlıklarının her bir kg'ı için 5 mg aspirin verilmeli. Veterinerine götürene kadar günde 3-4 kez verebilirsin. Veterinerinin önerilerini takip etmen çok önemli. Bol şanslar!"
R548-ChickenForum,8,3,Turkish,tur-TUR,"Tavuk Forumu Soru 7 / 7
Sağdaki 'Tavuk Sağlığı' forumundan yararlanınız. Sorunun cevabını yazınız.
Ferdi, İlkay_88'in tavuğuna vereceği aspirinin net miktarını niçin söyleyemiyor?"
R548-ChickenForum,9,1,Turkish,tur-TUR,PISA
R548-ChickenForum,9,2,Turkish,tur-TUR,"www.tavuksagligi.com/forum/aspirin-tavuklar
Tavuk Sağlığı
Sağlıklı tavuklar için online bilgi kaynağınız
Hakkında
Forum
Resimler
Tavuklara Aspirin Vermek
İlkay_88 Konuyu Başlatan 28 Ekim 18.12'de gönderildi.
Herkese merhaba! Tavuğuma aspirin vermemin sakıncası var mı? Tavuğum 2 yaşında ve sanırım bacağını incitti. Pazartesiye kadar veterinere gidemiyorum ve veteriner de telefonuma cevap vermiyor. Tavuğum çok acı çekiyor gibi görünüyor. Veterinere götürene kadar acısını dindirmek için ona bir şey vermek istiyorum.  Yardımınız için teşekkür ederim.
NergizB79  28 Ekim 18.36'da gönderildi.
Aspirinin tavuklar için güvenilir olup olmadığını bilmiyorum. Ben kuşlarıma ilaç vermeden önce daima veterinerime danışırım. İnsanlara iyi gelen bazı ilaçların kuşlar için çok tehlikeli olabileceğini biliyorum.
Merve 28 Ekim 18.52'de gönderildi.
Tavuğum yaralandığında ona aspirin vermiştim. Sorun olmamıştı. Ertesi gün veterinere götürdüğümde daha iyi durumdaydı. Bence çok fazla vermen tehlikeli olabilir, bu yüzden dozu aşma! Umarım iyileşir!
Kuş_Ticaret 28 Ekim 19.07'de gönderildi.
Merhaba! Tüm kuş malzemelerinde süper ucuz tekliflerimizi inceleyin. Şu an büyük bir indirim var.
Bora 28 Ekim 19.15'de gönderildi.
Lütfen biri bana bir tavuğun hasta olup olmadığını nasıl anlayacağımı söyleyebilir mi? Teşekkürler.
Ferdi 28 Ekim 19.21'de gönderildi.
Merhaba İlkay, Ben kuşlar konusunda uzman bir veterinerim. Acı çektiğini gösteren belirtiler varsa yaralı tavuklara aspirin vermek sorun olmaz. Ben kuşlara aspirin reçetesi yazarken Klinik Kuş Tıbbı kılavuzunda yayımlanan önerileri takip ediyorum. Tavuklara, vücut ağırlıklarının her bir kg'ı için 5 mg aspirin verilmeli. Veterinerine götürene kadar günde 3-4 kez verebilirsin. Veterinerinin önerilerini takip etmen çok önemli. Bol şanslar!"
R548-ChickenForum,9,3,Turkish,tur-TUR,"Tavuk Forumu Soru 7 / 7
Sağdaki 'Tavuk Sağlığı' forumundan yararlanınız. Sorunun cevabını yazınız.
Ferdi, İlkay_88'in tavuğuna vereceği aspirinin net miktarını niçin söyleyemiyor?"
R548-ChickenForum,10,1,Turkish,tur-TUR,PISA
R548-ChickenForum,10,2,Turkish,tur-TUR,"www.tavuksagligi.com/forum/aspirin-tavuklar
Tavuk Sağlığı
Sağlıklı tavuklar için online bilgi kaynağınız
Hakkında
Forum
Resimler
Tavuklara Aspirin Vermek
İlkay_88 Konuyu Başlatan 28 Ekim 18.12'de gönderildi.
Herkese merhaba! Tavuğuma aspirin vermemin sakıncası var mı? Tavuğum 2 yaşında ve sanırım bacağını incitti. Pazartesiye kadar veterinere gidemiyorum ve veteriner de telefonuma cevap vermiyor. Tavuğum çok acı çekiyor gibi görünüyor. Veterinere götürene kadar acısını dindirmek için ona bir şey vermek istiyorum.  Yardımınız için teşekkür ederim.
NergizB79  28 Ekim 18.36'da gönderildi.
Aspirinin tavuklar için güvenilir olup olmadığını bilmiyorum. Ben kuşlarıma ilaç vermeden önce daima veterinerime danışırım. İnsanlara iyi gelen bazı ilaçların kuşlar için çok tehlikeli olabileceğini biliyorum.
Merve 28 Ekim 18.52'de gönderildi.
Tavuğum yaralandığında ona aspirin vermiştim. Sorun olmamıştı. Ertesi gün veterinere götürdüğümde daha iyi durumdaydı. Bence çok fazla vermen tehlikeli olabilir, bu yüzden dozu aşma! Umarım iyileşir!
Kuş_Ticaret 28 Ekim 19.07'de gönderildi.
Merhaba! Tüm kuş malzemelerinde süper ucuz tekliflerimizi inceleyin. Şu an büyük bir indirim var.
Bora 28 Ekim 19.15'de gönderildi.
Lütfen biri bana bir tavuğun hasta olup olmadığını nasıl anlayacağımı söyleyebilir mi? Teşekkürler.
Ferdi 28 Ekim 19.21'de gönderildi.
Merhaba İlkay, Ben kuşlar konusunda uzman bir veterinerim. Acı çektiğini gösteren belirtiler varsa yaralı tavuklara aspirin vermek sorun olmaz. Ben kuşlara aspirin reçetesi yazarken Klinik Kuş Tıbbı kılavuzunda yayımlanan önerileri takip ediyorum. Tavuklara, vücut ağırlıklarının her bir kg'ı için 5 mg aspirin verilmeli. Veterinerine götürene kadar günde 3-4 kez verebilirsin. Veterinerinin önerilerini takip etmen çok önemli. Bol şanslar!"
R548-ChickenForum,10,3,Turkish,tur-TUR,"Tavuk Forumu Soru 7 / 7
Sağdaki 'Tavuk Sağlığı' forumundan yararlanınız. Sorunun cevabını yazınız.
Ferdi, İlkay_88'in tavuğuna vereceği aspirinin net miktarını niçin söyleyemiyor?"
