unit,page,part,language_name,lang_code,text
MAT/MA161-ForestedAreas,1,1,Albanian,sqi-ALB,Makinë llogaritëseclose
MAT/MA161-ForestedAreas,1,2,Albanian,sqi-ALB,PISA 2022
MAT/MA161-ForestedAreas,1,3,Albanian,sqi-ALB,"Sipërfaqja Pyjore  Hyrja
Lexoni hyrjen. Më pas klikoni mbi shigjetën TJETËR.
SIPËRFAQJA PYJORE
Në këtë seksion, ju do të përdorni një faqe të dhënash për t'ju përgjigjur pyetjeve të lidhura me situatën e mëposhtme:
Një pyll është një ekosistem në të cilin mund të gjenden një shumëllojshmëri pemësh, bimësh dhe kafshësh.
Sasia e sipërfaqes pyjore në një shtet mund të ndryshojë me kalimin e kohës.
Në ekranin tjetër, ju do të praktikoni përdorimin e faqes së të dhënave."
MAT/MA161-ForestedAreas,1,4,Albanian,sqi-ALB,"C
(
)
x2
yx
√x
1/x
π
÷
7
8
9
x
4
5
6
–
1
2
3
+
0
.
+/-
="
MAT/MA161-ForestedAreas,2,1,Albanian,sqi-ALB,Makinë llogaritëseclose
MAT/MA161-ForestedAreas,2,2,Albanian,sqi-ALB,PISA 2022
MAT/MA161-ForestedAreas,2,3,Albanian,sqi-ALB,"SIPËRFAQJA PYJORE
Faqja e të dhënave më poshtë, tregon sasinë e sipërfaqes pyjore në formë përqindjeje të të gjithë sipërfaqes së secilit nga 15 shtetet, në këtë grup të dhënash. Të dhënat janë paraqitur për vitet 2005, 2010 dhe 2015.
Kolona A ▾
Kolona B
Kolona C
Kolona D
Kolona E
Kolona F
Kolona G
Shteti
2005
2010
2015
Algjeria0,640,810,82Armenia11,7711,7411,77Gjermania32,6632,7332,76Greqia29,1130,2831,45India22,7723,4723,77Kazakistani1,241,231,23Kolumbia54,2652,8552,73Koreja e Jugut64,4264,0863,69Libani13,3413,3813,42Panamaja64,3363,2162,11Peruja59,0158,4557,79Portugalia36,5235,8935,25Senegali45,0544,0142,97Shtetet e Bashkuara33,2633,733,85Tajlanda31,5131,8132,1
Llogarit
Kolona
Kolona B
Kolona C
Kolona D
Kolona E
Kolona F
Kolona G
Veprimi
Shto
Zbrit
Shumëzo
Pjesëto
Kolona
Kolona B
Kolona C
Kolona D
Kolona E
Kolona F
Kolona G
Drejto
Mesatarja
Kolona
Kolona B
Kolona C
Kolona D
Kolona E
Kolona F
Kolona G
Drejto
Fshiji të Gjitha
closeOK"
MAT/MA161-ForestedAreas,2,4,Albanian,sqi-ALB,"Sipërfaqja Pyjore  Praktikë
Ju tashmë do të praktikoni përdorimin e faqes së të dhënave përpara se të vazhdoni me pyetjet.
Përdorni faqen e të dhënave për të plotësuar tre veprimet e mëposhtme.
Rendisni një kolonë.
Klikoni mbi simbolin në Kolonat B, C, ose D, për të renditur atë kolonë në rend rritës (nga më e ulëta te më e larta).
Kujtoni se të gjitha kolonat do të renditen bazuar në mënyrën që njëra prej kolonave do të renditet.
Performoni një llogaritje
Zgjidhni një kolonë nga menuja e parë që lëshohet poshtë që ndodhet poshtë faqes së të dhënave.
Më pas, zgjdhni një veprim nga menuja e mesit që lëshohet poshtë.
Më pas zgjidhni një kolonë nga menuja e fundit që lëshohet poshtë.
Klikoni mbi ""Drejto"".
Rezultatet do të shfaqen në kolonën e parë të disponueshme bosh.
Paraqisni mesataren e një kolone.
Zgjidhni një kolonë nga menuja që lëshohet poshtë pranë ""Mesatarja"", që ndodhet poshtë faqes së të dhënave.
Klikoni mbi ""Drejto"".
Rezultati do të paraqitet  në qelizën poshtë asaj kolone.
Klikoni mbi   për të vazhduar."
MAT/MA161-ForestedAreas,2,5,Albanian,sqi-ALB,"C
(
)
x2
yx
√x
1/x
π
÷
7
8
9
x
4
5
6
–
1
2
3
+
0
.
+/-
="
MAT/MA161-ForestedAreas,3,1,Albanian,sqi-ALB,Makinë llogaritëseclose
MAT/MA161-ForestedAreas,3,2,Albanian,sqi-ALB,PISA 2022
MAT/MA161-ForestedAreas,3,3,Albanian,sqi-ALB,"SIPËRFAQJA PYJORE
Faqja e të dhënave më poshtë, tregon sasinë e sipërfaqes pyjore në formë përqindjeje të të gjithë sipërfaqes së secilit nga 15 shtetet, në këtë grup të dhënash. Të dhënat janë paraqitur për vitet 2005, 2010 dhe 2015.
Kolona A ▾
Kolona B
Kolona C
Kolona D
Kolona E
Kolona F
Kolona G
Shteti
2005
2010
2015
Algjeria0,640,810,82Armenia11,7711,7411,77Gjermania32,6632,7332,76Greqia29,1130,2831,45India22,7723,4723,77Kazakistani1,241,231,23Kolumbia54,2652,8552,73Koreja e Jugut64,4264,0863,69Libani13,3413,3813,42Panamaja64,3363,2162,11Peruja59,0158,4557,79Portugalia36,5235,8935,25Senegali45,0544,0142,97Shtetet e Bashkuara33,2633,733,85Tajlanda31,5131,8132,1
Llogarit
Kolona
Kolona B
Kolona C
Kolona D
Kolona E
Kolona F
Kolona G
Veprimi
Shto
Zbrit
Shumëzo
Pjesëto
Kolona
Kolona B
Kolona C
Kolona D
Kolona E
Kolona F
Kolona G
Drejto
Mesatarja
Kolona
Kolona B
Kolona C
Kolona D
Kolona E
Kolona F
Kolona G
Drejto
Fshiji të Gjitha
closeOK"
MAT/MA161-ForestedAreas,3,4,Albanian,sqi-ALB,"Sipërfaqet Pyjore  Udhëzim
Udhëzimet për përdorimin e faqes së të dhënave janë të disponueshme për secilën pyetje.
Ato gjenden në një menu të quajtur ""Si të Përdorni Faqen e të Dhënave"" që mund të hapet dhe të mbyllet.
Klikoni mbi shirtin poshtë për të hapur udhëzimet. Klikoni mbi shiritin përsëri për të mbyllur udhëzimet.
Si të Përdorni Faqen e të Dhënave
Klikoni mbi   për të renditur një kolonë në rend rritës (nga më e ulta në më të lartën).  Klikoni mbi ikonën përsëri për të renditur kolonën në rend zbritës (nga e larta tek më e ulta).
Për të performuar llogaritjet:
Zgjidhni një kolonë nga menuja e parë që lëshohet poshtë.
Zgjidhni një veprim nga menuja e mesit që lëshohet poshtë.
Zgjidhni një kolonë nga menuja e fundit që lëshohet poshtë.
Klikoni mbi ""Drejto"".
Rezultatet do të shfaqen në kolonën e parë të disponueshme bosh.
Për të shfaqur mesataren e një kolone, zgjidhni një kolonë nga menuja që lëshohet poshtë dhe klikoni mbi ""Drejto"". Rezultati do të paraqitet  në qelizën poshtë asaj kolone.
Për të kthyer mbrapsht një veprim, klikoni mbi .
Për të fshirë një kolonë, klikoni mbi .
Për të fshirë plotësisht faqen e të dhënave, shtypni mbi ""Fshiji të Gjitha"".
Klikoni mbi  për të vazhduar."
MAT/MA161-ForestedAreas,3,5,Albanian,sqi-ALB,"C
(
)
x2
yx
√x
1/x
π
÷
7
8
9
x
4
5
6
–
1
2
3
+
0
.
+/-
="
MAT/MA161-ForestedAreas,4,1,Albanian,sqi-ALB,Makinë llogaritëseclose
MAT/MA161-ForestedAreas,4,2,Albanian,sqi-ALB,PISA 2022
MAT/MA161-ForestedAreas,4,3,Albanian,sqi-ALB,"SIPËRFAQJA PYJORE
Faqja e të dhënave më poshtë, tregon sasinë e sipërfaqes pyjore në formë përqindjeje të të gjithë sipërfaqes së secilit nga 15 shtetet, në këtë grup të dhënash. Të dhënat janë paraqitur për vitet 2005, 2010 dhe 2015.
Kolona A ▾
Kolona B
Kolona C
Kolona D
Kolona E
Kolona F
Kolona G
Shteti
2005
2010
2015
Algjeria0,640,810,82Armenia11,7711,7411,77Gjermania32,6632,7332,76Greqia29,1130,2831,45India22,7723,4723,77Kazakistani1,241,231,23Kolumbia54,2652,8552,73Koreja e Jugut64,4264,0863,69Libani13,3413,3813,42Panamaja64,3363,2162,11Peruja59,0158,4557,79Portugalia36,5235,8935,25Senegali45,0544,0142,97Shtetet e Bashkuara33,2633,733,85Tajlanda31,5131,8132,1
Llogarit
Kolona
Kolona B
Kolona C
Kolona D
Kolona E
Kolona F
Kolona G
Veprimi
Shto
Zbrit
Shumëzo
Pjesëto
Kolona
Kolona B
Kolona C
Kolona D
Kolona E
Kolona F
Kolona G
Drejto
Mesatarja
Kolona
Kolona B
Kolona C
Kolona D
Kolona E
Kolona F
Kolona G
Drejto
Fshiji të Gjitha
closeOK"
MAT/MA161-ForestedAreas,4,4,Albanian,sqi-ALB,"Sipërfaqja Pyjore  Pyetje 1 / 4
Si të Përdorni Faqen e të Dhënave
Klikoni mbi   për të renditur një kolonë në rend rritës (nga më e ulta në më të lartën).  Klikoni mbi ikonën përsëri për të renditur kolonën në rend zbritës (nga e larta tek më e ulta).
Për të performuar llogaritjet:
Zgjidhni një kolonë nga menuja e parë që lëshohet poshtë.
Zgjidhni një veprim nga menuja e mesit që lëshohet poshtë.
Zgjidhni një kolonë nga menuja e fundit që lëshohet poshtë.
Klikoni mbi ""Drejto"".
Rezultatet do të shfaqen në kolonën e parë të disponueshme bosh.
Për të shfaqur mesataren e një kolone, zgjidhni një kolonë nga menuja që lëshohet poshtë dhe klikoni mbi ""Drejto"". Rezultati do të paraqitet  në qelizën poshtë asaj kolone.
Për të kthyer mbrapsht një veprim, klikoni mbi .
Për të fshirë një kolonë, klikoni mbi .
Për të fshirë plotësisht faqen e të dhënave, shtypni mbi ""Fshiji të Gjitha"".
Referohuni ""Sipërfaqeve Pyjore"" në të djathtë. Përdorni faqen e të dhënave për t'ju ndihmuar t'i përgjigjeni pyetjes më poshtë. Zgjidhni nga menutë që lëshohen poshtë për t'ju përgjigjur secilës pyetje.
Në tabelën më poshtë, përgjigjuni secilës pyetjeje duke zgjedhur një shtet nga menuja korresponduese që lëshohet poshtë.
Pyetja
Shteti
Sipas pikëve në përqindje, cili shtet ka shtimin më të madh ndërmjet 2005 dhe 2015?
ZgjidhniAlgjeriaArmeniaGjermaniaGreqiaIndiaKazakistaniKolumbiaKoreja e JugutLibaniPanamajaPerujaPortugaliaSenegaliShtetet e BashkuaraTajlanda
Cili shtet nuk ka patur ndryshim të përgjithshëm ndërmjet 2005 dhe 2015?
ZgjidhniAlgjeriaArmeniaGjermaniaGreqiaIndiaKazakistaniKolumbiaKoreja e JugutLibaniPanamajaPerujaPortugaliaSenegaliShtetet e BashkuaraTajlanda
Sipas pikëve të përqindjes, cili shtet pati humbjen më të madhe ndërmjet 2005 dhe 2015?
ZgjidhniAlgjeriaArmeniaGjermaniaGreqiaIndiaKazakistaniKolumbiaKoreja e JugutLibaniPanamajaPerujaPortugaliaSenegaliShtetet e BashkuaraTajlanda"
MAT/MA161-ForestedAreas,4,5,Albanian,sqi-ALB,"C
(
)
x2
yx
√x
1/x
π
÷
7
8
9
x
4
5
6
–
1
2
3
+
0
.
+/-
="
MAT/MA161-ForestedAreas,5,1,Albanian,sqi-ALB,Makinë llogaritëseclose
MAT/MA161-ForestedAreas,5,2,Albanian,sqi-ALB,PISA 2022
MAT/MA161-ForestedAreas,5,3,Albanian,sqi-ALB,"SIPËRFAQJA PYJORE
Faqja e të dhënave më poshtë, tregon sasinë e sipërfaqes pyjore në formë përqindjeje të të gjithë sipërfaqes së secilit nga 15 shtetet, në këtë grup të dhënash. Të dhënat janë paraqitur për vitet 2005, 2010 dhe 2015.
Kolona A ▾
Kolona B
Kolona C
Kolona D
Kolona E
Kolona F
Kolona G
Shteti
2005
2010
2015
Algjeria0,640,810,82Armenia11,7711,7411,77Gjermania32,6632,7332,76Greqia29,1130,2831,45India22,7723,4723,77Kazakistani1,241,231,23Kolumbia54,2652,8552,73Koreja e Jugut64,4264,0863,69Libani13,3413,3813,42Panamaja64,3363,2162,11Peruja59,0158,4557,79Portugalia36,5235,8935,25Senegali45,0544,0142,97Shtetet e Bashkuara33,2633,733,85Tajlanda31,5131,8132,1
Llogarit
Kolona
Kolona B
Kolona C
Kolona D
Kolona E
Kolona F
Kolona G
Veprimi
Shto
Zbrit
Shumëzo
Pjesëto
Kolona
Kolona B
Kolona C
Kolona D
Kolona E
Kolona F
Kolona G
Drejto
Mesatarja
Kolona
Kolona B
Kolona C
Kolona D
Kolona E
Kolona F
Kolona G
Drejto
Fshiji të Gjitha
closeOK"
MAT/MA161-ForestedAreas,5,4,Albanian,sqi-ALB,"Sipërfaqja Pyjore  Pyetje 2 / 4
Si të Përdorni Faqen e të Dhënave
Klikoni mbi   për të renditur një kolonë në rend rritës (nga më e ulta në më të lartën).  Klikoni mbi ikonën përsëri për të renditur kolonën në rend zbritës (nga e larta tek më e ulta).
Për të performuar llogaritjet:
Zgjidhni një kolonë nga menuja e parë që lëshohet poshtë.
Zgjidhni një veprim nga menuja e mesit që lëshohet poshtë.
Zgjidhni një kolonë nga menuja e fundit që lëshohet poshtë.
Klikoni mbi ""Drejto"".
Rezultatet do të shfaqen në kolonën e parë të disponueshme bosh.
Për të shfaqur mesataren e një kolone, zgjidhni një kolonë nga menuja që lëshohet poshtë dhe klikoni mbi ""Drejto"". Rezultati do të paraqitet  në qelizën poshtë asaj kolone.
Për të kthyer mbrapsht një veprim, klikoni mbi .
Për të fshirë një kolonë, klikoni mbi .
Për të fshirë plotësisht faqen e të dhënave, shtypni mbi ""Fshiji të Gjitha"".
Referohuni ""Sipërfaqeve Pyjore"" në të djathtë. Përdorni faqen e të dhënave për t'ju ndihmuar t'i përgjigjeni pyetjes më poshtë. Klikoni një alternativë për t'ju përgjigjur pyetjes.
Konsideroni dy periudhat kohore: 2005 deri në 2010 dhe 2010 deri në 2015.
Cila nga fjalitë e mëposhtme përshkruan saktë ndryshimin mesatar në përqindjen e sipërfaqes pyjore për të dyja periudhat kohore?
Ndryshimi mesatar ishte pozitiv për të dyja periudhat kohore.
Ndryshimi mesatar ishte negativ për të dyja periudhat kohore.
Ndryshimi mesatar ishte i njejtë për të dyja periudhat kohore.
Ndryshimi mesatar ishte pozitiv për një periudhë kohore dhe negativ për një periudhë tjetër kohore."
MAT/MA161-ForestedAreas,5,5,Albanian,sqi-ALB,"C
(
)
x2
yx
√x
1/x
π
÷
7
8
9
x
4
5
6
–
1
2
3
+
0
.
+/-
="
MAT/MA161-ForestedAreas,6,1,Albanian,sqi-ALB,Makinë llogaritëseclose
MAT/MA161-ForestedAreas,6,2,Albanian,sqi-ALB,PISA 2022
MAT/MA161-ForestedAreas,6,3,Albanian,sqi-ALB,"SIPËRFAQJA PYJORE
Faqja e të dhënave më poshtë, tregon sasinë e sipërfaqes pyjore në formë përqindjeje të të gjithë sipërfaqes së secilit nga 15 shtetet, në këtë grup të dhënash. Të dhënat janë paraqitur për vitet 2005, 2010 dhe 2015.
Kolona A ▾
Kolona B
Kolona C
Kolona D
Kolona E
Kolona F
Kolona G
Shteti
2005
2010
2015
Algjeria0,640,810,82Armenia11,7711,7411,77Gjermania32,6632,7332,76Greqia29,1130,2831,45India22,7723,4723,77Kazakistani1,241,231,23Kolumbia54,2652,8552,73Koreja e Jugut64,4264,0863,69Libani13,3413,3813,42Panamaja64,3363,2162,11Peruja59,0158,4557,79Portugalia36,5235,8935,25Senegali45,0544,0142,97Shtetet e Bashkuara33,2633,733,85Tajlanda31,5131,8132,1
Llogarit
Kolona
Kolona B
Kolona C
Kolona D
Kolona E
Kolona F
Kolona G
Veprimi
Shto
Zbrit
Shumëzo
Pjesëto
Kolona
Kolona B
Kolona C
Kolona D
Kolona E
Kolona F
Kolona G
Drejto
Mesatarja
Kolona
Kolona B
Kolona C
Kolona D
Kolona E
Kolona F
Kolona G
Drejto
Fshiji të Gjitha
closeOK"
MAT/MA161-ForestedAreas,6,4,Albanian,sqi-ALB,"Sipërfaqja Pyjore  Pyetje 3 / 4
Si të Përdorni Faqen e të Dhënave
Klikoni mbi   për të renditur një kolonë në rend rritës (nga më e ulta në më të lartën).  Klikoni mbi ikonën përsëri për të renditur kolonën në rend zbritës (nga e larta tek më e ulta).
Për të performuar llogaritjet:
Zgjidhni një kolonë nga menuja e parë që lëshohet poshtë.
Zgjidhni një veprim nga menuja e mesit që lëshohet poshtë.
Zgjidhni një kolonë nga menuja e fundit që lëshohet poshtë.
Klikoni mbi ""Drejto"".
Rezultatet do të shfaqen në kolonën e parë të disponueshme bosh.
Për të shfaqur mesataren e një kolone, zgjidhni një kolonë nga menuja që lëshohet poshtë dhe klikoni mbi ""Drejto"". Rezultati do të paraqitet  në qelizën poshtë asaj kolone.
Për të kthyer mbrapsht një veprim, klikoni mbi .
Për të fshirë një kolonë, klikoni mbi .
Për të fshirë plotësisht faqen e të dhënave, shtypni mbi ""Fshiji të Gjitha"".
Referohuni ""Sipërfaqeve Pyjore"" në të djathtë. Përdorni faqen e të dhënave për t'ju ndihmuar t'i përgjigjeni pyetjes më poshtë. Zgjidhni nga menutë që lëshohen poshtë për t'ju përgjigjur pyetjes.
Konsideroni dy periudhat kohore: 2005 deri në 2010 dhe 2010 deri në 2015.
Sipas pikëve të përqindjes, cilët janë dy shtetet që kanë patur ndryshimin më të madh në përqindje të sipërfaqes pyjore nga njëra  periudhë kohore në periudhën tjetër kohore?
Përgjigjet:
ZgjidhniAlgjeriaArmeniaGjermaniaGreqiaIndiaKazakistaniKolumbiaKoreja e JugutLibaniPanamajaPerujaPortugaliaSenegaliShtetet e BashkuaraTajlanda
dhe
ZgjidhniAlgjeriaArmeniaGjermaniaGreqiaIndiaKazakistaniKolumbiaKoreja e JugutLibaniPanamajaPerujaPortugaliaSenegaliShtetet e BashkuaraTajlanda"
MAT/MA161-ForestedAreas,6,5,Albanian,sqi-ALB,"C
(
)
x2
yx
√x
1/x
π
÷
7
8
9
x
4
5
6
–
1
2
3
+
0
.
+/-
="
MAT/MA161-ForestedAreas,7,1,Albanian,sqi-ALB,Makinë llogaritëseclose
MAT/MA161-ForestedAreas,7,2,Albanian,sqi-ALB,PISA 2022
MAT/MA161-ForestedAreas,7,3,Albanian,sqi-ALB,"SIPËRFAQJA PYJORE
Faqja e të dhënave më poshtë, tregon sasinë e sipërfaqes pyjore në formë përqindjeje të të gjithë sipërfaqes së secilit nga 15 shtetet, në këtë grup të dhënash. Të dhënat janë paraqitur për vitet 2005, 2010 dhe 2015.
Kolona A ▾
Kolona B
Kolona C
Kolona D
Kolona E
Kolona F
Kolona G
Shteti
2005
2010
2015
Algjeria0,640,810,82Armenia11,7711,7411,77Gjermania32,6632,7332,76Greqia29,1130,2831,45India22,7723,4723,77Kazakistani1,241,231,23Kolumbia54,2652,8552,73Koreja e Jugut64,4264,0863,69Libani13,3413,3813,42Panamaja64,3363,2162,11Peruja59,0158,4557,79Portugalia36,5235,8935,25Senegali45,0544,0142,97Shtetet e Bashkuara33,2633,733,85Tajlanda31,5131,8132,1
Llogarit
Kolona
Kolona B
Kolona C
Kolona D
Kolona E
Kolona F
Kolona G
Veprimi
Shto
Zbrit
Shumëzo
Pjesëto
Kolona
Kolona B
Kolona C
Kolona D
Kolona E
Kolona F
Kolona G
Drejto
Mesatarja
Kolona
Kolona B
Kolona C
Kolona D
Kolona E
Kolona F
Kolona G
Drejto
Fshiji të Gjitha
closeOK"
MAT/MA161-ForestedAreas,7,4,Albanian,sqi-ALB,"Sipërfaqja Pyjore  Pyetje 4 / 4
Si të Përdorni Faqen e të Dhënave
Klikoni mbi   për të renditur një kolonë në rend rritës (nga më e ulta në më të lartën).  Klikoni mbi ikonën përsëri për të renditur kolonën në rend zbritës (nga e larta tek më e ulta).
Për të performuar llogaritjet:
Zgjidhni një kolonë nga menuja e parë që lëshohet poshtë.
Zgjidhni një veprim nga menuja e mesit që lëshohet poshtë.
Zgjidhni një kolonë nga menuja e fundit që lëshohet poshtë.
Klikoni mbi ""Drejto"".
Rezultatet do të shfaqen në kolonën e parë të disponueshme bosh.
Për të shfaqur mesataren e një kolone, zgjidhni një kolonë nga menuja që lëshohet poshtë dhe klikoni mbi ""Drejto"". Rezultati do të paraqitet  në qelizën poshtë asaj kolone.
Për të kthyer mbrapsht një veprim, klikoni mbi .
Për të fshirë një kolonë, klikoni mbi .
Për të fshirë plotësisht faqen e të dhënave, shtypni mbi ""Fshiji të Gjitha"".
Referohuni ""Sipërfaqeve Pyjore"" në të djathtë. Përdorni faqen e të dhënave për t'ju ndihmuar t'i përgjigjeni pyetjes më poshtë. Klikoni mbi një alternativë dhe më pas shtypni një shpjegim për t'ju përgjigjur pyetjes.
Helena mendon se Koreja e Jugut ka më tepër sipërfaqe pyjore se sa cilido shtet tjetër në këtë listë për vitet e paraqitura.
A është i mbështetur nga të dhënat në faqen e të dhënave mendimi i saj?
Po
Jo
Shpjegoni përgjigjen tuaj."
MAT/MA161-ForestedAreas,7,5,Albanian,sqi-ALB,"C
(
)
x2
yx
√x
1/x
π
÷
7
8
9
x
4
5
6
–
1
2
3
+
0
.
+/-
="
MAT/MA161-ForestedAreas,1,1,Arabic,ara-ARE,الآلة الحاسبةclose
MAT/MA161-ForestedAreas,1,2,Arabic,ara-ARE,PISA 2022
MAT/MA161-ForestedAreas,1,3,Arabic,ara-ARE,"مساحة الغابات  مقدمة
اقرأ المقدمة. ثم انقر على زر التالي.
مساحة الغابات
في هذه الوحدة، ستستخدم جدول البيانات للإجابة عن الأسئلة المتعلقة بالموقف التالي:
الغابة هي نظام بيئي يُوجد فيه مجموعة متنوعة من الأشجار والنباتات والحيوانات.
يمكن أن تتغير مساحة سطح الغابات في بلدٍ ما بمرور الزمن.
سوف تتدرب على استخدام جدول البيانات في الشاشة التالية."
MAT/MA161-ForestedAreas,1,4,Arabic,ara-ARE,"C
(
)
x2
yx
√x
1/x
π
÷
7
8
9
x
4
5
6
–
1
2
3
+
0
.
+/-
="
MAT/MA161-ForestedAreas,2,1,Arabic,ara-ARE,الآلة الحاسبةclose
MAT/MA161-ForestedAreas,2,2,Arabic,ara-ARE,PISA 2022
MAT/MA161-ForestedAreas,2,3,Arabic,ara-ARE,"مساحة الغابات
يوضح جدول البيانات أدناه  النسبة المئوية لمساحة سطح الغابات من إجمالي مساحة الأرض في كل من الدول الـ 15  الواردة في مجموعة البيانات هذه. يتم عرض البيانات للأعوام  2005  و  2010  و  2015 .
عمود  A ▾
عمود  B
عمود  C
عمود  D
عمود  E
عمود  F
عمود  G
الدولة
2005
2010
2015
أرمينيا11.7711.7411.77ألمانيا32.6632.7332.76البرتغال36.5235.8935.25الجزائر0.640.810.82السنغال45.0544.0142.97الهند22.7723.4723.77الولايات المتحدة33.2633.733.85اليونان29.1130.2831.45بنما64.3363.2162.11بيرو59.0158.4557.79تايلاند31.5131.8132.1كازاخستان1.241.231.23كوريا الجنوبية64.4264.0863.69كولومبيا54.2652.8552.73لبنان13.3413.3813.42
احسب
العمود
عمود  B
عمود  C
عمود  D
عمود  E
عمود  F
عمود  G
العملية الحسابية
جمع
طرح
ضرب
قسمة
العمود
عمود  B
عمود  C
عمود  D
عمود  E
عمود  F
عمود  G
تشغيل
المتوسط الحسابي
العمود
عمود  B
عمود  C
عمود  D
عمود  E
عمود  F
عمود  G
تشغيل
مسح الكل
closeموافق"
MAT/MA161-ForestedAreas,2,4,Arabic,ara-ARE,"مساحة الغابات  تدريب
سوف تتدرّب على استخدام جدول البيانات قبل الانتقال إلى الأسئلة.
استخدم جدول البيانات لاستكمال الإجراءات الثلاثة التالية:
ترتيب العمود
انقر على الرمز  في العمود  B  أو  C  أو  D  لترتيب العمود ترتيبًا تصاعديًا (من الأقل إلى الأعلى).
سيتم ترتيب الأعمدة جميعها بناءً على طريقة ترتيب أي عمود آخر.
إجراء عملية حسابية
اختر عمودًا من القائمة المنسدلة الأولى الموجودة أسفل جدول البيانات.
بعد ذلك، اختر العملية الحسابية من القائمة المنسدلة الوسطى.
ثم اختر عموداً من القائمة المنسدلة الأخيرة.
انقر على زر "" تشغيل ""
ستعرض النتائج في أول عمود فارغ متاح.
عرض المتوسط ​​الحسابي (المعدل) لأحد الأعمدة
اختر عمودًا من القائمة المنسدلة بجانب ""المتوسط الحسابي"" ، الموجودة أسفل جدول البيانات.
انقر على زر "" تشغيل ""
سيتم عرض النتيجة في الخلية الموجودة أسفل ذلك العمود.
انقر على  للمتابعة."
MAT/MA161-ForestedAreas,2,5,Arabic,ara-ARE,"C
(
)
x2
yx
√x
1/x
π
÷
7
8
9
x
4
5
6
–
1
2
3
+
0
.
+/-
="
MAT/MA161-ForestedAreas,3,1,Arabic,ara-ARE,الآلة الحاسبةclose
MAT/MA161-ForestedAreas,3,2,Arabic,ara-ARE,PISA 2022
MAT/MA161-ForestedAreas,3,3,Arabic,ara-ARE,"مساحة الغابات
يوضح جدول البيانات أدناه  النسبة المئوية لمساحة سطح الغابات من إجمالي مساحة الأرض في كل من الدول الـ 15  الواردة في مجموعة البيانات هذه. يتم عرض البيانات للأعوام  2005  و  2010  و  2015 .
عمود  A ▾
عمود  B
عمود  C
عمود  D
عمود  E
عمود  F
عمود  G
الدولة
2005
2010
2015
أرمينيا11.7711.7411.77ألمانيا32.6632.7332.76البرتغال36.5235.8935.25الجزائر0.640.810.82السنغال45.0544.0142.97الهند22.7723.4723.77الولايات المتحدة33.2633.733.85اليونان29.1130.2831.45بنما64.3363.2162.11بيرو59.0158.4557.79تايلاند31.5131.8132.1كازاخستان1.241.231.23كوريا الجنوبية64.4264.0863.69كولومبيا54.2652.8552.73لبنان13.3413.3813.42
احسب
العمود
عمود  B
عمود  C
عمود  D
عمود  E
عمود  F
عمود  G
العملية الحسابية
جمع
طرح
ضرب
قسمة
العمود
عمود  B
عمود  C
عمود  D
عمود  E
عمود  F
عمود  G
تشغيل
المتوسط الحسابي
العمود
عمود  B
عمود  C
عمود  D
عمود  E
عمود  F
عمود  G
تشغيل
مسح الكل
closeموافق"
MAT/MA161-ForestedAreas,3,4,Arabic,ara-ARE,"مساحة الغابات  تعليمات
تتوفر التعليمات حول كيفية استخدام جدول البيانات في كل سؤال.
توجد هذه التعليمات في قائمة يمكن فتحها وغلقها تسمى ""كيف تستخدم جدول البيانات"".
انقر على الشريط أدناه لعرض التعليمات. ثم انقر على الشريط مرة أخرى لإغلاق التعليمات.
كيف تستخدم جدول البيانات
انقر على  لترتيب أحد الأعمدة ترتيبًا تصاعديًا (من الأصغر إلى الأكبر).  انقر على الأيقونة مرة أخرى لترتيب العمود ترتيبًا تنازليًا (من الأكبر إلى الأصغر).
لإجراء  العمليات الحسابية
اختر عمودًا من القائمة المنسدلة الأولى.
اختر العملية الحسابية من القائمة المنسدلة الوسطى.
اختر عمودًا من القائمة المنسدلة الأخيرة.
انقر على زر "" تشغيل ""
ستعرض النتائج في أول عمود فارغ متاح.
لعرض المتوسط الحسابي (المعدل) لأحد الأعمدة، اختر عمودًا من القائمة المنسدلة وانقر على "" تشغيل "". سيتم عرض النتيجة في الخلية الموجودة أسفل ذلك العمود.
للتراجع عن إجراءٍ ما في أي عمود، انقر على .
لمسح البيانات من العمود، انقر على .
لمسح جدول البيانات بالكامل، انقر على ""مسح الكل"".
انقر على  للمتابعة."
MAT/MA161-ForestedAreas,3,5,Arabic,ara-ARE,"C
(
)
x2
yx
√x
1/x
π
÷
7
8
9
x
4
5
6
–
1
2
3
+
0
.
+/-
="
MAT/MA161-ForestedAreas,4,1,Arabic,ara-ARE,الآلة الحاسبةclose
MAT/MA161-ForestedAreas,4,2,Arabic,ara-ARE,PISA 2022
MAT/MA161-ForestedAreas,4,3,Arabic,ara-ARE,"مساحة الغابات
يوضح جدول البيانات أدناه  النسبة المئوية لمساحة سطح الغابات من إجمالي مساحة الأرض في كل من الدول الـ 15  الواردة في مجموعة البيانات هذه. يتم عرض البيانات للأعوام  2005  و  2010  و  2015 .
عمود  A ▾
عمود  B
عمود  C
عمود  D
عمود  E
عمود  F
عمود  G
الدولة
2005
2010
2015
أرمينيا11.7711.7411.77ألمانيا32.6632.7332.76البرتغال36.5235.8935.25الجزائر0.640.810.82السنغال45.0544.0142.97الهند22.7723.4723.77الولايات المتحدة33.2633.733.85اليونان29.1130.2831.45بنما64.3363.2162.11بيرو59.0158.4557.79تايلاند31.5131.8132.1كازاخستان1.241.231.23كوريا الجنوبية64.4264.0863.69كولومبيا54.2652.8552.73لبنان13.3413.3813.42
احسب
العمود
عمود  B
عمود  C
عمود  D
عمود  E
عمود  F
عمود  G
العملية الحسابية
جمع
طرح
ضرب
قسمة
العمود
عمود  B
عمود  C
عمود  D
عمود  E
عمود  F
عمود  G
تشغيل
المتوسط الحسابي
العمود
عمود  B
عمود  C
عمود  D
عمود  E
عمود  F
عمود  G
تشغيل
مسح الكل
closeموافق"
MAT/MA161-ForestedAreas,4,4,Arabic,ara-ARE,"مساحة الغابات  سؤال 1 / 4
كيف تستخدم جدول البيانات
انقر على  لترتيب أحد الأعمدة ترتيبًا تصاعديًا (من الأصغر إلى الأكبر).  انقر على الأيقونة مرة أخرى لترتيب العمود ترتيبًا تنازليًا (من الأكبر إلى الأصغر).
لإجراء  العمليات الحسابية
اختر عمودًا من القائمة المنسدلة الأولى.
اختر العملية الحسابية من القائمة المنسدلة الوسطى.
اختر عمودًا من القائمة المنسدلة الأخيرة.
انقر على زر "" تشغيل ""
ستعرض النتائج في أول عمود فارغ متاح.
لعرض المتوسط الحسابي (المعدل) لأحد الأعمدة، اختر عمودًا من القائمة المنسدلة وانقر على "" تشغيل "". سيتم عرض النتيجة في الخلية الموجودة أسفل ذلك العمود.
للتراجع عن إجراءٍ ما في أي عمود، انقر على .
لمسح البيانات من العمود، انقر على .
لمسح جدول البيانات بالكامل، انقر على ""مسح الكل"".
ارجع إلى ""مساحة الغابات"" على الجانب الأيسر. استخدم جدول البيانات لمساعدتك في الإجابة عن السؤال أدناه. اختر من القوائم المنسدلة للإجابة عن كل سؤال.
في الجدول أدناه، أجب عن كل سؤال باختيار الدولة من القائمة المنسدلة المقابلة.
السؤال
الدولة
من خلال حساب نقاط النسب المئوية، أيّ دولة حققت أعلى نسبة   زيادة  بين عاميْ  2005  و  2015  ؟
اخترأرمينياألمانياالبرتغالالجزائرالسنغالالهندالولايات المتحدةاليونانبنمابيروتايلاندكازاخستانكوريا الجنوبيةكولومبيالبنان
أيّ دولة  لم تتغيّر بشكل كلّي  بين عاميْ  2005  و  2015  ؟
اخترأرمينياألمانياالبرتغالالجزائرالسنغالالهندالولايات المتحدةاليونانبنمابيروتايلاندكازاخستانكوريا الجنوبيةكولومبيالبنان
من خلال حساب نقاط النسب المئوية، أيّ دولة كان لديها أكبر نسبة  نقصان بين عاميْ  2005  و  2015 ؟
اخترأرمينياألمانياالبرتغالالجزائرالسنغالالهندالولايات المتحدةاليونانبنمابيروتايلاندكازاخستانكوريا الجنوبيةكولومبيالبنان"
MAT/MA161-ForestedAreas,4,5,Arabic,ara-ARE,"C
(
)
x2
yx
√x
1/x
π
÷
7
8
9
x
4
5
6
–
1
2
3
+
0
.
+/-
="
MAT/MA161-ForestedAreas,5,1,Arabic,ara-ARE,الآلة الحاسبةclose
MAT/MA161-ForestedAreas,5,2,Arabic,ara-ARE,PISA 2022
MAT/MA161-ForestedAreas,5,3,Arabic,ara-ARE,"مساحة الغابات
يوضح جدول البيانات أدناه  النسبة المئوية لمساحة سطح الغابات من إجمالي مساحة الأرض في كل من الدول الـ 15  الواردة في مجموعة البيانات هذه. يتم عرض البيانات للأعوام  2005  و  2010  و  2015 .
عمود  A ▾
عمود  B
عمود  C
عمود  D
عمود  E
عمود  F
عمود  G
الدولة
2005
2010
2015
أرمينيا11.7711.7411.77ألمانيا32.6632.7332.76البرتغال36.5235.8935.25الجزائر0.640.810.82السنغال45.0544.0142.97الهند22.7723.4723.77الولايات المتحدة33.2633.733.85اليونان29.1130.2831.45بنما64.3363.2162.11بيرو59.0158.4557.79تايلاند31.5131.8132.1كازاخستان1.241.231.23كوريا الجنوبية64.4264.0863.69كولومبيا54.2652.8552.73لبنان13.3413.3813.42
احسب
العمود
عمود  B
عمود  C
عمود  D
عمود  E
عمود  F
عمود  G
العملية الحسابية
جمع
طرح
ضرب
قسمة
العمود
عمود  B
عمود  C
عمود  D
عمود  E
عمود  F
عمود  G
تشغيل
المتوسط الحسابي
العمود
عمود  B
عمود  C
عمود  D
عمود  E
عمود  F
عمود  G
تشغيل
مسح الكل
closeموافق"
MAT/MA161-ForestedAreas,5,4,Arabic,ara-ARE,"مساحة الغابات  سؤال 2 / 4
كيف تستخدم جدول البيانات
انقر على  لترتيب أحد الأعمدة ترتيبًا تصاعديًا (من الأصغر إلى الأكبر).  انقر على الأيقونة مرة أخرى لترتيب العمود ترتيبًا تنازليًا (من الأكبر إلى الأصغر).
لإجراء  العمليات الحسابية
اختر عمودًا من القائمة المنسدلة الأولى.
اختر العملية الحسابية من القائمة المنسدلة الوسطى.
اختر عمودًا من القائمة المنسدلة الأخيرة.
انقر على زر "" تشغيل ""
ستعرض النتائج في أول عمود فارغ متاح.
لعرض المتوسط الحسابي (المعدل) لأحد الأعمدة، اختر عمودًا من القائمة المنسدلة وانقر على "" تشغيل "". سيتم عرض النتيجة في الخلية الموجودة أسفل ذلك العمود.
للتراجع عن إجراءٍ ما في أي عمود، انقر على .
لمسح البيانات من العمود، انقر على .
لمسح جدول البيانات بالكامل، انقر على ""مسح الكل"".
ارجع إلى ""مساحة الغابات"" على الجانب الأيسر. استخدم جدول البيانات لمساعدتك في الإجابة عن السؤال أدناه. انقر على أحد الخيارات للإجابة عن السؤال.
بالنظر في الفترتين الزمنيتين:  2005  إلى  2010  ومن  2010  إلى  2015  .
أيُّ العبارات التالية تصف بشكل صحيح التغيّر في المتوسّط ​​الحسابي للنسبة المئوية في مساحة سطح الغابات للفترتين الزمنيّتين كلتيهما؟
كان التغيّر في المتوسط​​ الحسابي  للفترتين الزمنيتين كلتيهما إيجابيًا.
كان التغيّر في المتوسط​​ الحسابي للفترتين الزمنيتين كلتيهما سلبيًّا.
كان التغيّر في المتوسط​​ الحسابي  للفترتين الزمنيتين كلتيهما متساويًا.
كان التغيّر في المتوسط​​ الحسابي إيجابيًا لفترة زمنية واحدة، وسلبيًا للفترة الزمنية الأخرى."
MAT/MA161-ForestedAreas,5,5,Arabic,ara-ARE,"C
(
)
x2
yx
√x
1/x
π
÷
7
8
9
x
4
5
6
–
1
2
3
+
0
.
+/-
="
MAT/MA161-ForestedAreas,6,1,Arabic,ara-ARE,الآلة الحاسبةclose
MAT/MA161-ForestedAreas,6,2,Arabic,ara-ARE,PISA 2022
MAT/MA161-ForestedAreas,6,3,Arabic,ara-ARE,"مساحة الغابات
يوضح جدول البيانات أدناه  النسبة المئوية لمساحة سطح الغابات من إجمالي مساحة الأرض في كل من الدول الـ 15  الواردة في مجموعة البيانات هذه. يتم عرض البيانات للأعوام  2005  و  2010  و  2015 .
عمود  A ▾
عمود  B
عمود  C
عمود  D
عمود  E
عمود  F
عمود  G
الدولة
2005
2010
2015
أرمينيا11.7711.7411.77ألمانيا32.6632.7332.76البرتغال36.5235.8935.25الجزائر0.640.810.82السنغال45.0544.0142.97الهند22.7723.4723.77الولايات المتحدة33.2633.733.85اليونان29.1130.2831.45بنما64.3363.2162.11بيرو59.0158.4557.79تايلاند31.5131.8132.1كازاخستان1.241.231.23كوريا الجنوبية64.4264.0863.69كولومبيا54.2652.8552.73لبنان13.3413.3813.42
احسب
العمود
عمود  B
عمود  C
عمود  D
عمود  E
عمود  F
عمود  G
العملية الحسابية
جمع
طرح
ضرب
قسمة
العمود
عمود  B
عمود  C
عمود  D
عمود  E
عمود  F
عمود  G
تشغيل
المتوسط الحسابي
العمود
عمود  B
عمود  C
عمود  D
عمود  E
عمود  F
عمود  G
تشغيل
مسح الكل
closeموافق"
MAT/MA161-ForestedAreas,6,4,Arabic,ara-ARE,"مساحة الغابات  سؤال 3 / 4
كيف تستخدم جدول البيانات
انقر على  لترتيب أحد الأعمدة ترتيبًا تصاعديًا (من الأصغر إلى الأكبر).  انقر على الأيقونة مرة أخرى لترتيب العمود ترتيبًا تنازليًا (من الأكبر إلى الأصغر).
لإجراء  العمليات الحسابية
اختر عمودًا من القائمة المنسدلة الأولى.
اختر العملية الحسابية من القائمة المنسدلة الوسطى.
اختر عمودًا من القائمة المنسدلة الأخيرة.
انقر على زر "" تشغيل ""
ستعرض النتائج في أول عمود فارغ متاح.
لعرض المتوسط الحسابي (المعدل) لأحد الأعمدة، اختر عمودًا من القائمة المنسدلة وانقر على "" تشغيل "". سيتم عرض النتيجة في الخلية الموجودة أسفل ذلك العمود.
للتراجع عن إجراءٍ ما في أي عمود، انقر على .
لمسح البيانات من العمود، انقر على .
لمسح جدول البيانات بالكامل، انقر على ""مسح الكل"".
ارجع إلى ""مساحة الغابات"" على الجانب الأيسر. استخدم جدول البيانات لمساعدتك في الإجابة عن السؤال أدناه. اختر من القوائم المنسدلة للإجابة عن السؤال.
بالنظر في الفترتين الزمنيتين:  2005  إلى  2010  ومن  2010  إلى  2015  .
ومن خلال حساب نقاط النسب المئوية، أيّ دولتين طرأ عليهما التغيير الأكبر في النسبة المئوية من مساحة سطع الغابات من فترة زمنية إلى فترة زمنية أخرى؟
الإجابات
اخترأرمينياألمانياالبرتغالالجزائرالسنغالالهندالولايات المتحدةاليونانبنمابيروتايلاندكازاخستانكوريا الجنوبيةكولومبيالبنان
و
اخترأرمينياألمانياالبرتغالالجزائرالسنغالالهندالولايات المتحدةاليونانبنمابيروتايلاندكازاخستانكوريا الجنوبيةكولومبيالبنان"
MAT/MA161-ForestedAreas,6,5,Arabic,ara-ARE,"C
(
)
x2
yx
√x
1/x
π
÷
7
8
9
x
4
5
6
–
1
2
3
+
0
.
+/-
="
MAT/MA161-ForestedAreas,7,1,Arabic,ara-ARE,الآلة الحاسبةclose
MAT/MA161-ForestedAreas,7,2,Arabic,ara-ARE,PISA 2022
MAT/MA161-ForestedAreas,7,3,Arabic,ara-ARE,"مساحة الغابات
يوضح جدول البيانات أدناه  النسبة المئوية لمساحة سطح الغابات من إجمالي مساحة الأرض في كل من الدول الـ 15  الواردة في مجموعة البيانات هذه. يتم عرض البيانات للأعوام  2005  و  2010  و  2015 .
عمود  A ▾
عمود  B
عمود  C
عمود  D
عمود  E
عمود  F
عمود  G
الدولة
2005
2010
2015
أرمينيا11.7711.7411.77ألمانيا32.6632.7332.76البرتغال36.5235.8935.25الجزائر0.640.810.82السنغال45.0544.0142.97الهند22.7723.4723.77الولايات المتحدة33.2633.733.85اليونان29.1130.2831.45بنما64.3363.2162.11بيرو59.0158.4557.79تايلاند31.5131.8132.1كازاخستان1.241.231.23كوريا الجنوبية64.4264.0863.69كولومبيا54.2652.8552.73لبنان13.3413.3813.42
احسب
العمود
عمود  B
عمود  C
عمود  D
عمود  E
عمود  F
عمود  G
العملية الحسابية
جمع
طرح
ضرب
قسمة
العمود
عمود  B
عمود  C
عمود  D
عمود  E
عمود  F
عمود  G
تشغيل
المتوسط الحسابي
العمود
عمود  B
عمود  C
عمود  D
عمود  E
عمود  F
عمود  G
تشغيل
مسح الكل
closeموافق"
MAT/MA161-ForestedAreas,7,4,Arabic,ara-ARE,"مساحة الغابات  سؤال 4 / 4
كيف تستخدم جدول البيانات
انقر على  لترتيب أحد الأعمدة ترتيبًا تصاعديًا (من الأصغر إلى الأكبر).  انقر على الأيقونة مرة أخرى لترتيب العمود ترتيبًا تنازليًا (من الأكبر إلى الأصغر).
لإجراء  العمليات الحسابية
اختر عمودًا من القائمة المنسدلة الأولى.
اختر العملية الحسابية من القائمة المنسدلة الوسطى.
اختر عمودًا من القائمة المنسدلة الأخيرة.
انقر على زر "" تشغيل ""
ستعرض النتائج في أول عمود فارغ متاح.
لعرض المتوسط الحسابي (المعدل) لأحد الأعمدة، اختر عمودًا من القائمة المنسدلة وانقر على "" تشغيل "". سيتم عرض النتيجة في الخلية الموجودة أسفل ذلك العمود.
للتراجع عن إجراءٍ ما في أي عمود، انقر على .
لمسح البيانات من العمود، انقر على .
لمسح جدول البيانات بالكامل، انقر على ""مسح الكل"".
ارجع إلى ""مساحة الغابات"" على الجانب الأيسر. استخدم جدول البيانات لمساعدتك في الإجابة عن السؤال أدناه. انقر على أحد الخيارين ثم اطبع تفسيراً للإجابة عن السؤال.
تدّعي حليمة أنّ كوريا الجنوبية لديها مساحة سطح غابات أكبر من أيّ دولة أخرى للأعوام الموضّحة في هذه القائمة.
هل المعلومات الموضّحة في جدول البيانات تؤيّد ادعاءها؟
نعم
لا
وضّح إجابتك."
MAT/MA161-ForestedAreas,7,5,Arabic,ara-ARE,"C
(
)
x2
yx
√x
1/x
π
÷
7
8
9
x
4
5
6
–
1
2
3
+
0
.
+/-
="
MAT/MA161-ForestedAreas,1,1,Azerbaijani / Azeri,aze-QAZ,Kalkulyatorclose
MAT/MA161-ForestedAreas,1,2,Azerbaijani / Azeri,aze-QAZ,PISA 2022
MAT/MA161-ForestedAreas,1,3,Azerbaijani / Azeri,aze-QAZ,"Meşə Örtüyü  Giriş
Girişi oxuyun. Sonra NÖVBƏTİ oxunu klikləyin.
MEŞƏ ÖRTÜYÜ
Aşağıdakı situasiya ilə əlaqəli sualları cavablandırmaq üçün siz bu bölmədə elektron cədvəldən istifadə edəcəksiniz:
Meşə müxtəlif növ ağacların, bitkilərin və heyvanların rast gəlindiyi bir ekosistemdir.
Ölkədəki meşə örtüyünün ölçüsü zamanla dəyişə bilir.
Növbəti ekranda elektron cədvəldən istifadə edərək məşq edəcəksiniz."
MAT/MA161-ForestedAreas,1,4,Azerbaijani / Azeri,aze-QAZ,"C
(
)
x2
yx
√x
1/x
π
÷
7
8
9
x
4
5
6
–
1
2
3
+
0
,
+/-
="
MAT/MA161-ForestedAreas,2,1,Azerbaijani / Azeri,aze-QAZ,Kalkulyatorclose
MAT/MA161-ForestedAreas,2,2,Azerbaijani / Azeri,aze-QAZ,PISA 2022
MAT/MA161-ForestedAreas,2,3,Azerbaijani / Azeri,aze-QAZ,"MEŞƏ ÖRTÜYÜ
Aşağıdakı elektron cədvəldə 15 ölkənin hər birində olan meşə örtüyünün o ölkənin ümumi sahəsinin neçə faizini tutduğu əks olunmuşdur. Göstərilmiş məlumatlar 2005, 2010 və 2015-ci illərin məlumatlarıdır.
Sütun A
Sütun B
Sütun C
Sütun D
Sütun E
Sütun F
Sütun G
Ölkə
2005
2010
2015
Hesabla
Sütun
Sütun B
Sütun C
Sütun D
Sütun E
Sütun F
Sütun G
Əməliyyat
Topla
Çıx
Vur
Böl
Sütun
Sütun B
Sütun C
Sütun D
Sütun E
Sütun F
Sütun G
Başla
Ədədi orta
Sütun
Sütun B
Sütun C
Sütun D
Sütun E
Sütun F
Sütun G
Başla
Hamısını Sil"
MAT/MA161-ForestedAreas,2,4,Azerbaijani / Azeri,aze-QAZ,"Meşə Örtüyü  Məşq edin
Suallara keçməzdən qabaq siz elektron cədvəldən istifadə edərək məşq edəcəksiniz.
Aşağıdakı üç əməliyyatı tamamlamaq üçün elektron cədvəldən istifadə edin.
Sütundakıları sıralayın.
Sütundakıları artan sıra ilə (azdan çoxa) düzmək üçün Sütun B, C və ya D-dəki   simvolunu klikləyin.
Nəzərə alın ki, bütün sütunlar hər hansı bir sütunun sıralanmasına əsasən düzüləcəkdir.
Hesablama aparın
Elektron cədvəlin aşağısında yerləşən birinci aşağı açılan menyudan sütunu seçin.
Sonra ortadakı aşağı açılan menyudan əməliyyatı seçin.
Sonra axırıncı aşağı açılan menyudan sütunu seçin.
""Başla""nı klikləyin.
Nəticələr birinci müvafiq boş sütunda görünəcəkdir.
Sütunun ədədi ortasını göstər
Elektron cədvəlin aşağısında yerləşən ""Ədədi orta""nın yanında olan aşağı açılan menyudan sütunu seçin.
""Başla""nı klikləyin.
Nəticə həmin sütunun aşağısındakı xanada görünəcəkdir.
Davam etmək üçün  işarəsini klikləyin."
MAT/MA161-ForestedAreas,2,5,Azerbaijani / Azeri,aze-QAZ,"C
(
)
x2
yx
√x
1/x
π
÷
7
8
9
x
4
5
6
–
1
2
3
+
0
,
+/-
="
MAT/MA161-ForestedAreas,3,1,Azerbaijani / Azeri,aze-QAZ,Kalkulyatorclose
MAT/MA161-ForestedAreas,3,2,Azerbaijani / Azeri,aze-QAZ,PISA 2022
MAT/MA161-ForestedAreas,3,3,Azerbaijani / Azeri,aze-QAZ,"MEŞƏ ÖRTÜYÜ
Aşağıdakı elektron cədvəldə 15 ölkənin hər birində olan meşə örtüyünün o ölkənin ümumi sahəsinin neçə faizini tutduğu əks olunmuşdur. Göstərilmiş məlumatlar 2005, 2010 və 2015-ci illərin məlumatlarıdır.
Sütun A ▾
Sütun B
Sütun C
Sütun D
Sütun E
Sütun F
Sütun G
Ölkə
2005
2010
2015
Ölkə A0,640,810,82Ölkə B11,7711,7411,77Ölkə C54,2652,8552,73Ölkə D32,6632,7332,76Ölkə E29,1130,2831,45Ölkə F22,7723,4723,77Ölkə G13,3413,3813,42Ölkə H1,241,231,23Ölkə I64,3363,2162,11Ölkə J59,0158,4557,79Ölkə K36,5235,8935,25Ölkə L45,0544,0142,97Ölkə M64,4264,0863,69Ölkə N31,5131,8132,1Ölkə O33,2633,733,85
Hesabla
Sütun
Sütun B
Sütun C
Sütun D
Sütun E
Sütun F
Sütun G
Əməliyyat
Topla
Çıx
Vur
Böl
Sütun
Sütun B
Sütun C
Sütun D
Sütun E
Sütun F
Sütun G
Başla
Ədədi orta
Sütun
Sütun B
Sütun C
Sütun D
Sütun E
Sütun F
Sütun G
Başla
Hamısını Sil
closeOLDU"
MAT/MA161-ForestedAreas,3,4,Azerbaijani / Azeri,aze-QAZ,"Meşə Örtüyü  Təlimat
Elektron cədvəldən istifadə ilə bağlı təlimatlara hər sualda baxa bilərsiniz.
Onlar açılıb-bağlana bilən ""Elektron Cədvəldən İstifadə Qaydaları"" menyusunda yerləşir.
Təlimatları açmaq üçün aşağıdakı paneli klikləyin. Təlimatları bağlamaq üçün paneli yenidən klikləyin.
Elektron Cədvəldən İstifadə Qaydaları
Sütunu artan (aşağıdan yuxarıya) sıra ilə  düzmək üçün  işarəsini klikləyin.  Sütunu azalan  (yuxarıdan aşağıya) sıra ilə düzmək üçün yenidən işarəni klikləyin.
Hesablama aparmaq üçün:
Birinci aşağıya açılan menyudan sütunu seçin.
Ortadakı aşağıya açılan menyudan əməliyyatı seçin.
Axırıncı aşağıya açılan menyudan sütunu seçin.
""Başla""nı klikləyin.
Nəticələr birinci müvafiq boş sütunda görünəcəkdir.
Sütunun ədədi ortasını göstərmək üçün aşağıya açılan menyudan sütunu seçin və ""Başla"" düyməsini klikləyin. Nəticə həmin sütunun aşağısındakı xanada görünəcəkdir.
Sütundakı fəaliyyəti geriyə qaytarmaq üçün  işarəsini klikləyin.
Sütunu silmək üçün  işarəsini klikləyin.
Elektron cədvəli tamamilə silmək üçün ""Hamısını Sil""i klikləyin.
Davam etmək üçün"
MAT/MA161-ForestedAreas,3,5,Azerbaijani / Azeri,aze-QAZ,"C
(
)
x2
yx
√x
1/x
π
÷
7
8
9
x
4
5
6
–
1
2
3
+
0
,
+/-
="
MAT/MA161-ForestedAreas,4,1,Azerbaijani / Azeri,aze-QAZ,Kalkulyatorclose
MAT/MA161-ForestedAreas,4,2,Azerbaijani / Azeri,aze-QAZ,PISA 2022
MAT/MA161-ForestedAreas,4,3,Azerbaijani / Azeri,aze-QAZ,"MEŞƏ ÖRTÜYÜ
Aşağıdakı elektron cədvəldə 15 ölkənin hər birində olan meşə örtüyünün o ölkənin ümumi sahəsinin neçə faizini tutduğu əks olunmuşdur. Göstərilmiş məlumatlar 2005, 2010 və 2015-ci illərin məlumatlarıdır.
Sütun A ▾
Sütun B
Sütun C
Sütun D
Sütun E
Sütun F
Sütun G
Ölkə
2005
2010
2015
Ölkə A0,640,810,82Ölkə B11,7711,7411,77Ölkə C54,2652,8552,73Ölkə D32,6632,7332,76Ölkə E29,1130,2831,45Ölkə F22,7723,4723,77Ölkə G13,3413,3813,42Ölkə H1,241,231,23Ölkə I64,3363,2162,11Ölkə J59,0158,4557,79Ölkə K36,5235,8935,25Ölkə L45,0544,0142,97Ölkə M64,4264,0863,69Ölkə N31,5131,8132,1Ölkə O33,2633,733,85
Hesabla
Sütun
Sütun B
Sütun C
Sütun D
Sütun E
Sütun F
Sütun G
Əməliyyat
Topla
Çıx
Vur
Böl
Sütun
Sütun B
Sütun C
Sütun D
Sütun E
Sütun F
Sütun G
Başla
Ədədi orta
Sütun
Sütun B
Sütun C
Sütun D
Sütun E
Sütun F
Sütun G
Başla
Hamısını Sil
closeOLDU"
MAT/MA161-ForestedAreas,4,4,Azerbaijani / Azeri,aze-QAZ,"Meşə Örtüyü  Sual 1 / 4
Elektron Cədvəldən İstifadə Qaydaları
Sütunu artan (aşağıdan yuxarıya) sıra ilə  düzmək üçün  işarəsini klikləyin.  Sütunu azalan  (yuxarıdan aşağıya) sıra ilə düzmək üçün yenidən işarəni klikləyin.
Hesablama aparmaq üçün:
Birinci aşağıya açılan menyudan sütunu seçin.
Ortadakı aşağıya açılan menyudan əməliyyatı seçin.
Axırıncı aşağıya açılan menyudan sütunu seçin.
""Başla""nı klikləyin.
Nəticələr birinci müvafiq boş sütunda görünəcəkdir.
Sütunun ədədi ortasını göstərmək üçün aşağıya açılan menyudan sütunu seçin və ""Başla"" düyməsini klikləyin. Nəticə həmin sütunun aşağısındakı xanada görünəcəkdir.
Sütundakı fəaliyyəti geriyə qaytarmaq üçün  işarəsini klikləyin.
Sütunu silmək üçün  işarəsini klikləyin.
Elektron cədvəli tamamilə silmək üçün ""Hamısını Sil""i klikləyin.
Sağdakı ""Meşə Örtüyü""-nə istinad edin. Aşağıdakı suala cavab vermək üçün elektron cədvəldən istifadə edin. Hər bir suala cavab vermək üçün aşağı açılan menyulardan seçim edin.
Aşağıdakı cədvəldə hər suala müvafiq aşağıya açılan menyudan ölkəni seçməklə cavab verin.
Sual
Ölkə
Faiz baxımından 2005 və 2015-ci illər arasında hansı ölkənin  qazancı ən böyük olub?
SeçinÖlkə AÖlkə BÖlkə CÖlkə DÖlkə EÖlkə FÖlkə GÖlkə HÖlkə IÖlkə JÖlkə KÖlkə LÖlkə MÖlkə NÖlkə O
Hansı ölkədə 2005 və 2015-ci illər arasında ümumilikdə heç bir dəyişiklik olmayıb?
SeçinÖlkə AÖlkə BÖlkə CÖlkə DÖlkə EÖlkə FÖlkə GÖlkə HÖlkə IÖlkə JÖlkə KÖlkə LÖlkə MÖlkə NÖlkə O
Faiz baxımından 2005 və 2015-ci illər arasında hansı ölkənin  itkisi ən böyük olub?
SeçinÖlkə AÖlkə BÖlkə CÖlkə DÖlkə EÖlkə FÖlkə GÖlkə HÖlkə IÖlkə JÖlkə KÖlkə LÖlkə MÖlkə NÖlkə O"
MAT/MA161-ForestedAreas,4,5,Azerbaijani / Azeri,aze-QAZ,"C
(
)
x2
yx
√x
1/x
π
÷
7
8
9
x
4
5
6
–
1
2
3
+
0
,
+/-
="
MAT/MA161-ForestedAreas,5,1,Azerbaijani / Azeri,aze-QAZ,Kalkulyatorclose
MAT/MA161-ForestedAreas,5,2,Azerbaijani / Azeri,aze-QAZ,PISA 2022
MAT/MA161-ForestedAreas,5,3,Azerbaijani / Azeri,aze-QAZ,"MEŞƏ ÖRTÜYÜ
Aşağıdakı elektron cədvəldə 15 ölkənin hər birində olan meşə örtüyünün o ölkənin ümumi sahəsinin neçə faizini tutduğu əks olunmuşdur. Göstərilmiş məlumatlar 2005, 2010 və 2015-ci illərin məlumatlarıdır.
Sütun A ▾
Sütun B
Sütun C
Sütun D
Sütun E
Sütun F
Sütun G
Ölkə
2005
2010
2015
Ölkə A0,640,810,82Ölkə B11,7711,7411,77Ölkə C54,2652,8552,73Ölkə D32,6632,7332,76Ölkə E29,1130,2831,45Ölkə F22,7723,4723,77Ölkə G13,3413,3813,42Ölkə H1,241,231,23Ölkə I64,3363,2162,11Ölkə J59,0158,4557,79Ölkə K36,5235,8935,25Ölkə L45,0544,0142,97Ölkə M64,4264,0863,69Ölkə N31,5131,8132,1Ölkə O33,2633,733,85
Hesabla
Sütun
Sütun B
Sütun C
Sütun D
Sütun E
Sütun F
Sütun G
Əməliyyat
Topla
Çıx
Vur
Böl
Sütun
Sütun B
Sütun C
Sütun D
Sütun E
Sütun F
Sütun G
Başla
Ədədi orta
Sütun
Sütun B
Sütun C
Sütun D
Sütun E
Sütun F
Sütun G
Başla
Hamısını Sil
closeOLDU"
MAT/MA161-ForestedAreas,5,4,Azerbaijani / Azeri,aze-QAZ,"Meşə Örtüyü  Sual 2 / 4
Elektron Cədvəldən İstifadə Qaydaları
Sütunu artan (aşağıdan yuxarıya) sıra ilə  düzmək üçün  işarəsini klikləyin.  Sütunu azalan  (yuxarıdan aşağıya) sıra ilə düzmək üçün yenidən işarəni klikləyin.
Hesablama aparmaq üçün:
Birinci aşağıya açılan menyudan sütunu seçin.
Ortadakı aşağıya açılan menyudan əməliyyatı seçin.
Axırıncı aşağıya açılan menyudan sütunu seçin.
""Başla""nı klikləyin.
Nəticələr birinci müvafiq boş sütunda görünəcəkdir.
Sütunun ədədi ortasını göstərmək üçün aşağıya açılan menyudan sütunu seçin və ""Başla"" düyməsini klikləyin. Nəticə həmin sütunun aşağısındakı xanada görünəcəkdir.
Sütundakı fəaliyyəti geriyə qaytarmaq üçün  işarəsini klikləyin.
Sütunu silmək üçün  işarəsini klikləyin.
Elektron cədvəli tamamilə silmək üçün ""Hamısını Sil""i klikləyin.
Sağdakı ""Meşə Örtüyü""-nə istinad edin. Aşağıdakı suala cavab vermək üçün elektron cədvəldən istifadə edin. Suala cavab vermək üçün seçimi klikləyin.
İki vaxt aralığını nəzərdən keçirin: 2005-2010 və 2010-2015.
Aşağıdakı fikirlərdən hansı biri hər iki vaxt aralığı üçün meşə örtüyünün faiz göstəricisində orta dəyişməni düzgün təsvir edir?
Orta dəyişiklik hər iki vaxt aralığı üçün müsbət olub.
Orta dəyişiklik hər iki vaxt aralığı üçün mənfi olub.
Orta dəyişiklik hər iki vaxt aralığı üçün eyni olub.
Orta dəyişiklik bir vaxt aralığı üçün müsbət və digər vaxt aralığı üçün mənfi olub."
MAT/MA161-ForestedAreas,5,5,Azerbaijani / Azeri,aze-QAZ,"C
(
)
x2
yx
√x
1/x
π
÷
7
8
9
x
4
5
6
–
1
2
3
+
0
,
+/-
="
MAT/MA161-ForestedAreas,6,1,Azerbaijani / Azeri,aze-QAZ,Kalkulyatorclose
MAT/MA161-ForestedAreas,6,2,Azerbaijani / Azeri,aze-QAZ,PISA 2022
MAT/MA161-ForestedAreas,6,3,Azerbaijani / Azeri,aze-QAZ,"MEŞƏ ÖRTÜYÜ
Aşağıdakı elektron cədvəldə 15 ölkənin hər birində olan meşə örtüyünün o ölkənin ümumi sahəsinin neçə faizini tutduğu əks olunmuşdur. Göstərilmiş məlumatlar 2005, 2010 və 2015-ci illərin məlumatlarıdır.
Sütun A ▾
Sütun B
Sütun C
Sütun D
Sütun E
Sütun F
Sütun G
Ölkə
2005
2010
2015
Ölkə A0,640,810,82Ölkə B11,7711,7411,77Ölkə C54,2652,8552,73Ölkə D32,6632,7332,76Ölkə E29,1130,2831,45Ölkə F22,7723,4723,77Ölkə G13,3413,3813,42Ölkə H1,241,231,23Ölkə I64,3363,2162,11Ölkə J59,0158,4557,79Ölkə K36,5235,8935,25Ölkə L45,0544,0142,97Ölkə M64,4264,0863,69Ölkə N31,5131,8132,1Ölkə O33,2633,733,85
Hesabla
Sütun
Sütun B
Sütun C
Sütun D
Sütun E
Sütun F
Sütun G
Əməliyyat
Topla
Çıx
Vur
Böl
Sütun
Sütun B
Sütun C
Sütun D
Sütun E
Sütun F
Sütun G
Başla
Ədədi orta
Sütun
Sütun B
Sütun C
Sütun D
Sütun E
Sütun F
Sütun G
Başla
Hamısını Sil
closeOLDU"
MAT/MA161-ForestedAreas,6,4,Azerbaijani / Azeri,aze-QAZ,"Meşə Örtüyü  Sual 3 / 4
Elektron Cədvəldən İstifadə Qaydaları
Sütunu artan (aşağıdan yuxarıya) sıra ilə  düzmək üçün  işarəsini klikləyin.  Sütunu azalan  (yuxarıdan aşağıya) sıra ilə düzmək üçün yenidən işarəni klikləyin.
Hesablama aparmaq üçün:
Birinci aşağıya açılan menyudan sütunu seçin.
Ortadakı aşağıya açılan menyudan əməliyyatı seçin.
Axırıncı aşağıya açılan menyudan sütunu seçin.
""Başla""nı klikləyin.
Nəticələr birinci müvafiq boş sütunda görünəcəkdir.
Sütunun ədədi ortasını göstərmək üçün aşağıya açılan menyudan sütunu seçin və ""Başla"" düyməsini klikləyin. Nəticə həmin sütunun aşağısındakı xanada görünəcəkdir.
Sütundakı fəaliyyəti geriyə qaytarmaq üçün  işarəsini klikləyin.
Sütunu silmək üçün  işarəsini klikləyin.
Elektron cədvəli tamamilə silmək üçün ""Hamısını Sil""i klikləyin.
Sağdakı ""Meşə Örtüyü""-nə istinad edin. Aşağıdakı suala cavab vermək üçün elektron cədvəldən istifadə edin. Suala cavab vermək üçün aşağı açılan menyulardan seçin.
İki vaxt aralığını nəzərdən keçirin: 2005-2010 və 2010-2015.
Faiz baxımından, hansı iki ölkədə bir vaxt aralığında digərinə nəzərən meşə sahəsinin faizində ən çox dəyişiklik olub?
Cavablar:
SeçinÖlkə AÖlkə BÖlkə CÖlkə DÖlkə EÖlkə FÖlkə GÖlkə HÖlkə IÖlkə JÖlkə KÖlkə LÖlkə MÖlkə NÖlkə O
və
SeçinÖlkə AÖlkə BÖlkə CÖlkə DÖlkə EÖlkə FÖlkə GÖlkə HÖlkə IÖlkə JÖlkə KÖlkə LÖlkə MÖlkə NÖlkə O"
MAT/MA161-ForestedAreas,6,5,Azerbaijani / Azeri,aze-QAZ,"C
(
)
x2
yx
√x
1/x
π
÷
7
8
9
x
4
5
6
–
1
2
3
+
0
,
+/-
="
MAT/MA161-ForestedAreas,7,1,Azerbaijani / Azeri,aze-QAZ,Kalkulyatorclose
MAT/MA161-ForestedAreas,7,2,Azerbaijani / Azeri,aze-QAZ,PISA 2022
MAT/MA161-ForestedAreas,7,3,Azerbaijani / Azeri,aze-QAZ,"MEŞƏ ÖRTÜYÜ
Aşağıdakı elektron cədvəldə 15 ölkənin hər birində olan meşə örtüyünün o ölkənin ümumi sahəsinin neçə faizini tutduğu əks olunmuşdur. Göstərilmiş məlumatlar 2005, 2010 və 2015-ci illərin məlumatlarıdır.
Sütun A ▾
Sütun B
Sütun C
Sütun D
Sütun E
Sütun F
Sütun G
Ölkə
2005
2010
2015
Ölkə A0,640,810,82Ölkə B11,7711,7411,77Ölkə C54,2652,8552,73Ölkə D32,6632,7332,76Ölkə E29,1130,2831,45Ölkə F22,7723,4723,77Ölkə G13,3413,3813,42Ölkə H1,241,231,23Ölkə I64,3363,2162,11Ölkə J59,0158,4557,79Ölkə K36,5235,8935,25Ölkə L45,0544,0142,97Ölkə M64,4264,0863,69Ölkə N31,5131,8132,1Ölkə O33,2633,733,85
Hesabla
Sütun
Sütun B
Sütun C
Sütun D
Sütun E
Sütun F
Sütun G
Əməliyyat
Topla
Çıx
Vur
Böl
Sütun
Sütun B
Sütun C
Sütun D
Sütun E
Sütun F
Sütun G
Başla
Ədədi orta
Sütun
Sütun B
Sütun C
Sütun D
Sütun E
Sütun F
Sütun G
Başla
Hamısını Sil
closeOLDU"
MAT/MA161-ForestedAreas,7,4,Azerbaijani / Azeri,aze-QAZ,"Meşə Örtüyü  Sual 4 / 4
Elektron Cədvəldən İstifadə Qaydaları
Sütunu artan (aşağıdan yuxarıya) sıra ilə  düzmək üçün  işarəsini klikləyin.  Sütunu azalan  (yuxarıdan aşağıya) sıra ilə düzmək üçün yenidən işarəni klikləyin.
Hesablama aparmaq üçün:
Birinci aşağıya açılan menyudan sütunu seçin.
Ortadakı aşağıya açılan menyudan əməliyyatı seçin.
Axırıncı aşağıya açılan menyudan sütunu seçin.
""Başla""nı klikləyin.
Nəticələr birinci müvafiq boş sütunda görünəcəkdir.
Sütunun ədədi ortasını göstərmək üçün aşağıya açılan menyudan sütunu seçin və ""Başla"" düyməsini klikləyin. Nəticə həmin sütunun aşağısındakı xanada görünəcəkdir.
Sütundakı fəaliyyəti geriyə qaytarmaq üçün  işarəsini klikləyin.
Sütunu silmək üçün  işarəsini klikləyin.
Elektron cədvəli tamamilə silmək üçün ""Hamısını Sil""i klikləyin.
Sağdakı ""Meşə Örtüyü""-nə istinad edin. Aşağıdakı suala cavab vermək üçün elektron cədvəldən istifadə edin. Suala cavab vermək üçün seçiminizi klikləyin və daha sonra yazdığınız cavabı izah edin.
Həlimə iddia edir ki, göstərilmiş illər üçün digər ölkələrlə müqayisədə Ölkə M-də daha çox meşə örtüyü olub.
Elektron cədvəldəki məlumatlar onun iddiasını dəstəkləyirmi?
Bəli
Xeyr
Cavabınızı izah edin."
MAT/MA161-ForestedAreas,7,5,Azerbaijani / Azeri,aze-QAZ,"C
(
)
x2
yx
√x
1/x
π
÷
7
8
9
x
4
5
6
–
1
2
3
+
0
,
+/-
="
MAT/MA161-ForestedAreas,1,1,Basque,eus-ESP,Kalkulagailuaclose
MAT/MA161-ForestedAreas,1,2,Basque,eus-ESP,PISA
MAT/MA161-ForestedAreas,1,3,Basque,eus-ESP,"Baso eremua  Sarrera
Irakurri sarrera. Ondoren, egin klik HURRENGOA gezian.
BASO EREMUA
Unitate honetan kalkulu-orri bat erabiliko duzu ondorengo egoerari lotutako galderei erantzuteko:
Basoa ekosistema bat da non askotariko zuhaitzak, landareak eta animaliak bizi diren.
Herrialde batek duen baso eremuaren azalera aldatu egin daiteke denbora pasa ahala.
Hurrengo pantailan, praktikak egingo dituzu kalkulu-orria erabiliz."
MAT/MA161-ForestedAreas,1,4,Basque,eus-ESP,"C
(
)
x2
yx
√x
1/x
π
÷
7
8
9
x
4
5
6
–
1
2
3
+
0
.
+/-
="
MAT/MA161-ForestedAreas,2,1,Basque,eus-ESP,Kalkulagailuaclose
MAT/MA161-ForestedAreas,2,2,Basque,eus-ESP,PISA
MAT/MA161-ForestedAreas,2,3,Basque,eus-ESP,"BASO EREMUA
Beheko kalkulu-orrian erakusten da 15 herrialdetako baso eremuaren azaleraren ehunekoa, herri bakoitzeko lurzoru osoaren azalera kontuan hartuta. Datuak 2005, 2010 eta 2015 urteei dagozkie.
A zutabea ▾
B zutabea
C zutabea
D zutabea
E zutabea
F zutabea
G zutabea
Herrialdea
2005
2010
2015
Alemania32,6632,7332,76Aljeria0,640,810,82Ameriketako Estatu Batuak33,2633,733,85Armenia11,7711,7411,77Grezia29,1130,2831,45Hego Korea64,4264,0863,69India22,7723,4723,77Kazakhstan1,241,231,23Kolonbia54,2652,8552,73Libano13,3413,3813,42Panama64,3363,2162,11Peru59,0158,4557,79Portugal36,5235,8935,25Senegal45,0544,0142,97Tailandia31,5131,8132,1
Kalkulatu
Zutabea
B zutabea
C zutabea
D zutabea
E zutabea
F zutabea
G zutabea
Eragiketa
Gehitu
Kendu
Biderkatu
Zatitu
Zutabea
B zutabea
C zutabea
D zutabea
E zutabea
F zutabea
G zutabea
Abiarazi
Batezbestekoa
Zutabea
B zutabea
C zutabea
D zutabea
E zutabea
F zutabea
G zutabea
Abiarazi
Ezabatu guztia
closeAdos"
MAT/MA161-ForestedAreas,2,4,Basque,eus-ESP,"Baso eremua  Praktika
Galderei erantzuten hasi aurretik, praktikak egingo dituzu kalkulu-orria erabiliz.
Erabili kalkulu-orria ondorengo hiru ekintza hauek egiteko.
Ordenatu zutabe bat.
Egin klik B, C edo D zutabeko  sinboloan zutabe hori goranzko ordenean (txikienetik handienera)  izateko.
Kontuan izan, zutabe bat ordenatuz gero beste zutabe guztiak lehenengoaren arabera ordenatuko direla.
Egin kalkulu bat
Hautatu zutabe bat kalkulu-orriaren azpiko lehenengo ""goitik behera"" menutik.
Ondoren, hautatu eragiketa bat erdiko ""goitik behera"" menutik.
Gero, hautatu zutabe bat azkeneko ""goitik behera"" menutik.
Egin klik ""Abiarazi"" botoian.
Emaitzak hutsik dagoen lehen zutabean ageriko dira.
Bistaratu zutabe baten batezbestekoa
Hautatu zutabe bat kalkulu-orriaren azpian dagoen ""Batezbestekoa"" botoiaren ondoko ""goitik behera""menutik.
Egin klik ""Abiarazi"" botoian.
Emaitza zutabe horren azpiko gelaxkan ageriko da.
Egin klik irudian, jarraitzeko."
MAT/MA161-ForestedAreas,2,5,Basque,eus-ESP,"C
(
)
x2
yx
√x
1/x
π
÷
7
8
9
x
4
5
6
–
1
2
3
+
0
.
+/-
="
MAT/MA161-ForestedAreas,3,1,Basque,eus-ESP,Kalkulagailuaclose
MAT/MA161-ForestedAreas,3,2,Basque,eus-ESP,PISA
MAT/MA161-ForestedAreas,3,3,Basque,eus-ESP,"BASO EREMUA
Beheko kalkulu-orrian erakusten da 15 herrialdetako baso eremuaren azaleraren ehunekoa, herri bakoitzeko lurzoru osoaren azalera kontuan hartuta. Datuak 2005, 2010 eta 2015 urteei dagozkie.
A zutabea ▾
B zutabea
C zutabea
D zutabea
E zutabea
F zutabea
G zutabea
Herrialdea
2005
2010
2015
Alemania32,6632,7332,76Aljeria0,640,810,82Ameriketako Estatu Batuak33,2633,733,85Armenia11,7711,7411,77Grezia29,1130,2831,45Hego Korea64,4264,0863,69India22,7723,4723,77Kazakhstan1,241,231,23Kolonbia54,2652,8552,73Libano13,3413,3813,42Panama64,3363,2162,11Peru59,0158,4557,79Portugal36,5235,8935,25Senegal45,0544,0142,97Tailandia31,5131,8132,1
Kalkulatu
Zutabea
B zutabea
C zutabea
D zutabea
E zutabea
F zutabea
G zutabea
Eragiketa
Gehitu
Kendu
Biderkatu
Zatitu
Zutabea
B zutabea
C zutabea
D zutabea
E zutabea
F zutabea
G zutabea
Abiarazi
Batezbestekoa
Zutabea
B zutabea
C zutabea
D zutabea
E zutabea
F zutabea
G zutabea
Abiarazi
Ezabatu guztia
closeAdos"
MAT/MA161-ForestedAreas,3,4,Basque,eus-ESP,"Baso eremuak  Jarraibidea
Kalkulu-orria nola erabili jakiteko, galdera bakoitzean jarraibideak daude ikusgai.
Jarraibideak ""Nola erabili kalkulu-orria"" izeneko menu batean daude eta menu hori ireki eta itxi egin daiteke.
Egin klik beheko barran jarraibideak zabaltzeko. Egin klik barran berriro jarraibideak ixteko.
Nola erabili kalkulu-orria
Egin klik  ikonoan zutabearen datuen ordena goranzkoa (txikienetik handienera) izateko.  Egin klik ikonoan berriro zutabearen datuen ordena beheranzkoa (handienetik txikienera) izateko.
Kalkuluak egiteko:
Hautatu zutabe bat lehenengo ""goitik behera"" menutik.
Hautatu eragiketa bat erdiko ""goitik behera"" menutik.
Hautatu zutabe bat azken ""goitik behera"" menutik.
Egin klik ""Abiarazi"" botoian.
Emaitzak hutsik dagoen lehen zutabean ageriko dira.
Zutabe baten batezbestekoa bistaratzeko, hautatu zutabe bat ""goitik behera"" menutik eta egin klik ""Abiarazi"" botoian. Emaitza zutabe horren azpiko gelaxkan ageriko da.
Zutabe batean egindako ekintza bat desegiteko, egin klik  ikonoan.
Zutabe baten datuak ezabatzeko, egin klik  ikonoan.
Kalkulu-orriaren datu guztiak ezabatzeko, egin klik ""Ezabatu guztia"" botoian.
Egin klik irudian, jarraitzeko."
MAT/MA161-ForestedAreas,3,5,Basque,eus-ESP,"C
(
)
x2
yx
√x
1/x
π
÷
7
8
9
x
4
5
6
–
1
2
3
+
0
.
+/-
="
MAT/MA161-ForestedAreas,4,1,Basque,eus-ESP,Kalkulagailuaclose
MAT/MA161-ForestedAreas,4,2,Basque,eus-ESP,PISA
MAT/MA161-ForestedAreas,4,3,Basque,eus-ESP,"BASO EREMUA
Beheko kalkulu-orrian erakusten da 15 herrialdetako baso eremuaren azaleraren ehunekoa, herri bakoitzeko lurzoru osoaren azalera kontuan hartuta. Datuak 2005, 2010 eta 2015 urteei dagozkie.
A zutabea ▾
B zutabea
C zutabea
D zutabea
E zutabea
F zutabea
G zutabea
Herrialdea
2005
2010
2015
Alemania32,6632,7332,76Aljeria0,640,810,82Ameriketako Estatu Batuak33,2633,733,85Armenia11,7711,7411,77Grezia29,1130,2831,45Hego Korea64,4264,0863,69India22,7723,4723,77Kazakhstan1,241,231,23Kolonbia54,2652,8552,73Libano13,3413,3813,42Panama64,3363,2162,11Peru59,0158,4557,79Portugal36,5235,8935,25Senegal45,0544,0142,97Tailandia31,5131,8132,1
Kalkulatu
Zutabea
B zutabea
C zutabea
D zutabea
E zutabea
F zutabea
G zutabea
Eragiketa
Gehitu
Kendu
Biderkatu
Zatitu
Zutabea
B zutabea
C zutabea
D zutabea
E zutabea
F zutabea
G zutabea
Abiarazi
Batezbestekoa
Zutabea
B zutabea
C zutabea
D zutabea
E zutabea
F zutabea
G zutabea
Abiarazi
Ezabatu guztia
closeAdos"
MAT/MA161-ForestedAreas,4,4,Basque,eus-ESP,"Baso eremua  Galdera 1 / 4
Nola erabili kalkulu-orria
Egin klik  ikonoan zutabearen datuen ordena goranzkoa (txikienetik handienera) izateko.  Egin klik ikonoan berriro zutabearen datuen ordena beheranzkoa (handienetik txikienera) izateko.
Kalkuluak egiteko:
Hautatu zutabe bat lehenengo ""goitik behera"" menutik.
Hautatu eragiketa bat erdiko ""goitik behera"" menutik.
Hautatu zutabe bat azken ""goitik behera"" menutik.
Egin klik ""Abiarazi"" botoian.
Emaitzak hutsik dagoen lehen zutabean ageriko dira.
Zutabe baten batezbestekoa bistaratzeko, hautatu zutabe bat ""goitik behera"" menutik eta egin klik ""Abiarazi"" botoian. Emaitza zutabe horren azpiko gelaxkan ageriko da.
Zutabe batean egindako ekintza bat desegiteko, egin klik  ikonoan.
Zutabe baten datuak ezabatzeko, egin klik  ikonoan.
Kalkulu-orriaren datu guztiak ezabatzeko, egin klik ""Ezabatu guztia"" botoian.
Begiratu ""Baso eremua"" egoerari eskuinean. Erabili kalkulu-orria, lagungarri gisa, beheko galderari erantzuteko. Hautatu ""goitik behera"" menuetatik, galdera bakoitzari erantzuteko.
Beheko taulan, erantzun galdera bakoitzari herrialde bat hautatuz, galdera horri dagokion ""goitik behera"" menutik.
Galdera
Herrialdea
Ehunekoei dagokienez, zer herrialde izan zen 2005etik 2015era igoera handiena izan zuena?
HautatuAlemaniaAljeriaAmeriketako Estatu BatuakArmeniaGreziaHego KoreaIndiaKazakhstanKolonbiaLibanoPanamaPeruPortugalSenegalTailandia
Zer herrialdek ez zuen aldaketa globalik izan 2005etik 2015era?
HautatuAlemaniaAljeriaAmeriketako Estatu BatuakArmeniaGreziaHego KoreaIndiaKazakhstanKolonbiaLibanoPanamaPeruPortugalSenegalTailandia
Ehunekoei dagokienez, zer herrialde izan zen 2005etik 2015era jaitsiera handiena izan zuena?
HautatuAlemaniaAljeriaAmeriketako Estatu BatuakArmeniaGreziaHego KoreaIndiaKazakhstanKolonbiaLibanoPanamaPeruPortugalSenegalTailandia"
MAT/MA161-ForestedAreas,4,5,Basque,eus-ESP,"C
(
)
x2
yx
√x
1/x
π
÷
7
8
9
x
4
5
6
–
1
2
3
+
0
.
+/-
="
MAT/MA161-ForestedAreas,5,1,Basque,eus-ESP,Kalkulagailuaclose
MAT/MA161-ForestedAreas,5,2,Basque,eus-ESP,PISA
MAT/MA161-ForestedAreas,5,3,Basque,eus-ESP,"BASO EREMUA
Beheko kalkulu-orrian erakusten da 15 herrialdetako baso eremuaren azaleraren ehunekoa, herri bakoitzeko lurzoru osoaren azalera kontuan hartuta. Datuak 2005, 2010 eta 2015 urteei dagozkie.
A zutabea ▾
B zutabea
C zutabea
D zutabea
E zutabea
F zutabea
G zutabea
Herrialdea
2005
2010
2015
Alemania32,6632,7332,76Aljeria0,640,810,82Ameriketako Estatu Batuak33,2633,733,85Armenia11,7711,7411,77Grezia29,1130,2831,45Hego Korea64,4264,0863,69India22,7723,4723,77Kazakhstan1,241,231,23Kolonbia54,2652,8552,73Libano13,3413,3813,42Panama64,3363,2162,11Peru59,0158,4557,79Portugal36,5235,8935,25Senegal45,0544,0142,97Tailandia31,5131,8132,1
Kalkulatu
Zutabea
B zutabea
C zutabea
D zutabea
E zutabea
F zutabea
G zutabea
Eragiketa
Gehitu
Kendu
Biderkatu
Zatitu
Zutabea
B zutabea
C zutabea
D zutabea
E zutabea
F zutabea
G zutabea
Abiarazi
Batezbestekoa
Zutabea
B zutabea
C zutabea
D zutabea
E zutabea
F zutabea
G zutabea
Abiarazi
Ezabatu guztia
closeAdos"
MAT/MA161-ForestedAreas,5,4,Basque,eus-ESP,"Baso eremua  Galdera 2 / 4
Nola erabili kalkulu-orria
Egin klik  ikonoan zutabearen datuen ordena goranzkoa (txikienetik handienera) izateko.  Egin klik ikonoan berriro zutabearen datuen ordena beheranzkoa (handienetik txikienera) izateko.
Kalkuluak egiteko:
Hautatu zutabe bat lehenengo ""goitik behera"" menutik.
Hautatu eragiketa bat erdiko ""goitik behera"" menutik.
Hautatu zutabe bat azken ""goitik behera"" menutik.
Egin klik ""Abiarazi"" botoian.
Emaitzak hutsik dagoen lehen zutabean ageriko dira.
Zutabe baten batezbestekoa bistaratzeko, hautatu zutabe bat ""goitik behera"" menutik eta egin klik ""Abiarazi"" botoian. Emaitza zutabe horren azpiko gelaxkan ageriko da.
Zutabe batean egindako ekintza bat desegiteko, egin klik  ikonoan.
Zutabe baten datuak ezabatzeko, egin klik  ikonoan.
Kalkulu-orriaren datu guztiak ezabatzeko, egin klik ""Ezabatu guztia"" botoian.
Begiratu ""Baso eremua"" egoerari eskuinean. Erabili kalkulu-orria, lagungarri gisa, beheko galderari erantzuteko. Egin klik aukera batean, galderari erantzuteko.
Honako bi denbora-tarte hauek hartuko ditugu kontuan: 2005-2010 eta 2010-2015.
Ondorengo adierazpen hauetatik zeinek deskribatzen du ondo baso eremuaren ehunekoaren batez besteko aldaketa bi denbora-tarte horietan?
Batez besteko aldaketa positiboa izan zen bi denbora-tarteetan.
Batez besteko aldaketa negatiboa izan zen bi denbora-tarteetan.
Batez besteko aldaketa berdina izan zen bi denbora-tarteetan.
Batez besteko aldaketa positiboa izan zen denbora-tarte batean eta negatiboa beste denbora-tartean."
MAT/MA161-ForestedAreas,5,5,Basque,eus-ESP,"C
(
)
x2
yx
√x
1/x
π
÷
7
8
9
x
4
5
6
–
1
2
3
+
0
.
+/-
="
MAT/MA161-ForestedAreas,6,1,Basque,eus-ESP,Kalkulagailuaclose
MAT/MA161-ForestedAreas,6,2,Basque,eus-ESP,PISA
MAT/MA161-ForestedAreas,6,3,Basque,eus-ESP,"BASO EREMUA
Beheko kalkulu-orrian erakusten da 15 herrialdetako baso eremuaren azaleraren ehunekoa, herri bakoitzeko lurzoru osoaren azalera kontuan hartuta. Datuak 2005, 2010 eta 2015 urteei dagozkie.
A zutabea ▾
B zutabea
C zutabea
D zutabea
E zutabea
F zutabea
G zutabea
Herrialdea
2005
2010
2015
Alemania32,6632,7332,76Aljeria0,640,810,82Ameriketako Estatu Batuak33,2633,733,85Armenia11,7711,7411,77Grezia29,1130,2831,45Hego Korea64,4264,0863,69India22,7723,4723,77Kazakhstan1,241,231,23Kolonbia54,2652,8552,73Libano13,3413,3813,42Panama64,3363,2162,11Peru59,0158,4557,79Portugal36,5235,8935,25Senegal45,0544,0142,97Tailandia31,5131,8132,1
Kalkulatu
Zutabea
B zutabea
C zutabea
D zutabea
E zutabea
F zutabea
G zutabea
Eragiketa
Gehitu
Kendu
Biderkatu
Zatitu
Zutabea
B zutabea
C zutabea
D zutabea
E zutabea
F zutabea
G zutabea
Abiarazi
Batezbestekoa
Zutabea
B zutabea
C zutabea
D zutabea
E zutabea
F zutabea
G zutabea
Abiarazi
Ezabatu guztia
closeAdos"
MAT/MA161-ForestedAreas,6,4,Basque,eus-ESP,"Baso eremua  Galdera 3 / 4
Nola erabili kalkulu-orria
Egin klik  ikonoan zutabearen datuen ordena goranzkoa (txikienetik handienera) izateko.  Egin klik ikonoan berriro zutabearen datuen ordena beheranzkoa (handienetik txikienera) izateko.
Kalkuluak egiteko:
Hautatu zutabe bat lehenengo ""goitik behera"" menutik.
Hautatu eragiketa bat erdiko ""goitik behera"" menutik.
Hautatu zutabe bat azken ""goitik behera"" menutik.
Egin klik ""Abiarazi"" botoian.
Emaitzak hutsik dagoen lehen zutabean ageriko dira.
Zutabe baten batezbestekoa bistaratzeko, hautatu zutabe bat ""goitik behera"" menutik eta egin klik ""Abiarazi"" botoian. Emaitza zutabe horren azpiko gelaxkan ageriko da.
Zutabe batean egindako ekintza bat desegiteko, egin klik  ikonoan.
Zutabe baten datuak ezabatzeko, egin klik  ikonoan.
Kalkulu-orriaren datu guztiak ezabatzeko, egin klik ""Ezabatu guztia"" botoian.
Begiratu ""Baso eremua"" egoerari eskuinean. Erabili kalkulu-orria, lagungarri gisa, beheko galderari erantzuteko. Hautatu ""goitik behera"" menuetatik, galderari erantzuteko.
Honako bi denbora-tarte hauek hartuko ditugu kontuan: 2005-2010 eta 2010-2015.
Ehunekoei dagokienez, zein bi herrialdek izan zuten baso eremuaren ehunekoetan aldaketa handiena denbora-tarte batetik beste denbora-tartera?
Erantzunak:
HautatuAlemaniaAljeriaAmeriketako Estatu BatuakArmeniaGreziaHego KoreaIndiaKazakhstanKolonbiaLibanoPanamaPeruPortugalSenegalTailandia
eta
HautatuAlemaniaAljeriaAmeriketako Estatu BatuakArmeniaGreziaHego KoreaIndiaKazakhstanKolonbiaLibanoPanamaPeruPortugalSenegalTailandia"
MAT/MA161-ForestedAreas,6,5,Basque,eus-ESP,"C
(
)
x2
yx
√x
1/x
π
÷
7
8
9
x
4
5
6
–
1
2
3
+
0
.
+/-
="
MAT/MA161-ForestedAreas,7,1,Basque,eus-ESP,Kalkulagailuaclose
MAT/MA161-ForestedAreas,7,2,Basque,eus-ESP,PISA
MAT/MA161-ForestedAreas,7,3,Basque,eus-ESP,"BASO EREMUA
Beheko kalkulu-orrian erakusten da 15 herrialdetako baso eremuaren azaleraren ehunekoa, herri bakoitzeko lurzoru osoaren azalera kontuan hartuta. Datuak 2005, 2010 eta 2015 urteei dagozkie.
A zutabea ▾
B zutabea
C zutabea
D zutabea
E zutabea
F zutabea
G zutabea
Herrialdea
2005
2010
2015
Alemania32,6632,7332,76Aljeria0,640,810,82Ameriketako Estatu Batuak33,2633,733,85Armenia11,7711,7411,77Grezia29,1130,2831,45Hego Korea64,4264,0863,69India22,7723,4723,77Kazakhstan1,241,231,23Kolonbia54,2652,8552,73Libano13,3413,3813,42Panama64,3363,2162,11Peru59,0158,4557,79Portugal36,5235,8935,25Senegal45,0544,0142,97Tailandia31,5131,8132,1
Kalkulatu
Zutabea
B zutabea
C zutabea
D zutabea
E zutabea
F zutabea
G zutabea
Eragiketa
Gehitu
Kendu
Biderkatu
Zatitu
Zutabea
B zutabea
C zutabea
D zutabea
E zutabea
F zutabea
G zutabea
Abiarazi
Batezbestekoa
Zutabea
B zutabea
C zutabea
D zutabea
E zutabea
F zutabea
G zutabea
Abiarazi
Ezabatu guztia
closeAdos"
MAT/MA161-ForestedAreas,7,4,Basque,eus-ESP,"Baso eremua  Galdera 4 / 4
Nola erabili kalkulu-orria
Egin klik  ikonoan zutabearen datuen ordena goranzkoa (txikienetik handienera) izateko.  Egin klik ikonoan berriro zutabearen datuen ordena beheranzkoa (handienetik txikienera) izateko.
Kalkuluak egiteko:
Hautatu zutabe bat lehenengo ""goitik behera"" menutik.
Hautatu eragiketa bat erdiko ""goitik behera"" menutik.
Hautatu zutabe bat azken ""goitik behera"" menutik.
Egin klik ""Abiarazi"" botoian.
Emaitzak hutsik dagoen lehen zutabean ageriko dira.
Zutabe baten batezbestekoa bistaratzeko, hautatu zutabe bat ""goitik behera"" menutik eta egin klik ""Abiarazi"" botoian. Emaitza zutabe horren azpiko gelaxkan ageriko da.
Zutabe batean egindako ekintza bat desegiteko, egin klik  ikonoan.
Zutabe baten datuak ezabatzeko, egin klik  ikonoan.
Kalkulu-orriaren datu guztiak ezabatzeko, egin klik ""Ezabatu guztia"" botoian.
Begiratu ""Baso eremua"" egoerari eskuinean. Erabili kalkulu-orria, lagungarri gisa, beheko galderari erantzuteko. Egin klik aukera batean eta, ondoren, idatzi azalpen bat galderari erantzuteko.
Haizeak baieztatu du Hego Koreak zerrendako beste edozein herrialdek baino baso eremu azalera handiagoa duela aipatutako urteetan.
Bere baieztapena ba al dator bat kalkulu-orriko datuekin?
Bai
Ez
Azaldu zure erantzuna."
MAT/MA161-ForestedAreas,7,5,Basque,eus-ESP,"C
(
)
x2
yx
√x
1/x
π
÷
7
8
9
x
4
5
6
–
1
2
3
+
0
.
+/-
="
MAT/MA161-ForestedAreas,1,1,Bokmål,nob-NOR,Kalkulatorclose
MAT/MA161-ForestedAreas,1,2,Bokmål,nob-NOR,PISA
MAT/MA161-ForestedAreas,1,3,Bokmål,nob-NOR,"Skogareal  Innledning
Les innledningen. Klikk deretter på NESTE-pilen.
SKOGAREAL
I denne oppgaveenheten skal du bruke et regneark for å svare på spørsmål knyttet til disse opplysningene:
En skog er et økosystem der det finnes mange forskjellige trær, planter og dyr.
Andelen skogareal i et land kan endre seg over tid.
På det neste skjermbildet kan du øve på å bruke regnearket."
MAT/MA161-ForestedAreas,1,4,Bokmål,nob-NOR,"C
(
)
x2
yx
√x
1/x
π
÷
7
8
9
x
4
5
6
–
1
2
3
+
0
,
+/-
="
MAT/MA161-ForestedAreas,2,1,Bokmål,nob-NOR,Kalkulatorclose
MAT/MA161-ForestedAreas,2,2,Bokmål,nob-NOR,PISA
MAT/MA161-ForestedAreas,2,3,Bokmål,nob-NOR,"SKOGAREAL
Regnearket nedenfor viser andelen skogareal, i prosent av det totale landarealet, i hvert av de 15 landene i dette datasettet. Dataene vises for årene 2005, 2010 og 2015.
Kolonne A
Kolonne B
Kolonne C
Kolonne D
Kolonne E
Kolonne F
Kolonne G
Land
2005
2010
2015
Regn ut
Kolonne
Kolonne B
Kolonne C
Kolonne D
Kolonne E
Kolonne F
Kolonne G
Operasjon
Legg sammen
Trekk fra
Multipliser
Divider
Kolonne
Kolonne B
Kolonne C
Kolonne D
Kolonne E
Kolonne F
Kolonne G
Kjør
Gjennomsnitt
Kolonne
Kolonne B
Kolonne C
Kolonne D
Kolonne E
Kolonne F
Kolonne G
Kjør
Nullstill"
MAT/MA161-ForestedAreas,2,4,Bokmål,nob-NOR,"Skogareal  Øvelse
Du skal nå øve på å bruke regnearket før du går videre til spørsmålene.
Bruk regnearket for å fullføre disse tre handlingene.
Sortere en kolonne.
Klikk på -symbolet i kolonne B, C eller D for å sortere kolonnen i stigende rekkefølge (lav til høy).
Merk at alle kolonnene blir sortert ut fra hvordan én kolonne blir sortert.
Gjøre en utregning
Velg en kolonne fra den første nedtrekksmenyen under regnearket.
Velg deretter en operasjon fra den midterste nedtrekksmenyen.
Velg deretter en kolonne fra den siste nedtrekksmenyen.
Klikk på ""Kjør"".
Resultatet  vil vises i den første tomme kolonnen.
Vise gjennomsnittet for en kolonne
Velg en kolonne fra nedtrekksmenyen ved siden av ""Gjennomsnitt"" under regnearket.
Klikk på ""Kjør"".
Resultatet vil vises i ruta under kolonnen.
Klikk på  for å fortsette."
MAT/MA161-ForestedAreas,2,5,Bokmål,nob-NOR,"C
(
)
x2
yx
√x
1/x
π
÷
7
8
9
x
4
5
6
–
1
2
3
+
0
,
+/-
="
MAT/MA161-ForestedAreas,3,1,Bokmål,nob-NOR,Kalkulatorclose
MAT/MA161-ForestedAreas,3,2,Bokmål,nob-NOR,PISA
MAT/MA161-ForestedAreas,3,3,Bokmål,nob-NOR,"SKOGAREAL
Regnearket nedenfor viser andelen skogareal, i prosent av det totale landarealet, i hvert av de 15 landene i dette datasettet. Dataene vises for årene 2005, 2010 og 2015.
Kolonne A ▾
Kolonne B
Kolonne C
Kolonne D
Kolonne E
Kolonne F
Kolonne G
Land
2005
2010
2015
Algerie0,640,810,82Armenia11,7711,7411,77Colombia54,2652,8552,73Hellas29,1130,2831,45India22,7723,4723,77Kasakhstan1,241,231,23Libanon13,3413,3813,42Panama64,3363,2162,11Peru59,0158,4557,79Portugal36,5235,8935,25Senegal45,0544,0142,97Sør-Korea64,4264,0863,69Thailand31,5131,8132,1Tyskland32,6632,7332,76USA33,2633,733,85
Regn ut
Kolonne
Kolonne B
Kolonne C
Kolonne D
Kolonne E
Kolonne F
Kolonne G
Operasjon
Legg sammen
Trekk fra
Multipliser
Divider
Kolonne
Kolonne B
Kolonne C
Kolonne D
Kolonne E
Kolonne F
Kolonne G
Kjør
Gjennomsnitt
Kolonne
Kolonne B
Kolonne C
Kolonne D
Kolonne E
Kolonne F
Kolonne G
Kjør
Nullstill
closeOK"
MAT/MA161-ForestedAreas,3,4,Bokmål,nob-NOR,"Skogareal  Veiledning
Veiledning i hvordan regnearket brukes, finnes for hvert spørsmål.
Veiledningen ligger under menyen ""Hvordan bruke regnearket"" som kan åpnes og lukkes.
Klikk på feltet nedenfor for å åpne veiledningen. Klikk på feltet igjen for å lukke veiledningen.
Hvordan bruke regnearket
Klikk på  for å sortere en kolonne i stigende (lavest til høyest) rekkefølge.  Klikk på ikonet igjen for å sortere kolonnen i synkende (høyest til lavest) rekkefølge.
For å gjøre utregninger:
Velg en kolonne fra den første nedtrekksmenyen.
Velg en operasjon fra den midterste nedtrekksmenyen.
Velg en kolonne fra den siste nedtrekksmenyen.
Klikk på ""Kjør"".
Resultatet  vil vises i den første tomme kolonnen.
For å vise gjennomsnittet for en kolonne, velg en kolonne fra nedtrekksmenyen, og klikk deretter på ""Kjør"". Resultatet vil vises i ruta under kolonnen.
For å endre en utregning i en kolonne, klikk på .
For å slette innholdet i en kolonne, klikk på .
For å slette alt innholdet i regnearket, klikk på ""Nullstill"".
Klikk på  for å fortsette."
MAT/MA161-ForestedAreas,3,5,Bokmål,nob-NOR,"C
(
)
x2
yx
√x
1/x
π
÷
7
8
9
x
4
5
6
–
1
2
3
+
0
,
+/-
="
MAT/MA161-ForestedAreas,4,1,Bokmål,nob-NOR,Kalkulatorclose
MAT/MA161-ForestedAreas,4,2,Bokmål,nob-NOR,PISA
MAT/MA161-ForestedAreas,4,3,Bokmål,nob-NOR,"SKOGAREAL
Regnearket nedenfor viser andelen skogareal, i prosent av det totale landarealet, i hvert av de 15 landene i dette datasettet. Dataene vises for årene 2005, 2010 og 2015.
Kolonne A ▾
Kolonne B
Kolonne C
Kolonne D
Kolonne E
Kolonne F
Kolonne G
Land
2005
2010
2015
Algerie0,640,810,82Armenia11,7711,7411,77Colombia54,2652,8552,73Hellas29,1130,2831,45India22,7723,4723,77Kasakhstan1,241,231,23Libanon13,3413,3813,42Panama64,3363,2162,11Peru59,0158,4557,79Portugal36,5235,8935,25Senegal45,0544,0142,97Sør-Korea64,4264,0863,69Thailand31,5131,8132,1Tyskland32,6632,7332,76USA33,2633,733,85
Regn ut
Kolonne
Kolonne B
Kolonne C
Kolonne D
Kolonne E
Kolonne F
Kolonne G
Operasjon
Legg sammen
Trekk fra
Multipliser
Divider
Kolonne
Kolonne B
Kolonne C
Kolonne D
Kolonne E
Kolonne F
Kolonne G
Kjør
Gjennomsnitt
Kolonne
Kolonne B
Kolonne C
Kolonne D
Kolonne E
Kolonne F
Kolonne G
Kjør
Nullstill
closeOK"
MAT/MA161-ForestedAreas,4,4,Bokmål,nob-NOR,"Skogareal  Spørsmål 1 / 4
Hvordan bruke regnearket
Klikk på  for å sortere en kolonne i stigende (lavest til høyest) rekkefølge.  Klikk på ikonet igjen for å sortere kolonnen i synkende (høyest til lavest) rekkefølge.
For å gjøre utregninger:
Velg en kolonne fra den første nedtrekksmenyen.
Velg en operasjon fra den midterste nedtrekksmenyen.
Velg en kolonne fra den siste nedtrekksmenyen.
Klikk på ""Kjør"".
Resultatet  vil vises i den første tomme kolonnen.
For å vise gjennomsnittet for en kolonne, velg en kolonne fra nedtrekksmenyen, og klikk deretter på ""Kjør"". Resultatet vil vises i ruta under kolonnen.
For å endre en utregning i en kolonne, klikk på .
For å slette innholdet i en kolonne, klikk på .
For å slette alt innholdet i regnearket, klikk på ""Nullstill"".
Les ""Skogareal"" til høyre. Bruk regnearket for å svare på spørsmålet nedenfor. Svar på hvert av spørsmålene ved å velge fra nedtrekksmenyene.
Svar på hvert spørsmål i tabellen nedenfor ved å velge et land i den tilhørende nedtrekksmenyen.
Spørsmål
Land
Hvilket land hadde størst økning, i prosentpoeng, mellom 2005 og 2015?
VelgAlgerieArmeniaColombiaHellasIndiaKasakhstanLibanonPanamaPeruPortugalSenegalSør-KoreaThailandTysklandUSA
Hvilket land hadde ingen endring totalt sett mellom 2005 og 2015?
VelgAlgerieArmeniaColombiaHellasIndiaKasakhstanLibanonPanamaPeruPortugalSenegalSør-KoreaThailandTysklandUSA
Hvilket land hadde størst nedgang, i prosentpoeng, mellom 2005 og 2015?
VelgAlgerieArmeniaColombiaHellasIndiaKasakhstanLibanonPanamaPeruPortugalSenegalSør-KoreaThailandTysklandUSA"
MAT/MA161-ForestedAreas,4,5,Bokmål,nob-NOR,"C
(
)
x2
yx
√x
1/x
π
÷
7
8
9
x
4
5
6
–
1
2
3
+
0
,
+/-
="
MAT/MA161-ForestedAreas,5,1,Bokmål,nob-NOR,Kalkulatorclose
MAT/MA161-ForestedAreas,5,2,Bokmål,nob-NOR,PISA
MAT/MA161-ForestedAreas,5,3,Bokmål,nob-NOR,"SKOGAREAL
Regnearket nedenfor viser andelen skogareal, i prosent av det totale landarealet, i hvert av de 15 landene i dette datasettet. Dataene vises for årene 2005, 2010 og 2015.
Kolonne A ▾
Kolonne B
Kolonne C
Kolonne D
Kolonne E
Kolonne F
Kolonne G
Land
2005
2010
2015
Algerie0,640,810,82Armenia11,7711,7411,77Colombia54,2652,8552,73Hellas29,1130,2831,45India22,7723,4723,77Kasakhstan1,241,231,23Libanon13,3413,3813,42Panama64,3363,2162,11Peru59,0158,4557,79Portugal36,5235,8935,25Senegal45,0544,0142,97Sør-Korea64,4264,0863,69Thailand31,5131,8132,1Tyskland32,6632,7332,76USA33,2633,733,85
Regn ut
Kolonne
Kolonne B
Kolonne C
Kolonne D
Kolonne E
Kolonne F
Kolonne G
Operasjon
Legg sammen
Trekk fra
Multipliser
Divider
Kolonne
Kolonne B
Kolonne C
Kolonne D
Kolonne E
Kolonne F
Kolonne G
Kjør
Gjennomsnitt
Kolonne
Kolonne B
Kolonne C
Kolonne D
Kolonne E
Kolonne F
Kolonne G
Kjør
Nullstill
closeOK"
MAT/MA161-ForestedAreas,5,4,Bokmål,nob-NOR,"Skogareal  Spørsmål 2 / 4
Hvordan bruke regnearket
Klikk på  for å sortere en kolonne i stigende (lavest til høyest) rekkefølge.  Klikk på ikonet igjen for å sortere kolonnen i synkende (høyest til lavest) rekkefølge.
For å gjøre utregninger:
Velg en kolonne fra den første nedtrekksmenyen.
Velg en operasjon fra den midterste nedtrekksmenyen.
Velg en kolonne fra den siste nedtrekksmenyen.
Klikk på ""Kjør"".
Resultatet  vil vises i den første tomme kolonnen.
For å vise gjennomsnittet for en kolonne, velg en kolonne fra nedtrekksmenyen, og klikk deretter på ""Kjør"". Resultatet vil vises i ruta under kolonnen.
For å endre en utregning i en kolonne, klikk på .
For å slette innholdet i en kolonne, klikk på .
For å slette alt innholdet i regnearket, klikk på ""Nullstill"".
Les ""Skogareal"" til høyre. Bruk regnearket for å svare på spørsmålet nedenfor. Svar på spørsmålet ved å klikke på et av alternativene.
Vurder de to tidsperiodene: 2005 til 2010 og 2010 til 2015.
Hvilken av påstandene nedenfor gir en korrekt beskrivelse av den gjennomsnittlige endringen i prosent for skogareal i begge tidsperiodene?
Den gjennomsnittlige endringen var positiv i begge tidsperiodene.
Den gjennomsnittlige endringen var negativ i begge tidsperiodene.
Den gjennomsnittlige endringen var den samme i begge tidsperiodene.
Den gjennomsnittlige endringen var positiv i en tidsperiode og negativ i den andre tidsperioden."
MAT/MA161-ForestedAreas,5,5,Bokmål,nob-NOR,"C
(
)
x2
yx
√x
1/x
π
÷
7
8
9
x
4
5
6
–
1
2
3
+
0
,
+/-
="
MAT/MA161-ForestedAreas,6,1,Bokmål,nob-NOR,Kalkulatorclose
MAT/MA161-ForestedAreas,6,2,Bokmål,nob-NOR,PISA
MAT/MA161-ForestedAreas,6,3,Bokmål,nob-NOR,"SKOGAREAL
Regnearket nedenfor viser andelen skogareal, i prosent av det totale landarealet, i hvert av de 15 landene i dette datasettet. Dataene vises for årene 2005, 2010 og 2015.
Kolonne A ▾
Kolonne B
Kolonne C
Kolonne D
Kolonne E
Kolonne F
Kolonne G
Land
2005
2010
2015
Algerie0,640,810,82Armenia11,7711,7411,77Colombia54,2652,8552,73Hellas29,1130,2831,45India22,7723,4723,77Kasakhstan1,241,231,23Libanon13,3413,3813,42Panama64,3363,2162,11Peru59,0158,4557,79Portugal36,5235,8935,25Senegal45,0544,0142,97Sør-Korea64,4264,0863,69Thailand31,5131,8132,1Tyskland32,6632,7332,76USA33,2633,733,85
Regn ut
Kolonne
Kolonne B
Kolonne C
Kolonne D
Kolonne E
Kolonne F
Kolonne G
Operasjon
Legg sammen
Trekk fra
Multipliser
Divider
Kolonne
Kolonne B
Kolonne C
Kolonne D
Kolonne E
Kolonne F
Kolonne G
Kjør
Gjennomsnitt
Kolonne
Kolonne B
Kolonne C
Kolonne D
Kolonne E
Kolonne F
Kolonne G
Kjør
Nullstill
closeOK"
MAT/MA161-ForestedAreas,6,4,Bokmål,nob-NOR,"Skogareal  Spørsmål 3 / 4
Hvordan bruke regnearket
Klikk på  for å sortere en kolonne i stigende (lavest til høyest) rekkefølge.  Klikk på ikonet igjen for å sortere kolonnen i synkende (høyest til lavest) rekkefølge.
For å gjøre utregninger:
Velg en kolonne fra den første nedtrekksmenyen.
Velg en operasjon fra den midterste nedtrekksmenyen.
Velg en kolonne fra den siste nedtrekksmenyen.
Klikk på ""Kjør"".
Resultatet  vil vises i den første tomme kolonnen.
For å vise gjennomsnittet for en kolonne, velg en kolonne fra nedtrekksmenyen, og klikk deretter på ""Kjør"". Resultatet vil vises i ruta under kolonnen.
For å endre en utregning i en kolonne, klikk på .
For å slette innholdet i en kolonne, klikk på .
For å slette alt innholdet i regnearket, klikk på ""Nullstill"".
Les ""Skogareal"" til høyre. Bruk regnearket for å svare på spørsmålet nedenfor. Svar på spørsmålet ved å velge fra nedtrekksmenyen.
Vurder de to tidsperiodene: 2005 til 2010 og 2010 til 2015.
Hvilke to land hadde størst endring i prosentandel skogsareal, i prosentpoeng, fra en tidsperiode til neste tidsperiode?
Svar:
VelgAlgerieArmeniaColombiaHellasIndiaKasakhstanLibanonPanamaPeruPortugalSenegalSør-KoreaThailandTysklandUSA
og
VelgAlgerieArmeniaColombiaHellasIndiaKasakhstanLibanonPanamaPeruPortugalSenegalSør-KoreaThailandTysklandUSA"
MAT/MA161-ForestedAreas,6,5,Bokmål,nob-NOR,"C
(
)
x2
yx
√x
1/x
π
÷
7
8
9
x
4
5
6
–
1
2
3
+
0
,
+/-
="
MAT/MA161-ForestedAreas,7,1,Bokmål,nob-NOR,Kalkulatorclose
MAT/MA161-ForestedAreas,7,2,Bokmål,nob-NOR,PISA
MAT/MA161-ForestedAreas,7,3,Bokmål,nob-NOR,"SKOGAREAL
Regnearket nedenfor viser andelen skogareal, i prosent av det totale landarealet, i hvert av de 15 landene i dette datasettet. Dataene vises for årene 2005, 2010 og 2015.
Kolonne A ▾
Kolonne B
Kolonne C
Kolonne D
Kolonne E
Kolonne F
Kolonne G
Land
2005
2010
2015
Algerie0,640,810,82Armenia11,7711,7411,77Colombia54,2652,8552,73Hellas29,1130,2831,45India22,7723,4723,77Kasakhstan1,241,231,23Libanon13,3413,3813,42Panama64,3363,2162,11Peru59,0158,4557,79Portugal36,5235,8935,25Senegal45,0544,0142,97Sør-Korea64,4264,0863,69Thailand31,5131,8132,1Tyskland32,6632,7332,76USA33,2633,733,85
Regn ut
Kolonne
Kolonne B
Kolonne C
Kolonne D
Kolonne E
Kolonne F
Kolonne G
Operasjon
Legg sammen
Trekk fra
Multipliser
Divider
Kolonne
Kolonne B
Kolonne C
Kolonne D
Kolonne E
Kolonne F
Kolonne G
Kjør
Gjennomsnitt
Kolonne
Kolonne B
Kolonne C
Kolonne D
Kolonne E
Kolonne F
Kolonne G
Kjør
Nullstill
closeOK"
MAT/MA161-ForestedAreas,7,4,Bokmål,nob-NOR,"Skogareal  Spørsmål 4 / 4
Hvordan bruke regnearket
Klikk på  for å sortere en kolonne i stigende (lavest til høyest) rekkefølge.  Klikk på ikonet igjen for å sortere kolonnen i synkende (høyest til lavest) rekkefølge.
For å gjøre utregninger:
Velg en kolonne fra den første nedtrekksmenyen.
Velg en operasjon fra den midterste nedtrekksmenyen.
Velg en kolonne fra den siste nedtrekksmenyen.
Klikk på ""Kjør"".
Resultatet  vil vises i den første tomme kolonnen.
For å vise gjennomsnittet for en kolonne, velg en kolonne fra nedtrekksmenyen, og klikk deretter på ""Kjør"". Resultatet vil vises i ruta under kolonnen.
For å endre en utregning i en kolonne, klikk på .
For å slette innholdet i en kolonne, klikk på .
For å slette alt innholdet i regnearket, klikk på ""Nullstill"".
Les ""Skogareal"" til høyre. Bruk regnearket for å svare på spørsmålet nedenfor. Svar på spørsmålet ved å klikke på et alternativ, og begrunn deretter svaret ditt.
Helene hevder at Sør-Korea har større skogareal enn noen av de andre landene på lista for de årene som vises.
Kan informasjonen i regnearket støtte påstanden hennes?
Ja
Nei
Begrunn svaret ditt."
MAT/MA161-ForestedAreas,7,5,Bokmål,nob-NOR,"C
(
)
x2
yx
√x
1/x
π
÷
7
8
9
x
4
5
6
–
1
2
3
+
0
,
+/-
="
MAT/MA161-ForestedAreas,1,1,Bosnian,bos-BIH,Digitronclose
MAT/MA161-ForestedAreas,1,2,Bosnian,bos-BIH,PISA 2022
MAT/MA161-ForestedAreas,1,3,Bosnian,bos-BIH,"Površina pod šumom  Uvod
Pročitaj uvod. Zatim klikni na strelicu SLJEDEĆE.
POVRŠINA POD ŠUMOM
U ovoj cjelini ćeš koristiti tabelu da odgovoriš na pitanja u vezi sa sljedećom situacijom:
Šuma je ekosistem u kojem se mogu naći raznovrsno drveće, biljke i životinje.
Veličina površine pod šumom u nekoj zemlji se vremenom može mijenjati.
Na sljedećem ekranu ćeš vježbati kako da koristiš  tabelu."
MAT/MA161-ForestedAreas,1,4,Bosnian,bos-BIH,"C
(
)
x2
yx
√x
1/x
π
:
7
8
9
·
4
5
6
–
1
2
3
+
0
,
+/-
="
MAT/MA161-ForestedAreas,2,1,Bosnian,bos-BIH,Digitronclose
MAT/MA161-ForestedAreas,2,2,Bosnian,bos-BIH,PISA 2022
MAT/MA161-ForestedAreas,2,3,Bosnian,bos-BIH,"POVRŠINA POD ŠUMOM
Tabela ispod pokazuje veličinu površine pod šumom izraženu kao procent ukupne površine zemljišta u svakoj od 15 zemalja u ovom skupu podataka.  Podaci su prikazani za 2005., 2010. i 2015. godinu.
Kolona A ▾
Kolona B
Kolona C
Kolona D
Kolona E
Kolona F
Kolona G
Zemlja
2005.
2010.
2015.
Alžir  0,640,810,82Armenija 11,7711,7411,77Grčka 29,1130,2831,45Indija22,7723,4723,77Južna Koreja64,4264,0863,69Kazahstan 1,241,231,23Kolumbija54,2652,8552,73Liban 13,3413,3813,42Njemačka32,6632,7332,76Panama64,3363,2162,11Peru59,0158,4557,79Portugal 36,5235,8935,25Senegal45,0544,0142,97Sjedinjene Američke Države33,2633,733,85Tajland 31,5131,8132,1
Izračunaj
Kolona
Kolona B
Kolona C
Kolona D
Kolona E
Kolona F
Kolona G
Operacija
Saberi
Oduzmi
Pomnoži
Podijeli
Kolona
Kolona B
Kolona C
Kolona D
Kolona E
Kolona F
Kolona G
Pokreni
Srednja vrijednost
Kolona
Kolona B
Kolona C
Kolona D
Kolona E
Kolona F
Kolona G
Pokreni
Izbriši sve
closeOK"
MAT/MA161-ForestedAreas,2,4,Bosnian,bos-BIH,"Površina pod šumom  Vježba
Sada ćeš vježbati korištenje tabele prije nego što pređeš na pitanja.
Koristi tabelu da izvršiš sljedeće tri radnje.
Sortiraj kolonu.
Klikni na simbol  u koloni B, C, ili D da podatke u toj koloni poredaš rastućim redom.
Imaj na umu da će se sve kolone sortirati na onaj način na koji je sortirana bilo koja od kolona.
Izvrši izračunavanje
Izaberi kolonu iz prvog padajućeg menija smještenog ispod tabele.
Zatim izaberi operaciju iz srednjeg padajućeg menija.
Zatim izaberi kolonu iz zadnjeg padajućeg menija.
Klikni na „Pokreni”.
Rezultati će se prikazati u prvoj dostupnoj praznoj koloni.
Prikaži srednju (prosječnu) vrijednost kolone.
Izaberi kolonu iz padajućeg menija uz „Srednju vrijednost” smještenog ispod tabele.
Klikni na „Pokreni”.
Rezultat će se prikazati u polju ispod te kolone.
Klikni na  da nastaviš."
MAT/MA161-ForestedAreas,2,5,Bosnian,bos-BIH,"C
(
)
x2
yx
√x
1/x
π
:
7
8
9
·
4
5
6
–
1
2
3
+
0
,
+/-
="
MAT/MA161-ForestedAreas,3,1,Bosnian,bos-BIH,Digitronclose
MAT/MA161-ForestedAreas,3,2,Bosnian,bos-BIH,PISA 2022
MAT/MA161-ForestedAreas,3,3,Bosnian,bos-BIH,"POVRŠINA POD ŠUMOM
Tabela ispod pokazuje veličinu površine pod šumom izraženu kao procent ukupne površine zemljišta u svakoj od 15 zemalja u ovom skupu podataka.  Podaci su prikazani za 2005., 2010. i 2015. godinu.
Kolona A ▾
Kolona B
Kolona C
Kolona D
Kolona E
Kolona F
Kolona G
Zemlja
2005.
2010.
2015.
Alžir  0,640,810,82Armenija 11,7711,7411,77Grčka 29,1130,2831,45Indija22,7723,4723,77Južna Koreja64,4264,0863,69Kazahstan 1,241,231,23Kolumbija54,2652,8552,73Liban 13,3413,3813,42Njemačka32,6632,7332,76Panama64,3363,2162,11Peru59,0158,4557,79Portugal 36,5235,8935,25Senegal45,0544,0142,97Sjedinjene Američke Države33,2633,733,85Tajland 31,5131,8132,1
Izračunaj
Kolona
Kolona B
Kolona C
Kolona D
Kolona E
Kolona F
Kolona G
Operacija
Saberi
Oduzmi
Pomnoži
Podijeli
Kolona
Kolona B
Kolona C
Kolona D
Kolona E
Kolona F
Kolona G
Pokreni
Srednja vrijednost
Kolona
Kolona B
Kolona C
Kolona D
Kolona E
Kolona F
Kolona G
Pokreni
Izbriši sve
closeOK"
MAT/MA161-ForestedAreas,3,4,Bosnian,bos-BIH,"Površine pod šumom  Uputstva
Uputstva za korištenje tabele su dostupna u svakom pitanju.
Nalaze se u meniju pod nazivom „Kako da koristiš tabelu” koji se može otvoriti i zatvoriti.
Klikni na traku ispod da otvoriš uputstva. Klikni na traku još jednom da zatvoriš uputstva.
Kako da koristiš tabelu
Klikni na  da sortiraš podatke u koloni rastućim (od najnižeg do najvišeg) redom.   Klikni na tu ikonu još jednom da sortiraš podatke u koloni opadajućim (od najvišeg do najnižeg) redom.
Da izvršiš izračunavanja:
Izaberi kolonu iz prvog padajućeg menija.
Izaberi operaciju iz srednjeg padajućeg menija.
Izaberi kolonu iz zadnjeg padajućeg menija.
Klikni na „Pokreni”.
Rezultati će se prikazati u prvoj dostupnoj praznoj koloni.
Da prikažeš srednju (prosječnu) vrijednost kolone, izaberi kolonu iz padajućeg menija i klikni „Pokreni”.  Rezultat će se prikazati u polju ispod te kolone.
Da poništiš radnju u koloni, klikni na
Da izbrišeš kolonu, klikni na
Da potpuno izbrišeš tabelu, klikni na „Izbriši sve”.
Klikni na  da nastaviš."
MAT/MA161-ForestedAreas,3,5,Bosnian,bos-BIH,"C
(
)
x2
yx
√x
1/x
π
:
7
8
9
·
4
5
6
–
1
2
3
+
0
,
+/-
="
MAT/MA161-ForestedAreas,4,1,Bosnian,bos-BIH,Digitronclose
MAT/MA161-ForestedAreas,4,2,Bosnian,bos-BIH,PISA 2022
MAT/MA161-ForestedAreas,4,3,Bosnian,bos-BIH,"POVRŠINA POD ŠUMOM
Tabela ispod pokazuje veličinu površine pod šumom izraženu kao procent ukupne površine zemljišta u svakoj od 15 zemalja u ovom skupu podataka.  Podaci su prikazani za 2005., 2010. i 2015. godinu.
Kolona A ▾
Kolona B
Kolona C
Kolona D
Kolona E
Kolona F
Kolona G
Zemlja
2005.
2010.
2015.
Alžir  0,640,810,82Armenija 11,7711,7411,77Grčka 29,1130,2831,45Indija22,7723,4723,77Južna Koreja64,4264,0863,69Kazahstan 1,241,231,23Kolumbija54,2652,8552,73Liban 13,3413,3813,42Njemačka32,6632,7332,76Panama64,3363,2162,11Peru59,0158,4557,79Portugal 36,5235,8935,25Senegal45,0544,0142,97Sjedinjene Američke Države33,2633,733,85Tajland 31,5131,8132,1
Izračunaj
Kolona
Kolona B
Kolona C
Kolona D
Kolona E
Kolona F
Kolona G
Operacija
Saberi
Oduzmi
Pomnoži
Podijeli
Kolona
Kolona B
Kolona C
Kolona D
Kolona E
Kolona F
Kolona G
Pokreni
Srednja vrijednost
Kolona
Kolona B
Kolona C
Kolona D
Kolona E
Kolona F
Kolona G
Pokreni
Izbriši sve
closeOK"
MAT/MA161-ForestedAreas,4,4,Bosnian,bos-BIH,"Površina pod šumom  Pitanje 1 / 4
Kako da koristiš tabelu
Klikni na  da sortiraš podatke u koloni rastućim (od najnižeg do najvišeg) redom.   Klikni na tu ikonu još jednom da sortiraš podatke u koloni opadajućim (od najvišeg do najnižeg) redom.
Da izvršiš izračunavanja:
Izaberi kolonu iz prvog padajućeg menija.
Izaberi operaciju iz srednjeg padajućeg menija.
Izaberi kolonu iz zadnjeg padajućeg menija.
Klikni na „Pokreni”.
Rezultati će se prikazati u prvoj dostupnoj praznoj koloni.
Da prikažeš srednju (prosječnu) vrijednost kolone, izaberi kolonu iz padajućeg menija i klikni „Pokreni”.  Rezultat će se prikazati u polju ispod te kolone.
Da poništiš radnju u koloni, klikni na
Da izbrišeš kolonu, klikni na
Da potpuno izbrišeš tabelu, klikni na „Izbriši sve”.
Koristi informacije iz teksta „Površina pod šumom” s desne strane.   Koristi tabelu da ti pomogne odgovoriti na pitanje ispod.  Izaberi rješenja iz padajućih menija da odgovoriš na svako pitanje.
Odgovori na svako pitanje u tabeli ispod tako što ćeš izabrati zemlju iz odgovarajućeg padajućeg menija.
Tvrdnja
Zemlja
U smislu procentnih poena, koja zemlja je ostvarila najveći rast između 2005. i 2015. godine?
IzaberiAlžir  Armenija Grčka IndijaJužna KorejaKazahstan KolumbijaLiban NjemačkaPanamaPeruPortugal SenegalSjedinjene Američke DržaveTajland
U kojoj zemlji nije bilo ukupne promjene između 2005. i 2015. godine?
IzaberiAlžir  Armenija Grčka IndijaJužna KorejaKazahstan KolumbijaLiban NjemačkaPanamaPeruPortugal SenegalSjedinjene Američke DržaveTajland
U smislu procentnih poena, koja zemlja je ostvarila najveći gubitak između 2005. i 2015. godine?
IzaberiAlžir  Armenija Grčka IndijaJužna KorejaKazahstan KolumbijaLiban NjemačkaPanamaPeruPortugal SenegalSjedinjene Američke DržaveTajland"
MAT/MA161-ForestedAreas,4,5,Bosnian,bos-BIH,"C
(
)
x2
yx
√x
1/x
π
:
7
8
9
·
4
5
6
–
1
2
3
+
0
,
+/-
="
MAT/MA161-ForestedAreas,5,1,Bosnian,bos-BIH,Digitronclose
MAT/MA161-ForestedAreas,5,2,Bosnian,bos-BIH,PISA 2022
MAT/MA161-ForestedAreas,5,3,Bosnian,bos-BIH,"POVRŠINA POD ŠUMOM
Tabela ispod pokazuje veličinu površine pod šumom izraženu kao procent ukupne površine zemljišta u svakoj od 15 zemalja u ovom skupu podataka.  Podaci su prikazani za 2005., 2010. i 2015. godinu.
Kolona A ▾
Kolona B
Kolona C
Kolona D
Kolona E
Kolona F
Kolona G
Zemlja
2005.
2010.
2015.
Alžir  0,640,810,82Armenija 11,7711,7411,77Grčka 29,1130,2831,45Indija22,7723,4723,77Južna Koreja64,4264,0863,69Kazahstan 1,241,231,23Kolumbija54,2652,8552,73Liban 13,3413,3813,42Njemačka32,6632,7332,76Panama64,3363,2162,11Peru59,0158,4557,79Portugal 36,5235,8935,25Senegal45,0544,0142,97Sjedinjene Američke Države33,2633,733,85Tajland 31,5131,8132,1
Izračunaj
Kolona
Kolona B
Kolona C
Kolona D
Kolona E
Kolona F
Kolona G
Operacija
Saberi
Oduzmi
Pomnoži
Podijeli
Kolona
Kolona B
Kolona C
Kolona D
Kolona E
Kolona F
Kolona G
Pokreni
Srednja vrijednost
Kolona
Kolona B
Kolona C
Kolona D
Kolona E
Kolona F
Kolona G
Pokreni
Izbriši sve
closeOK"
MAT/MA161-ForestedAreas,5,4,Bosnian,bos-BIH,"Površina pod šumom  Pitanje 2 / 4
Kako da koristiš tabelu
Klikni na  da sortiraš podatke u koloni rastućim (od najnižeg do najvišeg) redom.   Klikni na tu ikonu još jednom da sortiraš podatke u koloni opadajućim (od najvišeg do najnižeg) redom.
Da izvršiš izračunavanja:
Izaberi kolonu iz prvog padajućeg menija.
Izaberi operaciju iz srednjeg padajućeg menija.
Izaberi kolonu iz zadnjeg padajućeg menija.
Klikni na „Pokreni”.
Rezultati će se prikazati u prvoj dostupnoj praznoj koloni.
Da prikažeš srednju (prosječnu) vrijednost kolone, izaberi kolonu iz padajućeg menija i klikni „Pokreni”.  Rezultat će se prikazati u polju ispod te kolone.
Da poništiš radnju u koloni, klikni na
Da izbrišeš kolonu, klikni na
Da potpuno izbrišeš tabelu, klikni na „Izbriši sve”.
Koristi informacije iz teksta „Površina pod šumom” s desne strane.   Koristi tabelu da ti pomogne odgovoriti na pitanje ispod.  Odgovori na pitanje klikom na jednu od ponuđenih opcija.
Razmotri dva perioda: od 2005. do 2010. godine i od 2010. do 2015. godine.
Koja od sljedećih tvrdnji tačno opisuje srednju vrijednost promjene u procentima površine pod šumom za oba ta perioda?
Srednja vrijednost promjene je bila pozitivna za oba perioda.
Srednja vrijednost promjene je bila negativna za oba perioda.
Srednja vrijednost promjene je bila ista za oba perioda.
Srednja vrijednost promjene je bila pozitivna za jedan period a negativna za drugi period."
MAT/MA161-ForestedAreas,5,5,Bosnian,bos-BIH,"C
(
)
x2
yx
√x
1/x
π
:
7
8
9
·
4
5
6
–
1
2
3
+
0
,
+/-
="
MAT/MA161-ForestedAreas,6,1,Bosnian,bos-BIH,Digitronclose
MAT/MA161-ForestedAreas,6,2,Bosnian,bos-BIH,PISA 2022
MAT/MA161-ForestedAreas,6,3,Bosnian,bos-BIH,"POVRŠINA POD ŠUMOM
Tabela ispod pokazuje veličinu površine pod šumom izraženu kao procent ukupne površine zemljišta u svakoj od 15 zemalja u ovom skupu podataka.  Podaci su prikazani za 2005., 2010. i 2015. godinu.
Kolona A ▾
Kolona B
Kolona C
Kolona D
Kolona E
Kolona F
Kolona G
Zemlja
2005.
2010.
2015.
Alžir  0,640,810,82Armenija 11,7711,7411,77Grčka 29,1130,2831,45Indija22,7723,4723,77Južna Koreja64,4264,0863,69Kazahstan 1,241,231,23Kolumbija54,2652,8552,73Liban 13,3413,3813,42Njemačka32,6632,7332,76Panama64,3363,2162,11Peru59,0158,4557,79Portugal 36,5235,8935,25Senegal45,0544,0142,97Sjedinjene Američke Države33,2633,733,85Tajland 31,5131,8132,1
Izračunaj
Kolona
Kolona B
Kolona C
Kolona D
Kolona E
Kolona F
Kolona G
Operacija
Saberi
Oduzmi
Pomnoži
Podijeli
Kolona
Kolona B
Kolona C
Kolona D
Kolona E
Kolona F
Kolona G
Pokreni
Srednja vrijednost
Kolona
Kolona B
Kolona C
Kolona D
Kolona E
Kolona F
Kolona G
Pokreni
Izbriši sve
closeOK"
MAT/MA161-ForestedAreas,6,4,Bosnian,bos-BIH,"Površina pod šumom  Pitanje 3 / 4
Kako da koristiš tabelu
Klikni na  da sortiraš podatke u koloni rastućim (od najnižeg do najvišeg) redom.   Klikni na tu ikonu još jednom da sortiraš podatke u koloni opadajućim (od najvišeg do najnižeg) redom.
Da izvršiš izračunavanja:
Izaberi kolonu iz prvog padajućeg menija.
Izaberi operaciju iz srednjeg padajućeg menija.
Izaberi kolonu iz zadnjeg padajućeg menija.
Klikni na „Pokreni”.
Rezultati će se prikazati u prvoj dostupnoj praznoj koloni.
Da prikažeš srednju (prosječnu) vrijednost kolone, izaberi kolonu iz padajućeg menija i klikni „Pokreni”.  Rezultat će se prikazati u polju ispod te kolone.
Da poništiš radnju u koloni, klikni na
Da izbrišeš kolonu, klikni na
Da potpuno izbrišeš tabelu, klikni na „Izbriši sve”.
Koristi informacije iz teksta „Površina pod šumom” s desne strane.   Koristi tabelu da ti pomogne odgovoriti na pitanje ispod.  Izaberi rješenja iz padajućih menija da odgovoriš na pitanje.
Razmotri dva perioda: od 2005. do 2010. godine i od 2010. do 2015. godine.
U smislu procentnih poena, koje dvije zemlje su imale najveću promjenu od jednog perioda do drugog?
Odgovori:
IzaberiAlžir  Armenija Grčka IndijaJužna KorejaKazahstan KolumbijaLiban NjemačkaPanamaPeruPortugal SenegalSjedinjene Američke DržaveTajland
i
IzaberiAlžir  Armenija Grčka IndijaJužna KorejaKazahstan KolumbijaLiban NjemačkaPanamaPeruPortugal SenegalSjedinjene Američke DržaveTajland"
MAT/MA161-ForestedAreas,6,5,Bosnian,bos-BIH,"C
(
)
x2
yx
√x
1/x
π
:
7
8
9
·
4
5
6
–
1
2
3
+
0
,
+/-
="
MAT/MA161-ForestedAreas,7,1,Bosnian,bos-BIH,Digitronclose
MAT/MA161-ForestedAreas,7,2,Bosnian,bos-BIH,PISA 2022
MAT/MA161-ForestedAreas,7,3,Bosnian,bos-BIH,"POVRŠINA POD ŠUMOM
Tabela ispod pokazuje veličinu površine pod šumom izraženu kao procent ukupne površine zemljišta u svakoj od 15 zemalja u ovom skupu podataka.  Podaci su prikazani za 2005., 2010. i 2015. godinu.
Kolona A ▾
Kolona B
Kolona C
Kolona D
Kolona E
Kolona F
Kolona G
Zemlja
2005.
2010.
2015.
Alžir  0,640,810,82Armenija 11,7711,7411,77Grčka 29,1130,2831,45Indija22,7723,4723,77Južna Koreja64,4264,0863,69Kazahstan 1,241,231,23Kolumbija54,2652,8552,73Liban 13,3413,3813,42Njemačka32,6632,7332,76Panama64,3363,2162,11Peru59,0158,4557,79Portugal 36,5235,8935,25Senegal45,0544,0142,97Sjedinjene Američke Države33,2633,733,85Tajland 31,5131,8132,1
Izračunaj
Kolona
Kolona B
Kolona C
Kolona D
Kolona E
Kolona F
Kolona G
Operacija
Saberi
Oduzmi
Pomnoži
Podijeli
Kolona
Kolona B
Kolona C
Kolona D
Kolona E
Kolona F
Kolona G
Pokreni
Srednja vrijednost
Kolona
Kolona B
Kolona C
Kolona D
Kolona E
Kolona F
Kolona G
Pokreni
Izbriši sve
closeOK"
MAT/MA161-ForestedAreas,7,4,Bosnian,bos-BIH,"Površina pod šumom  Pitanje 4 / 4
Kako da koristiš tabelu
Klikni na  da sortiraš podatke u koloni rastućim (od najnižeg do najvišeg) redom.   Klikni na tu ikonu još jednom da sortiraš podatke u koloni opadajućim (od najvišeg do najnižeg) redom.
Da izvršiš izračunavanja:
Izaberi kolonu iz prvog padajućeg menija.
Izaberi operaciju iz srednjeg padajućeg menija.
Izaberi kolonu iz zadnjeg padajućeg menija.
Klikni na „Pokreni”.
Rezultati će se prikazati u prvoj dostupnoj praznoj koloni.
Da prikažeš srednju (prosječnu) vrijednost kolone, izaberi kolonu iz padajućeg menija i klikni „Pokreni”.  Rezultat će se prikazati u polju ispod te kolone.
Da poništiš radnju u koloni, klikni na
Da izbrišeš kolonu, klikni na
Da potpuno izbrišeš tabelu, klikni na „Izbriši sve”.
Koristi informacije iz teksta „Površina pod šumom” s desne strane.   Koristi tabelu da ti pomogne odgovoriti na pitanje ispod.  Odgovori na pitanje klikom na jednu od ponuđenih opcija i zatim ukucaj objašnjenje.
Helena tvrdi da Južna Koreja ima više površine pod šumom nego ijedna druga zemlja na ovoj listi za prikazane godine.
Potkrepljuju li njenu tvrdnju podaci u tabeli?
Da
Ne
Objasni svoj odgovor."
MAT/MA161-ForestedAreas,7,5,Bosnian,bos-BIH,"C
(
)
x2
yx
√x
1/x
π
:
7
8
9
·
4
5
6
–
1
2
3
+
0
,
+/-
="
MAT/MA161-ForestedAreas,1,1,Bulgarian,bul-BGR,Калкулаторclose
MAT/MA161-ForestedAreas,1,2,Bulgarian,bul-BGR,PISA
MAT/MA161-ForestedAreas,1,3,Bulgarian,bul-BGR,"Гориста област  Въведение
Прочетете въведението. След това кликнете върху стрелката СЛЕДВАЩ.
ГОРИСТА ОБЛАСТ
В този раздел ще използвате таблица, за да отговорите на въпроси, свързани със следната ситуация:
Гората е екосистема, в която могат да се открият различни видове дървета, растения и животни.
Количеството на гористата област в дадена страна може да се промени с времето.
На следващата страница ще упражните как да работите с таблицата."
MAT/MA161-ForestedAreas,1,4,Bulgarian,bul-BGR,"C
(
)
x2
yx
√x
1/x
π
÷
7
8
9
x
4
5
6
–
1
2
3
+
0
,
+/-
="
MAT/MA161-ForestedAreas,2,1,Bulgarian,bul-BGR,Калкулаторclose
MAT/MA161-ForestedAreas,2,2,Bulgarian,bul-BGR,PISA
MAT/MA161-ForestedAreas,2,3,Bulgarian,bul-BGR,"ГОРИСТА ОБЛАСТ
Таблицата по-долу показва площта на гористата област, като процент от цялата площ, за всяка една от 15-те показани държави. Данните са от 2005, 2010 и 2015 година.
Колона А ▾
Колона В
Колона С
Колона D
Колона E
Колона F
Колона G
Държава
2005
2010
2015
Алжир0,640,810,82Армения11,7711,7411,77Германия32,6632,7332,76Гърция29,1130,2831,45Индия22,7723,4723,77Казахстан1,241,231,23Колумбия54,2652,8552,73Ливан13,3413,3813,42Панама64,3363,2162,11Перу59,0158,4557,79Португалия36,5235,8935,25САЩ33,2633,733,85Сенегал45,0544,0142,97Тайланд31,5131,8132,1Южна Корея64,4264,0863,69
Изчисли
Колона
Колона В
Колона С
Колона D
Колона E
Колона F
Колона G
Действие
Събиране
Изваждане
Умножение
Деление
Колона
Колона В
Колона С
Колона D
Колона E
Колона F
Колона G
Пусни
Средно аритметично
Колона
Колона В
Колона С
Колона D
Колона E
Колона F
Колона G
Пусни
Изчисти всичко
closeОК"
MAT/MA161-ForestedAreas,2,4,Bulgarian,bul-BGR,"Гориста област  Упражнение
Сега ще упражните как да работите с таблицата, преди да продължите към въпросите.
Използвайте таблицата, за да изпълните следните три действия.
Сортиране на колона
Кликнете върху  в Колона B, C или D, за да сортирате колоната във възходящ ред (от долу нагоре).
Забележете, че данните във всички колони ще бъдат сортирани по същия начин като в избраната колона.
Извършване на изчисление
Изберете колона от първото падащо меню под таблицата.
После изберете действие от средното падащо меню.
След това изберете колона от последното падащо меню.
Кликнете върху бутона ""Пусни"".
Резултатът ще бъде показан в първата свободна празна колона.
Показване на средното аритметично на дадена колона
Изберете колона от падащото меню до ""Средно аритметично"" под таблицата.
Кликнете върху бутона ""Пусни"".
Резултатът ще бъде показан в празното поле под съответната колона.
Кликнете върху , за да продължите."
MAT/MA161-ForestedAreas,2,5,Bulgarian,bul-BGR,"C
(
)
x2
yx
√x
1/x
π
÷
7
8
9
x
4
5
6
–
1
2
3
+
0
,
+/-
="
MAT/MA161-ForestedAreas,3,1,Bulgarian,bul-BGR,Калкулаторclose
MAT/MA161-ForestedAreas,3,2,Bulgarian,bul-BGR,PISA
MAT/MA161-ForestedAreas,3,3,Bulgarian,bul-BGR,"ГОРИСТА ОБЛАСТ
Таблицата по-долу показва площта на гористата област, като процент от цялата площ, за всяка една от 15-те показани държави. Данните са от 2005, 2010 и 2015 година.
Колона А ▾
Колона В
Колона С
Колона D
Колона E
Колона F
Колона G
Държава
2005
2010
2015
Алжир0,640,810,82Армения11,7711,7411,77Германия32,6632,7332,76Гърция29,1130,2831,45Индия22,7723,4723,77Казахстан1,241,231,23Колумбия54,2652,8552,73Ливан13,3413,3813,42Панама64,3363,2162,11Перу59,0158,4557,79Португалия36,5235,8935,25САЩ33,2633,733,85Сенегал45,0544,0142,97Тайланд31,5131,8132,1Южна Корея64,4264,0863,69
Изчисли
Колона
Колона В
Колона С
Колона D
Колона E
Колона F
Колона G
Действие
Събиране
Изваждане
Умножение
Деление
Колона
Колона В
Колона С
Колона D
Колона E
Колона F
Колона G
Пусни
Средно аритметично
Колона
Колона В
Колона С
Колона D
Колона E
Колона F
Колона G
Пусни
Изчисти всичко
closeОК"
MAT/MA161-ForestedAreas,3,4,Bulgarian,bul-BGR,"Гориста област  Указания
Указания как да използвате таблицата са налични преди всеки въпрос.
Те се намират в менюто наречено ""Как да работим с таблицата"", което може да бъде отваряно и затваряно.
Кликнете върху лентата по-долу, за да отворите указанията. Кликнете върху лентата отново, за да затворите указанията.
Как да работим с таблица
Кликнете върху , за да сортирате колона във възходящ ред (от по-малко към по-голямо).  Кликнете върху иконката отново, за да сортирате колоната в низходящ ред (от по-голямо към по-малко) .
За да изчислите:
Изберете колона от първото падащо меню.
Изберете действие от средното падащо меню.
Изберете колона от последното падащо меню.
Кликнете върху бутона ""Пусни"".
Резултатът ще бъде показан в първата свободна празна колона.
За да се покаже средното аритметично на колоната, изберете колона от падащото меню и кликнете върху ""Пусни"". Резултатът ще бъде показан в празното поле под съответната колона.
За да отмените действието върху някоя колона, кликнете върху .
За да изтриете информацията в дадена колона, кликнете върху .
За да изчистите таблицата напълно, кликнете върху ""Изчисти всичко"".
Кликнете върху , за да продължите."
MAT/MA161-ForestedAreas,3,5,Bulgarian,bul-BGR,"C
(
)
x2
yx
√x
1/x
π
÷
7
8
9
x
4
5
6
–
1
2
3
+
0
,
+/-
="
MAT/MA161-ForestedAreas,4,1,Bulgarian,bul-BGR,Калкулаторclose
MAT/MA161-ForestedAreas,4,2,Bulgarian,bul-BGR,PISA
MAT/MA161-ForestedAreas,4,3,Bulgarian,bul-BGR,"ГОРИСТА ОБЛАСТ
Таблицата по-долу показва площта на гористата област, като процент от цялата площ, за всяка една от 15-те показани държави. Данните са от 2005, 2010 и 2015 година.
Колона А ▾
Колона В
Колона С
Колона D
Колона E
Колона F
Колона G
Държава
2005
2010
2015
Алжир0,640,810,82Армения11,7711,7411,77Германия32,6632,7332,76Гърция29,1130,2831,45Индия22,7723,4723,77Казахстан1,241,231,23Колумбия54,2652,8552,73Ливан13,3413,3813,42Панама64,3363,2162,11Перу59,0158,4557,79Португалия36,5235,8935,25САЩ33,2633,733,85Сенегал45,0544,0142,97Тайланд31,5131,8132,1Южна Корея64,4264,0863,69
Изчисли
Колона
Колона В
Колона С
Колона D
Колона E
Колона F
Колона G
Действие
Събиране
Изваждане
Умножение
Деление
Колона
Колона В
Колона С
Колона D
Колона E
Колона F
Колона G
Пусни
Средно аритметично
Колона
Колона В
Колона С
Колона D
Колона E
Колона F
Колона G
Пусни
Изчисти всичко
closeОК"
MAT/MA161-ForestedAreas,4,4,Bulgarian,bul-BGR,"Гориста област  Въпрос 1 / 4
Как да работим с таблица
Кликнете върху , за да сортирате колона във възходящ ред (от по-малко към по-голямо).  Кликнете върху иконката отново, за да сортирате колоната в низходящ ред (от по-голямо към по-малко) .
За да изчислите:
Изберете колона от първото падащо меню.
Изберете действие от средното падащо меню.
Изберете колона от последното падащо меню.
Кликнете върху бутона ""Пусни"".
Резултатът ще бъде показан в първата свободна празна колона.
За да се покаже средното аритметично на колоната, изберете колона от падащото меню и кликнете върху ""Пусни"". Резултатът ще бъде показан в празното поле под съответната колона.
За да отмените действието върху някоя колона, кликнете върху .
За да изтриете информацията в дадена колона, кликнете върху .
За да изчистите таблицата напълно, кликнете върху ""Изчисти всичко"".
Използвайте ""Гориста област"" вдясно. Използвайте таблицата, за да отговорите на въпроса. Изберете от падащите менюта, за да отговорите на всеки от въпросите.
В таблицата по-долу изберете държава от съответното падащо меню, за да отговорите на всеки въпрос.
Въпрос
Държава
Изразено в проценти, коя държава е имала най-голямо увеличение между 2005 и 2015 година?
ИзберетеАлжирАрменияГерманияГърцияИндияКазахстанКолумбияЛиванПанамаПеруПортугалияСАЩСенегалТайландЮжна Корея
В коя от държавите  не е имало промяна като цяло между 2005 и 2015 година?
ИзберетеАлжирАрменияГерманияГърцияИндияКазахстанКолумбияЛиванПанамаПеруПортугалияСАЩСенегалТайландЮжна Корея
Изразено в проценти, коя държава е имала най-голям спад между 2005 и 2015 година?
ИзберетеАлжирАрменияГерманияГърцияИндияКазахстанКолумбияЛиванПанамаПеруПортугалияСАЩСенегалТайландЮжна Корея"
MAT/MA161-ForestedAreas,4,5,Bulgarian,bul-BGR,"C
(
)
x2
yx
√x
1/x
π
÷
7
8
9
x
4
5
6
–
1
2
3
+
0
,
+/-
="
MAT/MA161-ForestedAreas,5,1,Bulgarian,bul-BGR,Калкулаторclose
MAT/MA161-ForestedAreas,5,2,Bulgarian,bul-BGR,PISA
MAT/MA161-ForestedAreas,5,3,Bulgarian,bul-BGR,"ГОРИСТА ОБЛАСТ
Таблицата по-долу показва площта на гористата област, като процент от цялата площ, за всяка една от 15-те показани държави. Данните са от 2005, 2010 и 2015 година.
Колона А ▾
Колона В
Колона С
Колона D
Колона E
Колона F
Колона G
Държава
2005
2010
2015
Алжир0,640,810,82Армения11,7711,7411,77Германия32,6632,7332,76Гърция29,1130,2831,45Индия22,7723,4723,77Казахстан1,241,231,23Колумбия54,2652,8552,73Ливан13,3413,3813,42Панама64,3363,2162,11Перу59,0158,4557,79Португалия36,5235,8935,25САЩ33,2633,733,85Сенегал45,0544,0142,97Тайланд31,5131,8132,1Южна Корея64,4264,0863,69
Изчисли
Колона
Колона В
Колона С
Колона D
Колона E
Колона F
Колона G
Действие
Събиране
Изваждане
Умножение
Деление
Колона
Колона В
Колона С
Колона D
Колона E
Колона F
Колона G
Пусни
Средно аритметично
Колона
Колона В
Колона С
Колона D
Колона E
Колона F
Колона G
Пусни
Изчисти всичко
closeОК"
MAT/MA161-ForestedAreas,5,4,Bulgarian,bul-BGR,"Гориста област  Въпрос 2 / 4
Как да работим с таблица
Кликнете върху , за да сортирате колона във възходящ ред (от по-малко към по-голямо).  Кликнете върху иконката отново, за да сортирате колоната в низходящ ред (от по-голямо към по-малко) .
За да изчислите:
Изберете колона от първото падащо меню.
Изберете действие от средното падащо меню.
Изберете колона от последното падащо меню.
Кликнете върху бутона ""Пусни"".
Резултатът ще бъде показан в първата свободна празна колона.
За да се покаже средното аритметично на колоната, изберете колона от падащото меню и кликнете върху ""Пусни"". Резултатът ще бъде показан в празното поле под съответната колона.
За да отмените действието върху някоя колона, кликнете върху .
За да изтриете информацията в дадена колона, кликнете върху .
За да изчистите таблицата напълно, кликнете върху ""Изчисти всичко"".
Използвайте ""Гориста област"" вдясно. Използвайте таблицата, за да отговорите на въпроса. Кликнете върху отговора, който смятате за правилен.
Разгледайте двата времеви периода: от 2005 до 2010 и от 2010 до 2015 година.
Кое от следните твърдения най-добре описва средното процентно изменение на гористата област за двата периода?
Средното изменение е било положително и за двата периода.
Средното изменение е било отрицателно и за двата периода.
Средното изменение е било едно и също за двата периода.
Средното изменение е било положително за един от периодите и отрицателно за другия."
MAT/MA161-ForestedAreas,5,5,Bulgarian,bul-BGR,"C
(
)
x2
yx
√x
1/x
π
÷
7
8
9
x
4
5
6
–
1
2
3
+
0
,
+/-
="
MAT/MA161-ForestedAreas,6,1,Bulgarian,bul-BGR,Калкулаторclose
MAT/MA161-ForestedAreas,6,2,Bulgarian,bul-BGR,PISA
MAT/MA161-ForestedAreas,6,3,Bulgarian,bul-BGR,"ГОРИСТА ОБЛАСТ
Таблицата по-долу показва площта на гористата област, като процент от цялата площ, за всяка една от 15-те показани държави. Данните са от 2005, 2010 и 2015 година.
Колона А ▾
Колона В
Колона С
Колона D
Колона E
Колона F
Колона G
Държава
2005
2010
2015
Алжир0,640,810,82Армения11,7711,7411,77Германия32,6632,7332,76Гърция29,1130,2831,45Индия22,7723,4723,77Казахстан1,241,231,23Колумбия54,2652,8552,73Ливан13,3413,3813,42Панама64,3363,2162,11Перу59,0158,4557,79Португалия36,5235,8935,25САЩ33,2633,733,85Сенегал45,0544,0142,97Тайланд31,5131,8132,1Южна Корея64,4264,0863,69
Изчисли
Колона
Колона В
Колона С
Колона D
Колона E
Колона F
Колона G
Действие
Събиране
Изваждане
Умножение
Деление
Колона
Колона В
Колона С
Колона D
Колона E
Колона F
Колона G
Пусни
Средно аритметично
Колона
Колона В
Колона С
Колона D
Колона E
Колона F
Колона G
Пусни
Изчисти всичко
closeОК"
MAT/MA161-ForestedAreas,6,4,Bulgarian,bul-BGR,"Гориста област  Въпрос 3 / 4
Как да работим с таблица
Кликнете върху , за да сортирате колона във възходящ ред (от по-малко към по-голямо).  Кликнете върху иконката отново, за да сортирате колоната в низходящ ред (от по-голямо към по-малко) .
За да изчислите:
Изберете колона от първото падащо меню.
Изберете действие от средното падащо меню.
Изберете колона от последното падащо меню.
Кликнете върху бутона ""Пусни"".
Резултатът ще бъде показан в първата свободна празна колона.
За да се покаже средното аритметично на колоната, изберете колона от падащото меню и кликнете върху ""Пусни"". Резултатът ще бъде показан в празното поле под съответната колона.
За да отмените действието върху някоя колона, кликнете върху .
За да изтриете информацията в дадена колона, кликнете върху .
За да изчистите таблицата напълно, кликнете върху ""Изчисти всичко"".
Използвайте ""Гориста област"" вдясно. Използвайте таблицата, за да отговорите на въпроса. Изберете отговорите от падащите менюта, които смятате за правилни.
Разгледайте двата времеви периода: от 2005 до 2010 и от 2010 до 2015 година.
Изразено в проценти, кои две държави са имали най-значителни изменения в процента на гористата област от един времеви период до друг времеви период?
Отговори:
ИзберетеАлжирАрменияГерманияГърцияИндияКазахстанКолумбияЛиванПанамаПеруПортугалияСАЩСенегалТайландЮжна Корея
и
ИзберетеАлжирАрменияГерманияГърцияИндияКазахстанКолумбияЛиванПанамаПеруПортугалияСАЩСенегалТайландЮжна Корея"
MAT/MA161-ForestedAreas,6,5,Bulgarian,bul-BGR,"C
(
)
x2
yx
√x
1/x
π
÷
7
8
9
x
4
5
6
–
1
2
3
+
0
,
+/-
="
MAT/MA161-ForestedAreas,7,1,Bulgarian,bul-BGR,Калкулаторclose
MAT/MA161-ForestedAreas,7,2,Bulgarian,bul-BGR,PISA
MAT/MA161-ForestedAreas,7,3,Bulgarian,bul-BGR,"ГОРИСТА ОБЛАСТ
Таблицата по-долу показва площта на гористата област, като процент от цялата площ, за всяка една от 15-те показани държави. Данните са от 2005, 2010 и 2015 година.
Колона А ▾
Колона В
Колона С
Колона D
Колона E
Колона F
Колона G
Държава
2005
2010
2015
Алжир0,640,810,82Армения11,7711,7411,77Германия32,6632,7332,76Гърция29,1130,2831,45Индия22,7723,4723,77Казахстан1,241,231,23Колумбия54,2652,8552,73Ливан13,3413,3813,42Панама64,3363,2162,11Перу59,0158,4557,79Португалия36,5235,8935,25САЩ33,2633,733,85Сенегал45,0544,0142,97Тайланд31,5131,8132,1Южна Корея64,4264,0863,69
Изчисли
Колона
Колона В
Колона С
Колона D
Колона E
Колона F
Колона G
Действие
Събиране
Изваждане
Умножение
Деление
Колона
Колона В
Колона С
Колона D
Колона E
Колона F
Колона G
Пусни
Средно аритметично
Колона
Колона В
Колона С
Колона D
Колона E
Колона F
Колона G
Пусни
Изчисти всичко
closeОК"
MAT/MA161-ForestedAreas,7,4,Bulgarian,bul-BGR,"Гориста област  Въпрос 4 / 4
Как да работим с таблица
Кликнете върху , за да сортирате колона във възходящ ред (от по-малко към по-голямо).  Кликнете върху иконката отново, за да сортирате колоната в низходящ ред (от по-голямо към по-малко) .
За да изчислите:
Изберете колона от първото падащо меню.
Изберете действие от средното падащо меню.
Изберете колона от последното падащо меню.
Кликнете върху бутона ""Пусни"".
Резултатът ще бъде показан в първата свободна празна колона.
За да се покаже средното аритметично на колоната, изберете колона от падащото меню и кликнете върху ""Пусни"". Резултатът ще бъде показан в празното поле под съответната колона.
За да отмените действието върху някоя колона, кликнете върху .
За да изтриете информацията в дадена колона, кликнете върху .
За да изчистите таблицата напълно, кликнете върху ""Изчисти всичко"".
Използвайте ""Гориста област"" вдясно. Използвайте таблицата, за да отговорите на въпроса. Кликнете върху отговора, който смятате за правилен, и след това се аргументирайте.
Елена твърди, че Южна Корея има повече гориста област от всяка друга страна в този списък за показаните години.
Подкрепено ли е твърдението ѝ от данните в таблицата?
Да
Не
Обяснете своя отговор."
MAT/MA161-ForestedAreas,7,5,Bulgarian,bul-BGR,"C
(
)
x2
yx
√x
1/x
π
÷
7
8
9
x
4
5
6
–
1
2
3
+
0
,
+/-
="
MAT/MA161-ForestedAreas,1,1,Catalan,cat-ESP,Calculadoraclose
MAT/MA161-ForestedAreas,1,2,Catalan,cat-ESP,PISA
MAT/MA161-ForestedAreas,1,3,Catalan,cat-ESP,"Superfície forestal  Introducció
Llegeix la introducció. A continuació clica la fletxa SEGÜENT.
SUPERFÍCIE FORESTAL
En aquesta unitat utilitzaràs un full de càlcul per respondre a preguntes relacionades amb la situació següent:
Un bosc és un ecosistema on es poden trobar diversos arbres, plantes i animals.
La quantitat de superfície forestal d'un país pot canviar amb el temps.
A la pantalla següent, practicaràs amb el full de càlcul."
MAT/MA161-ForestedAreas,1,4,Catalan,cat-ESP,"C
(
)
x2
yx
√x
1/x
π
/
7
8
9
x
4
5
6
–
1
2
3
+
0
.
+/-
="
MAT/MA161-ForestedAreas,2,1,Catalan,cat-ESP,Calculadoraclose
MAT/MA161-ForestedAreas,2,2,Catalan,cat-ESP,PISA
MAT/MA161-ForestedAreas,2,3,Catalan,cat-ESP,"SUPERFÍCIE FORESTAL
El full de càlcul següent mostra la quantitat de superfície forestal com a percentatge de la superfície total de cadascun dels 15 països en aquest conjunt de dades. Les dades es mostren per als anys 2005, 2010 i 2015.
Columna A
Columna B
Columna C
Columna D
Columna E
Columna F
Columna G
País
2005
2010
2015
Calcula
Columna
Columna B
Columna C
Columna D
Columna E
Columna F
Columna G
Operació
Suma
Resta
Multiplicació
Divisió
Columna
Columna B
Columna C
Columna D
Columna E
Columna F
Columna G
Executa
Mitjana
Columna
Columna B
Columna C
Columna D
Columna E
Columna F
Columna G
Executa
Esborra-ho tot"
MAT/MA161-ForestedAreas,2,4,Catalan,cat-ESP,"Superfície forestal  Pràctica
Ara practicaràs amb el full de càlcul abans de continuar amb les preguntes.
Utilitza el full de càlcul per completar les tres accions següents.
Ordena una columna.
Fes clic al símbol  de la columna B, C o D per ordenar la columna en ordre ascendent (de menor a major).
Tingues en compte que totes les columnes s'ordenaran segons la forma en què s'ordena una columna.
Fes un càlcul
Selecciona una columna del primer menú desplegable situat a sota del full de càlcul.
A continuació, selecciona una operació al menú desplegable central.
A continuació, selecciona una columna de l'últim menú desplegable.
Clica ""Executa"".
Els resultats es mostraran a la primera columna buida disponible.
Mostra la mitjana d'una columna
Selecciona una columna del menú desplegable que hi ha al costat de ""Mitjana"", situat a sota del full de càlcul.
Clica ""Executa"".
El resultat es mostrarà a l'última cel·la d'aquesta columna.
Clica  per continuar."
MAT/MA161-ForestedAreas,2,5,Catalan,cat-ESP,"C
(
)
x2
yx
√x
1/x
π
/
7
8
9
x
4
5
6
–
1
2
3
+
0
.
+/-
="
MAT/MA161-ForestedAreas,3,1,Catalan,cat-ESP,Calculadoraclose
MAT/MA161-ForestedAreas,3,2,Catalan,cat-ESP,PISA
MAT/MA161-ForestedAreas,3,3,Catalan,cat-ESP,"SUPERFÍCIE FORESTAL
El full de càlcul següent mostra la quantitat de superfície forestal com a percentatge de la superfície total de cadascun dels 15 països en aquest conjunt de dades. Les dades es mostren per als anys 2005, 2010 i 2015.
Columna A ▾
Columna B
Columna C
Columna D
Columna E
Columna F
Columna G
País
2005
2010
2015
Alemanya32,6632,7332,76Algèria0,640,810,82Armènia11,7711,7411,77Colòmbia54,2652,8552,73Corea del Sud64,4264,0863,69Estats Units33,2633,733,85Grècia29,1130,2831,45Índia22,7723,4723,77Kazakhstan1,241,231,23Líban13,3413,3813,42Panamà64,3363,2162,11Perú59,0158,4557,79Portugal36,5235,8935,25Senegal45,0544,0142,97Tailàndia31,5131,8132,1
Calcula
Columna
Columna B
Columna C
Columna D
Columna E
Columna F
Columna G
Operació
Suma
Resta
Multiplicació
Divisió
Columna
Columna B
Columna C
Columna D
Columna E
Columna F
Columna G
Executa
Mitjana
Columna
Columna B
Columna C
Columna D
Columna E
Columna F
Columna G
Executa
Esborra-ho tot
closeD'acord"
MAT/MA161-ForestedAreas,3,4,Catalan,cat-ESP,"Superfícies forestals  Instruccions
Les instruccions per utilitzar el full de càlcul estan disponibles a cada pregunta.
Es troben en un menú anomenat ""Com utilitzar el full de càlcul"" que es pot obrir i tancar.
Clica la barra inferior per obrir les instruccions. Clica la barra de nou per tancar les instruccions.
Com utilitzar el full de càlcul
Clica a  per ordenar una columna en ordre ascendent (de menor a major).  Clica la icona de nou per ordenar la columna en ordre descendent (de major a menor).
Per fer càlculs:
Selecciona una columna al primer menú desplegable.
Selecciona una operació al menú desplegable central.
Selecciona una columna a l'últim menú desplegable.
Clica ""Executa"".
Els resultats es mostraran a la primera columna buida disponible.
Per mostrar la mitjana d'una columna, selecciona una columna al menú desplegable i clica ""Executa"". El resultat es mostrarà a l'última cel·la d'aquesta columna.
Per desfer una acció en una columna, clica .
Per esborrar una columna, clica .
Per esborrar completament el full de càlcul, clica ""Esborra-ho tot"".
Clica  per continuar."
MAT/MA161-ForestedAreas,3,5,Catalan,cat-ESP,"C
(
)
x2
yx
√x
1/x
π
/
7
8
9
x
4
5
6
–
1
2
3
+
0
.
+/-
="
MAT/MA161-ForestedAreas,4,1,Catalan,cat-ESP,Calculadoraclose
MAT/MA161-ForestedAreas,4,2,Catalan,cat-ESP,PISA
MAT/MA161-ForestedAreas,4,3,Catalan,cat-ESP,"SUPERFÍCIE FORESTAL
El full de càlcul següent mostra la quantitat de superfície forestal com a percentatge de la superfície total de cadascun dels 15 països en aquest conjunt de dades. Les dades es mostren per als anys 2005, 2010 i 2015.
Columna A ▾
Columna B
Columna C
Columna D
Columna E
Columna F
Columna G
País
2005
2010
2015
Alemanya32,6632,7332,76Algèria0,640,810,82Armènia11,7711,7411,77Colòmbia54,2652,8552,73Corea del Sud64,4264,0863,69Estats Units33,2633,733,85Grècia29,1130,2831,45Índia22,7723,4723,77Kazakhstan1,241,231,23Líban13,3413,3813,42Panamà64,3363,2162,11Perú59,0158,4557,79Portugal36,5235,8935,25Senegal45,0544,0142,97Tailàndia31,5131,8132,1
Calcula
Columna
Columna B
Columna C
Columna D
Columna E
Columna F
Columna G
Operació
Suma
Resta
Multiplicació
Divisió
Columna
Columna B
Columna C
Columna D
Columna E
Columna F
Columna G
Executa
Mitjana
Columna
Columna B
Columna C
Columna D
Columna E
Columna F
Columna G
Executa
Esborra-ho tot
closeD'acord"
MAT/MA161-ForestedAreas,4,4,Catalan,cat-ESP,"Superfície forestal  Pregunta 1 / 4
Com utilitzar el full de càlcul
Clica a  per ordenar una columna en ordre ascendent (de menor a major).  Clica la icona de nou per ordenar la columna en ordre descendent (de major a menor).
Per fer càlculs:
Selecciona una columna al primer menú desplegable.
Selecciona una operació al menú desplegable central.
Selecciona una columna a l'últim menú desplegable.
Clica ""Executa"".
Els resultats es mostraran a la primera columna buida disponible.
Per mostrar la mitjana d'una columna, selecciona una columna al menú desplegable i clica ""Executa"". El resultat es mostrarà a l'última cel·la d'aquesta columna.
Per desfer una acció en una columna, clica .
Per esborrar una columna, clica .
Per esborrar completament el full de càlcul, clica ""Esborra-ho tot"".
Consulta ""Superfície forestal"" a la dreta. Utilitza el full de càlcul per ajudar-te a respondre la pregunta següent. Selecciona una opció de cada menú desplegable per respondre la pregunta.
A la taula següent, respon a cada pregunta seleccionant un país al menú desplegable corresponent.
Pregunta
País
En termes de punts percentuals, quin país va tenir el major increment entre el 2005 i el 2015?
SeleccionaAlemanyaAlgèriaArmèniaColòmbiaCorea del SudEstats UnitsGrèciaÍndiaKazakhstanLíbanPanamàPerúPortugalSenegalTailàndia
Quin país no va tenir cap canvi global entre 2005 i 2015?
SeleccionaAlemanyaAlgèriaArmèniaColòmbiaCorea del SudEstats UnitsGrèciaÍndiaKazakhstanLíbanPanamàPerúPortugalSenegalTailàndia
En termes de punts percentuals, quin país va tenir la major pèrdua entre 2005 i 2015?
SeleccionaAlemanyaAlgèriaArmèniaColòmbiaCorea del SudEstats UnitsGrèciaÍndiaKazakhstanLíbanPanamàPerúPortugalSenegalTailàndia"
MAT/MA161-ForestedAreas,4,5,Catalan,cat-ESP,"C
(
)
x2
yx
√x
1/x
π
/
7
8
9
x
4
5
6
–
1
2
3
+
0
.
+/-
="
MAT/MA161-ForestedAreas,5,1,Catalan,cat-ESP,Calculadoraclose
MAT/MA161-ForestedAreas,5,2,Catalan,cat-ESP,PISA
MAT/MA161-ForestedAreas,5,3,Catalan,cat-ESP,"SUPERFÍCIE FORESTAL
El full de càlcul següent mostra la quantitat de superfície forestal com a percentatge de la superfície total de cadascun dels 15 països en aquest conjunt de dades. Les dades es mostren per als anys 2005, 2010 i 2015.
Columna A ▾
Columna B
Columna C
Columna D
Columna E
Columna F
Columna G
País
2005
2010
2015
Alemanya32,6632,7332,76Algèria0,640,810,82Armènia11,7711,7411,77Colòmbia54,2652,8552,73Corea del Sud64,4264,0863,69Estats Units33,2633,733,85Grècia29,1130,2831,45Índia22,7723,4723,77Kazakhstan1,241,231,23Líban13,3413,3813,42Panamà64,3363,2162,11Perú59,0158,4557,79Portugal36,5235,8935,25Senegal45,0544,0142,97Tailàndia31,5131,8132,1
Calcula
Columna
Columna B
Columna C
Columna D
Columna E
Columna F
Columna G
Operació
Suma
Resta
Multiplicació
Divisió
Columna
Columna B
Columna C
Columna D
Columna E
Columna F
Columna G
Executa
Mitjana
Columna
Columna B
Columna C
Columna D
Columna E
Columna F
Columna G
Executa
Esborra-ho tot
closeD'acord"
MAT/MA161-ForestedAreas,5,4,Catalan,cat-ESP,"Superfície forestal  Pregunta 2 / 4
Com utilitzar el full de càlcul
Clica a  per ordenar una columna en ordre ascendent (de menor a major).  Clica la icona de nou per ordenar la columna en ordre descendent (de major a menor).
Per fer càlculs:
Selecciona una columna al primer menú desplegable.
Selecciona una operació al menú desplegable central.
Selecciona una columna a l'últim menú desplegable.
Clica ""Executa"".
Els resultats es mostraran a la primera columna buida disponible.
Per mostrar la mitjana d'una columna, selecciona una columna al menú desplegable i clica ""Executa"". El resultat es mostrarà a l'última cel·la d'aquesta columna.
Per desfer una acció en una columna, clica .
Per esborrar una columna, clica .
Per esborrar completament el full de càlcul, clica ""Esborra-ho tot"".
Consulta ""Superfície forestal"" a la dreta. Utilitza el full de càlcul per ajudar-te a respondre la pregunta següent. Clica una opció per respondre la pregunta.
Tingues en compte els dos períodes de temps: de 2005 a 2010 i de 2010 a 2015.
Quina de les afirmacions següents descriu correctament el canvi mitjà en el percentatge de superfície forestal per als dos períodes de temps?
El canvi mitjà va ser positiu per als dos períodes de temps.
El canvi mitjà va ser negatiu per als dos períodes de temps.
El canvi mitjà va ser el mateix per als dos períodes de temps.
El canvi mitjà va ser positiu per a un període de temps i negatiu per a l'altre període de temps."
MAT/MA161-ForestedAreas,5,5,Catalan,cat-ESP,"C
(
)
x2
yx
√x
1/x
π
/
7
8
9
x
4
5
6
–
1
2
3
+
0
.
+/-
="
MAT/MA161-ForestedAreas,6,1,Catalan,cat-ESP,Calculadoraclose
MAT/MA161-ForestedAreas,6,2,Catalan,cat-ESP,PISA
MAT/MA161-ForestedAreas,6,3,Catalan,cat-ESP,"SUPERFÍCIE FORESTAL
El full de càlcul següent mostra la quantitat de superfície forestal com a percentatge de la superfície total de cadascun dels 15 països en aquest conjunt de dades. Les dades es mostren per als anys 2005, 2010 i 2015.
Columna A ▾
Columna B
Columna C
Columna D
Columna E
Columna F
Columna G
País
2005
2010
2015
Alemanya32,6632,7332,76Algèria0,640,810,82Armènia11,7711,7411,77Colòmbia54,2652,8552,73Corea del Sud64,4264,0863,69Estats Units33,2633,733,85Grècia29,1130,2831,45Índia22,7723,4723,77Kazakhstan1,241,231,23Líban13,3413,3813,42Panamà64,3363,2162,11Perú59,0158,4557,79Portugal36,5235,8935,25Senegal45,0544,0142,97Tailàndia31,5131,8132,1
Calcula
Columna
Columna B
Columna C
Columna D
Columna E
Columna F
Columna G
Operació
Suma
Resta
Multiplicació
Divisió
Columna
Columna B
Columna C
Columna D
Columna E
Columna F
Columna G
Executa
Mitjana
Columna
Columna B
Columna C
Columna D
Columna E
Columna F
Columna G
Executa
Esborra-ho tot
closeD'acord"
MAT/MA161-ForestedAreas,6,4,Catalan,cat-ESP,"Superfície forestal  Pregunta 3 / 4
Com utilitzar el full de càlcul
Clica a  per ordenar una columna en ordre ascendent (de menor a major).  Clica la icona de nou per ordenar la columna en ordre descendent (de major a menor).
Per fer càlculs:
Selecciona una columna al primer menú desplegable.
Selecciona una operació al menú desplegable central.
Selecciona una columna a l'últim menú desplegable.
Clica ""Executa"".
Els resultats es mostraran a la primera columna buida disponible.
Per mostrar la mitjana d'una columna, selecciona una columna al menú desplegable i clica ""Executa"". El resultat es mostrarà a l'última cel·la d'aquesta columna.
Per desfer una acció en una columna, clica .
Per esborrar una columna, clica .
Per esborrar completament el full de càlcul, clica ""Esborra-ho tot"".
Consulta ""Superfície forestal"" a la dreta. Utilitza el full de càlcul per ajudar-te a respondre la pregunta següent. Selecciona una opció de cada menú desplegable per respondre la pregunta.
Tingues en compte els dos períodes de temps: de 2005 a 2010 i de 2010 a 2015.
En termes de punts percentuals, quins dos països van tenir un canvi més gran en el percentatge de superfície forestal entre un període i un altre període?
Respostes:
SeleccionaAlemanyaAlgèriaArmèniaColòmbiaCorea del SudEstats UnitsGrèciaÍndiaKazakhstanLíbanPanamàPerúPortugalSenegalTailàndia
i
SeleccionaAlemanyaAlgèriaArmèniaColòmbiaCorea del SudEstats UnitsGrèciaÍndiaKazakhstanLíbanPanamàPerúPortugalSenegalTailàndia"
MAT/MA161-ForestedAreas,6,5,Catalan,cat-ESP,"C
(
)
x2
yx
√x
1/x
π
/
7
8
9
x
4
5
6
–
1
2
3
+
0
.
+/-
="
MAT/MA161-ForestedAreas,7,1,Catalan,cat-ESP,Calculadoraclose
MAT/MA161-ForestedAreas,7,2,Catalan,cat-ESP,PISA
MAT/MA161-ForestedAreas,7,3,Catalan,cat-ESP,"SUPERFÍCIE FORESTAL
El full de càlcul següent mostra la quantitat de superfície forestal com a percentatge de la superfície total de cadascun dels 15 països en aquest conjunt de dades. Les dades es mostren per als anys 2005, 2010 i 2015.
Columna A ▾
Columna B
Columna C
Columna D
Columna E
Columna F
Columna G
País
2005
2010
2015
Alemanya32,6632,7332,76Algèria0,640,810,82Armènia11,7711,7411,77Colòmbia54,2652,8552,73Corea del Sud64,4264,0863,69Estats Units33,2633,733,85Grècia29,1130,2831,45Índia22,7723,4723,77Kazakhstan1,241,231,23Líban13,3413,3813,42Panamà64,3363,2162,11Perú59,0158,4557,79Portugal36,5235,8935,25Senegal45,0544,0142,97Tailàndia31,5131,8132,1
Calcula
Columna
Columna B
Columna C
Columna D
Columna E
Columna F
Columna G
Operació
Suma
Resta
Multiplicació
Divisió
Columna
Columna B
Columna C
Columna D
Columna E
Columna F
Columna G
Executa
Mitjana
Columna
Columna B
Columna C
Columna D
Columna E
Columna F
Columna G
Executa
Esborra-ho tot
closeD'acord"
MAT/MA161-ForestedAreas,7,4,Catalan,cat-ESP,"Superfície forestal  Pregunta 4 / 4
Com utilitzar el full de càlcul
Clica a  per ordenar una columna en ordre ascendent (de menor a major).  Clica la icona de nou per ordenar la columna en ordre descendent (de major a menor).
Per fer càlculs:
Selecciona una columna al primer menú desplegable.
Selecciona una operació al menú desplegable central.
Selecciona una columna a l'últim menú desplegable.
Clica ""Executa"".
Els resultats es mostraran a la primera columna buida disponible.
Per mostrar la mitjana d'una columna, selecciona una columna al menú desplegable i clica ""Executa"". El resultat es mostrarà a l'última cel·la d'aquesta columna.
Per desfer una acció en una columna, clica .
Per esborrar una columna, clica .
Per esborrar completament el full de càlcul, clica ""Esborra-ho tot"".
Consulta ""Superfície forestal"" a la dreta. Utilitza el full de càlcul per ajudar-te a respondre la pregunta següent. Clica una opció i escriu una explicació per respondre a la pregunta.
L'Elena afirma que Corea del Sud tenia més superfície forestal que qualsevol altre país d'aquesta llista durant els anys que s'hi mostren.
Les dades del full de càlcul confirmen la seva afirmació?
Sí
No
Raona la teva resposta."
MAT/MA161-ForestedAreas,7,5,Catalan,cat-ESP,"C
(
)
x2
yx
√x
1/x
π
/
7
8
9
x
4
5
6
–
1
2
3
+
0
.
+/-
="
MAT/MA161-ForestedAreas,1,1,Chinese,zho-CHN,计算器close
MAT/MA161-ForestedAreas,1,2,Chinese,zho-CHN,PISA
MAT/MA161-ForestedAreas,1,3,Chinese,zho-CHN,"C
(
)
x2
yx
√x
1/x
π
÷
7
8
9
x
4
5
6
–
1
2
3
+
0
.
+/-
="
MAT/MA161-ForestedAreas,1,4,Chinese,zho-CHN,"森林面积  简介
阅读简介， 然后点击“下一页”的箭头。
森林面积
在本单元中，你会使用电子数据表回答与以下情况有关的问题：
森林是一个生态系统，里面有各种乔木、灌木和动物。
一个国家的森林面积也许会随着时间出现变化。
在下一个画面，你会练习使用电子数据表。"
MAT/MA161-ForestedAreas,2,1,Chinese,zho-CHN,计算器close
MAT/MA161-ForestedAreas,2,2,Chinese,zho-CHN,PISA
MAT/MA161-ForestedAreas,2,3,Chinese,zho-CHN,"森林面积
下面的电子数据表显示本组数据涉及的 15 个国家中每个国家的森林面积占土地总面积的百分比， 有 2005 年、2010 年和 2015 年的数据。
列 Ａ ▾
列 Ｂ
列 C
列 D
列 E
列 F
列 G
国家
2005
2010
2015
亚美尼亚11.7711.7411.77印度22.7723.4723.77哈萨克斯坦1.241.231.23哥伦比亚54.2652.8552.73塞内加尔45.0544.0142.97巴拿马64.3363.2162.11希腊29.1130.2831.45德国32.6632.7332.76泰国31.5131.8132.1秘鲁59.0158.4557.79美国33.2633.733.85葡萄牙36.5235.8935.25阿尔及利亚0.640.810.82韩国64.4264.0863.69黎巴嫩13.3413.3813.42
计算
列
列 Ｂ
列 C
列 D
列 E
列 F
列 G
运算
加
减
乘
除
列
列 Ｂ
列 C
列 D
列 E
列 F
列 G
运行
平均值
列
列 Ｂ
列 C
列 D
列 E
列 F
列 G
运行
全部清除
close确定"
MAT/MA161-ForestedAreas,2,4,Chinese,zho-CHN,"森林面积  练习
现在开始练习使用电子数据表，然后回答接下来的问题。
使用电子数据表完成以下三项操作。
对列进行排序。
点击列 B、C 或 D 中的  符号，按照升序（从低到高）将该列排序。
注意，任何一列经排序后，所有列都会按同样方式进行排序。
进行计算
在电子数据表下方的第一个下拉菜单中选择一列。
接下来，在中间下拉菜单中选择一项运算。
然后在最后一个下拉菜单中选择一列。
点击“运行”。
结果会显示在第一个可用的空白列中。
显示列的平均值
在电子数据表下方、“平均值”旁边的下拉菜单中选择一列。
点击“运行”。
结果会显示在该列下方的格子中。
点击  继续。"
MAT/MA161-ForestedAreas,2,5,Chinese,zho-CHN,"C
(
)
x2
yx
√x
1/x
π
÷
7
8
9
x
4
5
6
–
1
2
3
+
0
.
+/-
="
MAT/MA161-ForestedAreas,3,1,Chinese,zho-CHN,计算器close
MAT/MA161-ForestedAreas,3,2,Chinese,zho-CHN,PISA
MAT/MA161-ForestedAreas,3,3,Chinese,zho-CHN,"森林面积
下面的电子数据表显示本组数据涉及的 15 个国家中每个国家的森林面积占土地总面积的百分比， 有 2005 年、2010 年和 2015 年的数据。
列 Ａ ▾
列 Ｂ
列 C
列 D
列 E
列 F
列 G
国家
2005
2010
2015
亚美尼亚11.7711.7411.77印度22.7723.4723.77哈萨克斯坦1.241.231.23哥伦比亚54.2652.8552.73塞内加尔45.0544.0142.97巴拿马64.3363.2162.11希腊29.1130.2831.45德国32.6632.7332.76泰国31.5131.8132.1秘鲁59.0158.4557.79美国33.2633.733.85葡萄牙36.5235.8935.25阿尔及利亚0.640.810.82韩国64.4264.0863.69黎巴嫩13.3413.3813.42
计算
列
列 Ｂ
列 C
列 D
列 E
列 F
列 G
运算
加
减
乘
除
列
列 Ｂ
列 C
列 D
列 E
列 F
列 G
运行
平均值
列
列 Ｂ
列 C
列 D
列 E
列 F
列 G
运行
全部清除
close确定"
MAT/MA161-ForestedAreas,3,4,Chinese,zho-CHN,"森林面积  说明
每个问题均提供电子数据表使用方法的说明。
说明位于名为“如何使用电子数据表”的菜单中，你可以打开或关闭该菜单。
点击下面的横条可打开说明。 再次点击横条可关闭说明。
如何使用电子数据表
点击  将一列数据按照升序（由低至高）排序。  再次点击图示，将一列数据按照降序（由高至低）排序。
进行计算：
在第一个下拉菜单中选择一列。
在中间的下拉菜单中选择一项运算。
在最后一个下拉菜单中选择一列。
点击“运行”。
结果会显示在第一个可用的空白列中。
要显示列的平均值，请从下拉菜单中选择一列，然后点击“运行”。 结果会显示在该列下方的格子中。
要取消对列的操作，请点击 。
要清空列，请点击 。
要完全清空电子数据表，请点击“全部清除”。
点击  继续。"
MAT/MA161-ForestedAreas,3,5,Chinese,zho-CHN,"C
(
)
x2
yx
√x
1/x
π
÷
7
8
9
x
4
5
6
–
1
2
3
+
0
.
+/-
="
MAT/MA161-ForestedAreas,4,1,Chinese,zho-CHN,计算器close
MAT/MA161-ForestedAreas,4,2,Chinese,zho-CHN,PISA
MAT/MA161-ForestedAreas,4,3,Chinese,zho-CHN,"森林面积
下面的电子数据表显示本组数据涉及的 15 个国家中每个国家的森林面积占土地总面积的百分比， 有 2005 年、2010 年和 2015 年的数据。
列 Ａ ▾
列 Ｂ
列 C
列 D
列 E
列 F
列 G
国家
2005
2010
2015
亚美尼亚11.7711.7411.77印度22.7723.4723.77哈萨克斯坦1.241.231.23哥伦比亚54.2652.8552.73塞内加尔45.0544.0142.97巴拿马64.3363.2162.11希腊29.1130.2831.45德国32.6632.7332.76泰国31.5131.8132.1秘鲁59.0158.4557.79美国33.2633.733.85葡萄牙36.5235.8935.25阿尔及利亚0.640.810.82韩国64.4264.0863.69黎巴嫩13.3413.3813.42
计算
列
列 Ｂ
列 C
列 D
列 E
列 F
列 G
运算
加
减
乘
除
列
列 Ｂ
列 C
列 D
列 E
列 F
列 G
运行
平均值
列
列 Ｂ
列 C
列 D
列 E
列 F
列 G
运行
全部清除
close确定"
MAT/MA161-ForestedAreas,4,4,Chinese,zho-CHN,"森林面积  问题 1 / 4
如何使用电子数据表
点击  将一列数据按照升序（由低至高）排序。  再次点击图示，将一列数据按照降序（由高至低）排序。
进行计算：
在第一个下拉菜单中选择一列。
在中间的下拉菜单中选择一项运算。
在最后一个下拉菜单中选择一列。
点击“运行”。
结果会显示在第一个可用的空白列中。
要显示列的平均值，请从下拉菜单中选择一列，然后点击“运行”。 结果会显示在该列下方的格子中。
要取消对列的操作，请点击 。
要清空列，请点击 。
要完全清空电子数据表，请点击“全部清除”。
根据右侧的材料“森林面积”， 使用该电子数据表来帮助你回答以下问题。 从下拉菜单中选择答案来回答每个问题。
在下表中，从相应的下拉菜单中选择一个国家来回答每个问题。
问题
国家
就百分点而言，在 2005 年至 2015 年期间，哪个国家的森林面积增加最多？
选择亚美尼亚印度哈萨克斯坦哥伦比亚塞内加尔巴拿马希腊德国泰国秘鲁美国葡萄牙阿尔及利亚韩国黎巴嫩
2005 年至 2015 年期间，哪个国家整体没有变化？
选择亚美尼亚印度哈萨克斯坦哥伦比亚塞内加尔巴拿马希腊德国泰国秘鲁美国葡萄牙阿尔及利亚韩国黎巴嫩
就百分点而言，在 2005 年至 2015 年期间，哪个国家的森林面积减少最多？
选择亚美尼亚印度哈萨克斯坦哥伦比亚塞内加尔巴拿马希腊德国泰国秘鲁美国葡萄牙阿尔及利亚韩国黎巴嫩"
MAT/MA161-ForestedAreas,4,5,Chinese,zho-CHN,"C
(
)
x2
yx
√x
1/x
π
÷
7
8
9
x
4
5
6
–
1
2
3
+
0
.
+/-
="
MAT/MA161-ForestedAreas,5,1,Chinese,zho-CHN,计算器close
MAT/MA161-ForestedAreas,5,2,Chinese,zho-CHN,PISA
MAT/MA161-ForestedAreas,5,3,Chinese,zho-CHN,"森林面积
下面的电子数据表显示本组数据涉及的 15 个国家中每个国家的森林面积占土地总面积的百分比， 有 2005 年、2010 年和 2015 年的数据。
列 Ａ ▾
列 Ｂ
列 C
列 D
列 E
列 F
列 G
国家
2005
2010
2015
亚美尼亚11.7711.7411.77印度22.7723.4723.77哈萨克斯坦1.241.231.23哥伦比亚54.2652.8552.73塞内加尔45.0544.0142.97巴拿马64.3363.2162.11希腊29.1130.2831.45德国32.6632.7332.76泰国31.5131.8132.1秘鲁59.0158.4557.79美国33.2633.733.85葡萄牙36.5235.8935.25阿尔及利亚0.640.810.82韩国64.4264.0863.69黎巴嫩13.3413.3813.42
计算
列
列 Ｂ
列 C
列 D
列 E
列 F
列 G
运算
加
减
乘
除
列
列 Ｂ
列 C
列 D
列 E
列 F
列 G
运行
平均值
列
列 Ｂ
列 C
列 D
列 E
列 F
列 G
运行
全部清除
close确定"
MAT/MA161-ForestedAreas,5,4,Chinese,zho-CHN,"森林面积  问题 2 / 4
如何使用电子数据表
点击  将一列数据按照升序（由低至高）排序。  再次点击图示，将一列数据按照降序（由高至低）排序。
进行计算：
在第一个下拉菜单中选择一列。
在中间的下拉菜单中选择一项运算。
在最后一个下拉菜单中选择一列。
点击“运行”。
结果会显示在第一个可用的空白列中。
要显示列的平均值，请从下拉菜单中选择一列，然后点击“运行”。 结果会显示在该列下方的格子中。
要取消对列的操作，请点击 。
要清空列，请点击 。
要完全清空电子数据表，请点击“全部清除”。
根据右侧的材料“森林面积”， 使用该电子数据表来帮助你回答以下问题。 点击一个选项来回答本题。
考虑两段时间：2005 年至 2010 年，以及 2010 年至 2015 年。
以下哪一项陈述正确描述了两个时间段内森林面积百分比的平均值变化？
两个时间段的平均值变化均为正值。
两个时间段的平均值变化均为负值。
两个时间段的平均值变化相同。
一个时间段的平均值变化为正值，另一个时间段的平均值变化为负值。"
MAT/MA161-ForestedAreas,5,5,Chinese,zho-CHN,"C
(
)
x2
yx
√x
1/x
π
÷
7
8
9
x
4
5
6
–
1
2
3
+
0
.
+/-
="
MAT/MA161-ForestedAreas,6,1,Chinese,zho-CHN,计算器close
MAT/MA161-ForestedAreas,6,2,Chinese,zho-CHN,PISA
MAT/MA161-ForestedAreas,6,3,Chinese,zho-CHN,"森林面积
下面的电子数据表显示本组数据涉及的 15 个国家中每个国家的森林面积占土地总面积的百分比， 有 2005 年、2010 年和 2015 年的数据。
列 Ａ ▾
列 Ｂ
列 C
列 D
列 E
列 F
列 G
国家
2005
2010
2015
亚美尼亚11.7711.7411.77印度22.7723.4723.77哈萨克斯坦1.241.231.23哥伦比亚54.2652.8552.73塞内加尔45.0544.0142.97巴拿马64.3363.2162.11希腊29.1130.2831.45德国32.6632.7332.76泰国31.5131.8132.1秘鲁59.0158.4557.79美国33.2633.733.85葡萄牙36.5235.8935.25阿尔及利亚0.640.810.82韩国64.4264.0863.69黎巴嫩13.3413.3813.42
计算
列
列 Ｂ
列 C
列 D
列 E
列 F
列 G
运算
加
减
乘
除
列
列 Ｂ
列 C
列 D
列 E
列 F
列 G
运行
平均值
列
列 Ｂ
列 C
列 D
列 E
列 F
列 G
运行
全部清除
close确定"
MAT/MA161-ForestedAreas,6,4,Chinese,zho-CHN,"森林面积  问题 3 / 4
如何使用电子数据表
点击  将一列数据按照升序（由低至高）排序。  再次点击图示，将一列数据按照降序（由高至低）排序。
进行计算：
在第一个下拉菜单中选择一列。
在中间的下拉菜单中选择一项运算。
在最后一个下拉菜单中选择一列。
点击“运行”。
结果会显示在第一个可用的空白列中。
要显示列的平均值，请从下拉菜单中选择一列，然后点击“运行”。 结果会显示在该列下方的格子中。
要取消对列的操作，请点击 。
要清空列，请点击 。
要完全清空电子数据表，请点击“全部清除”。
根据右侧的材料“森林面积”， 使用该电子数据表来帮助你回答以下问题。 从下拉菜单中选择答案来回答本题。
考虑两段时间：2005 年至 2010 年，以及 2010 年至 2015 年。
就百分点而言，哪两个国家的森林面积百分比从一个时间段到另一个时间段出现的变化最大？
答案：
选择亚美尼亚印度哈萨克斯坦哥伦比亚塞内加尔巴拿马希腊德国泰国秘鲁美国葡萄牙阿尔及利亚韩国黎巴嫩
及
选择亚美尼亚印度哈萨克斯坦哥伦比亚塞内加尔巴拿马希腊德国泰国秘鲁美国葡萄牙阿尔及利亚韩国黎巴嫩"
MAT/MA161-ForestedAreas,6,5,Chinese,zho-CHN,"C
(
)
x2
yx
√x
1/x
π
÷
7
8
9
x
4
5
6
–
1
2
3
+
0
.
+/-
="
MAT/MA161-ForestedAreas,7,1,Chinese,zho-CHN,计算器close
MAT/MA161-ForestedAreas,7,2,Chinese,zho-CHN,PISA
MAT/MA161-ForestedAreas,7,3,Chinese,zho-CHN,"森林面积
下面的电子数据表显示本组数据涉及的 15 个国家中每个国家的森林面积占土地总面积的百分比， 有 2005 年、2010 年和 2015 年的数据。
列 Ａ ▾
列 Ｂ
列 C
列 D
列 E
列 F
列 G
国家
2005
2010
2015
亚美尼亚11.7711.7411.77印度22.7723.4723.77哈萨克斯坦1.241.231.23哥伦比亚54.2652.8552.73塞内加尔45.0544.0142.97巴拿马64.3363.2162.11希腊29.1130.2831.45德国32.6632.7332.76泰国31.5131.8132.1秘鲁59.0158.4557.79美国33.2633.733.85葡萄牙36.5235.8935.25阿尔及利亚0.640.810.82韩国64.4264.0863.69黎巴嫩13.3413.3813.42
计算
列
列 Ｂ
列 C
列 D
列 E
列 F
列 G
运算
加
减
乘
除
列
列 Ｂ
列 C
列 D
列 E
列 F
列 G
运行
平均值
列
列 Ｂ
列 C
列 D
列 E
列 F
列 G
运行
全部清除
close确定"
MAT/MA161-ForestedAreas,7,4,Chinese,zho-CHN,"森林面积  问题 4 / 4
如何使用电子数据表
点击  将一列数据按照升序（由低至高）排序。  再次点击图示，将一列数据按照降序（由高至低）排序。
进行计算：
在第一个下拉菜单中选择一列。
在中间的下拉菜单中选择一项运算。
在最后一个下拉菜单中选择一列。
点击“运行”。
结果会显示在第一个可用的空白列中。
要显示列的平均值，请从下拉菜单中选择一列，然后点击“运行”。 结果会显示在该列下方的格子中。
要取消对列的操作，请点击 。
要清空列，请点击 。
要完全清空电子数据表，请点击“全部清除”。
根据右侧的材料“森林面积”， 使用该电子数据表来帮助你回答以下问题。 点击一个选项，然后用键盘输入解释来回答本题。
韩琳娜指出，在所列年份中，韩国比列表中任何其他国家拥有更大的森林面积。
她的说法是否与电子数据表中的数据相符？
是
否
解释你的答案。"
MAT/MA161-ForestedAreas,7,5,Chinese,zho-CHN,"C
(
)
x2
yx
√x
1/x
π
÷
7
8
9
x
4
5
6
–
1
2
3
+
0
.
+/-
="
MAT/MA161-ForestedAreas,1,1,Croatian,hrv-HRV,Kalkulatorclose
MAT/MA161-ForestedAreas,1,2,Croatian,hrv-HRV,PISA
MAT/MA161-ForestedAreas,1,3,Croatian,hrv-HRV,"Šumske površine  Uvod
Pročitaj uvod, a zatim klikni na strelicu SLJEDEĆE.
ŠUMSKE POVRŠINE
U ovoj ćeš cjelini trebati koristiti proračunsku tablicu da bi odgovorio/la na pitanja vezana uz sljedeću situaciju:
Šuma je ekosustav u kojemu se nalazi raznoliko drveće, biljke i životinje.
Količina šumskih površina neke zemlje može se mijenjati tijekom vremena.
Na idućem ćeš ekranu isprobati korištenje proračunske tablice."
MAT/MA161-ForestedAreas,1,4,Croatian,hrv-HRV,"C
(
)
x2
yx
√x
1/x
π
÷
7
8
9
x
4
5
6
–
1
2
3
+
0
.
+/-
="
MAT/MA161-ForestedAreas,2,1,Croatian,hrv-HRV,Kalkulatorclose
MAT/MA161-ForestedAreas,2,2,Croatian,hrv-HRV,PISA
MAT/MA161-ForestedAreas,2,3,Croatian,hrv-HRV,"ŠUMSKE POVRŠINE
Donja proračunska tablica prikazuje količinu šumskih površina u 15 zemalja, izraženu kao postotak ukupne površine njihova teritorija. Prikazani su podaci za 2005., 2010. i 2015. godinu.
Stupac A ▾
Stupac B
Stupac C
Stupac D
Stupac E
Stupac F
Stupac G
Zemlja
2005.
2010.
2015.
Alžir0.640.810.82Armenija11.7711.7411.77Grčka29.1130.2831.45Indija22.7723.4723.77Južna Koreja64.4264.0863.69Kazahstan1.241.231.23Kolumbija54.2652.8552.73Libanon13.3413.3813.42Njemačka32.6632.7332.76Panama64.3363.2162.11Peru59.0158.4557.79Portugal36.5235.8935.25Senegal45.0544.0142.97Sjedinjene Američke Države33.2633.733.85Tajland31.5131.8132.1
Izračunaj
Stupac
Stupac B
Stupac C
Stupac D
Stupac E
Stupac F
Stupac G
Računska radnja
Zbroji
Oduzmi
Pomnoži
Podijeli
Stupac
Stupac B
Stupac C
Stupac D
Stupac E
Stupac F
Stupac G
Pokreni
Prosjek
Stupac
Stupac B
Stupac C
Stupac D
Stupac E
Stupac F
Stupac G
Pokreni
Obriši sve
closeOK"
MAT/MA161-ForestedAreas,2,4,Croatian,hrv-HRV,"Šumske površine  Vježba
Sada ćeš isprobati korištenje proračunske tablice prije nego što prijeđeš na pitanja.
Koristi proračunsku tablicu da izvršiš sljedeće tri radnje:
Sortiraj stupac
Klikni na simbol  u Stupcu B, C ili D da poredaš taj stupac uzlaznim redoslijedom (od najmanje do najviše vrijednosti).
Imaj na umu da će se svi stupci sortirati ovisno o načinu kako je sortiran jedan stupac.
Izvrši izračun
Odaberi jedan stupac u prvom padajućem izborniku ispod proračunske tablice.
Zatim odaberi računsku radnju u srednjem padajućem izborniku.
Nakon toga odaberi jedan stupac u zadnjem padajućem izborniku.
Klikni na ""Pokreni"".
Rezultati će biti prikazani u prvom slobodnom praznom stupcu.
Prikaži prosjek stupca
Odaberi stupac u padajućem izborniku u odjeljku ""Prosjek"" ispod proračunske tablice.
Klikni na ""Pokreni"".
Rezultat će biti prikazan u ćeliji na dnu stupca.
Klikni na  za nastavak."
MAT/MA161-ForestedAreas,2,5,Croatian,hrv-HRV,"C
(
)
x2
yx
√x
1/x
π
÷
7
8
9
x
4
5
6
–
1
2
3
+
0
.
+/-
="
MAT/MA161-ForestedAreas,3,1,Croatian,hrv-HRV,Kalkulatorclose
MAT/MA161-ForestedAreas,3,2,Croatian,hrv-HRV,PISA
MAT/MA161-ForestedAreas,3,3,Croatian,hrv-HRV,"ŠUMSKE POVRŠINE
Donja proračunska tablica prikazuje količinu šumskih površina u 15 zemalja, izraženu kao postotak ukupne površine njihova teritorija. Prikazani su podaci za 2005., 2010. i 2015. godinu.
Stupac A ▾
Stupac B
Stupac C
Stupac D
Stupac E
Stupac F
Stupac G
Zemlja
2005.
2010.
2015.
Alžir0.640.810.82Armenija11.7711.7411.77Grčka29.1130.2831.45Indija22.7723.4723.77Južna Koreja64.4264.0863.69Kazahstan1.241.231.23Kolumbija54.2652.8552.73Libanon13.3413.3813.42Njemačka32.6632.7332.76Panama64.3363.2162.11Peru59.0158.4557.79Portugal36.5235.8935.25Senegal45.0544.0142.97Sjedinjene Američke Države33.2633.733.85Tajland31.5131.8132.1
Izračunaj
Stupac
Stupac B
Stupac C
Stupac D
Stupac E
Stupac F
Stupac G
Računska radnja
Zbroji
Oduzmi
Pomnoži
Podijeli
Stupac
Stupac B
Stupac C
Stupac D
Stupac E
Stupac F
Stupac G
Pokreni
Prosjek
Stupac
Stupac B
Stupac C
Stupac D
Stupac E
Stupac F
Stupac G
Pokreni
Obriši sve
closeOK"
MAT/MA161-ForestedAreas,3,4,Croatian,hrv-HRV,"Šumske površine  Upute
Upute o načinu korištenja proračunske tablice dostupne su u svakom pitanju.
Nalaze se u izborniku naslovljenom ""Kako koristiti proračunsku tablicu"" koji se može otvoriti i zatvoriti.
Klikni na donju traku da otvoriš upute. Klikni ponovno na traku da zatvoriš upute.
Kako koristiti proračunsku tablicu
Klikni na  da sortiraš stupac uzlaznim redoslijedom (od najmanjeg do najvećeg).  Klikni opet na strelicu da sortiraš stupac silaznim redoslijedom (od najvećeg do najmanjeg).
Za izvođenje izračuna:
Odaberi stupac u prvom padajućem izborniku.
Odaberi računsku radnju u srednjem padajućem izborniku.
Odaberi stupac u zadnjem padajućem izborniku.
Klikni na ""Pokreni"".
Rezultati će biti prikazani u prvom slobodnom praznom stupcu.
Da bi se prikazao prosjek stupca, odaberi jedan stupac u padajućem izborniku i klikni na ""Pokreni"". Rezultat će biti prikazan u ćeliji na dnu stupca.
Ako želiš poništiti neku radnju u stupcu, klikni na .
Ako želiš obrisati sve podatke u stupcu, klikni na .
Ako želiš potpuno obrisati podatke u proračunskoj tablici, klikni na ""Obriši sve"".
Klikni na  za nastavak."
MAT/MA161-ForestedAreas,3,5,Croatian,hrv-HRV,"C
(
)
x2
yx
√x
1/x
π
÷
7
8
9
x
4
5
6
–
1
2
3
+
0
.
+/-
="
MAT/MA161-ForestedAreas,4,1,Croatian,hrv-HRV,Kalkulatorclose
MAT/MA161-ForestedAreas,4,2,Croatian,hrv-HRV,PISA
MAT/MA161-ForestedAreas,4,3,Croatian,hrv-HRV,"ŠUMSKE POVRŠINE
Donja proračunska tablica prikazuje količinu šumskih površina u 15 zemalja, izraženu kao postotak ukupne površine njihova teritorija. Prikazani su podaci za 2005., 2010. i 2015. godinu.
Stupac A ▾
Stupac B
Stupac C
Stupac D
Stupac E
Stupac F
Stupac G
Zemlja
2005.
2010.
2015.
Alžir0.640.810.82Armenija11.7711.7411.77Grčka29.1130.2831.45Indija22.7723.4723.77Južna Koreja64.4264.0863.69Kazahstan1.241.231.23Kolumbija54.2652.8552.73Libanon13.3413.3813.42Njemačka32.6632.7332.76Panama64.3363.2162.11Peru59.0158.4557.79Portugal36.5235.8935.25Senegal45.0544.0142.97Sjedinjene Američke Države33.2633.733.85Tajland31.5131.8132.1
Izračunaj
Stupac
Stupac B
Stupac C
Stupac D
Stupac E
Stupac F
Stupac G
Računska radnja
Zbroji
Oduzmi
Pomnoži
Podijeli
Stupac
Stupac B
Stupac C
Stupac D
Stupac E
Stupac F
Stupac G
Pokreni
Prosjek
Stupac
Stupac B
Stupac C
Stupac D
Stupac E
Stupac F
Stupac G
Pokreni
Obriši sve
closeOK"
MAT/MA161-ForestedAreas,4,4,Croatian,hrv-HRV,"Šumske površine  Pitanje 1 / 4
Kako koristiti proračunsku tablicu
Klikni na  da sortiraš stupac uzlaznim redoslijedom (od najmanjeg do najvećeg).  Klikni opet na strelicu da sortiraš stupac silaznim redoslijedom (od najvećeg do najmanjeg).
Za izvođenje izračuna:
Odaberi stupac u prvom padajućem izborniku.
Odaberi računsku radnju u srednjem padajućem izborniku.
Odaberi stupac u zadnjem padajućem izborniku.
Klikni na ""Pokreni"".
Rezultati će biti prikazani u prvom slobodnom praznom stupcu.
Da bi se prikazao prosjek stupca, odaberi jedan stupac u padajućem izborniku i klikni na ""Pokreni"". Rezultat će biti prikazan u ćeliji na dnu stupca.
Ako želiš poništiti neku radnju u stupcu, klikni na .
Ako želiš obrisati sve podatke u stupcu, klikni na .
Ako želiš potpuno obrisati podatke u proračunskoj tablici, klikni na ""Obriši sve"".
Prouči ""Šumske površine"" na desnoj strani. Odgovori na donje pitanje služeći se proračunskom tablicom. Odgovori na svako pitanje odabirući odgovore u padajućim izbornicima.
Odgovori na svako pitanje u donjoj tablici odabirući zemlju u odgovarajućem padajućem izborniku:
Pitanje
Zemlja
Gledano u postocima, koja je zemlja doživjela najveći porast između 2005. i 2015. godine?
OdaberiAlžirArmenijaGrčkaIndijaJužna KorejaKazahstanKolumbijaLibanonNjemačkaPanamaPeruPortugalSenegalSjedinjene Američke DržaveTajland
Koja zemlja nije doživjela nikakvu sveukupnu promjenu između 2005. i 2015. godine?
OdaberiAlžirArmenijaGrčkaIndijaJužna KorejaKazahstanKolumbijaLibanonNjemačkaPanamaPeruPortugalSenegalSjedinjene Američke DržaveTajland
Gledano u postocima, koja je zemlja doživjela najveći pad između 2005. i 2015. godine?
OdaberiAlžirArmenijaGrčkaIndijaJužna KorejaKazahstanKolumbijaLibanonNjemačkaPanamaPeruPortugalSenegalSjedinjene Američke DržaveTajland"
MAT/MA161-ForestedAreas,4,5,Croatian,hrv-HRV,"C
(
)
x2
yx
√x
1/x
π
÷
7
8
9
x
4
5
6
–
1
2
3
+
0
.
+/-
="
MAT/MA161-ForestedAreas,5,1,Croatian,hrv-HRV,Kalkulatorclose
MAT/MA161-ForestedAreas,5,2,Croatian,hrv-HRV,PISA
MAT/MA161-ForestedAreas,5,3,Croatian,hrv-HRV,"ŠUMSKE POVRŠINE
Donja proračunska tablica prikazuje količinu šumskih površina u 15 zemalja, izraženu kao postotak ukupne površine njihova teritorija. Prikazani su podaci za 2005., 2010. i 2015. godinu.
Stupac A ▾
Stupac B
Stupac C
Stupac D
Stupac E
Stupac F
Stupac G
Zemlja
2005.
2010.
2015.
Alžir0.640.810.82Armenija11.7711.7411.77Grčka29.1130.2831.45Indija22.7723.4723.77Južna Koreja64.4264.0863.69Kazahstan1.241.231.23Kolumbija54.2652.8552.73Libanon13.3413.3813.42Njemačka32.6632.7332.76Panama64.3363.2162.11Peru59.0158.4557.79Portugal36.5235.8935.25Senegal45.0544.0142.97Sjedinjene Američke Države33.2633.733.85Tajland31.5131.8132.1
Izračunaj
Stupac
Stupac B
Stupac C
Stupac D
Stupac E
Stupac F
Stupac G
Računska radnja
Zbroji
Oduzmi
Pomnoži
Podijeli
Stupac
Stupac B
Stupac C
Stupac D
Stupac E
Stupac F
Stupac G
Pokreni
Prosjek
Stupac
Stupac B
Stupac C
Stupac D
Stupac E
Stupac F
Stupac G
Pokreni
Obriši sve
closeOK"
MAT/MA161-ForestedAreas,5,4,Croatian,hrv-HRV,"Šumske površine  Pitanje 2 / 4
Kako koristiti proračunsku tablicu
Klikni na  da sortiraš stupac uzlaznim redoslijedom (od najmanjeg do najvećeg).  Klikni opet na strelicu da sortiraš stupac silaznim redoslijedom (od najvećeg do najmanjeg).
Za izvođenje izračuna:
Odaberi stupac u prvom padajućem izborniku.
Odaberi računsku radnju u srednjem padajućem izborniku.
Odaberi stupac u zadnjem padajućem izborniku.
Klikni na ""Pokreni"".
Rezultati će biti prikazani u prvom slobodnom praznom stupcu.
Da bi se prikazao prosjek stupca, odaberi jedan stupac u padajućem izborniku i klikni na ""Pokreni"". Rezultat će biti prikazan u ćeliji na dnu stupca.
Ako želiš poništiti neku radnju u stupcu, klikni na .
Ako želiš obrisati sve podatke u stupcu, klikni na .
Ako želiš potpuno obrisati podatke u proračunskoj tablici, klikni na ""Obriši sve"".
Prouči ""Šumske površine"" na desnoj strani. Odgovori na donje pitanje služeći se proračunskom tablicom. Odgovori na pitanje klikom na jedan od ponuđenih odgovora.
Promotri ova dva razdoblja: od 2005. do 2010. i od 2010. do 2015.
Koja od sljedećih tvrdnji točno opisuje prosječnu promjenu u postotku šumskih površina za oba razdoblja?
Prosječna promjena bila je pozitivna u oba razdoblja.
Prosječna promjena bila je negativna u oba razdoblja.
Prosječna promjena bila je ista u oba razdoblja.
Prosječna promjena bila je pozitivna u jednom razdoblju, a negativna u drugom razdoblju."
MAT/MA161-ForestedAreas,5,5,Croatian,hrv-HRV,"C
(
)
x2
yx
√x
1/x
π
÷
7
8
9
x
4
5
6
–
1
2
3
+
0
.
+/-
="
MAT/MA161-ForestedAreas,6,1,Croatian,hrv-HRV,Kalkulatorclose
MAT/MA161-ForestedAreas,6,2,Croatian,hrv-HRV,PISA
MAT/MA161-ForestedAreas,6,3,Croatian,hrv-HRV,"ŠUMSKE POVRŠINE
Donja proračunska tablica prikazuje količinu šumskih površina u 15 zemalja, izraženu kao postotak ukupne površine njihova teritorija. Prikazani su podaci za 2005., 2010. i 2015. godinu.
Stupac A ▾
Stupac B
Stupac C
Stupac D
Stupac E
Stupac F
Stupac G
Zemlja
2005.
2010.
2015.
Alžir0.640.810.82Armenija11.7711.7411.77Grčka29.1130.2831.45Indija22.7723.4723.77Južna Koreja64.4264.0863.69Kazahstan1.241.231.23Kolumbija54.2652.8552.73Libanon13.3413.3813.42Njemačka32.6632.7332.76Panama64.3363.2162.11Peru59.0158.4557.79Portugal36.5235.8935.25Senegal45.0544.0142.97Sjedinjene Američke Države33.2633.733.85Tajland31.5131.8132.1
Izračunaj
Stupac
Stupac B
Stupac C
Stupac D
Stupac E
Stupac F
Stupac G
Računska radnja
Zbroji
Oduzmi
Pomnoži
Podijeli
Stupac
Stupac B
Stupac C
Stupac D
Stupac E
Stupac F
Stupac G
Pokreni
Prosjek
Stupac
Stupac B
Stupac C
Stupac D
Stupac E
Stupac F
Stupac G
Pokreni
Obriši sve
closeOK"
MAT/MA161-ForestedAreas,6,4,Croatian,hrv-HRV,"Šumske površine  Pitanje 3 / 4
Kako koristiti proračunsku tablicu
Klikni na  da sortiraš stupac uzlaznim redoslijedom (od najmanjeg do najvećeg).  Klikni opet na strelicu da sortiraš stupac silaznim redoslijedom (od najvećeg do najmanjeg).
Za izvođenje izračuna:
Odaberi stupac u prvom padajućem izborniku.
Odaberi računsku radnju u srednjem padajućem izborniku.
Odaberi stupac u zadnjem padajućem izborniku.
Klikni na ""Pokreni"".
Rezultati će biti prikazani u prvom slobodnom praznom stupcu.
Da bi se prikazao prosjek stupca, odaberi jedan stupac u padajućem izborniku i klikni na ""Pokreni"". Rezultat će biti prikazan u ćeliji na dnu stupca.
Ako želiš poništiti neku radnju u stupcu, klikni na .
Ako želiš obrisati sve podatke u stupcu, klikni na .
Ako želiš potpuno obrisati podatke u proračunskoj tablici, klikni na ""Obriši sve"".
Prouči ""Šumske površine"" na desnoj strani. Odgovori na donje pitanje služeći se proračunskom tablicom. Odgovori na pitanje odabirući odgovore u padajućim izbornicima.
Promotri ova dva razdoblja: od 2005. do 2010. i od 2010. do 2015.
Gledano u postocima, koje su dvije zemlje doživjele najveću promjenu u postotku šumskih površina od jednog  razdoblja do drugog?
Odgovori:
OdaberiAlžirArmenijaGrčkaIndijaJužna KorejaKazahstanKolumbijaLibanonNjemačkaPanamaPeruPortugalSenegalSjedinjene Američke DržaveTajland
i
OdaberiAlžirArmenijaGrčkaIndijaJužna KorejaKazahstanKolumbijaLibanonNjemačkaPanamaPeruPortugalSenegalSjedinjene Američke DržaveTajland"
MAT/MA161-ForestedAreas,6,5,Croatian,hrv-HRV,"C
(
)
x2
yx
√x
1/x
π
÷
7
8
9
x
4
5
6
–
1
2
3
+
0
.
+/-
="
MAT/MA161-ForestedAreas,7,1,Croatian,hrv-HRV,Kalkulatorclose
MAT/MA161-ForestedAreas,7,2,Croatian,hrv-HRV,PISA
MAT/MA161-ForestedAreas,7,3,Croatian,hrv-HRV,"ŠUMSKE POVRŠINE
Donja proračunska tablica prikazuje količinu šumskih površina u 15 zemalja, izraženu kao postotak ukupne površine njihova teritorija. Prikazani su podaci za 2005., 2010. i 2015. godinu.
Stupac A ▾
Stupac B
Stupac C
Stupac D
Stupac E
Stupac F
Stupac G
Zemlja
2005.
2010.
2015.
Alžir0.640.810.82Armenija11.7711.7411.77Grčka29.1130.2831.45Indija22.7723.4723.77Južna Koreja64.4264.0863.69Kazahstan1.241.231.23Kolumbija54.2652.8552.73Libanon13.3413.3813.42Njemačka32.6632.7332.76Panama64.3363.2162.11Peru59.0158.4557.79Portugal36.5235.8935.25Senegal45.0544.0142.97Sjedinjene Američke Države33.2633.733.85Tajland31.5131.8132.1
Izračunaj
Stupac
Stupac B
Stupac C
Stupac D
Stupac E
Stupac F
Stupac G
Računska radnja
Zbroji
Oduzmi
Pomnoži
Podijeli
Stupac
Stupac B
Stupac C
Stupac D
Stupac E
Stupac F
Stupac G
Pokreni
Prosjek
Stupac
Stupac B
Stupac C
Stupac D
Stupac E
Stupac F
Stupac G
Pokreni
Obriši sve
closeOK"
MAT/MA161-ForestedAreas,7,4,Croatian,hrv-HRV,"Šumske površine  Pitanje 4 / 4
Kako koristiti proračunsku tablicu
Klikni na  da sortiraš stupac uzlaznim redoslijedom (od najmanjeg do najvećeg).  Klikni opet na strelicu da sortiraš stupac silaznim redoslijedom (od najvećeg do najmanjeg).
Za izvođenje izračuna:
Odaberi stupac u prvom padajućem izborniku.
Odaberi računsku radnju u srednjem padajućem izborniku.
Odaberi stupac u zadnjem padajućem izborniku.
Klikni na ""Pokreni"".
Rezultati će biti prikazani u prvom slobodnom praznom stupcu.
Da bi se prikazao prosjek stupca, odaberi jedan stupac u padajućem izborniku i klikni na ""Pokreni"". Rezultat će biti prikazan u ćeliji na dnu stupca.
Ako želiš poništiti neku radnju u stupcu, klikni na .
Ako želiš obrisati sve podatke u stupcu, klikni na .
Ako želiš potpuno obrisati podatke u proračunskoj tablici, klikni na ""Obriši sve"".
Prouči ""Šumske površine"" na desnoj strani. Odgovori na donje pitanje služeći se proračunskom tablicom. Odgovori na pitanje klikom na jedan od ponuđenih odgovora, a zatim utipkaj obrazloženje.
Helena tvrdi da Južna Koreja ima više šumskih površina od bilo koje druge zemlje s popisa za prikazane godine.
Potkrepljuju li podaci u tablici njezinu tvrdnju?
Da
Ne
Obrazloži svoj odgovor:"
MAT/MA161-ForestedAreas,7,5,Croatian,hrv-HRV,"C
(
)
x2
yx
√x
1/x
π
÷
7
8
9
x
4
5
6
–
1
2
3
+
0
.
+/-
="
MAT/MA161-ForestedAreas,1,1,Czech,ces-CZE,Kalkulačkaclose
MAT/MA161-ForestedAreas,1,2,Czech,ces-CZE,PISA
MAT/MA161-ForestedAreas,1,3,Czech,ces-CZE,"Zalesněné území  Úvod
Přečti si úvod. Pak klikni na šipku DALŠÍ.
ZALESNĚNÉ ÚZEMÍ
V této úloze budeš muset ke svým odpovědím využívat tabulkový procesor. Otázky souvisejí s následující situací:
Les je ekosystém, v kterém se nachází různé stromy, rostliny a zvířata.
Rozloha zalesněného území dané země se může v čase měnit.
Na další obrazovce si vyzkoušíš používání tabulkového procesoru."
MAT/MA161-ForestedAreas,1,4,Czech,ces-CZE,"C
(
)
x2
yx
√x
1/x
π
÷
7
8
9
·
4
5
6
–
1
2
3
+
0
,
+/-
="
MAT/MA161-ForestedAreas,2,1,Czech,ces-CZE,Kalkulačkaclose
MAT/MA161-ForestedAreas,2,2,Czech,ces-CZE,PISA
MAT/MA161-ForestedAreas,2,3,Czech,ces-CZE,"ZALESNĚNÉ ÚZEMÍ
Tabulkový procesor uvádí v tomto souboru dat, kolik procent celkové rozlohy půdy zabírá v každé z 15 zemí zalesněné území. Data jsou uvedena pro roky 2005, 2010a 2015.
Sloupec A ▾
Sloupec B
Sloupec C
Sloupec D
Sloupec E
Sloupec F
Sloupec G
Země
2005
2010
2015
Alžírsko0,640,810,82Arménie11,7711,7411,77Indie22,7723,4723,77Jižní Korea64,4264,0863,69Kazachstán1,241,231,23Kolumbie54,2652,8552,73Libanon13,3413,3813,42Německo32,6632,7332,76Panama64,3363,2162,11Peru59,0158,4557,79Portugalsko36,5235,8935,25Řecko29,1130,2831,45Senegal45,0544,0142,97Spojené státy americké33,2633,733,85Thajsko31,5131,8132,1
Vypočítat
Sloupec
Sloupec B
Sloupec C
Sloupec D
Sloupec E
Sloupec F
Sloupec G
Operace
Sečíst
Odečíst
Vynásobit
Vydělit
Sloupec
Sloupec B
Sloupec C
Sloupec D
Sloupec E
Sloupec F
Sloupec G
Spustit
Průměr
Sloupec
Sloupec B
Sloupec C
Sloupec D
Sloupec E
Sloupec F
Sloupec G
Spustit
Vymazat vše
closeOK"
MAT/MA161-ForestedAreas,2,4,Czech,ces-CZE,"Zalesněné území  Procvičení
Nyní si vyzkoušíš používání tabulkového procesoru, pak budeš pokračovat k otázkám.
S využitím tabulkového procesoru proveď tyto tři činnosti.
Seřaď sloupec.
Klikni na symbol  v sloupci B, C nebo D a daný sloupec seřaď  ve vzestupném pořadí (od nižšího k vyššímu).
Všimni si, že všechny sloupce se uspořádají podle toho, jakým způsobem se seřadí jeden libovolný sloupec.
Proveď výpočet
Vyber sloupec z první rozbalovací nabídky, která se nachází pod tabulkovým procesorem.
Poté vyber operaci z prostřední rozbalovací nabídky.
Pak vyber sloupec z poslední rozbalovací nabídky.
Klikni na „Spustit“.
Výsledky se zobrazí v prvním dostupném prázdném sloupci.
Zobraz průměr sloupce
Vyber sloupec z rozbalovací nabídky vedle nápisu „Průměr“, který se nachází pod tabulkovým procesorem.
Klikni na „Spustit“.
Výsledek se zobrazí v buňce pod daným sloupcem.
Pro pokračování klikni na ."
MAT/MA161-ForestedAreas,2,5,Czech,ces-CZE,"C
(
)
x2
yx
√x
1/x
π
÷
7
8
9
·
4
5
6
–
1
2
3
+
0
,
+/-
="
MAT/MA161-ForestedAreas,3,1,Czech,ces-CZE,Kalkulačkaclose
MAT/MA161-ForestedAreas,3,2,Czech,ces-CZE,PISA
MAT/MA161-ForestedAreas,3,3,Czech,ces-CZE,"ZALESNĚNÉ ÚZEMÍ
Tabulkový procesor uvádí v tomto souboru dat, kolik procent celkové rozlohy půdy zabírá v každé z 15 zemí zalesněné území. Data jsou uvedena pro roky 2005, 2010a 2015.
Sloupec A ▾
Sloupec B
Sloupec C
Sloupec D
Sloupec E
Sloupec F
Sloupec G
Země
2005
2010
2015
Alžírsko0,640,810,82Arménie11,7711,7411,77Indie22,7723,4723,77Jižní Korea64,4264,0863,69Kazachstán1,241,231,23Kolumbie54,2652,8552,73Libanon13,3413,3813,42Německo32,6632,7332,76Panama64,3363,2162,11Peru59,0158,4557,79Portugalsko36,5235,8935,25Řecko29,1130,2831,45Senegal45,0544,0142,97Spojené státy americké33,2633,733,85Thajsko31,5131,8132,1
Vypočítat
Sloupec
Sloupec B
Sloupec C
Sloupec D
Sloupec E
Sloupec F
Sloupec G
Operace
Sečíst
Odečíst
Vynásobit
Vydělit
Sloupec
Sloupec B
Sloupec C
Sloupec D
Sloupec E
Sloupec F
Sloupec G
Spustit
Průměr
Sloupec
Sloupec B
Sloupec C
Sloupec D
Sloupec E
Sloupec F
Sloupec G
Spustit
Vymazat vše
closeOK"
MAT/MA161-ForestedAreas,3,4,Czech,ces-CZE,"Zalesněné území  Návod
Návod k použití tabulkového procesoru je k dispozici u každé otázky.
Nachází se v nabídce „Jak používat tabulkový procesor“, která se dá otevřít a zavřít.
Klikni na lištu a otevři návod. Znovu klikni na lištu a zavři návod.
Jak používat tabulkový procesor
Klikni na  pro seřazení sloupce ve vzestupném (od nižšího k vyššímu) pořadí.  Klikni na ikonu znovu pro seřazení sloupce v sestupném (od vyššího k nižšímu) pořadí.
K provedení výpočtů:
Vyber sloupec z první rozbalovací nabídky.
Vyber operaci z prostřední rozbalovací nabídky.
Vyber sloupec z poslední rozbalovací nabídky.
Klikni na „Spustit“.
Výsledky se zobrazí v prvním dostupném prázdném sloupci.
Pro zobrazení průměru sloupce vyber sloupec z rozbalovací nabídky a klikni na tlačítko „Spustit“. Výsledek se zobrazí v buňce pod daným sloupcem.
Jakýkoli krok ve sloupci vrátíš kliknutím na .
Pro vymazání sloupce klikni na .
Pro úplné vymazání tabulkového procesoru klikni na „Vymazat vše“.
Pro pokračování klikni na ."
MAT/MA161-ForestedAreas,3,5,Czech,ces-CZE,"C
(
)
x2
yx
√x
1/x
π
÷
7
8
9
·
4
5
6
–
1
2
3
+
0
,
+/-
="
MAT/MA161-ForestedAreas,4,1,Czech,ces-CZE,Kalkulačkaclose
MAT/MA161-ForestedAreas,4,2,Czech,ces-CZE,PISA
MAT/MA161-ForestedAreas,4,3,Czech,ces-CZE,"ZALESNĚNÉ ÚZEMÍ
Tabulkový procesor uvádí v tomto souboru dat, kolik procent celkové rozlohy půdy zabírá v každé z 15 zemí zalesněné území. Data jsou uvedena pro roky 2005, 2010a 2015.
Sloupec A ▾
Sloupec B
Sloupec C
Sloupec D
Sloupec E
Sloupec F
Sloupec G
Země
2005
2010
2015
Alžírsko0,640,810,82Arménie11,7711,7411,77Indie22,7723,4723,77Jižní Korea64,4264,0863,69Kazachstán1,241,231,23Kolumbie54,2652,8552,73Libanon13,3413,3813,42Německo32,6632,7332,76Panama64,3363,2162,11Peru59,0158,4557,79Portugalsko36,5235,8935,25Řecko29,1130,2831,45Senegal45,0544,0142,97Spojené státy americké33,2633,733,85Thajsko31,5131,8132,1
Vypočítat
Sloupec
Sloupec B
Sloupec C
Sloupec D
Sloupec E
Sloupec F
Sloupec G
Operace
Sečíst
Odečíst
Vynásobit
Vydělit
Sloupec
Sloupec B
Sloupec C
Sloupec D
Sloupec E
Sloupec F
Sloupec G
Spustit
Průměr
Sloupec
Sloupec B
Sloupec C
Sloupec D
Sloupec E
Sloupec F
Sloupec G
Spustit
Vymazat vše
closeOK"
MAT/MA161-ForestedAreas,4,4,Czech,ces-CZE,"Zalesněné území  Otázka 1 / 4
Jak používat tabulkový procesor
Klikni na  pro seřazení sloupce ve vzestupném (od nižšího k vyššímu) pořadí.  Klikni na ikonu znovu pro seřazení sloupce v sestupném (od vyššího k nižšímu) pořadí.
K provedení výpočtů:
Vyber sloupec z první rozbalovací nabídky.
Vyber operaci z prostřední rozbalovací nabídky.
Vyber sloupec z poslední rozbalovací nabídky.
Klikni na „Spustit“.
Výsledky se zobrazí v prvním dostupném prázdném sloupci.
Pro zobrazení průměru sloupce vyber sloupec z rozbalovací nabídky a klikni na tlačítko „Spustit“. Výsledek se zobrazí v buňce pod daným sloupcem.
Jakýkoli krok ve sloupci vrátíš kliknutím na .
Pro vymazání sloupce klikni na .
Pro úplné vymazání tabulkového procesoru klikni na „Vymazat vše“.
Prostuduj si úlohu „Zalesněné území“ na pravé straně. S využitím tabulkového procesoru odpověz na otázku. Odpověď na každou otázku vyber z rozbalovacích nabídek.
V tabulce odpověz na každou otázku výběrem země z odpovídající rozbalovací nabídky.
Otázka
Země
Která země zaznamenala mezi roky 2005 a 2015 nejvyšší nárůst v procentních bodech?
VyberAlžírskoArménieIndieJižní KoreaKazachstánKolumbieLibanonNěmeckoPanamaPeruPortugalskoŘeckoSenegalSpojené státy americkéThajsko
Která země nezaznamenala žádnou celkovou změnu mezi roky 2005 a 2015?
VyberAlžírskoArménieIndieJižní KoreaKazachstánKolumbieLibanonNěmeckoPanamaPeruPortugalskoŘeckoSenegalSpojené státy americkéThajsko
Která země zaznamenala mezi roky 2005 a 2015 nejvyšší pokles v procentních bodech?
VyberAlžírskoArménieIndieJižní KoreaKazachstánKolumbieLibanonNěmeckoPanamaPeruPortugalskoŘeckoSenegalSpojené státy americkéThajsko"
MAT/MA161-ForestedAreas,4,5,Czech,ces-CZE,"C
(
)
x2
yx
√x
1/x
π
÷
7
8
9
·
4
5
6
–
1
2
3
+
0
,
+/-
="
MAT/MA161-ForestedAreas,5,1,Czech,ces-CZE,Kalkulačkaclose
MAT/MA161-ForestedAreas,5,2,Czech,ces-CZE,PISA
MAT/MA161-ForestedAreas,5,3,Czech,ces-CZE,"ZALESNĚNÉ ÚZEMÍ
Tabulkový procesor uvádí v tomto souboru dat, kolik procent celkové rozlohy půdy zabírá v každé z 15 zemí zalesněné území. Data jsou uvedena pro roky 2005, 2010a 2015.
Sloupec A ▾
Sloupec B
Sloupec C
Sloupec D
Sloupec E
Sloupec F
Sloupec G
Země
2005
2010
2015
Alžírsko0,640,810,82Arménie11,7711,7411,77Indie22,7723,4723,77Jižní Korea64,4264,0863,69Kazachstán1,241,231,23Kolumbie54,2652,8552,73Libanon13,3413,3813,42Německo32,6632,7332,76Panama64,3363,2162,11Peru59,0158,4557,79Portugalsko36,5235,8935,25Řecko29,1130,2831,45Senegal45,0544,0142,97Spojené státy americké33,2633,733,85Thajsko31,5131,8132,1
Vypočítat
Sloupec
Sloupec B
Sloupec C
Sloupec D
Sloupec E
Sloupec F
Sloupec G
Operace
Sečíst
Odečíst
Vynásobit
Vydělit
Sloupec
Sloupec B
Sloupec C
Sloupec D
Sloupec E
Sloupec F
Sloupec G
Spustit
Průměr
Sloupec
Sloupec B
Sloupec C
Sloupec D
Sloupec E
Sloupec F
Sloupec G
Spustit
Vymazat vše
closeOK"
MAT/MA161-ForestedAreas,5,4,Czech,ces-CZE,"Zalesněné území  Otázka 2 / 4
Jak používat tabulkový procesor
Klikni na  pro seřazení sloupce ve vzestupném (od nižšího k vyššímu) pořadí.  Klikni na ikonu znovu pro seřazení sloupce v sestupném (od vyššího k nižšímu) pořadí.
K provedení výpočtů:
Vyber sloupec z první rozbalovací nabídky.
Vyber operaci z prostřední rozbalovací nabídky.
Vyber sloupec z poslední rozbalovací nabídky.
Klikni na „Spustit“.
Výsledky se zobrazí v prvním dostupném prázdném sloupci.
Pro zobrazení průměru sloupce vyber sloupec z rozbalovací nabídky a klikni na tlačítko „Spustit“. Výsledek se zobrazí v buňce pod daným sloupcem.
Jakýkoli krok ve sloupci vrátíš kliknutím na .
Pro vymazání sloupce klikni na .
Pro úplné vymazání tabulkového procesoru klikni na „Vymazat vše“.
Prostuduj si úlohu „Zalesněné území“ na pravé straně. S využitím tabulkového procesoru odpověz na otázku. Odpověz na otázku kliknutím na jednu z možností.
Ber v úvahu dvě časová období: 2005 až 2010 a 2010 až 2015.
Které z následujících tvrzení správně popisuje průměrnou změnu plochy zalesněného území v procentech v obou časových obdobích?
Průměrná změna byla kladná v obou časových obdobích.
Průměrná změna byla záporná v obou časových obdobích.
Průměrná změna byla stejná v obou časových obdobích.
Průměrná změna byla kladná v jednom časovém období a záporná ve druhém časovém období."
MAT/MA161-ForestedAreas,5,5,Czech,ces-CZE,"C
(
)
x2
yx
√x
1/x
π
÷
7
8
9
·
4
5
6
–
1
2
3
+
0
,
+/-
="
MAT/MA161-ForestedAreas,6,1,Czech,ces-CZE,Kalkulačkaclose
MAT/MA161-ForestedAreas,6,2,Czech,ces-CZE,PISA
MAT/MA161-ForestedAreas,6,3,Czech,ces-CZE,"ZALESNĚNÉ ÚZEMÍ
Tabulkový procesor uvádí v tomto souboru dat, kolik procent celkové rozlohy půdy zabírá v každé z 15 zemí zalesněné území. Data jsou uvedena pro roky 2005, 2010a 2015.
Sloupec A ▾
Sloupec B
Sloupec C
Sloupec D
Sloupec E
Sloupec F
Sloupec G
Země
2005
2010
2015
Alžírsko0,640,810,82Arménie11,7711,7411,77Indie22,7723,4723,77Jižní Korea64,4264,0863,69Kazachstán1,241,231,23Kolumbie54,2652,8552,73Libanon13,3413,3813,42Německo32,6632,7332,76Panama64,3363,2162,11Peru59,0158,4557,79Portugalsko36,5235,8935,25Řecko29,1130,2831,45Senegal45,0544,0142,97Spojené státy americké33,2633,733,85Thajsko31,5131,8132,1
Vypočítat
Sloupec
Sloupec B
Sloupec C
Sloupec D
Sloupec E
Sloupec F
Sloupec G
Operace
Sečíst
Odečíst
Vynásobit
Vydělit
Sloupec
Sloupec B
Sloupec C
Sloupec D
Sloupec E
Sloupec F
Sloupec G
Spustit
Průměr
Sloupec
Sloupec B
Sloupec C
Sloupec D
Sloupec E
Sloupec F
Sloupec G
Spustit
Vymazat vše
closeOK"
MAT/MA161-ForestedAreas,6,4,Czech,ces-CZE,"Zalesněné území  Otázka 3 / 4
Jak používat tabulkový procesor
Klikni na  pro seřazení sloupce ve vzestupném (od nižšího k vyššímu) pořadí.  Klikni na ikonu znovu pro seřazení sloupce v sestupném (od vyššího k nižšímu) pořadí.
K provedení výpočtů:
Vyber sloupec z první rozbalovací nabídky.
Vyber operaci z prostřední rozbalovací nabídky.
Vyber sloupec z poslední rozbalovací nabídky.
Klikni na „Spustit“.
Výsledky se zobrazí v prvním dostupném prázdném sloupci.
Pro zobrazení průměru sloupce vyber sloupec z rozbalovací nabídky a klikni na tlačítko „Spustit“. Výsledek se zobrazí v buňce pod daným sloupcem.
Jakýkoli krok ve sloupci vrátíš kliknutím na .
Pro vymazání sloupce klikni na .
Pro úplné vymazání tabulkového procesoru klikni na „Vymazat vše“.
Prostuduj si úlohu „Zalesněné území“ na pravé straně. S využitím tabulkového procesoru odpověz na otázku. Odpověz na otázku výběrem z rozbalovacích nabídek.
Ber v úvahu dvě časová období: 2005 až 2010 a 2010 až 2015.
Které dvě země zaznamenaly (v procentních bodech) největší změnu v podílu zalesněné půdy mezi jedním a druhým časovým obdobím?
Odpovědi:
VyberAlžírskoArménieIndieJižní KoreaKazachstánKolumbieLibanonNěmeckoPanamaPeruPortugalskoŘeckoSenegalSpojené státy americkéThajsko
a
VyberAlžírskoArménieIndieJižní KoreaKazachstánKolumbieLibanonNěmeckoPanamaPeruPortugalskoŘeckoSenegalSpojené státy americkéThajsko"
MAT/MA161-ForestedAreas,6,5,Czech,ces-CZE,"C
(
)
x2
yx
√x
1/x
π
÷
7
8
9
·
4
5
6
–
1
2
3
+
0
,
+/-
="
MAT/MA161-ForestedAreas,7,1,Czech,ces-CZE,Kalkulačkaclose
MAT/MA161-ForestedAreas,7,2,Czech,ces-CZE,PISA
MAT/MA161-ForestedAreas,7,3,Czech,ces-CZE,"ZALESNĚNÉ ÚZEMÍ
Tabulkový procesor uvádí v tomto souboru dat, kolik procent celkové rozlohy půdy zabírá v každé z 15 zemí zalesněné území. Data jsou uvedena pro roky 2005, 2010a 2015.
Sloupec A ▾
Sloupec B
Sloupec C
Sloupec D
Sloupec E
Sloupec F
Sloupec G
Země
2005
2010
2015
Alžírsko0,640,810,82Arménie11,7711,7411,77Indie22,7723,4723,77Jižní Korea64,4264,0863,69Kazachstán1,241,231,23Kolumbie54,2652,8552,73Libanon13,3413,3813,42Německo32,6632,7332,76Panama64,3363,2162,11Peru59,0158,4557,79Portugalsko36,5235,8935,25Řecko29,1130,2831,45Senegal45,0544,0142,97Spojené státy americké33,2633,733,85Thajsko31,5131,8132,1
Vypočítat
Sloupec
Sloupec B
Sloupec C
Sloupec D
Sloupec E
Sloupec F
Sloupec G
Operace
Sečíst
Odečíst
Vynásobit
Vydělit
Sloupec
Sloupec B
Sloupec C
Sloupec D
Sloupec E
Sloupec F
Sloupec G
Spustit
Průměr
Sloupec
Sloupec B
Sloupec C
Sloupec D
Sloupec E
Sloupec F
Sloupec G
Spustit
Vymazat vše
closeOK"
MAT/MA161-ForestedAreas,7,4,Czech,ces-CZE,"Zalesněné území  Otázka 4 / 4
Jak používat tabulkový procesor
Klikni na  pro seřazení sloupce ve vzestupném (od nižšího k vyššímu) pořadí.  Klikni na ikonu znovu pro seřazení sloupce v sestupném (od vyššího k nižšímu) pořadí.
K provedení výpočtů:
Vyber sloupec z první rozbalovací nabídky.
Vyber operaci z prostřední rozbalovací nabídky.
Vyber sloupec z poslední rozbalovací nabídky.
Klikni na „Spustit“.
Výsledky se zobrazí v prvním dostupném prázdném sloupci.
Pro zobrazení průměru sloupce vyber sloupec z rozbalovací nabídky a klikni na tlačítko „Spustit“. Výsledek se zobrazí v buňce pod daným sloupcem.
Jakýkoli krok ve sloupci vrátíš kliknutím na .
Pro vymazání sloupce klikni na .
Pro úplné vymazání tabulkového procesoru klikni na „Vymazat vše“.
Prostuduj si úlohu „Zalesněné území“ na pravé straně.  S využitím tabulkového procesoru odpověz na otázku. Odpověz na otázku kliknutím na jednu z možností a pak napiš zdůvodnění své odpovědi.
Helena tvrdí, že v uvedených letech má Jižní Korea více zalesněné plochy než jakákoli jiná země na seznamu.
Odpovídá její tvrzení údajům z tabulkového procesoru?
Ano
Ne
Svou odpověď vysvětli."
MAT/MA161-ForestedAreas,7,5,Czech,ces-CZE,"C
(
)
x2
yx
√x
1/x
π
÷
7
8
9
·
4
5
6
–
1
2
3
+
0
,
+/-
="
MAT/MA161-ForestedAreas,1,1,Danish,dan-DNK,Lommeregnerclose
MAT/MA161-ForestedAreas,1,2,Danish,dan-DNK,PISA
MAT/MA161-ForestedAreas,1,3,Danish,dan-DNK,"Skovareal  Introduktion
Læs introduktionen. Klik derefter på NÆSTE-pilen.
SKOVAREAL
I denne opgave skal du bruge et regneark til at svare på spørgsmål, der vedrører følgende:
En skov er et økosystem, hvor der kan findes en variation af træer, planter og dyr.
Omfanget af skovareal i et land kan ændre sig over tid.
På den næste skærm skal du øve dig i at bruge regnearket."
MAT/MA161-ForestedAreas,1,4,Danish,dan-DNK,"C
(
)
x2
yx
√x
1/x
π
÷
7
8
9
x
4
5
6
–
1
2
3
+
0
,
+/-
="
MAT/MA161-ForestedAreas,2,1,Danish,dan-DNK,Lommeregnerclose
MAT/MA161-ForestedAreas,2,2,Danish,dan-DNK,PISA
MAT/MA161-ForestedAreas,2,3,Danish,dan-DNK,"SKOVAREAL
Regnearket nedenfor viser den samlede mængde af skovareal som en procentdel af det samlede landområde i hvert af de 15 lande i regnearket. Data vises for årene 2005, 2010 og 2015.
Kolonne A ▾
Kolonne B
Kolonne C
Kolonne D
Kolonne E
Kolonne F
Kolonne G
Land
2005
2010
2015
Algeriet0,640,810,82Armenien11,7711,7411,77Colombia54,2652,8552,73Grækenland29,1130,2831,45Indien22,7723,4723,77Kasakhstan1,241,231,23Libanon13,3413,3813,42Panama64,3363,2162,11Peru59,0158,4557,79Portugal36,5235,8935,25Senegal45,0544,0142,97Sydkorea64,4264,0863,69Thailand31,5131,8132,1Tyskland32,6632,7332,76USA33,2633,733,85
Beregn
Kolonne
Kolonne B
Kolonne C
Kolonne D
Kolonne E
Kolonne F
Kolonne G
Handling
Læg til
Træk fra
Gang
Divider
Kolonne
Kolonne B
Kolonne C
Kolonne D
Kolonne E
Kolonne F
Kolonne G
Kør
Middelværdi
Kolonne
Kolonne B
Kolonne C
Kolonne D
Kolonne E
Kolonne F
Kolonne G
Kør
Ryd alt
closeOk"
MAT/MA161-ForestedAreas,2,4,Danish,dan-DNK,"Skovareal  Øvelse
Du skal nu øve dig i at bruge regnearket, inden du går videre til spørgsmålene.
Brug regnearket til at udføre følgende tre handlinger.
Sorter en kolonne.
Klik på symbolet  i kolonne B, C eller D for at sortere denne kolonne i stigende (lav til høj) rækkefølge.
Bemærk, at alle de andre kolonner også sorteres i samme rækkefølge som denne kolonne.
Udfør en beregning
Vælg en kolonne i den første rullemenu under regnearket.
Vælg dernæst en beregning i den midterste rullemenu.
Vælg til slut en kolonne i sidste rullemenu.
Klik på ""Kør"".
Resultaterne vises i den først tilgængelige tomme kolonne.
Vis middelværdien (gennemsnittet) af en kolonne.
Vælg en kolonne i rullemenuen ved siden af ""Middelværdi"" under regnearket.
Klik på ""Kør"".
Resultatet vil blive vist i cellen under denne kolonne.
Klik på  for at fortsætte."
MAT/MA161-ForestedAreas,2,5,Danish,dan-DNK,"C
(
)
x2
yx
√x
1/x
π
÷
7
8
9
x
4
5
6
–
1
2
3
+
0
,
+/-
="
MAT/MA161-ForestedAreas,3,1,Danish,dan-DNK,Lommeregnerclose
MAT/MA161-ForestedAreas,3,2,Danish,dan-DNK,PISA
MAT/MA161-ForestedAreas,3,3,Danish,dan-DNK,"SKOVAREAL
Regnearket nedenfor viser den samlede mængde af skovareal som en procentdel af det samlede landområde i hvert af de 15 lande i regnearket. Data vises for årene 2005, 2010 og 2015.
Kolonne A ▾
Kolonne B
Kolonne C
Kolonne D
Kolonne E
Kolonne F
Kolonne G
Land
2005
2010
2015
Algeriet0,640,810,82Armenien11,7711,7411,77Colombia54,2652,8552,73Grækenland29,1130,2831,45Indien22,7723,4723,77Kasakhstan1,241,231,23Libanon13,3413,3813,42Panama64,3363,2162,11Peru59,0158,4557,79Portugal36,5235,8935,25Senegal45,0544,0142,97Sydkorea64,4264,0863,69Thailand31,5131,8132,1Tyskland32,6632,7332,76USA33,2633,733,85
Beregn
Kolonne
Kolonne B
Kolonne C
Kolonne D
Kolonne E
Kolonne F
Kolonne G
Handling
Læg til
Træk fra
Gang
Divider
Kolonne
Kolonne B
Kolonne C
Kolonne D
Kolonne E
Kolonne F
Kolonne G
Kør
Middelværdi
Kolonne
Kolonne B
Kolonne C
Kolonne D
Kolonne E
Kolonne F
Kolonne G
Kør
Ryd alt
closeOk"
MAT/MA161-ForestedAreas,3,4,Danish,dan-DNK,"Skovarealer  Instruktion
Instruktioner til at bruge regnearket er tilgængelige ved hvert spørgsmål.
De er placeret i menuen kaldet ""Således bruges regnearket"", som kan åbnes og lukkes.
Klik på bjælken nedenfor for at åbne instruktionerne. Klik på bjælken igen for at lukke instruktionerne.
Sådan bruges regnearket
Klik på  for at sortere en kolonne i stigende (lav til høj) rækkefølge.  Klik på ikonet igen for at sortere kolonnen i faldende (høj til lav) rækkefølge.
For at udføre beregninger:
Vælg en kolonne fra den første rullemenu.
Vælg en handling fra den midterste rullemenu.
Vælg en kolonne fra den sidste rullemenu.
Klik på ""Kør"".
Resultaterne vises i den først tilgængelige tomme kolonne.
For at vise middelværdien (gennemsnittet) af en kolonne så vælg en kolonne fra rullemenuen, og klik på “Kør”. Resultatet vil blive vist i cellen under denne kolonne.
For at fortryde en handling i en kolonne så klik på .
For at rydde en kolonne klik på .
For at rydde regnearket fuldstændigt så klik på ""Ryd alt"".
Klik på  for at fortsætte."
MAT/MA161-ForestedAreas,3,5,Danish,dan-DNK,"C
(
)
x2
yx
√x
1/x
π
÷
7
8
9
x
4
5
6
–
1
2
3
+
0
,
+/-
="
MAT/MA161-ForestedAreas,4,1,Danish,dan-DNK,Lommeregnerclose
MAT/MA161-ForestedAreas,4,2,Danish,dan-DNK,PISA
MAT/MA161-ForestedAreas,4,3,Danish,dan-DNK,"SKOVAREAL
Regnearket nedenfor viser den samlede mængde af skovareal som en procentdel af det samlede landområde i hvert af de 15 lande i regnearket. Data vises for årene 2005, 2010 og 2015.
Kolonne A ▾
Kolonne B
Kolonne C
Kolonne D
Kolonne E
Kolonne F
Kolonne G
Land
2005
2010
2015
Algeriet0,640,810,82Armenien11,7711,7411,77Colombia54,2652,8552,73Grækenland29,1130,2831,45Indien22,7723,4723,77Kasakhstan1,241,231,23Libanon13,3413,3813,42Panama64,3363,2162,11Peru59,0158,4557,79Portugal36,5235,8935,25Senegal45,0544,0142,97Sydkorea64,4264,0863,69Thailand31,5131,8132,1Tyskland32,6632,7332,76USA33,2633,733,85
Beregn
Kolonne
Kolonne B
Kolonne C
Kolonne D
Kolonne E
Kolonne F
Kolonne G
Handling
Læg til
Træk fra
Gang
Divider
Kolonne
Kolonne B
Kolonne C
Kolonne D
Kolonne E
Kolonne F
Kolonne G
Kør
Middelværdi
Kolonne
Kolonne B
Kolonne C
Kolonne D
Kolonne E
Kolonne F
Kolonne G
Kør
Ryd alt
closeOk"
MAT/MA161-ForestedAreas,4,4,Danish,dan-DNK,"Skovareal  Spørgsmål 1 / 4
Sådan bruges regnearket
Klik på  for at sortere en kolonne i stigende (lav til høj) rækkefølge.  Klik på ikonet igen for at sortere kolonnen i faldende (høj til lav) rækkefølge.
For at udføre beregninger:
Vælg en kolonne fra den første rullemenu.
Vælg en handling fra den midterste rullemenu.
Vælg en kolonne fra den sidste rullemenu.
Klik på ""Kør"".
Resultaterne vises i den først tilgængelige tomme kolonne.
For at vise middelværdien (gennemsnittet) af en kolonne så vælg en kolonne fra rullemenuen, og klik på “Kør”. Resultatet vil blive vist i cellen under denne kolonne.
For at fortryde en handling i en kolonne så klik på .
For at rydde en kolonne klik på .
For at rydde regnearket fuldstændigt så klik på ""Ryd alt"".
Tag udgangspunkt i informationerne i ""Skovareal"" til højre. Anvend regnearket til at hjælpe dig med at besvare spørgsmålene nedenfor. Vælg fra rullemenuerne for at besvare hvert spørgsmål.
Besvar hvert spørgsmål i tabellen nedenfor ved at vælge et land fra den tilsvarende rullemenu.
Spørgsmål
Land
Hvilket land havde den største stigning i procentpoint mellem 2005 og 2015?
VælgAlgerietArmenienColombiaGrækenlandIndienKasakhstanLibanonPanamaPeruPortugalSenegalSydkoreaThailandTysklandUSA
Hvilket land havde ingen samlet ændring mellem 2005 og 2015?
VælgAlgerietArmenienColombiaGrækenlandIndienKasakhstanLibanonPanamaPeruPortugalSenegalSydkoreaThailandTysklandUSA
Hvilket land havde det største fald i procentpoint mellem 2005 og 2015?
VælgAlgerietArmenienColombiaGrækenlandIndienKasakhstanLibanonPanamaPeruPortugalSenegalSydkoreaThailandTysklandUSA"
MAT/MA161-ForestedAreas,4,5,Danish,dan-DNK,"C
(
)
x2
yx
√x
1/x
π
÷
7
8
9
x
4
5
6
–
1
2
3
+
0
,
+/-
="
MAT/MA161-ForestedAreas,5,1,Danish,dan-DNK,Lommeregnerclose
MAT/MA161-ForestedAreas,5,2,Danish,dan-DNK,PISA
MAT/MA161-ForestedAreas,5,3,Danish,dan-DNK,"SKOVAREAL
Regnearket nedenfor viser den samlede mængde af skovareal som en procentdel af det samlede landområde i hvert af de 15 lande i regnearket. Data vises for årene 2005, 2010 og 2015.
Kolonne A ▾
Kolonne B
Kolonne C
Kolonne D
Kolonne E
Kolonne F
Kolonne G
Land
2005
2010
2015
Algeriet0,640,810,82Armenien11,7711,7411,77Colombia54,2652,8552,73Grækenland29,1130,2831,45Indien22,7723,4723,77Kasakhstan1,241,231,23Libanon13,3413,3813,42Panama64,3363,2162,11Peru59,0158,4557,79Portugal36,5235,8935,25Senegal45,0544,0142,97Sydkorea64,4264,0863,69Thailand31,5131,8132,1Tyskland32,6632,7332,76USA33,2633,733,85
Beregn
Kolonne
Kolonne B
Kolonne C
Kolonne D
Kolonne E
Kolonne F
Kolonne G
Handling
Læg til
Træk fra
Gang
Divider
Kolonne
Kolonne B
Kolonne C
Kolonne D
Kolonne E
Kolonne F
Kolonne G
Kør
Middelværdi
Kolonne
Kolonne B
Kolonne C
Kolonne D
Kolonne E
Kolonne F
Kolonne G
Kør
Ryd alt
closeOk"
MAT/MA161-ForestedAreas,5,4,Danish,dan-DNK,"Skovareal  Spørgsmål 2 / 4
Sådan bruges regnearket
Klik på  for at sortere en kolonne i stigende (lav til høj) rækkefølge.  Klik på ikonet igen for at sortere kolonnen i faldende (høj til lav) rækkefølge.
For at udføre beregninger:
Vælg en kolonne fra den første rullemenu.
Vælg en handling fra den midterste rullemenu.
Vælg en kolonne fra den sidste rullemenu.
Klik på ""Kør"".
Resultaterne vises i den først tilgængelige tomme kolonne.
For at vise middelværdien (gennemsnittet) af en kolonne så vælg en kolonne fra rullemenuen, og klik på “Kør”. Resultatet vil blive vist i cellen under denne kolonne.
For at fortryde en handling i en kolonne så klik på .
For at rydde en kolonne klik på .
For at rydde regnearket fuldstændigt så klik på ""Ryd alt"".
Tag udgangspunkt i informationerne i ""Skovareal"" til højre. Anvend regnearket til at hjælpe dig med at besvare spørgsmålet nedenfor. Klik på én af svarmulighederne for at besvare spørgsmålet.
Undersøg følgende to perioder: fra 2005 til 2010 og fra 2010 til 2015.
Hvilket af de følgende udsagn beskriver den gennemsnitlige ændring af skovarealet i procentpoint korrekt for begge perioder?
Den gennemsnitlige ændring var positiv for begge tidsperioder.
Den gennemsnitlige ændring var negativ for begge tidsperioder.
Den gennemsnitlige ændring var den samme for begge tidsperioder.
Den gennemsnitlige ændring var positiv for den ene tidsperiode og negativ for den anden tidsperiode."
MAT/MA161-ForestedAreas,5,5,Danish,dan-DNK,"C
(
)
x2
yx
√x
1/x
π
÷
7
8
9
x
4
5
6
–
1
2
3
+
0
,
+/-
="
MAT/MA161-ForestedAreas,6,1,Danish,dan-DNK,Lommeregnerclose
MAT/MA161-ForestedAreas,6,2,Danish,dan-DNK,PISA
MAT/MA161-ForestedAreas,6,3,Danish,dan-DNK,"SKOVAREAL
Regnearket nedenfor viser den samlede mængde af skovareal som en procentdel af det samlede landområde i hvert af de 15 lande i regnearket. Data vises for årene 2005, 2010 og 2015.
Kolonne A ▾
Kolonne B
Kolonne C
Kolonne D
Kolonne E
Kolonne F
Kolonne G
Land
2005
2010
2015
Algeriet0,640,810,82Armenien11,7711,7411,77Colombia54,2652,8552,73Grækenland29,1130,2831,45Indien22,7723,4723,77Kasakhstan1,241,231,23Libanon13,3413,3813,42Panama64,3363,2162,11Peru59,0158,4557,79Portugal36,5235,8935,25Senegal45,0544,0142,97Sydkorea64,4264,0863,69Thailand31,5131,8132,1Tyskland32,6632,7332,76USA33,2633,733,85
Beregn
Kolonne
Kolonne B
Kolonne C
Kolonne D
Kolonne E
Kolonne F
Kolonne G
Handling
Læg til
Træk fra
Gang
Divider
Kolonne
Kolonne B
Kolonne C
Kolonne D
Kolonne E
Kolonne F
Kolonne G
Kør
Middelværdi
Kolonne
Kolonne B
Kolonne C
Kolonne D
Kolonne E
Kolonne F
Kolonne G
Kør
Ryd alt
closeOk"
MAT/MA161-ForestedAreas,6,4,Danish,dan-DNK,"Skovareal  Spørgsmål 3 / 4
Sådan bruges regnearket
Klik på  for at sortere en kolonne i stigende (lav til høj) rækkefølge.  Klik på ikonet igen for at sortere kolonnen i faldende (høj til lav) rækkefølge.
For at udføre beregninger:
Vælg en kolonne fra den første rullemenu.
Vælg en handling fra den midterste rullemenu.
Vælg en kolonne fra den sidste rullemenu.
Klik på ""Kør"".
Resultaterne vises i den først tilgængelige tomme kolonne.
For at vise middelværdien (gennemsnittet) af en kolonne så vælg en kolonne fra rullemenuen, og klik på “Kør”. Resultatet vil blive vist i cellen under denne kolonne.
For at fortryde en handling i en kolonne så klik på .
For at rydde en kolonne klik på .
For at rydde regnearket fuldstændigt så klik på ""Ryd alt"".
Tag udgangspunkt i informationerne i ""Skovareal"" til højre. Anvend regnearket til at hjælpe dig med at besvare spørgsmålet nedenfor. Vælg fra rullemenuerne for at besvare spørgsmålet.
Undersøg følgende to perioder: fra 2005 til 2010 og fra 2010 til 2015.
I relation til procent point, hvilke to lande havde den største stigning i procent af skovareal fra den ene tidsperiode til den anden tidsperiode?
Svar:
VælgAlgerietArmenienColombiaGrækenlandIndienKasakhstanLibanonPanamaPeruPortugalSenegalSydkoreaThailandTysklandUSA
og
VælgAlgerietArmenienColombiaGrækenlandIndienKasakhstanLibanonPanamaPeruPortugalSenegalSydkoreaThailandTysklandUSA"
MAT/MA161-ForestedAreas,6,5,Danish,dan-DNK,"C
(
)
x2
yx
√x
1/x
π
÷
7
8
9
x
4
5
6
–
1
2
3
+
0
,
+/-
="
MAT/MA161-ForestedAreas,7,1,Danish,dan-DNK,Lommeregnerclose
MAT/MA161-ForestedAreas,7,2,Danish,dan-DNK,PISA
MAT/MA161-ForestedAreas,7,3,Danish,dan-DNK,"SKOVAREAL
Regnearket nedenfor viser den samlede mængde af skovareal som en procentdel af det samlede landområde i hvert af de 15 lande i regnearket. Data vises for årene 2005, 2010 og 2015.
Kolonne A ▾
Kolonne B
Kolonne C
Kolonne D
Kolonne E
Kolonne F
Kolonne G
Land
2005
2010
2015
Algeriet0,640,810,82Armenien11,7711,7411,77Colombia54,2652,8552,73Grækenland29,1130,2831,45Indien22,7723,4723,77Kasakhstan1,241,231,23Libanon13,3413,3813,42Panama64,3363,2162,11Peru59,0158,4557,79Portugal36,5235,8935,25Senegal45,0544,0142,97Sydkorea64,4264,0863,69Thailand31,5131,8132,1Tyskland32,6632,7332,76USA33,2633,733,85
Beregn
Kolonne
Kolonne B
Kolonne C
Kolonne D
Kolonne E
Kolonne F
Kolonne G
Handling
Læg til
Træk fra
Gang
Divider
Kolonne
Kolonne B
Kolonne C
Kolonne D
Kolonne E
Kolonne F
Kolonne G
Kør
Middelværdi
Kolonne
Kolonne B
Kolonne C
Kolonne D
Kolonne E
Kolonne F
Kolonne G
Kør
Ryd alt
closeOk"
MAT/MA161-ForestedAreas,7,4,Danish,dan-DNK,"Skovareal  Spørgsmål 4 / 4
Sådan bruges regnearket
Klik på  for at sortere en kolonne i stigende (lav til høj) rækkefølge.  Klik på ikonet igen for at sortere kolonnen i faldende (høj til lav) rækkefølge.
For at udføre beregninger:
Vælg en kolonne fra den første rullemenu.
Vælg en handling fra den midterste rullemenu.
Vælg en kolonne fra den sidste rullemenu.
Klik på ""Kør"".
Resultaterne vises i den først tilgængelige tomme kolonne.
For at vise middelværdien (gennemsnittet) af en kolonne så vælg en kolonne fra rullemenuen, og klik på “Kør”. Resultatet vil blive vist i cellen under denne kolonne.
For at fortryde en handling i en kolonne så klik på .
For at rydde en kolonne klik på .
For at rydde regnearket fuldstændigt så klik på ""Ryd alt"".
Tag udgangspunkt i informationerne i ""Skovareal"" til højre. Anvend regnearket til at hjælpe dig med at besvare spørgsmålene nedenfor. Klik på en svarmulighed og skriv dernæst en forklaring for at besvare spørgsmålet.
Helena påstår, at Sydkorea havde et større skovareal end noget andet land på denne liste for de viste år.
Understøttes hendes påstand af data i regnearket?
Ja
Nej
Begrund dit svar."
MAT/MA161-ForestedAreas,7,5,Danish,dan-DNK,"C
(
)
x2
yx
√x
1/x
π
÷
7
8
9
x
4
5
6
–
1
2
3
+
0
,
+/-
="
MAT/MA161-ForestedAreas,1,1,Dutch,nld-NLD,Rekenmachineclose
MAT/MA161-ForestedAreas,1,2,Dutch,nld-NLD,PISA
MAT/MA161-ForestedAreas,1,3,Dutch,nld-NLD,"Bebost gebied  Inleiding
Lees de inleiding. Klik daarna op de pijl VOLGENDE.
BEBOST GEBIED
In dit onderdeel gebruik je een werkblad om vragen over de volgende situatie te beantwoorden:
Een bos is een ecosysteem waarin een verscheidenheid aan bomen, planten en dieren kunnen worden gevonden.
De hoeveelheid bebost gebied in een land kan in de loop van de tijd veranderen.
Op het volgende scherm zul je oefenen met het gebruik van het werkblad."
MAT/MA161-ForestedAreas,1,4,Dutch,nld-NLD,"C
(
)
x2
yx
√x
1/x
π
÷
7
8
9
x
4
5
6
–
1
2
3
+
0
,
+/-
="
MAT/MA161-ForestedAreas,2,1,Dutch,nld-NLD,Rekenmachineclose
MAT/MA161-ForestedAreas,2,2,Dutch,nld-NLD,PISA
MAT/MA161-ForestedAreas,2,3,Dutch,nld-NLD,"BEBOST GEBIED
Het onderstaande werkblad toont de hoeveelheid bebost gebied als percentage van het totale grondoppervlak in elk van de 15 landen in deze gegevensset. Er worden gegevens getoond voor de jaren 2005, 2010 en 2015.
Kolom A ▾
Kolom B
Kolom C
Kolom D
Kolom E
Kolom F
Kolom G
Land
2005
2010
2015
Algerije0,640,810,82Armenië11,7711,7411,77Colombia54,2652,8552,73Duitsland32,6632,7332,76Griekenland29,1130,2831,45India22,7723,4723,77Kazachstan1,241,231,23Libanon13,3413,3813,42Panama64,3363,2162,11Peru59,0158,4557,79Portugal36,5235,8935,25Senegal45,0544,0142,97Thailand31,5131,8132,1Verenigde Staten33,2633,733,85Zuid-Korea64,4264,0863,69
Berekenen
Kolom
Kolom B
Kolom C
Kolom D
Kolom E
Kolom F
Kolom G
Bewerking
Optellen
Aftrekken
Vermenigvuldigen
Delen
Kolom
Kolom B
Kolom C
Kolom D
Kolom E
Kolom F
Kolom G
Uitvoeren
Gemiddelde
Kolom
Kolom B
Kolom C
Kolom D
Kolom E
Kolom F
Kolom G
Uitvoeren
Alles wissen
closeOK"
MAT/MA161-ForestedAreas,2,4,Dutch,nld-NLD,"Bebost gebied  Oefening
Je gaat nu oefenen met het gebruik van het werkblad voordat je verder gaat met de vragen.
Gebruik het werkblad om de volgende drie handelingen te verrichten.
Een kolom sorteren
Klik op het symbool  in Kolom B, C of D om die kolom in oplopende (van laag naar hoog) volgorde te sorteren.
Merk op dat alle kolommen zullen worden gesorteerd op basis van de manier waarop één van de kolommen wordt gesorteerd.
Een berekening uitvoeren
Kies een kolom uit het eerste dropdownmenu onderaan het werkblad.
Kies dan een bewerking uit het middelste dropdownmenu.
Kies dan een kolom uit het laatste dropdownmenu.
Klik op 'Uitvoeren'.
De resultaten worden in de eerst beschikbare lege kolom getoond.
Het gemiddelde van een kolom tonen
Kies een kolom uit het dropdownmenu naast 'Gemiddelde', onderaan het werkblad.
Klik op 'Uitvoeren'.
Het resultaat wordt in de cel onderaan de kolom getoond.
Klik op  om verder te gaan."
MAT/MA161-ForestedAreas,2,5,Dutch,nld-NLD,"C
(
)
x2
yx
√x
1/x
π
÷
7
8
9
x
4
5
6
–
1
2
3
+
0
,
+/-
="
MAT/MA161-ForestedAreas,3,1,Dutch,nld-NLD,Rekenmachineclose
MAT/MA161-ForestedAreas,3,2,Dutch,nld-NLD,PISA
MAT/MA161-ForestedAreas,3,3,Dutch,nld-NLD,"BEBOST GEBIED
Het onderstaande werkblad toont de hoeveelheid bebost gebied als percentage van het totale grondoppervlak in elk van de 15 landen in deze gegevensset. Er worden gegevens getoond voor de jaren 2005, 2010 en 2015.
Kolom A ▾
Kolom B
Kolom C
Kolom D
Kolom E
Kolom F
Kolom G
Land
2005
2010
2015
Algerije0,640,810,82Armenië11,7711,7411,77Colombia54,2652,8552,73Duitsland32,6632,7332,76Griekenland29,1130,2831,45India22,7723,4723,77Kazachstan1,241,231,23Libanon13,3413,3813,42Panama64,3363,2162,11Peru59,0158,4557,79Portugal36,5235,8935,25Senegal45,0544,0142,97Thailand31,5131,8132,1Verenigde Staten33,2633,733,85Zuid-Korea64,4264,0863,69
Berekenen
Kolom
Kolom B
Kolom C
Kolom D
Kolom E
Kolom F
Kolom G
Bewerking
Optellen
Aftrekken
Vermenigvuldigen
Delen
Kolom
Kolom B
Kolom C
Kolom D
Kolom E
Kolom F
Kolom G
Uitvoeren
Gemiddelde
Kolom
Kolom B
Kolom C
Kolom D
Kolom E
Kolom F
Kolom G
Uitvoeren
Alles wissen
closeOK"
MAT/MA161-ForestedAreas,3,4,Dutch,nld-NLD,"Beboste gebieden  Instructie
Instructies voor hoe je het werkblad moet gebruiken zijn beschikbaar bij elke vraag.
Ze bevinden zich in een menu met de naam 'Hoe je het werkblad moet gebruiken', dat kan worden geopend en gesloten.
Klik op de balk hieronder om de instructies te openen. Klik opnieuw op de balk om de instructies te sluiten.
Hoe je het werkblad moet gebruiken
Klik op  om de gegevens in een kolom te sorteren in oplopende (van laag naar hoog) volgorde.  Klik nogmaals op het icoon om de kolom te sorteren in aflopende (van hoog naar laag) volgorde.
Om berekeningen uit te voeren:
Kies een kolom uit het eerste dropdownmenu.
Kies een bewerking uit het middelste dropdownmenu.
Kies een kolom uit het laatste dropdownmenu.
Klik op 'Uitvoeren'.
De resultaten worden in de eerst beschikbare lege kolom getoond.
Om het gemiddelde van een kolom te tonen, kies een kolom uit het dropdownmenu en klik op 'Uitvoeren'. Het resultaat wordt in de cel onderaan de kolom getoond.
Om een handeling in een kolom ongedaan te maken, klik op .
Om een kolom te wissen, klik op .
Om het werkblad volledig te wissen, klik je op 'Alles wissen'.
Klik op  om verder te gaan."
MAT/MA161-ForestedAreas,3,5,Dutch,nld-NLD,"C
(
)
x2
yx
√x
1/x
π
÷
7
8
9
x
4
5
6
–
1
2
3
+
0
,
+/-
="
MAT/MA161-ForestedAreas,4,1,Dutch,nld-NLD,Rekenmachineclose
MAT/MA161-ForestedAreas,4,2,Dutch,nld-NLD,PISA
MAT/MA161-ForestedAreas,4,3,Dutch,nld-NLD,"BEBOST GEBIED
Het onderstaande werkblad toont de hoeveelheid bebost gebied als percentage van het totale grondoppervlak in elk van de 15 landen in deze gegevensset. Er worden gegevens getoond voor de jaren 2005, 2010 en 2015.
Kolom A ▾
Kolom B
Kolom C
Kolom D
Kolom E
Kolom F
Kolom G
Land
2005
2010
2015
Algerije0,640,810,82Armenië11,7711,7411,77Colombia54,2652,8552,73Duitsland32,6632,7332,76Griekenland29,1130,2831,45India22,7723,4723,77Kazachstan1,241,231,23Libanon13,3413,3813,42Panama64,3363,2162,11Peru59,0158,4557,79Portugal36,5235,8935,25Senegal45,0544,0142,97Thailand31,5131,8132,1Verenigde Staten33,2633,733,85Zuid-Korea64,4264,0863,69
Berekenen
Kolom
Kolom B
Kolom C
Kolom D
Kolom E
Kolom F
Kolom G
Bewerking
Optellen
Aftrekken
Vermenigvuldigen
Delen
Kolom
Kolom B
Kolom C
Kolom D
Kolom E
Kolom F
Kolom G
Uitvoeren
Gemiddelde
Kolom
Kolom B
Kolom C
Kolom D
Kolom E
Kolom F
Kolom G
Uitvoeren
Alles wissen
closeOK"
MAT/MA161-ForestedAreas,4,4,Dutch,nld-NLD,"Bebost gebied  Vraag 1 / 4
Hoe je het werkblad moet gebruiken
Klik op  om de gegevens in een kolom te sorteren in oplopende (van laag naar hoog) volgorde.  Klik nogmaals op het icoon om de kolom te sorteren in aflopende (van hoog naar laag) volgorde.
Om berekeningen uit te voeren:
Kies een kolom uit het eerste dropdownmenu.
Kies een bewerking uit het middelste dropdownmenu.
Kies een kolom uit het laatste dropdownmenu.
Klik op 'Uitvoeren'.
De resultaten worden in de eerst beschikbare lege kolom getoond.
Om het gemiddelde van een kolom te tonen, kies een kolom uit het dropdownmenu en klik op 'Uitvoeren'. Het resultaat wordt in de cel onderaan de kolom getoond.
Om een handeling in een kolom ongedaan te maken, klik op .
Om een kolom te wissen, klik op .
Om het werkblad volledig te wissen, klik je op 'Alles wissen'.
Raadpleeg 'Bebost gebied' aan de rechterkant. Gebruik het werkblad als hulpmiddel bij het beantwoorden van de onderstaande vraag. Beantwoord elke vraag door een antwoord te kiezen uit de dropdownmenu's.
Beantwoord elke vraag in de onderstaande tabel door een land te kiezen uit het bijbehorende dropdownmenu.
Vraag
Land
Welk land had, in procentpunten, de grootste toename tussen 2005 en 2015?
Maak een keuzeAlgerijeArmeniëColombiaDuitslandGriekenlandIndiaKazachstanLibanonPanamaPeruPortugalSenegalThailandVerenigde StatenZuid-Korea
Welk land had geen algehele verandering tussen 2005 en 2015?
Maak een keuzeAlgerijeArmeniëColombiaDuitslandGriekenlandIndiaKazachstanLibanonPanamaPeruPortugalSenegalThailandVerenigde StatenZuid-Korea
Welk land had, in procentpunten, de grootste afname tussen 2005 en 2015?
Maak een keuzeAlgerijeArmeniëColombiaDuitslandGriekenlandIndiaKazachstanLibanonPanamaPeruPortugalSenegalThailandVerenigde StatenZuid-Korea"
MAT/MA161-ForestedAreas,4,5,Dutch,nld-NLD,"C
(
)
x2
yx
√x
1/x
π
÷
7
8
9
x
4
5
6
–
1
2
3
+
0
,
+/-
="
MAT/MA161-ForestedAreas,5,1,Dutch,nld-NLD,Rekenmachineclose
MAT/MA161-ForestedAreas,5,2,Dutch,nld-NLD,PISA
MAT/MA161-ForestedAreas,5,3,Dutch,nld-NLD,"BEBOST GEBIED
Het onderstaande werkblad toont de hoeveelheid bebost gebied als percentage van het totale grondoppervlak in elk van de 15 landen in deze gegevensset. Er worden gegevens getoond voor de jaren 2005, 2010 en 2015.
Kolom A ▾
Kolom B
Kolom C
Kolom D
Kolom E
Kolom F
Kolom G
Land
2005
2010
2015
Algerije0,640,810,82Armenië11,7711,7411,77Colombia54,2652,8552,73Duitsland32,6632,7332,76Griekenland29,1130,2831,45India22,7723,4723,77Kazachstan1,241,231,23Libanon13,3413,3813,42Panama64,3363,2162,11Peru59,0158,4557,79Portugal36,5235,8935,25Senegal45,0544,0142,97Thailand31,5131,8132,1Verenigde Staten33,2633,733,85Zuid-Korea64,4264,0863,69
Berekenen
Kolom
Kolom B
Kolom C
Kolom D
Kolom E
Kolom F
Kolom G
Bewerking
Optellen
Aftrekken
Vermenigvuldigen
Delen
Kolom
Kolom B
Kolom C
Kolom D
Kolom E
Kolom F
Kolom G
Uitvoeren
Gemiddelde
Kolom
Kolom B
Kolom C
Kolom D
Kolom E
Kolom F
Kolom G
Uitvoeren
Alles wissen
closeOK"
MAT/MA161-ForestedAreas,5,4,Dutch,nld-NLD,"Bebost gebied  Vraag 2 / 4
Hoe je het werkblad moet gebruiken
Klik op  om de gegevens in een kolom te sorteren in oplopende (van laag naar hoog) volgorde.  Klik nogmaals op het icoon om de kolom te sorteren in aflopende (van hoog naar laag) volgorde.
Om berekeningen uit te voeren:
Kies een kolom uit het eerste dropdownmenu.
Kies een bewerking uit het middelste dropdownmenu.
Kies een kolom uit het laatste dropdownmenu.
Klik op 'Uitvoeren'.
De resultaten worden in de eerst beschikbare lege kolom getoond.
Om het gemiddelde van een kolom te tonen, kies een kolom uit het dropdownmenu en klik op 'Uitvoeren'. Het resultaat wordt in de cel onderaan de kolom getoond.
Om een handeling in een kolom ongedaan te maken, klik op .
Om een kolom te wissen, klik op .
Om het werkblad volledig te wissen, klik je op 'Alles wissen'.
Raadpleeg 'Bebost gebied' aan de rechterkant. Gebruik het werkblad als hulpmiddel bij het beantwoorden van de onderstaande vraag. Beantwoord de vraag door één van de opties aan te klikken.
Bekijk de twee tijdvakken 2005 tot 2010 en 2010 tot 2015.
Welke van de volgende beweringen beschrijft de gemiddelde verandering in het percentage bebost gebied voor beide tijdvakken op de juiste wijze?
De gemiddelde verandering was positief voor beide tijdvakken.
De gemiddelde verandering was negatief voor beide tijdvakken.
De gemiddelde verandering was hetzelfde voor beide tijdvakken.
De gemiddelde verandering was positief voor het ene tijdvak en negatief voor het andere tijdvak."
MAT/MA161-ForestedAreas,5,5,Dutch,nld-NLD,"C
(
)
x2
yx
√x
1/x
π
÷
7
8
9
x
4
5
6
–
1
2
3
+
0
,
+/-
="
MAT/MA161-ForestedAreas,6,1,Dutch,nld-NLD,Rekenmachineclose
MAT/MA161-ForestedAreas,6,2,Dutch,nld-NLD,PISA
MAT/MA161-ForestedAreas,6,3,Dutch,nld-NLD,"BEBOST GEBIED
Het onderstaande werkblad toont de hoeveelheid bebost gebied als percentage van het totale grondoppervlak in elk van de 15 landen in deze gegevensset. Er worden gegevens getoond voor de jaren 2005, 2010 en 2015.
Kolom A ▾
Kolom B
Kolom C
Kolom D
Kolom E
Kolom F
Kolom G
Land
2005
2010
2015
Algerije0,640,810,82Armenië11,7711,7411,77Colombia54,2652,8552,73Duitsland32,6632,7332,76Griekenland29,1130,2831,45India22,7723,4723,77Kazachstan1,241,231,23Libanon13,3413,3813,42Panama64,3363,2162,11Peru59,0158,4557,79Portugal36,5235,8935,25Senegal45,0544,0142,97Thailand31,5131,8132,1Verenigde Staten33,2633,733,85Zuid-Korea64,4264,0863,69
Berekenen
Kolom
Kolom B
Kolom C
Kolom D
Kolom E
Kolom F
Kolom G
Bewerking
Optellen
Aftrekken
Vermenigvuldigen
Delen
Kolom
Kolom B
Kolom C
Kolom D
Kolom E
Kolom F
Kolom G
Uitvoeren
Gemiddelde
Kolom
Kolom B
Kolom C
Kolom D
Kolom E
Kolom F
Kolom G
Uitvoeren
Alles wissen
closeOK"
MAT/MA161-ForestedAreas,6,4,Dutch,nld-NLD,"Bebost gebied  Vraag 3 / 4
Hoe je het werkblad moet gebruiken
Klik op  om de gegevens in een kolom te sorteren in oplopende (van laag naar hoog) volgorde.  Klik nogmaals op het icoon om de kolom te sorteren in aflopende (van hoog naar laag) volgorde.
Om berekeningen uit te voeren:
Kies een kolom uit het eerste dropdownmenu.
Kies een bewerking uit het middelste dropdownmenu.
Kies een kolom uit het laatste dropdownmenu.
Klik op 'Uitvoeren'.
De resultaten worden in de eerst beschikbare lege kolom getoond.
Om het gemiddelde van een kolom te tonen, kies een kolom uit het dropdownmenu en klik op 'Uitvoeren'. Het resultaat wordt in de cel onderaan de kolom getoond.
Om een handeling in een kolom ongedaan te maken, klik op .
Om een kolom te wissen, klik op .
Om het werkblad volledig te wissen, klik je op 'Alles wissen'.
Raadpleeg 'Bebost gebied' aan de rechterkant. Gebruik het werkblad als hulpmiddel bij het beantwoorden van de onderstaande vraag. Beantwoord de vraag door een antwoord te kiezen uit de dropdownmenu's.
Bekijk de twee tijdvakken 2005 tot 2010 en 2010 tot 2015.
Welke twee landen hadden, in procentpunten, de grootste verandering in het percentage bebost gebied van het ene tijdvak naar het andere?
Antwoorden:
Maak een keuzeAlgerijeArmeniëColombiaDuitslandGriekenlandIndiaKazachstanLibanonPanamaPeruPortugalSenegalThailandVerenigde StatenZuid-Korea
en
Maak een keuzeAlgerijeArmeniëColombiaDuitslandGriekenlandIndiaKazachstanLibanonPanamaPeruPortugalSenegalThailandVerenigde StatenZuid-Korea"
MAT/MA161-ForestedAreas,6,5,Dutch,nld-NLD,"C
(
)
x2
yx
√x
1/x
π
÷
7
8
9
x
4
5
6
–
1
2
3
+
0
,
+/-
="
MAT/MA161-ForestedAreas,7,1,Dutch,nld-NLD,Rekenmachineclose
MAT/MA161-ForestedAreas,7,2,Dutch,nld-NLD,PISA
MAT/MA161-ForestedAreas,7,3,Dutch,nld-NLD,"BEBOST GEBIED
Het onderstaande werkblad toont de hoeveelheid bebost gebied als percentage van het totale grondoppervlak in elk van de 15 landen in deze gegevensset. Er worden gegevens getoond voor de jaren 2005, 2010 en 2015.
Kolom A ▾
Kolom B
Kolom C
Kolom D
Kolom E
Kolom F
Kolom G
Land
2005
2010
2015
Algerije0,640,810,82Armenië11,7711,7411,77Colombia54,2652,8552,73Duitsland32,6632,7332,76Griekenland29,1130,2831,45India22,7723,4723,77Kazachstan1,241,231,23Libanon13,3413,3813,42Panama64,3363,2162,11Peru59,0158,4557,79Portugal36,5235,8935,25Senegal45,0544,0142,97Thailand31,5131,8132,1Verenigde Staten33,2633,733,85Zuid-Korea64,4264,0863,69
Berekenen
Kolom
Kolom B
Kolom C
Kolom D
Kolom E
Kolom F
Kolom G
Bewerking
Optellen
Aftrekken
Vermenigvuldigen
Delen
Kolom
Kolom B
Kolom C
Kolom D
Kolom E
Kolom F
Kolom G
Uitvoeren
Gemiddelde
Kolom
Kolom B
Kolom C
Kolom D
Kolom E
Kolom F
Kolom G
Uitvoeren
Alles wissen
closeOK"
MAT/MA161-ForestedAreas,7,4,Dutch,nld-NLD,"Bebost gebied  Vraag 4 / 4
Hoe je het werkblad moet gebruiken
Klik op  om de gegevens in een kolom te sorteren in oplopende (van laag naar hoog) volgorde.  Klik nogmaals op het icoon om de kolom te sorteren in aflopende (van hoog naar laag) volgorde.
Om berekeningen uit te voeren:
Kies een kolom uit het eerste dropdownmenu.
Kies een bewerking uit het middelste dropdownmenu.
Kies een kolom uit het laatste dropdownmenu.
Klik op 'Uitvoeren'.
De resultaten worden in de eerst beschikbare lege kolom getoond.
Om het gemiddelde van een kolom te tonen, kies een kolom uit het dropdownmenu en klik op 'Uitvoeren'. Het resultaat wordt in de cel onderaan de kolom getoond.
Om een handeling in een kolom ongedaan te maken, klik op .
Om een kolom te wissen, klik op .
Om het werkblad volledig te wissen, klik je op 'Alles wissen'.
Raadpleeg 'Bebost gebied' aan de rechterkant. Gebruik het werkblad als hulpmiddel bij het beantwoorden van de onderstaande vraag. Beantwoord de vraag door één van de opties aan te klikken en typ vervolgens je uitleg.
Helen beweert dat Zuid-Korea in de getoonde jaren meer bebost gebied heeft dan elk ander land op deze lijst.
Wordt haar bewering onderbouwd door de gegevens op het werkblad?
Ja
Nee
Leg je antwoord uit."
MAT/MA161-ForestedAreas,7,5,Dutch,nld-NLD,"C
(
)
x2
yx
√x
1/x
π
÷
7
8
9
x
4
5
6
–
1
2
3
+
0
,
+/-
="
MAT/MA161-ForestedAreas,1,1,English,eng-CAN,Calculatorclose
MAT/MA161-ForestedAreas,1,2,English,eng-CAN,PISA
MAT/MA161-ForestedAreas,1,3,English,eng-CAN,"Forested Area  Introduction
Read the introduction. Then click on the NEXT arrow.
FORESTED AREA
In this unit you will be using a spreadsheet to answer questions related to the following situation:
A forest is an ecosystem in which a variety of trees, plants, and animals can be found.
The amount of forested area in a country can change over time.
On the next screen, you will practise using the spreadsheet."
MAT/MA161-ForestedAreas,1,4,English,eng-CAN,"C
(
)
x2
yx
√x
1/x
π
÷
7
8
9
x
4
5
6
–
1
2
3
+
0
.
+/-
="
MAT/MA161-ForestedAreas,2,1,English,eng-CAN,Calculatorclose
MAT/MA161-ForestedAreas,2,2,English,eng-CAN,PISA
MAT/MA161-ForestedAreas,2,3,English,eng-CAN,"FORESTED AREA
The spreadsheet below shows the amount of forested area as a percentage of the total land area in each of the 15 countries in this data set. Data are shown for the years 2005, 2010, and 2015.
Column A ▾
Column B
Column C
Column D
Column E
Column F
Column G
Country
2005
2010
2015
Algeria0.640.810.82Armenia11.7711.7411.77Colombia54.2652.8552.73Germany32.6632.7332.76Greece29.1130.2831.45India22.7723.4723.77Kazakhstan1.241.231.23Lebanon13.3413.3813.42Panama64.3363.2162.11Peru59.0158.4557.79Portugal36.5235.8935.25Senegal45.0544.0142.97South Korea64.4264.0863.69Thailand31.5131.8132.1United States33.2633.733.85
Calculate
Column
Column B
Column C
Column D
Column E
Column F
Column G
Operation
Add
Subtract
Multiply
Divide
Column
Column B
Column C
Column D
Column E
Column F
Column G
Run
Mean
Column
Column B
Column C
Column D
Column E
Column F
Column G
Run
Clear All
closeOK"
MAT/MA161-ForestedAreas,2,4,English,eng-CAN,"Forested Area  Practice
You are now going to practise using the spreadsheet before continuing on to the questions.
Use the spreadsheet to complete the following three actions.
Sort a column.
Click on the  symbol in Column B, C, or D to sort that column in ascending (low to high) order.
Note that all the columns will sort based on the way any one column is sorted.
Perform a calculation.
Select a column from the first drop-down menu located below the spreadsheet.
Next, select an operation from the middle drop-down menu.
Then select a column from the last drop-down menu.
Click on “Run.”
The results will display in the first available empty column.
Display the mean (average) of a column.
Select a column from the drop-down menu next to “Mean,” located below the spreadsheet.
Click on “Run.”
The result will display in the cell below that column.
Click on  to continue."
MAT/MA161-ForestedAreas,2,5,English,eng-CAN,"C
(
)
x2
yx
√x
1/x
π
÷
7
8
9
x
4
5
6
–
1
2
3
+
0
.
+/-
="
MAT/MA161-ForestedAreas,3,1,English,eng-CAN,Calculatorclose
MAT/MA161-ForestedAreas,3,2,English,eng-CAN,PISA
MAT/MA161-ForestedAreas,3,3,English,eng-CAN,"FORESTED AREA
The spreadsheet below shows the amount of forested area as a percentage of the total land area in each of the 15 countries in this data set. Data are shown for the years 2005, 2010, and 2015.
Column A ▾
Column B
Column C
Column D
Column E
Column F
Column G
Country
2005
2010
2015
Algeria0.640.810.82Armenia11.7711.7411.77Colombia54.2652.8552.73Germany32.6632.7332.76Greece29.1130.2831.45India22.7723.4723.77Kazakhstan1.241.231.23Lebanon13.3413.3813.42Panama64.3363.2162.11Peru59.0158.4557.79Portugal36.5235.8935.25Senegal45.0544.0142.97South Korea64.4264.0863.69Thailand31.5131.8132.1United States33.2633.733.85
Calculate
Column
Column B
Column C
Column D
Column E
Column F
Column G
Operation
Add
Subtract
Multiply
Divide
Column
Column B
Column C
Column D
Column E
Column F
Column G
Run
Mean
Column
Column B
Column C
Column D
Column E
Column F
Column G
Run
Clear All
closeOK"
MAT/MA161-ForestedAreas,3,4,English,eng-CAN,"Forested Area  Instruction
Instructions for how to use the spreadsheet are available in each question.
They are located in a menu called “How to Use the Spreadsheet” that can be opened and closed.
Click on the bar below to open the instructions. Click on the bar again to close the instructions.
How to Use the Spreadsheet
Click on  to sort a column in ascending (low to high) order.  Click on the icon again to sort the column in descending (high to low) order.
To perform calculations:
Select a column from the first drop-down menu.
Select an operation from the middle drop-down menu.
Select a column from the last drop-down menu.
Click on “Run.”
The results will display in the first available empty column.
To display the mean (average) of a column, select a column from the drop-down menu and click on “Run.” The result will display in the cell below that column.
To undo an action in a column, click on .
To clear a column, click on .
To completely clear the spreadsheet, click on “Clear All.”
Click on  to continue."
MAT/MA161-ForestedAreas,3,5,English,eng-CAN,"C
(
)
x2
yx
√x
1/x
π
÷
7
8
9
x
4
5
6
–
1
2
3
+
0
.
+/-
="
MAT/MA161-ForestedAreas,4,1,English,eng-CAN,Calculatorclose
MAT/MA161-ForestedAreas,4,2,English,eng-CAN,PISA
MAT/MA161-ForestedAreas,4,3,English,eng-CAN,"FORESTED AREA
The spreadsheet below shows the amount of forested area as a percentage of the total land area in each of the 15 countries in this data set. Data are shown for the years 2005, 2010, and 2015.
Column A ▾
Column B
Column C
Column D
Column E
Column F
Column G
Country
2005
2010
2015
Algeria0.640.810.82Armenia11.7711.7411.77Colombia54.2652.8552.73Germany32.6632.7332.76Greece29.1130.2831.45India22.7723.4723.77Kazakhstan1.241.231.23Lebanon13.3413.3813.42Panama64.3363.2162.11Peru59.0158.4557.79Portugal36.5235.8935.25Senegal45.0544.0142.97South Korea64.4264.0863.69Thailand31.5131.8132.1United States33.2633.733.85
Calculate
Column
Column B
Column C
Column D
Column E
Column F
Column G
Operation
Add
Subtract
Multiply
Divide
Column
Column B
Column C
Column D
Column E
Column F
Column G
Run
Mean
Column
Column B
Column C
Column D
Column E
Column F
Column G
Run
Clear All
closeOK"
MAT/MA161-ForestedAreas,4,4,English,eng-CAN,"Forested Area  Question 1 / 4
How to Use the Spreadsheet
Click on  to sort a column in ascending (low to high) order.  Click on the icon again to sort the column in descending (high to low) order.
To perform calculations:
Select a column from the first drop-down menu.
Select an operation from the middle drop-down menu.
Select a column from the last drop-down menu.
Click on “Run.”
The results will display in the first available empty column.
To display the mean (average) of a column, select a column from the drop-down menu and click on “Run.” The result will display in the cell below that column.
To undo an action in a column, click on .
To clear a column, click on .
To completely clear the spreadsheet, click on “Clear All.”
Refer to “Forested Area” on the right. Use the spreadsheet to help you answer the question below. Select from the drop-down menus to answer each question.
In the table below, answer each question by selecting a country from the corresponding drop-down menu.
Question
Country
In terms of percentage points, which country had the greatest gain between 2005 and 2015?
SelectAlgeriaArmeniaColombiaGermanyGreeceIndiaKazakhstanLebanonPanamaPeruPortugalSenegalSouth KoreaThailandUnited States
Which country had no overall change between 2005 and 2015?
SelectAlgeriaArmeniaColombiaGermanyGreeceIndiaKazakhstanLebanonPanamaPeruPortugalSenegalSouth KoreaThailandUnited States
In terms of percentage points, which country had the greatest loss between 2005 and 2015?
SelectAlgeriaArmeniaColombiaGermanyGreeceIndiaKazakhstanLebanonPanamaPeruPortugalSenegalSouth KoreaThailandUnited States"
MAT/MA161-ForestedAreas,4,5,English,eng-CAN,"C
(
)
x2
yx
√x
1/x
π
÷
7
8
9
x
4
5
6
–
1
2
3
+
0
.
+/-
="
MAT/MA161-ForestedAreas,5,1,English,eng-CAN,Calculatorclose
MAT/MA161-ForestedAreas,5,2,English,eng-CAN,PISA
MAT/MA161-ForestedAreas,5,3,English,eng-CAN,"FORESTED AREA
The spreadsheet below shows the amount of forested area as a percentage of the total land area in each of the 15 countries in this data set. Data are shown for the years 2005, 2010, and 2015.
Column A ▾
Column B
Column C
Column D
Column E
Column F
Column G
Country
2005
2010
2015
Algeria0.640.810.82Armenia11.7711.7411.77Colombia54.2652.8552.73Germany32.6632.7332.76Greece29.1130.2831.45India22.7723.4723.77Kazakhstan1.241.231.23Lebanon13.3413.3813.42Panama64.3363.2162.11Peru59.0158.4557.79Portugal36.5235.8935.25Senegal45.0544.0142.97South Korea64.4264.0863.69Thailand31.5131.8132.1United States33.2633.733.85
Calculate
Column
Column B
Column C
Column D
Column E
Column F
Column G
Operation
Add
Subtract
Multiply
Divide
Column
Column B
Column C
Column D
Column E
Column F
Column G
Run
Mean
Column
Column B
Column C
Column D
Column E
Column F
Column G
Run
Clear All
closeOK"
MAT/MA161-ForestedAreas,5,4,English,eng-CAN,"Forested Area  Question 2 / 4
How to Use the Spreadsheet
Click on  to sort a column in ascending (low to high) order.  Click on the icon again to sort the column in descending (high to low) order.
To perform calculations:
Select a column from the first drop-down menu.
Select an operation from the middle drop-down menu.
Select a column from the last drop-down menu.
Click on “Run.”
The results will display in the first available empty column.
To display the mean (average) of a column, select a column from the drop-down menu and click on “Run.” The result will display in the cell below that column.
To undo an action in a column, click on .
To clear a column, click on .
To completely clear the spreadsheet, click on “Clear All.”
Refer to “Forested Area” on the right. Use the spreadsheet to help you answer the question below. Click on a choice to answer the question.
Consider the two time periods: 2005 to 2010 and 2010 to 2015.
Which one of the following statements correctly describes the mean change in the percentage of forested area for both time periods?
The mean change was positive for both time periods.
The mean change was negative for both time periods.
The mean change was the same for both time periods.
The mean change was positive for one time period, and negative for the other time period."
MAT/MA161-ForestedAreas,5,5,English,eng-CAN,"C
(
)
x2
yx
√x
1/x
π
÷
7
8
9
x
4
5
6
–
1
2
3
+
0
.
+/-
="
MAT/MA161-ForestedAreas,6,1,English,eng-CAN,Calculatorclose
MAT/MA161-ForestedAreas,6,2,English,eng-CAN,PISA
MAT/MA161-ForestedAreas,6,3,English,eng-CAN,"FORESTED AREA
The spreadsheet below shows the amount of forested area as a percentage of the total land area in each of the 15 countries in this data set. Data are shown for the years 2005, 2010, and 2015.
Column A ▾
Column B
Column C
Column D
Column E
Column F
Column G
Country
2005
2010
2015
Algeria0.640.810.82Armenia11.7711.7411.77Colombia54.2652.8552.73Germany32.6632.7332.76Greece29.1130.2831.45India22.7723.4723.77Kazakhstan1.241.231.23Lebanon13.3413.3813.42Panama64.3363.2162.11Peru59.0158.4557.79Portugal36.5235.8935.25Senegal45.0544.0142.97South Korea64.4264.0863.69Thailand31.5131.8132.1United States33.2633.733.85
Calculate
Column
Column B
Column C
Column D
Column E
Column F
Column G
Operation
Add
Subtract
Multiply
Divide
Column
Column B
Column C
Column D
Column E
Column F
Column G
Run
Mean
Column
Column B
Column C
Column D
Column E
Column F
Column G
Run
Clear All
closeOK"
MAT/MA161-ForestedAreas,6,4,English,eng-CAN,"Forested Area  Question 3 / 4
How to Use the Spreadsheet
Click on  to sort a column in ascending (low to high) order.  Click on the icon again to sort the column in descending (high to low) order.
To perform calculations:
Select a column from the first drop-down menu.
Select an operation from the middle drop-down menu.
Select a column from the last drop-down menu.
Click on “Run.”
The results will display in the first available empty column.
To display the mean (average) of a column, select a column from the drop-down menu and click on “Run.” The result will display in the cell below that column.
To undo an action in a column, click on .
To clear a column, click on .
To completely clear the spreadsheet, click on “Clear All.”
Refer to “Forested Area” on the right. Use the spreadsheet to help you answer the question below. Select from the drop-down menus to answer the question.
Consider the two time periods: 2005 to 2010 and 2010 to 2015.
In terms of percentage points, which two countries had the biggest change in the percent of forested area from one time period to the other time period?
Answers:
SelectAlgeriaArmeniaColombiaGermanyGreeceIndiaKazakhstanLebanonPanamaPeruPortugalSenegalSouth KoreaThailandUnited States
and
SelectAlgeriaArmeniaColombiaGermanyGreeceIndiaKazakhstanLebanonPanamaPeruPortugalSenegalSouth KoreaThailandUnited States"
MAT/MA161-ForestedAreas,6,5,English,eng-CAN,"C
(
)
x2
yx
√x
1/x
π
÷
7
8
9
x
4
5
6
–
1
2
3
+
0
.
+/-
="
MAT/MA161-ForestedAreas,7,1,English,eng-CAN,Calculatorclose
MAT/MA161-ForestedAreas,7,2,English,eng-CAN,PISA
MAT/MA161-ForestedAreas,7,3,English,eng-CAN,"FORESTED AREA
The spreadsheet below shows the amount of forested area as a percentage of the total land area in each of the 15 countries in this data set. Data are shown for the years 2005, 2010, and 2015.
Column A ▾
Column B
Column C
Column D
Column E
Column F
Column G
Country
2005
2010
2015
Algeria0.640.810.82Armenia11.7711.7411.77Colombia54.2652.8552.73Germany32.6632.7332.76Greece29.1130.2831.45India22.7723.4723.77Kazakhstan1.241.231.23Lebanon13.3413.3813.42Panama64.3363.2162.11Peru59.0158.4557.79Portugal36.5235.8935.25Senegal45.0544.0142.97South Korea64.4264.0863.69Thailand31.5131.8132.1United States33.2633.733.85
Calculate
Column
Column B
Column C
Column D
Column E
Column F
Column G
Operation
Add
Subtract
Multiply
Divide
Column
Column B
Column C
Column D
Column E
Column F
Column G
Run
Mean
Column
Column B
Column C
Column D
Column E
Column F
Column G
Run
Clear All
closeOK"
MAT/MA161-ForestedAreas,7,4,English,eng-CAN,"Forested Area  Question 4 / 4
How to Use the Spreadsheet
Click on  to sort a column in ascending (low to high) order.  Click on the icon again to sort the column in descending (high to low) order.
To perform calculations:
Select a column from the first drop-down menu.
Select an operation from the middle drop-down menu.
Select a column from the last drop-down menu.
Click on “Run.”
The results will display in the first available empty column.
To display the mean (average) of a column, select a column from the drop-down menu and click on “Run.” The result will display in the cell below that column.
To undo an action in a column, click on .
To clear a column, click on .
To completely clear the spreadsheet, click on “Clear All.”
Refer to “Forested Area” on the right. Use the spreadsheet to help you answer the question below. Click on a choice and then type an explanation to answer the question.
Helena claims that South Korea has more forested area than any other country in this list for the years shown.
Is her claim supported by the data in the spreadsheet?
Yes
No
Explain your answer."
MAT/MA161-ForestedAreas,7,5,English,eng-CAN,"C
(
)
x2
yx
√x
1/x
π
÷
7
8
9
x
4
5
6
–
1
2
3
+
0
.
+/-
="
MAT/MA161-ForestedAreas,1,1,Estonian,est-EST,Kalkulaatorclose
MAT/MA161-ForestedAreas,1,2,Estonian,est-EST,PISA
MAT/MA161-ForestedAreas,1,3,Estonian,est-EST,"Metsaga kaetud pind  Sissejuhatus
Loe läbi sissejuhatus. Seejärel klõpsa noolt EDASI.
METSAGA KAETUD PIND
Selles üksuses vastad arvutustabeli abil küsimustele, mis on seotud järgmise olukorraga.
Mets on ökosüsteem, kus leidub mitmekesine valik puid, taimi ja loomi.
Metsaga kaetud pinna suurus võib riigis aja jooksul muutuda.
Järgmisel ekraanil harjutad arvutustabeli kasutamist."
MAT/MA161-ForestedAreas,1,4,Estonian,est-EST,"C
(
)
x2
yx
√x
1/x
π
/
7
8
9
*
4
5
6
–
1
2
3
+
0
,
+/-
="
MAT/MA161-ForestedAreas,2,1,Estonian,est-EST,Kalkulaatorclose
MAT/MA161-ForestedAreas,2,2,Estonian,est-EST,PISA
MAT/MA161-ForestedAreas,2,3,Estonian,est-EST,"METSAGA KAETUD PIND
Järgmises arvutustabelis on näidatud metsaga kaetud pinna suurus protsentides kogu maismaapindalast 15 riigi puhul. Andmed on esitatud aastate 2005, 2010 ja 2015 kohta.
Veerg A ▾
Veerg B
Veerg C
Veerg D
Veerg E
Veerg F
Veerg G
Riik
2005
2010
2015
Alžeeria0,640,810,82Ameerika Ühendriigid33,2633,733,85Armeenia11,7711,7411,77Colombia54,2652,8552,73India22,7723,4723,77Kasahstan1,241,231,23Kreeka29,1130,2831,45Liibanon13,3413,3813,42Lõuna-Korea64,4264,0863,69Panama64,3363,2162,11Peruu59,0158,4557,79Portugal36,5235,8935,25Saksamaa32,6632,7332,76Senegal45,0544,0142,97Tai31,5131,8132,1
Arvuta
Veerg
Veerg B
Veerg C
Veerg D
Veerg E
Veerg F
Veerg G
Tehe
Liida
Lahuta
Korruta
Jaga
Veerg
Veerg B
Veerg C
Veerg D
Veerg E
Veerg F
Veerg G
Käivita
Keskmine
Veerg
Veerg B
Veerg C
Veerg D
Veerg E
Veerg F
Veerg G
Käivita
Tühjenda kõik
closeOK"
MAT/MA161-ForestedAreas,2,4,Estonian,est-EST,"Metsaga kaetud pind  Harjutamine
Kõigepealt harjutad enne küsimuste juurde asumist arvutustabeli kasutamist.
Soorita arvutustabeli abil järgmised kolm tegevust.
Sordi veerg.
Klõpsa veerus B, C või D sümbolit , et sortida see veerg kasvavasse (madalast kõrgeni) järjestusse.
Pane tähele, et kõik veerud sorditakse vastavalt sellele, kuidas kõik ülejäänud veerud on sorditud.
Soorita arvutus.
Vali esimesest arvutustabeli all asuvast rippmenüüst üks veerg.
Edasi vali keskmisest rippmenüüst tehe.
Seejärel vali viimasest rippmenüüst üks veerg.
Klõpsa nuppu „Käivita”.
Tulemused kuvatakse esimeses vabas tühjas veerus.
Kuva veeru keskmine
Vali arvutustabeli all sõna „Keskmine” kõrval olevast rippmenüüst üks veerg.
Klõpsa nuppu „Käivita”.
Tulemus kuvatakse veeru all olevas lahtris.
Jätkamiseks klõpsa nuppu ."
MAT/MA161-ForestedAreas,2,5,Estonian,est-EST,"C
(
)
x2
yx
√x
1/x
π
/
7
8
9
*
4
5
6
–
1
2
3
+
0
,
+/-
="
MAT/MA161-ForestedAreas,3,1,Estonian,est-EST,Kalkulaatorclose
MAT/MA161-ForestedAreas,3,2,Estonian,est-EST,PISA
MAT/MA161-ForestedAreas,3,3,Estonian,est-EST,"METSAGA KAETUD PIND
Järgmises arvutustabelis on näidatud metsaga kaetud pinna suurus protsentides kogu maismaapindalast 15 riigi puhul. Andmed on esitatud aastate 2005, 2010 ja 2015 kohta.
Veerg A ▾
Veerg B
Veerg C
Veerg D
Veerg E
Veerg F
Veerg G
Riik
2005
2010
2015
Alžeeria0,640,810,82Ameerika Ühendriigid33,2633,733,85Armeenia11,7711,7411,77Colombia54,2652,8552,73India22,7723,4723,77Kasahstan1,241,231,23Kreeka29,1130,2831,45Liibanon13,3413,3813,42Lõuna-Korea64,4264,0863,69Panama64,3363,2162,11Peruu59,0158,4557,79Portugal36,5235,8935,25Saksamaa32,6632,7332,76Senegal45,0544,0142,97Tai31,5131,8132,1
Arvuta
Veerg
Veerg B
Veerg C
Veerg D
Veerg E
Veerg F
Veerg G
Tehe
Liida
Lahuta
Korruta
Jaga
Veerg
Veerg B
Veerg C
Veerg D
Veerg E
Veerg F
Veerg G
Käivita
Keskmine
Veerg
Veerg B
Veerg C
Veerg D
Veerg E
Veerg F
Veerg G
Käivita
Tühjenda kõik
closeOK"
MAT/MA161-ForestedAreas,3,4,Estonian,est-EST,"Metsaga kaetud pind  Juhised
Arvutustabeli kasutamise juhised on kättesaadavad iga küsimuse juures.
Juhised asuvad menüüs „Kuidas arvutustabelit kasutada”, mida saab avada ja sulgeda.
Juhiste avamiseks klõpsa allolevat riba. Juhiste sulgemiseks klõpsa riba uuesti.
Kuidas arvutustabelit kasutada
Veeru sortimiseks kasvavasse järjekorda (vähimast suurimani) klõpsa nuppu .  Veeru sortimiseks kahanevasse järjekorda (suurimast vähimani) klõpsa nuppu uuesti.
Arvutuste sooritamiseks:
vali esimesest rippmenüüst veerg;
vali keskmisest rippmenüüst tehe;
vali viimasest rippmenüüst veerg;
klõpsa nuppu „Käivita”.
Tulemused kuvatakse esimeses vabas tühjas veerus.
Veeru keskmise kuvamiseks vali rippmenüüst veerg ning klõpsa nuppu „Käivita”. Tulemus kuvatakse veeru all olevas lahtris.
Veeruga sooritatud tegevuse tagasivõtmiseks klõpsa nuppu .
Veeru tühjendamiseks klõpsa nuppu .
Arvutustabeli täielikuks tühjendamiseks klõpsa nuppu „Tühjenda kõik”.
Jätkamiseks klõpsa nuppu ."
MAT/MA161-ForestedAreas,3,5,Estonian,est-EST,"C
(
)
x2
yx
√x
1/x
π
/
7
8
9
*
4
5
6
–
1
2
3
+
0
,
+/-
="
MAT/MA161-ForestedAreas,4,1,Estonian,est-EST,Kalkulaatorclose
MAT/MA161-ForestedAreas,4,2,Estonian,est-EST,PISA
MAT/MA161-ForestedAreas,4,3,Estonian,est-EST,"METSAGA KAETUD PIND
Järgmises arvutustabelis on näidatud metsaga kaetud pinna suurus protsentides kogu maismaapindalast 15 riigi puhul. Andmed on esitatud aastate 2005, 2010 ja 2015 kohta.
Veerg A ▾
Veerg B
Veerg C
Veerg D
Veerg E
Veerg F
Veerg G
Riik
2005
2010
2015
Alžeeria0,640,810,82Ameerika Ühendriigid33,2633,733,85Armeenia11,7711,7411,77Colombia54,2652,8552,73India22,7723,4723,77Kasahstan1,241,231,23Kreeka29,1130,2831,45Liibanon13,3413,3813,42Lõuna-Korea64,4264,0863,69Panama64,3363,2162,11Peruu59,0158,4557,79Portugal36,5235,8935,25Saksamaa32,6632,7332,76Senegal45,0544,0142,97Tai31,5131,8132,1
Arvuta
Veerg
Veerg B
Veerg C
Veerg D
Veerg E
Veerg F
Veerg G
Tehe
Liida
Lahuta
Korruta
Jaga
Veerg
Veerg B
Veerg C
Veerg D
Veerg E
Veerg F
Veerg G
Käivita
Keskmine
Veerg
Veerg B
Veerg C
Veerg D
Veerg E
Veerg F
Veerg G
Käivita
Tühjenda kõik
closeOK"
MAT/MA161-ForestedAreas,4,4,Estonian,est-EST,"Metsaga kaetud pind  Küsimus 1 / 4
Kuidas arvutustabelit kasutada
Veeru sortimiseks kasvavasse järjekorda (vähimast suurimani) klõpsa nuppu .  Veeru sortimiseks kahanevasse järjekorda (suurimast vähimani) klõpsa nuppu uuesti.
Arvutuste sooritamiseks:
vali esimesest rippmenüüst veerg;
vali keskmisest rippmenüüst tehe;
vali viimasest rippmenüüst veerg;
klõpsa nuppu „Käivita”.
Tulemused kuvatakse esimeses vabas tühjas veerus.
Veeru keskmise kuvamiseks vali rippmenüüst veerg ning klõpsa nuppu „Käivita”. Tulemus kuvatakse veeru all olevas lahtris.
Veeruga sooritatud tegevuse tagasivõtmiseks klõpsa nuppu .
Veeru tühjendamiseks klõpsa nuppu .
Arvutustabeli täielikuks tühjendamiseks klõpsa nuppu „Tühjenda kõik”.
Toetu materjalile „Metsaga kaetud pind” paremal. Alltoodud küsimusele vastamiseks kasuta arvutustabeli abi. Igale küsimusele vastamiseks vali rippmenüüdest vastused.
Vasta järgmises tabelis igale küsimusele, valides vastavast rippmenüüst ühe riigi.
Küsimus
Riik
Millises riigis toimus ajavahemikus 2005 kuni 2015 kõige suurem juurdekasv, väljendatuna protsendipunktides?
ValiAlžeeriaAmeerika ÜhendriigidArmeeniaColombiaIndiaKasahstanKreekaLiibanonLõuna-KoreaPanamaPeruuPortugalSaksamaaSenegalTai
Millises riigis ei toimunud ajavahemikus 2005 kuni 2015 kokkuvõttes muutust?
ValiAlžeeriaAmeerika ÜhendriigidArmeeniaColombiaIndiaKasahstanKreekaLiibanonLõuna-KoreaPanamaPeruuPortugalSaksamaaSenegalTai
Millises riigis toimus ajavahemikus 2005 kuni 2015 kõige suurem kahanemine, väljendatuna protsendipunktides?
ValiAlžeeriaAmeerika ÜhendriigidArmeeniaColombiaIndiaKasahstanKreekaLiibanonLõuna-KoreaPanamaPeruuPortugalSaksamaaSenegalTai"
MAT/MA161-ForestedAreas,4,5,Estonian,est-EST,"C
(
)
x2
yx
√x
1/x
π
/
7
8
9
*
4
5
6
–
1
2
3
+
0
,
+/-
="
MAT/MA161-ForestedAreas,5,1,Estonian,est-EST,Kalkulaatorclose
MAT/MA161-ForestedAreas,5,2,Estonian,est-EST,PISA
MAT/MA161-ForestedAreas,5,3,Estonian,est-EST,"METSAGA KAETUD PIND
Järgmises arvutustabelis on näidatud metsaga kaetud pinna suurus protsentides kogu maismaapindalast 15 riigi puhul. Andmed on esitatud aastate 2005, 2010 ja 2015 kohta.
Veerg A ▾
Veerg B
Veerg C
Veerg D
Veerg E
Veerg F
Veerg G
Riik
2005
2010
2015
Alžeeria0,640,810,82Ameerika Ühendriigid33,2633,733,85Armeenia11,7711,7411,77Colombia54,2652,8552,73India22,7723,4723,77Kasahstan1,241,231,23Kreeka29,1130,2831,45Liibanon13,3413,3813,42Lõuna-Korea64,4264,0863,69Panama64,3363,2162,11Peruu59,0158,4557,79Portugal36,5235,8935,25Saksamaa32,6632,7332,76Senegal45,0544,0142,97Tai31,5131,8132,1
Arvuta
Veerg
Veerg B
Veerg C
Veerg D
Veerg E
Veerg F
Veerg G
Tehe
Liida
Lahuta
Korruta
Jaga
Veerg
Veerg B
Veerg C
Veerg D
Veerg E
Veerg F
Veerg G
Käivita
Keskmine
Veerg
Veerg B
Veerg C
Veerg D
Veerg E
Veerg F
Veerg G
Käivita
Tühjenda kõik
closeOK"
MAT/MA161-ForestedAreas,5,4,Estonian,est-EST,"Metsaga kaetud pind  Küsimus 2 / 4
Kuidas arvutustabelit kasutada
Veeru sortimiseks kasvavasse järjekorda (vähimast suurimani) klõpsa nuppu .  Veeru sortimiseks kahanevasse järjekorda (suurimast vähimani) klõpsa nuppu uuesti.
Arvutuste sooritamiseks:
vali esimesest rippmenüüst veerg;
vali keskmisest rippmenüüst tehe;
vali viimasest rippmenüüst veerg;
klõpsa nuppu „Käivita”.
Tulemused kuvatakse esimeses vabas tühjas veerus.
Veeru keskmise kuvamiseks vali rippmenüüst veerg ning klõpsa nuppu „Käivita”. Tulemus kuvatakse veeru all olevas lahtris.
Veeruga sooritatud tegevuse tagasivõtmiseks klõpsa nuppu .
Veeru tühjendamiseks klõpsa nuppu .
Arvutustabeli täielikuks tühjendamiseks klõpsa nuppu „Tühjenda kõik”.
Toetu materjalile „Metsaga kaetud pind” paremal. Alltoodud küsimusele vastamiseks kasuta arvutustabeli abi. Küsimusele vastamiseks klõpsa ühte vastusevarianti.
Vaatleme kahte ajavahemikku, 2005 kuni 2010 ja 2010 kuni 2015.
Milline järgmistest väidetest kirjeldab õigesti metsaga kaetud pinna protsendi keskmist muutust kummaski ajavahemikus?
Keskmine muutus oli kummaski ajavahemikus positiivne.
Keskmine muutus oli kummaski ajavahemikus negatiivne.
Keskmine muutus oli kummaski ajavahemikus sama.
Keskmine muutus oli ühes ajavahemikus positiivne ja teises ajavahemikus negatiivne."
MAT/MA161-ForestedAreas,5,5,Estonian,est-EST,"C
(
)
x2
yx
√x
1/x
π
/
7
8
9
*
4
5
6
–
1
2
3
+
0
,
+/-
="
MAT/MA161-ForestedAreas,6,1,Estonian,est-EST,Kalkulaatorclose
MAT/MA161-ForestedAreas,6,2,Estonian,est-EST,PISA
MAT/MA161-ForestedAreas,6,3,Estonian,est-EST,"METSAGA KAETUD PIND
Järgmises arvutustabelis on näidatud metsaga kaetud pinna suurus protsentides kogu maismaapindalast 15 riigi puhul. Andmed on esitatud aastate 2005, 2010 ja 2015 kohta.
Veerg A ▾
Veerg B
Veerg C
Veerg D
Veerg E
Veerg F
Veerg G
Riik
2005
2010
2015
Alžeeria0,640,810,82Ameerika Ühendriigid33,2633,733,85Armeenia11,7711,7411,77Colombia54,2652,8552,73India22,7723,4723,77Kasahstan1,241,231,23Kreeka29,1130,2831,45Liibanon13,3413,3813,42Lõuna-Korea64,4264,0863,69Panama64,3363,2162,11Peruu59,0158,4557,79Portugal36,5235,8935,25Saksamaa32,6632,7332,76Senegal45,0544,0142,97Tai31,5131,8132,1
Arvuta
Veerg
Veerg B
Veerg C
Veerg D
Veerg E
Veerg F
Veerg G
Tehe
Liida
Lahuta
Korruta
Jaga
Veerg
Veerg B
Veerg C
Veerg D
Veerg E
Veerg F
Veerg G
Käivita
Keskmine
Veerg
Veerg B
Veerg C
Veerg D
Veerg E
Veerg F
Veerg G
Käivita
Tühjenda kõik
closeOK"
MAT/MA161-ForestedAreas,6,4,Estonian,est-EST,"Metsaga kaetud pind  Küsimus 3 / 4
Kuidas arvutustabelit kasutada
Veeru sortimiseks kasvavasse järjekorda (vähimast suurimani) klõpsa nuppu .  Veeru sortimiseks kahanevasse järjekorda (suurimast vähimani) klõpsa nuppu uuesti.
Arvutuste sooritamiseks:
vali esimesest rippmenüüst veerg;
vali keskmisest rippmenüüst tehe;
vali viimasest rippmenüüst veerg;
klõpsa nuppu „Käivita”.
Tulemused kuvatakse esimeses vabas tühjas veerus.
Veeru keskmise kuvamiseks vali rippmenüüst veerg ning klõpsa nuppu „Käivita”. Tulemus kuvatakse veeru all olevas lahtris.
Veeruga sooritatud tegevuse tagasivõtmiseks klõpsa nuppu .
Veeru tühjendamiseks klõpsa nuppu .
Arvutustabeli täielikuks tühjendamiseks klõpsa nuppu „Tühjenda kõik”.
Toetu materjalile „Metsaga kaetud pind” paremal. Alltoodud küsimusele vastamiseks kasuta arvutustabeli abi. Küsimusele vastamiseks vali rippmenüüdest vastused.
Vaatleme kahte ajavahemikku, 2005 kuni 2010 ja 2010 kuni 2015.
Millises kahes riigis toimus metsaga kaetud pinna protsendis suurim muutus, väljendatuna protsendipunktides, üleminekul ühest ajavahemikust järgmisse ajavahemikku?
Vastused:
ValiAlžeeriaAmeerika ÜhendriigidArmeeniaColombiaIndiaKasahstanKreekaLiibanonLõuna-KoreaPanamaPeruuPortugalSaksamaaSenegalTai
ja
ValiAlžeeriaAmeerika ÜhendriigidArmeeniaColombiaIndiaKasahstanKreekaLiibanonLõuna-KoreaPanamaPeruuPortugalSaksamaaSenegalTai"
MAT/MA161-ForestedAreas,6,5,Estonian,est-EST,"C
(
)
x2
yx
√x
1/x
π
/
7
8
9
*
4
5
6
–
1
2
3
+
0
,
+/-
="
MAT/MA161-ForestedAreas,7,1,Estonian,est-EST,Kalkulaatorclose
MAT/MA161-ForestedAreas,7,2,Estonian,est-EST,PISA
MAT/MA161-ForestedAreas,7,3,Estonian,est-EST,"METSAGA KAETUD PIND
Järgmises arvutustabelis on näidatud metsaga kaetud pinna suurus protsentides kogu maismaapindalast 15 riigi puhul. Andmed on esitatud aastate 2005, 2010 ja 2015 kohta.
Veerg A ▾
Veerg B
Veerg C
Veerg D
Veerg E
Veerg F
Veerg G
Riik
2005
2010
2015
Alžeeria0,640,810,82Ameerika Ühendriigid33,2633,733,85Armeenia11,7711,7411,77Colombia54,2652,8552,73India22,7723,4723,77Kasahstan1,241,231,23Kreeka29,1130,2831,45Liibanon13,3413,3813,42Lõuna-Korea64,4264,0863,69Panama64,3363,2162,11Peruu59,0158,4557,79Portugal36,5235,8935,25Saksamaa32,6632,7332,76Senegal45,0544,0142,97Tai31,5131,8132,1
Arvuta
Veerg
Veerg B
Veerg C
Veerg D
Veerg E
Veerg F
Veerg G
Tehe
Liida
Lahuta
Korruta
Jaga
Veerg
Veerg B
Veerg C
Veerg D
Veerg E
Veerg F
Veerg G
Käivita
Keskmine
Veerg
Veerg B
Veerg C
Veerg D
Veerg E
Veerg F
Veerg G
Käivita
Tühjenda kõik
closeOK"
MAT/MA161-ForestedAreas,7,4,Estonian,est-EST,"Metsaga kaetud pind  Küsimus 4 / 4
Kuidas arvutustabelit kasutada
Veeru sortimiseks kasvavasse järjekorda (vähimast suurimani) klõpsa nuppu .  Veeru sortimiseks kahanevasse järjekorda (suurimast vähimani) klõpsa nuppu uuesti.
Arvutuste sooritamiseks:
vali esimesest rippmenüüst veerg;
vali keskmisest rippmenüüst tehe;
vali viimasest rippmenüüst veerg;
klõpsa nuppu „Käivita”.
Tulemused kuvatakse esimeses vabas tühjas veerus.
Veeru keskmise kuvamiseks vali rippmenüüst veerg ning klõpsa nuppu „Käivita”. Tulemus kuvatakse veeru all olevas lahtris.
Veeruga sooritatud tegevuse tagasivõtmiseks klõpsa nuppu .
Veeru tühjendamiseks klõpsa nuppu .
Arvutustabeli täielikuks tühjendamiseks klõpsa nuppu „Tühjenda kõik”.
Toetu materjalile „Metsaga kaetud pind” paremal. Alltoodud küsimusele vastamiseks kasuta arvutustabeli abi. Küsimusele vastamiseks klõpsa ühte varusevarianti ja seejärel kirjuta põhjendus.
Helena väidab, et Lõuna-Koreas on näidatud aastatel rohkem metsaga kaetud pinda kui üheski teises selle nimekirja riigis.
Kas arvutustabelis olevad andmed toetavad tema väidet?
Jah
Ei
Põhjenda vastust."
MAT/MA161-ForestedAreas,7,5,Estonian,est-EST,"C
(
)
x2
yx
√x
1/x
π
/
7
8
9
*
4
5
6
–
1
2
3
+
0
,
+/-
="
MAT/MA161-ForestedAreas,1,1,Finnish,fin-FIN,Laskinclose
MAT/MA161-ForestedAreas,1,2,Finnish,fin-FIN,PISA
MAT/MA161-ForestedAreas,1,3,Finnish,fin-FIN,"Metsäpinta-ala  Johdanto
Lue johdanto ja napsauta sitten SEURAAVA-nuolta.
METSÄPINTA-ALA
Tässä tehtäväkokonaisuudessa käytät laskentataulukkoa vastatessasi tehtäviin, jotka liittyvät seuraavaan tilanteeseen:
Metsä on ekosysteemi, jossa on erilaisia puita, kasveja ja eläimiä.
Maan metsäpinta-ala voi muuttua aikojen kuluessa.
Seuraavassa näytössä harjoitellaan laskentataulukon käyttöä."
MAT/MA161-ForestedAreas,1,4,Finnish,fin-FIN,"C
(
)
x2
yx
√x
1/x
π
÷
7
8
9
x
4
5
6
–
1
2
3
+
0
,
+/-
="
MAT/MA161-ForestedAreas,2,1,Finnish,fin-FIN,Laskinclose
MAT/MA161-ForestedAreas,2,2,Finnish,fin-FIN,PISA
MAT/MA161-ForestedAreas,2,3,Finnish,fin-FIN,"METSÄPINTA-ALA
Alla olevaan laskentataulukkoon on merkitty, kuinka monta prosenttia kunkin 15 maan kokonaispinta-alasta on metsäpinta-alaa. Tiedot on esitetty vuosilta 2005, 2010 ja 2015.
Sarake A ▾
Sarake B
Sarake C
Sarake D
Sarake E
Sarake F
Sarake G
Maa
2005
2010
2015
Algeria0,640,810,82Armenia11,7711,7411,77Etelä-Korea64,4264,0863,69Intia22,7723,4723,77Kazakstan1,241,231,23Kolumbia54,2652,8552,73Kreikka29,1130,2831,45Libanon13,3413,3813,42Panama64,3363,2162,11Peru59,0158,4557,79Portugali36,5235,8935,25Saksa32,6632,7332,76Senegal45,0544,0142,97Thaimaa31,5131,8132,1Yhdysvallat33,2633,733,85
Laske
Sarake
Sarake B
Sarake C
Sarake D
Sarake E
Sarake F
Sarake G
Toiminto
Lisää
Vähennä
Kerro
Jaa
Sarake
Sarake B
Sarake C
Sarake D
Sarake E
Sarake F
Sarake G
Suorita
Keskiarvo
Sarake
Sarake B
Sarake C
Sarake D
Sarake E
Sarake F
Sarake G
Suorita
Tyhjennä kaikki
closeOK"
MAT/MA161-ForestedAreas,2,4,Finnish,fin-FIN,"Metsäpinta-ala  Harjoitus
Harjoittelet nyt taulukkolaskentaohjelman käyttämistä ennen kuin siirryt tehtäviin.
Suorita laskentataulukkoa apuna käyttäen seuraavat kolme toimintoa.
Järjestä sarake.
Järjestä sarakkeen B, C tai D tiedot nousevaan järjestykseen (pienimmästä suurimpaan) napsauttamalla -symbolia.
Huomaa, että kaikki sarakkeet järjestyvät sen mukaan, miten yhden sarakkeen järjestystä muutetaan.
Suorita laskutoimitus
Valitse yksi sarake taulukon alla olevasta ensimmäisestä pudotusvalikosta.
Valitse seuraavaksi toiminto keskimmäisestä pudotusvalikosta.
Valitse sitten sarake viimeisestä pudotusvalikosta.
Napsauta ""Suorita""-painiketta.
Tulokset tulevat näkyviin ensimmäiseen käytettävissä olevaan tyhjään sarakkeeseen.
Näytä sarakkeen keskiarvo
Valitse sarake laskentataulukon alapuolelta, ""Keskiarvon"" vieressä olevasta pudotusvalikosta.
Napsauta ""Suorita""-painiketta.
Tulos tulee näkyviin kyseisen sarakkeen alapuolella olevaan soluun.
Jatka napsauttamalla -painiketta."
MAT/MA161-ForestedAreas,2,5,Finnish,fin-FIN,"C
(
)
x2
yx
√x
1/x
π
÷
7
8
9
x
4
5
6
–
1
2
3
+
0
,
+/-
="
MAT/MA161-ForestedAreas,3,1,Finnish,fin-FIN,Laskinclose
MAT/MA161-ForestedAreas,3,2,Finnish,fin-FIN,PISA
MAT/MA161-ForestedAreas,3,3,Finnish,fin-FIN,"METSÄPINTA-ALA
Alla olevaan laskentataulukkoon on merkitty, kuinka monta prosenttia kunkin 15 maan kokonaispinta-alasta on metsäpinta-alaa. Tiedot on esitetty vuosilta 2005, 2010 ja 2015.
Sarake A ▾
Sarake B
Sarake C
Sarake D
Sarake E
Sarake F
Sarake G
Maa
2005
2010
2015
Algeria0,640,810,82Armenia11,7711,7411,77Etelä-Korea64,4264,0863,69Intia22,7723,4723,77Kazakstan1,241,231,23Kolumbia54,2652,8552,73Kreikka29,1130,2831,45Libanon13,3413,3813,42Panama64,3363,2162,11Peru59,0158,4557,79Portugali36,5235,8935,25Saksa32,6632,7332,76Senegal45,0544,0142,97Thaimaa31,5131,8132,1Yhdysvallat33,2633,733,85
Laske
Sarake
Sarake B
Sarake C
Sarake D
Sarake E
Sarake F
Sarake G
Toiminto
Lisää
Vähennä
Kerro
Jaa
Sarake
Sarake B
Sarake C
Sarake D
Sarake E
Sarake F
Sarake G
Suorita
Keskiarvo
Sarake
Sarake B
Sarake C
Sarake D
Sarake E
Sarake F
Sarake G
Suorita
Tyhjennä kaikki
closeOK"
MAT/MA161-ForestedAreas,3,4,Finnish,fin-FIN,"Metsäpinta-ala  Ohjeet
Laskentataulukon käyttöohjeet ovat saatavilla jokaisessa tehtävässä.
Ne löytyvät valikosta nimeltä ""Miten laskentataulukkoa käytetään"", jonka voi avata ja sulkea.
Jos haluat avata käyttöohjeet, napsauta alla olevaa palkkia. Jos haluat sulkea käyttöohjeet, napsauta palkkia uudelleen.
Miten laskentataulukkoa käytetään
Napsauta , kun haluat järjestää sarakkeen tiedot nousevaan (pienimmästä suurimpaan) järjestykseen.  Napsauta kuvaketta uudelleen, kun haluat järjestää sarakkeen tiedot laskevaan (suurimmasta pienimpään) järjestykseen.
Laskutoimitusten suorittaminen:
Valitse sarake ensimmäisestä pudotusvalikosta.
Valitse toiminto keskimmäisestä pudotusvalikosta.
Valitse sarake viimeisestä pudotusvalikosta.
Napsauta ""Suorita""-painiketta.
Tulokset tulevat näkyviin ensimmäiseen käytettävissä olevaan tyhjään sarakkeeseen.
Saat sarakkeen keskiarvon näkyviin, kun valitset sarakkeen pudotusvalikosta ja napsautat ""Suorita""-painiketta. Tulos tulee näkyviin kyseisen sarakkeen alapuolella olevaan soluun.
Jos haluat perua toiminnon sarakkeessa, napsauta -painiketta.
Jos haluat tyhjentää sarakkeen, napsauta -painiketta.
Tyhjennä koko laskentataulukko napsauttamalla ""Tyhjennä kaikki"" -painiketta.
Jatka napsauttamalla -painiketta."
MAT/MA161-ForestedAreas,3,5,Finnish,fin-FIN,"C
(
)
x2
yx
√x
1/x
π
÷
7
8
9
x
4
5
6
–
1
2
3
+
0
,
+/-
="
MAT/MA161-ForestedAreas,4,1,Finnish,fin-FIN,Laskinclose
MAT/MA161-ForestedAreas,4,2,Finnish,fin-FIN,PISA
MAT/MA161-ForestedAreas,4,3,Finnish,fin-FIN,"METSÄPINTA-ALA
Alla olevaan laskentataulukkoon on merkitty, kuinka monta prosenttia kunkin 15 maan kokonaispinta-alasta on metsäpinta-alaa. Tiedot on esitetty vuosilta 2005, 2010 ja 2015.
Sarake A ▾
Sarake B
Sarake C
Sarake D
Sarake E
Sarake F
Sarake G
Maa
2005
2010
2015
Algeria0,640,810,82Armenia11,7711,7411,77Etelä-Korea64,4264,0863,69Intia22,7723,4723,77Kazakstan1,241,231,23Kolumbia54,2652,8552,73Kreikka29,1130,2831,45Libanon13,3413,3813,42Panama64,3363,2162,11Peru59,0158,4557,79Portugali36,5235,8935,25Saksa32,6632,7332,76Senegal45,0544,0142,97Thaimaa31,5131,8132,1Yhdysvallat33,2633,733,85
Laske
Sarake
Sarake B
Sarake C
Sarake D
Sarake E
Sarake F
Sarake G
Toiminto
Lisää
Vähennä
Kerro
Jaa
Sarake
Sarake B
Sarake C
Sarake D
Sarake E
Sarake F
Sarake G
Suorita
Keskiarvo
Sarake
Sarake B
Sarake C
Sarake D
Sarake E
Sarake F
Sarake G
Suorita
Tyhjennä kaikki
closeOK"
MAT/MA161-ForestedAreas,4,4,Finnish,fin-FIN,"Metsäpinta-ala  Tehtävä 1 / 4
Miten laskentataulukkoa käytetään
Napsauta , kun haluat järjestää sarakkeen tiedot nousevaan (pienimmästä suurimpaan) järjestykseen.  Napsauta kuvaketta uudelleen, kun haluat järjestää sarakkeen tiedot laskevaan (suurimmasta pienimpään) järjestykseen.
Laskutoimitusten suorittaminen:
Valitse sarake ensimmäisestä pudotusvalikosta.
Valitse toiminto keskimmäisestä pudotusvalikosta.
Valitse sarake viimeisestä pudotusvalikosta.
Napsauta ""Suorita""-painiketta.
Tulokset tulevat näkyviin ensimmäiseen käytettävissä olevaan tyhjään sarakkeeseen.
Saat sarakkeen keskiarvon näkyviin, kun valitset sarakkeen pudotusvalikosta ja napsautat ""Suorita""-painiketta. Tulos tulee näkyviin kyseisen sarakkeen alapuolella olevaan soluun.
Jos haluat perua toiminnon sarakkeessa, napsauta -painiketta.
Jos haluat tyhjentää sarakkeen, napsauta -painiketta.
Tyhjennä koko laskentataulukko napsauttamalla ""Tyhjennä kaikki"" -painiketta.
Tarkastele oikealla olevaa ""Metsäpinta-ala""-aineistoa. Vastaa alla olevaan tehtävään laskentataulukossa olevien tietojen pohjalta. Vastaa tehtävään valitsemalla pudotusvalikoista sopivat vaihtoehdot.
Vastaa alla olevan taulukon kysymyksiin valitsemalla maa kunkin kysymyksen kohdalla olevasta pudotusvalikosta.
Kysymys
Maa
Missä maassa kasvu oli prosenttiyksikköinä suurinta vuosien 2005 ja 2015 välillä?
ValitseAlgeriaArmeniaEtelä-KoreaIntiaKazakstanKolumbiaKreikkaLibanonPanamaPeruPortugaliSaksaSenegalThaimaaYhdysvallat
Minkä maan kokonaistilanne ei muuttunut vuosien 2005 ja 2015 välillä?
ValitseAlgeriaArmeniaEtelä-KoreaIntiaKazakstanKolumbiaKreikkaLibanonPanamaPeruPortugaliSaksaSenegalThaimaaYhdysvallat
Missä maassa väheneminen oli prosenttiyksikköinä suurinta vuosien 2005 ja 2015 välillä?
ValitseAlgeriaArmeniaEtelä-KoreaIntiaKazakstanKolumbiaKreikkaLibanonPanamaPeruPortugaliSaksaSenegalThaimaaYhdysvallat"
MAT/MA161-ForestedAreas,4,5,Finnish,fin-FIN,"C
(
)
x2
yx
√x
1/x
π
÷
7
8
9
x
4
5
6
–
1
2
3
+
0
,
+/-
="
MAT/MA161-ForestedAreas,5,1,Finnish,fin-FIN,Laskinclose
MAT/MA161-ForestedAreas,5,2,Finnish,fin-FIN,PISA
MAT/MA161-ForestedAreas,5,3,Finnish,fin-FIN,"METSÄPINTA-ALA
Alla olevaan laskentataulukkoon on merkitty, kuinka monta prosenttia kunkin 15 maan kokonaispinta-alasta on metsäpinta-alaa. Tiedot on esitetty vuosilta 2005, 2010 ja 2015.
Sarake A ▾
Sarake B
Sarake C
Sarake D
Sarake E
Sarake F
Sarake G
Maa
2005
2010
2015
Algeria0,640,810,82Armenia11,7711,7411,77Etelä-Korea64,4264,0863,69Intia22,7723,4723,77Kazakstan1,241,231,23Kolumbia54,2652,8552,73Kreikka29,1130,2831,45Libanon13,3413,3813,42Panama64,3363,2162,11Peru59,0158,4557,79Portugali36,5235,8935,25Saksa32,6632,7332,76Senegal45,0544,0142,97Thaimaa31,5131,8132,1Yhdysvallat33,2633,733,85
Laske
Sarake
Sarake B
Sarake C
Sarake D
Sarake E
Sarake F
Sarake G
Toiminto
Lisää
Vähennä
Kerro
Jaa
Sarake
Sarake B
Sarake C
Sarake D
Sarake E
Sarake F
Sarake G
Suorita
Keskiarvo
Sarake
Sarake B
Sarake C
Sarake D
Sarake E
Sarake F
Sarake G
Suorita
Tyhjennä kaikki
closeOK"
MAT/MA161-ForestedAreas,5,4,Finnish,fin-FIN,"Metsäpinta-ala  Tehtävä 2 / 4
Miten laskentataulukkoa käytetään
Napsauta , kun haluat järjestää sarakkeen tiedot nousevaan (pienimmästä suurimpaan) järjestykseen.  Napsauta kuvaketta uudelleen, kun haluat järjestää sarakkeen tiedot laskevaan (suurimmasta pienimpään) järjestykseen.
Laskutoimitusten suorittaminen:
Valitse sarake ensimmäisestä pudotusvalikosta.
Valitse toiminto keskimmäisestä pudotusvalikosta.
Valitse sarake viimeisestä pudotusvalikosta.
Napsauta ""Suorita""-painiketta.
Tulokset tulevat näkyviin ensimmäiseen käytettävissä olevaan tyhjään sarakkeeseen.
Saat sarakkeen keskiarvon näkyviin, kun valitset sarakkeen pudotusvalikosta ja napsautat ""Suorita""-painiketta. Tulos tulee näkyviin kyseisen sarakkeen alapuolella olevaan soluun.
Jos haluat perua toiminnon sarakkeessa, napsauta -painiketta.
Jos haluat tyhjentää sarakkeen, napsauta -painiketta.
Tyhjennä koko laskentataulukko napsauttamalla ""Tyhjennä kaikki"" -painiketta.
Tarkastele oikealla olevaa ""Metsäpinta-ala""-aineistoa. Vastaa alla olevaan tehtävään laskentataulukossa olevien tietojen pohjalta. Vastaa napsauttamalla yhtä vaihtoehtoa.
Tarkastele kahta ajanjaksoa: 2005–2010 ja 2010–2015.
Mikä seuraavista väittämistä kuvaa oikein metsäpinta-alan prosentuaalisen muutoksen keskiarvoa näinä kahtena ajanjaksona?
Keskiarvon muutos oli kumpanakin ajanjaksona positiivinen.
Keskiarvon muutos oli kumpanakin ajanjaksona negatiivinen.
Keskiarvon muutos oli kumpanakin ajanjaksona sama.
Keskiarvon muutos oli toisena ajanjaksona positiivinen ja toisena negatiivinen."
MAT/MA161-ForestedAreas,5,5,Finnish,fin-FIN,"C
(
)
x2
yx
√x
1/x
π
÷
7
8
9
x
4
5
6
–
1
2
3
+
0
,
+/-
="
MAT/MA161-ForestedAreas,6,1,Finnish,fin-FIN,Laskinclose
MAT/MA161-ForestedAreas,6,2,Finnish,fin-FIN,PISA
MAT/MA161-ForestedAreas,6,3,Finnish,fin-FIN,"METSÄPINTA-ALA
Alla olevaan laskentataulukkoon on merkitty, kuinka monta prosenttia kunkin 15 maan kokonaispinta-alasta on metsäpinta-alaa. Tiedot on esitetty vuosilta 2005, 2010 ja 2015.
Sarake A ▾
Sarake B
Sarake C
Sarake D
Sarake E
Sarake F
Sarake G
Maa
2005
2010
2015
Algeria0,640,810,82Armenia11,7711,7411,77Etelä-Korea64,4264,0863,69Intia22,7723,4723,77Kazakstan1,241,231,23Kolumbia54,2652,8552,73Kreikka29,1130,2831,45Libanon13,3413,3813,42Panama64,3363,2162,11Peru59,0158,4557,79Portugali36,5235,8935,25Saksa32,6632,7332,76Senegal45,0544,0142,97Thaimaa31,5131,8132,1Yhdysvallat33,2633,733,85
Laske
Sarake
Sarake B
Sarake C
Sarake D
Sarake E
Sarake F
Sarake G
Toiminto
Lisää
Vähennä
Kerro
Jaa
Sarake
Sarake B
Sarake C
Sarake D
Sarake E
Sarake F
Sarake G
Suorita
Keskiarvo
Sarake
Sarake B
Sarake C
Sarake D
Sarake E
Sarake F
Sarake G
Suorita
Tyhjennä kaikki
closeOK"
MAT/MA161-ForestedAreas,6,4,Finnish,fin-FIN,"Metsäpinta-ala  Tehtävä 3 / 4
Miten laskentataulukkoa käytetään
Napsauta , kun haluat järjestää sarakkeen tiedot nousevaan (pienimmästä suurimpaan) järjestykseen.  Napsauta kuvaketta uudelleen, kun haluat järjestää sarakkeen tiedot laskevaan (suurimmasta pienimpään) järjestykseen.
Laskutoimitusten suorittaminen:
Valitse sarake ensimmäisestä pudotusvalikosta.
Valitse toiminto keskimmäisestä pudotusvalikosta.
Valitse sarake viimeisestä pudotusvalikosta.
Napsauta ""Suorita""-painiketta.
Tulokset tulevat näkyviin ensimmäiseen käytettävissä olevaan tyhjään sarakkeeseen.
Saat sarakkeen keskiarvon näkyviin, kun valitset sarakkeen pudotusvalikosta ja napsautat ""Suorita""-painiketta. Tulos tulee näkyviin kyseisen sarakkeen alapuolella olevaan soluun.
Jos haluat perua toiminnon sarakkeessa, napsauta -painiketta.
Jos haluat tyhjentää sarakkeen, napsauta -painiketta.
Tyhjennä koko laskentataulukko napsauttamalla ""Tyhjennä kaikki"" -painiketta.
Tarkastele oikealla olevaa ""Metsäpinta-ala""-aineistoa. Vastaa alla olevaan tehtävään laskentataulukossa olevien tietojen pohjalta. Vastaa tehtävään valitsemalla pudotusvalikoista sopivat vaihtoehdot.
Tarkastele kahta ajanjaksoa: 2005–2010 ja 2010–2015.
Millä kahdella maalla oli prosenttiyksikköinä mitattuna suurin muutos metsäpinta-alan prosenttiosuudessa yhdestä ajanjaksosta toiseen ajanjaksoon?
Vastaukset:
ValitseAlgeriaArmeniaEtelä-KoreaIntiaKazakstanKolumbiaKreikkaLibanonPanamaPeruPortugaliSaksaSenegalThaimaaYhdysvallat
ja
ValitseAlgeriaArmeniaEtelä-KoreaIntiaKazakstanKolumbiaKreikkaLibanonPanamaPeruPortugaliSaksaSenegalThaimaaYhdysvallat"
MAT/MA161-ForestedAreas,6,5,Finnish,fin-FIN,"C
(
)
x2
yx
√x
1/x
π
÷
7
8
9
x
4
5
6
–
1
2
3
+
0
,
+/-
="
MAT/MA161-ForestedAreas,7,1,Finnish,fin-FIN,Laskinclose
MAT/MA161-ForestedAreas,7,2,Finnish,fin-FIN,PISA
MAT/MA161-ForestedAreas,7,3,Finnish,fin-FIN,"METSÄPINTA-ALA
Alla olevaan laskentataulukkoon on merkitty, kuinka monta prosenttia kunkin 15 maan kokonaispinta-alasta on metsäpinta-alaa. Tiedot on esitetty vuosilta 2005, 2010 ja 2015.
Sarake A ▾
Sarake B
Sarake C
Sarake D
Sarake E
Sarake F
Sarake G
Maa
2005
2010
2015
Algeria0,640,810,82Armenia11,7711,7411,77Etelä-Korea64,4264,0863,69Intia22,7723,4723,77Kazakstan1,241,231,23Kolumbia54,2652,8552,73Kreikka29,1130,2831,45Libanon13,3413,3813,42Panama64,3363,2162,11Peru59,0158,4557,79Portugali36,5235,8935,25Saksa32,6632,7332,76Senegal45,0544,0142,97Thaimaa31,5131,8132,1Yhdysvallat33,2633,733,85
Laske
Sarake
Sarake B
Sarake C
Sarake D
Sarake E
Sarake F
Sarake G
Toiminto
Lisää
Vähennä
Kerro
Jaa
Sarake
Sarake B
Sarake C
Sarake D
Sarake E
Sarake F
Sarake G
Suorita
Keskiarvo
Sarake
Sarake B
Sarake C
Sarake D
Sarake E
Sarake F
Sarake G
Suorita
Tyhjennä kaikki
closeOK"
MAT/MA161-ForestedAreas,7,4,Finnish,fin-FIN,"Metsäpinta-ala  Tehtävä 4 / 4
Miten laskentataulukkoa käytetään
Napsauta , kun haluat järjestää sarakkeen tiedot nousevaan (pienimmästä suurimpaan) järjestykseen.  Napsauta kuvaketta uudelleen, kun haluat järjestää sarakkeen tiedot laskevaan (suurimmasta pienimpään) järjestykseen.
Laskutoimitusten suorittaminen:
Valitse sarake ensimmäisestä pudotusvalikosta.
Valitse toiminto keskimmäisestä pudotusvalikosta.
Valitse sarake viimeisestä pudotusvalikosta.
Napsauta ""Suorita""-painiketta.
Tulokset tulevat näkyviin ensimmäiseen käytettävissä olevaan tyhjään sarakkeeseen.
Saat sarakkeen keskiarvon näkyviin, kun valitset sarakkeen pudotusvalikosta ja napsautat ""Suorita""-painiketta. Tulos tulee näkyviin kyseisen sarakkeen alapuolella olevaan soluun.
Jos haluat perua toiminnon sarakkeessa, napsauta -painiketta.
Jos haluat tyhjentää sarakkeen, napsauta -painiketta.
Tyhjennä koko laskentataulukko napsauttamalla ""Tyhjennä kaikki"" -painiketta.
Tarkastele oikealla olevaa ""Metsäpinta-ala""-aineistoa. Vastaa alla olevaan tehtävään laskentataulukossa olevien tietojen pohjalta. Vastaa napsauttamalla yhtä vaihtoehtoa ja kirjoita sitten perustelusi tyhjään tilaan.
Helena väittää, että Etelä-Koreassa on enemmän metsäpinta-alaa kuin missään muussa listan maassa tarkasteltuina vuosina.
Tukevatko laskentataulukon tiedot hänen väitettään?
Kyllä
Eivät
Perustele vastauksesi."
MAT/MA161-ForestedAreas,7,5,Finnish,fin-FIN,"C
(
)
x2
yx
√x
1/x
π
÷
7
8
9
x
4
5
6
–
1
2
3
+
0
,
+/-
="
MAT/MA161-ForestedAreas,1,1,French,fra-FRA,Calculatriceclose
MAT/MA161-ForestedAreas,1,2,French,fra-FRA,PISA
MAT/MA161-ForestedAreas,1,3,French,fra-FRA,"C
(
)
x2
yx
√x
1/x
π
÷
7
8
9
x
4
5
6
–
1
2
3
+
0
,
+/-
="
MAT/MA161-ForestedAreas,1,4,French,fra-FRA,"Superficie forestière   Introduction
Lisez l’introduction, puis cliquez sur la flèche « SUIVANT ».
SUPERFICIE FORESTIÈRE
Dans cette unité, vous devrez utiliser un tableur pour répondre à des questions en rapport avec la situation suivante :
Une forêt est un écosystème où l'on trouve une diversité d'arbres, de plantes et d'animaux.
L'étendue de la superficie forestière d'un pays peut évoluer avec le temps.
Sur l'écran suivant, vous devrez vous exercer à utiliser le tableur."
MAT/MA161-ForestedAreas,2,1,French,fra-FRA,Calculatriceclose
MAT/MA161-ForestedAreas,2,2,French,fra-FRA,PISA
MAT/MA161-ForestedAreas,2,3,French,fra-FRA,"SUPERFICIE FORESTIÈRE
Le tableur ci-dessous indique l'étendue de la superficie forestière de 15 pays, exprimée en pourcentage de la superficie totale de leur territoire. Les données concernent les années 2005, 2010 et 2015.
Colonne A ▾
Colonne B
Colonne C
Colonne D
Colonne E
Colonne F
Colonne G
Pays
2005
2010
2015
Algérie0,640,810,82Allemagne32,6632,7332,76Arménie11,7711,7411,77Colombie54,2652,8552,73Corée du Sud64,4264,0863,69États-Unis33,2633,733,85Grèce29,1130,2831,45Inde22,7723,4723,77Kazakhstan1,241,231,23Liban13,3413,3813,42Panama64,3363,2162,11Pérou59,0158,4557,79Portugal36,5235,8935,25Sénégal45,0544,0142,97Thaïlande31,5131,8132,1
Calcul
Colonne
Colonne B
Colonne C
Colonne D
Colonne E
Colonne F
Colonne G
Opération
Additionner
Soustraire
Multiplier
Diviser
Colonne
Colonne B
Colonne C
Colonne D
Colonne E
Colonne F
Colonne G
Exécuter
Moyenne
Colonne
Colonne B
Colonne C
Colonne D
Colonne E
Colonne F
Colonne G
Exécuter
Effacer tout
closeOK"
MAT/MA161-ForestedAreas,2,4,French,fra-FRA,"Superficie forestière   Exercice
Exercez-vous à utiliser le tableur avant de passer aux questions.
Utilisez le tableur pour effectuer les trois actions suivantes.
Trier une colonne.
Cliquez sur le symbole  dans la colonne B, C ou D pour trier cette colonne par ordre croissant (du plus petit au plus grand).
Remarquez que toutes les autres colonnes sont alors aussi triées dans le même ordre que cette colonne.
Effectuer un calcul
Sélectionnez une colonne dans le premier menu déroulant situé sous le tableur.
Sélectionnez ensuite une opération dans le menu déroulant du milieu.
Enfin, sélectionnez une colonne dans le dernier menu déroulant.
Cliquez sur « Exécuter ».
Les résultats s'affichent dans la première colonne vide disponible.
Afficher la moyenne d'une colonne
Sélectionnez une colonne dans le menu déroulant situé à côté de « Moyenne », sous le tableur.
Cliquez sur « Exécuter ».
Le résultat s'affiche dans la cellule en bas de cette colonne.
Cliquez sur  pour continuer."
MAT/MA161-ForestedAreas,2,5,French,fra-FRA,"C
(
)
x2
yx
√x
1/x
π
÷
7
8
9
x
4
5
6
–
1
2
3
+
0
,
+/-
="
MAT/MA161-ForestedAreas,3,1,French,fra-FRA,Calculatriceclose
MAT/MA161-ForestedAreas,3,2,French,fra-FRA,PISA
MAT/MA161-ForestedAreas,3,3,French,fra-FRA,"SUPERFICIE FORESTIÈRE
Le tableur ci-dessous indique l'étendue de la superficie forestière de 15 pays, exprimée en pourcentage de la superficie totale de leur territoire. Les données concernent les années 2005, 2010 et 2015.
Colonne A ▾
Colonne B
Colonne C
Colonne D
Colonne E
Colonne F
Colonne G
Pays
2005
2010
2015
Algérie0,640,810,82Allemagne32,6632,7332,76Arménie11,7711,7411,77Colombie54,2652,8552,73Corée du Sud64,4264,0863,69États-Unis33,2633,733,85Grèce29,1130,2831,45Inde22,7723,4723,77Kazakhstan1,241,231,23Liban13,3413,3813,42Panama64,3363,2162,11Pérou59,0158,4557,79Portugal36,5235,8935,25Sénégal45,0544,0142,97Thaïlande31,5131,8132,1
Calcul
Colonne
Colonne B
Colonne C
Colonne D
Colonne E
Colonne F
Colonne G
Opération
Additionner
Soustraire
Multiplier
Diviser
Colonne
Colonne B
Colonne C
Colonne D
Colonne E
Colonne F
Colonne G
Exécuter
Moyenne
Colonne
Colonne B
Colonne C
Colonne D
Colonne E
Colonne F
Colonne G
Exécuter
Effacer tout
closeOK"
MAT/MA161-ForestedAreas,3,4,French,fra-FRA,"Superficie forestière   Instructions
Les instructions sur la façon d'utiliser le tableur sont disponibles pour chaque question.
Elles se trouvent dans le menu intitulé « Comment utiliser le tableur », que l'on peut afficher puis masquer.
Cliquez sur la barre ci-dessous pour afficher les instructions. Cliquez à nouveau sur la barre pour les masquer.
Comment utiliser le tableur
Cliquez sur  pour trier une colonne par ordre croissant (du plus petit au plus grand).  Cliquez à nouveau sur cette flèche pour trier la colonne par ordre décroissant (du plus grand au plus petit).
Pour effectuer des calculs :
Sélectionnez une colonne dans le premier menu déroulant.
Sélectionnez une opération dans le menu déroulant du milieu.
Sélectionnez une colonne dans le dernier menu déroulant.
Cliquez sur « Exécuter ».
Les résultats s'affichent dans la première colonne vide disponible.
Pour afficher la moyenne d'une colonne, sélectionnez une colonne dans le menu déroulant et cliquez sur « Exécuter ». Le résultat s'affiche dans la cellule en bas de cette colonne.
Pour annuler une action dans une colonne, cliquez sur .
Pour effacer toutes les données d'une colonne, cliquez sur .
Pour effacer toutes les données du tableur, cliquez sur « Effacer tout ».
Cliquez sur  pour continuer."
MAT/MA161-ForestedAreas,3,5,French,fra-FRA,"C
(
)
x2
yx
√x
1/x
π
÷
7
8
9
x
4
5
6
–
1
2
3
+
0
,
+/-
="
MAT/MA161-ForestedAreas,4,1,French,fra-FRA,Calculatriceclose
MAT/MA161-ForestedAreas,4,2,French,fra-FRA,PISA
MAT/MA161-ForestedAreas,4,3,French,fra-FRA,"SUPERFICIE FORESTIÈRE
Le tableur ci-dessous indique l'étendue de la superficie forestière de 15 pays, exprimée en pourcentage de la superficie totale de leur territoire. Les données concernent les années 2005, 2010 et 2015.
Colonne A ▾
Colonne B
Colonne C
Colonne D
Colonne E
Colonne F
Colonne G
Pays
2005
2010
2015
Algérie0,640,810,82Allemagne32,6632,7332,76Arménie11,7711,7411,77Colombie54,2652,8552,73Corée du Sud64,4264,0863,69États-Unis33,2633,733,85Grèce29,1130,2831,45Inde22,7723,4723,77Kazakhstan1,241,231,23Liban13,3413,3813,42Panama64,3363,2162,11Pérou59,0158,4557,79Portugal36,5235,8935,25Sénégal45,0544,0142,97Thaïlande31,5131,8132,1
Calcul
Colonne
Colonne B
Colonne C
Colonne D
Colonne E
Colonne F
Colonne G
Opération
Additionner
Soustraire
Multiplier
Diviser
Colonne
Colonne B
Colonne C
Colonne D
Colonne E
Colonne F
Colonne G
Exécuter
Moyenne
Colonne
Colonne B
Colonne C
Colonne D
Colonne E
Colonne F
Colonne G
Exécuter
Effacer tout
closeOK"
MAT/MA161-ForestedAreas,4,4,French,fra-FRA,"Superficie forestière   Question 1 / 4
Comment utiliser le tableur
Cliquez sur  pour trier une colonne par ordre croissant (du plus petit au plus grand).  Cliquez à nouveau sur cette flèche pour trier la colonne par ordre décroissant (du plus grand au plus petit).
Pour effectuer des calculs :
Sélectionnez une colonne dans le premier menu déroulant.
Sélectionnez une opération dans le menu déroulant du milieu.
Sélectionnez une colonne dans le dernier menu déroulant.
Cliquez sur « Exécuter ».
Les résultats s'affichent dans la première colonne vide disponible.
Pour afficher la moyenne d'une colonne, sélectionnez une colonne dans le menu déroulant et cliquez sur « Exécuter ». Le résultat s'affiche dans la cellule en bas de cette colonne.
Pour annuler une action dans une colonne, cliquez sur .
Pour effacer toutes les données d'une colonne, cliquez sur .
Pour effacer toutes les données du tableur, cliquez sur « Effacer tout ».
Utilisez les informations fournies sous « Superficie forestière » à droite. Aidez-vous du tableur pour répondre à la question ci-dessous. Pour répondre à chaque question, sélectionnez vos réponses dans les menus déroulants.
Dans le tableau ci-dessous, répondez à chaque question en sélectionnant un pays dans le menu déroulant correspondant.
Question
Pays
Quel pays a connu la plus grande hausse en points de pourcentage entre 2005 et 2015 ?
SélectionnezAlgérieAllemagneArménieColombieCorée du SudÉtats-UnisGrèceIndeKazakhstanLibanPanamaPérouPortugalSénégalThaïlande
Quel pays n'a connu aucune évolution globale entre 2005 et 2015 ?
SélectionnezAlgérieAllemagneArménieColombieCorée du SudÉtats-UnisGrèceIndeKazakhstanLibanPanamaPérouPortugalSénégalThaïlande
Quel pays a connu la plus grande baisse en points de pourcentage entre 2005 et 2015 ?
SélectionnezAlgérieAllemagneArménieColombieCorée du SudÉtats-UnisGrèceIndeKazakhstanLibanPanamaPérouPortugalSénégalThaïlande"
MAT/MA161-ForestedAreas,4,5,French,fra-FRA,"C
(
)
x2
yx
√x
1/x
π
÷
7
8
9
x
4
5
6
–
1
2
3
+
0
,
+/-
="
MAT/MA161-ForestedAreas,5,1,French,fra-FRA,Calculatriceclose
MAT/MA161-ForestedAreas,5,2,French,fra-FRA,PISA
MAT/MA161-ForestedAreas,5,3,French,fra-FRA,"SUPERFICIE FORESTIÈRE
Le tableur ci-dessous indique l'étendue de la superficie forestière de 15 pays, exprimée en pourcentage de la superficie totale de leur territoire. Les données concernent les années 2005, 2010 et 2015.
Colonne A ▾
Colonne B
Colonne C
Colonne D
Colonne E
Colonne F
Colonne G
Pays
2005
2010
2015
Algérie0,640,810,82Allemagne32,6632,7332,76Arménie11,7711,7411,77Colombie54,2652,8552,73Corée du Sud64,4264,0863,69États-Unis33,2633,733,85Grèce29,1130,2831,45Inde22,7723,4723,77Kazakhstan1,241,231,23Liban13,3413,3813,42Panama64,3363,2162,11Pérou59,0158,4557,79Portugal36,5235,8935,25Sénégal45,0544,0142,97Thaïlande31,5131,8132,1
Calcul
Colonne
Colonne B
Colonne C
Colonne D
Colonne E
Colonne F
Colonne G
Opération
Additionner
Soustraire
Multiplier
Diviser
Colonne
Colonne B
Colonne C
Colonne D
Colonne E
Colonne F
Colonne G
Exécuter
Moyenne
Colonne
Colonne B
Colonne C
Colonne D
Colonne E
Colonne F
Colonne G
Exécuter
Effacer tout
closeOK"
MAT/MA161-ForestedAreas,5,4,French,fra-FRA,"Superficie forestière   Question 2 / 4
Comment utiliser le tableur
Cliquez sur  pour trier une colonne par ordre croissant (du plus petit au plus grand).  Cliquez à nouveau sur cette flèche pour trier la colonne par ordre décroissant (du plus grand au plus petit).
Pour effectuer des calculs :
Sélectionnez une colonne dans le premier menu déroulant.
Sélectionnez une opération dans le menu déroulant du milieu.
Sélectionnez une colonne dans le dernier menu déroulant.
Cliquez sur « Exécuter ».
Les résultats s'affichent dans la première colonne vide disponible.
Pour afficher la moyenne d'une colonne, sélectionnez une colonne dans le menu déroulant et cliquez sur « Exécuter ». Le résultat s'affiche dans la cellule en bas de cette colonne.
Pour annuler une action dans une colonne, cliquez sur .
Pour effacer toutes les données d'une colonne, cliquez sur .
Pour effacer toutes les données du tableur, cliquez sur « Effacer tout ».
Utilisez les informations fournies sous « Superficie forestière » à droite. Aidez-vous du tableur pour répondre à la question ci-dessous. Cliquez sur la réponse de votre choix.
Examinez les deux périodes suivantes : de 2005 à 2010, et de 2010 à 2015.
Quelle affirmation décrit correctement l'évolution de la moyenne du pourcentage de la superficie forestière pour ces deux périodes ?
L'évolution de la moyenne a été positive pour ces deux périodes.
L'évolution de la moyenne a été négative pour ces deux périodes.
L'évolution de la moyenne a été la même pour ces deux périodes.
L'évolution de la moyenne a été positive pour une période et négative pour l'autre."
MAT/MA161-ForestedAreas,5,5,French,fra-FRA,"C
(
)
x2
yx
√x
1/x
π
÷
7
8
9
x
4
5
6
–
1
2
3
+
0
,
+/-
="
MAT/MA161-ForestedAreas,6,1,French,fra-FRA,Calculatriceclose
MAT/MA161-ForestedAreas,6,2,French,fra-FRA,PISA
MAT/MA161-ForestedAreas,6,3,French,fra-FRA,"SUPERFICIE FORESTIÈRE
Le tableur ci-dessous indique l'étendue de la superficie forestière de 15 pays, exprimée en pourcentage de la superficie totale de leur territoire. Les données concernent les années 2005, 2010 et 2015.
Colonne A ▾
Colonne B
Colonne C
Colonne D
Colonne E
Colonne F
Colonne G
Pays
2005
2010
2015
Algérie0,640,810,82Allemagne32,6632,7332,76Arménie11,7711,7411,77Colombie54,2652,8552,73Corée du Sud64,4264,0863,69États-Unis33,2633,733,85Grèce29,1130,2831,45Inde22,7723,4723,77Kazakhstan1,241,231,23Liban13,3413,3813,42Panama64,3363,2162,11Pérou59,0158,4557,79Portugal36,5235,8935,25Sénégal45,0544,0142,97Thaïlande31,5131,8132,1
Calcul
Colonne
Colonne B
Colonne C
Colonne D
Colonne E
Colonne F
Colonne G
Opération
Additionner
Soustraire
Multiplier
Diviser
Colonne
Colonne B
Colonne C
Colonne D
Colonne E
Colonne F
Colonne G
Exécuter
Moyenne
Colonne
Colonne B
Colonne C
Colonne D
Colonne E
Colonne F
Colonne G
Exécuter
Effacer tout
closeOK"
MAT/MA161-ForestedAreas,6,4,French,fra-FRA,"Superficie forestière   Question 3 / 4
Comment utiliser le tableur
Cliquez sur  pour trier une colonne par ordre croissant (du plus petit au plus grand).  Cliquez à nouveau sur cette flèche pour trier la colonne par ordre décroissant (du plus grand au plus petit).
Pour effectuer des calculs :
Sélectionnez une colonne dans le premier menu déroulant.
Sélectionnez une opération dans le menu déroulant du milieu.
Sélectionnez une colonne dans le dernier menu déroulant.
Cliquez sur « Exécuter ».
Les résultats s'affichent dans la première colonne vide disponible.
Pour afficher la moyenne d'une colonne, sélectionnez une colonne dans le menu déroulant et cliquez sur « Exécuter ». Le résultat s'affiche dans la cellule en bas de cette colonne.
Pour annuler une action dans une colonne, cliquez sur .
Pour effacer toutes les données d'une colonne, cliquez sur .
Pour effacer toutes les données du tableur, cliquez sur « Effacer tout ».
Utilisez les informations fournies sous « Superficie forestière » à droite. Aidez-vous du tableur pour répondre à la question ci-dessous. Sélectionnez vos réponses dans les menus déroulants.
Examinez les deux périodes suivantes : de 2005 à 2010, et de 2010 à 2015.
Quels sont les deux pays qui ont connu la plus forte évolution du pourcentage de leur superficie forestière, en points de pourcentage, d'une période à l'autre ?
Réponses :
SélectionnezAlgérieAllemagneArménieColombieCorée du SudÉtats-UnisGrèceIndeKazakhstanLibanPanamaPérouPortugalSénégalThaïlande
et
SélectionnezAlgérieAllemagneArménieColombieCorée du SudÉtats-UnisGrèceIndeKazakhstanLibanPanamaPérouPortugalSénégalThaïlande"
MAT/MA161-ForestedAreas,6,5,French,fra-FRA,"C
(
)
x2
yx
√x
1/x
π
÷
7
8
9
x
4
5
6
–
1
2
3
+
0
,
+/-
="
MAT/MA161-ForestedAreas,7,1,French,fra-FRA,Calculatriceclose
MAT/MA161-ForestedAreas,7,2,French,fra-FRA,PISA
MAT/MA161-ForestedAreas,7,3,French,fra-FRA,"SUPERFICIE FORESTIÈRE
Le tableur ci-dessous indique l'étendue de la superficie forestière de 15 pays, exprimée en pourcentage de la superficie totale de leur territoire. Les données concernent les années 2005, 2010 et 2015.
Colonne A ▾
Colonne B
Colonne C
Colonne D
Colonne E
Colonne F
Colonne G
Pays
2005
2010
2015
Algérie0,640,810,82Allemagne32,6632,7332,76Arménie11,7711,7411,77Colombie54,2652,8552,73Corée du Sud64,4264,0863,69États-Unis33,2633,733,85Grèce29,1130,2831,45Inde22,7723,4723,77Kazakhstan1,241,231,23Liban13,3413,3813,42Panama64,3363,2162,11Pérou59,0158,4557,79Portugal36,5235,8935,25Sénégal45,0544,0142,97Thaïlande31,5131,8132,1
Calcul
Colonne
Colonne B
Colonne C
Colonne D
Colonne E
Colonne F
Colonne G
Opération
Additionner
Soustraire
Multiplier
Diviser
Colonne
Colonne B
Colonne C
Colonne D
Colonne E
Colonne F
Colonne G
Exécuter
Moyenne
Colonne
Colonne B
Colonne C
Colonne D
Colonne E
Colonne F
Colonne G
Exécuter
Effacer tout
closeOK"
MAT/MA161-ForestedAreas,7,4,French,fra-FRA,"Superficie forestière   Question 4 / 4
Comment utiliser le tableur
Cliquez sur  pour trier une colonne par ordre croissant (du plus petit au plus grand).  Cliquez à nouveau sur cette flèche pour trier la colonne par ordre décroissant (du plus grand au plus petit).
Pour effectuer des calculs :
Sélectionnez une colonne dans le premier menu déroulant.
Sélectionnez une opération dans le menu déroulant du milieu.
Sélectionnez une colonne dans le dernier menu déroulant.
Cliquez sur « Exécuter ».
Les résultats s'affichent dans la première colonne vide disponible.
Pour afficher la moyenne d'une colonne, sélectionnez une colonne dans le menu déroulant et cliquez sur « Exécuter ». Le résultat s'affiche dans la cellule en bas de cette colonne.
Pour annuler une action dans une colonne, cliquez sur .
Pour effacer toutes les données d'une colonne, cliquez sur .
Pour effacer toutes les données du tableur, cliquez sur « Effacer tout ».
Utilisez les informations fournies sous « Superficie forestière » à droite. Aidez-vous du tableur pour répondre à la question ci-dessous. Cliquez sur la réponse de votre choix, puis tapez votre explication.
Héléna affirme que la Corée du Sud a une plus grande superficie forestière que tous les autres pays de cette liste pour les années indiquées.
Son affirmation correspond-elle aux données fournies dans le tableur ?
Oui
Non
Expliquez votre réponse."
MAT/MA161-ForestedAreas,7,5,French,fra-FRA,"C
(
)
x2
yx
√x
1/x
π
÷
7
8
9
x
4
5
6
–
1
2
3
+
0
,
+/-
="
MAT/MA161-ForestedAreas,1,1,Galician,glg-ESP,Calculadoraclose
MAT/MA161-ForestedAreas,1,2,Galician,glg-ESP,PISA
MAT/MA161-ForestedAreas,1,3,Galician,glg-ESP,"Superficie forestal  Introdución
Le a introdución e, deseguido, fai clic na frecha de ""AVANZAR"".
SUPERFICIE FORESTAL
Nesta unidade utilizarás unha folla de cálculo para responder preguntas relacionadas coa situación seguinte:
Un bosque é un ecosistema onde se pode atopar unha variedade de árbores, plantas e animais.
A cantidade de superficie forestal dun país pode cambiar co paso do tempo.
Na seguinte pantalla, practicarás utilizando a folla de cálculo."
MAT/MA161-ForestedAreas,1,4,Galician,glg-ESP,"C
(
)
x2
yx
√x
1/x
π
/
7
8
9
*
4
5
6
–
1
2
3
+
0
,
+/-
="
MAT/MA161-ForestedAreas,2,1,Galician,glg-ESP,Calculadoraclose
MAT/MA161-ForestedAreas,2,2,Galician,glg-ESP,PISA
MAT/MA161-ForestedAreas,2,3,Galician,glg-ESP,"SUPERFICIE FORESTAL
A folla de cálculo seguinte mostra a extensión da superficie forestal de 15 países expresada como porcentaxe da superficie total dos seus territorios. Os datos que se mostran corresponden aos anos 2005, 2010 e 2015.
Columna A ▾
Columna B
Columna C
Columna D
Columna E
Columna F
Columna G
País
2005
2010
2015
Alemaña32,6632,7332,76Alxeria0,640,810,82Armenia11,7711,7411,77Casaquistán1,241,231,23Colombia54,2652,8552,73Corea do Sur64,4264,0863,69Estados Unidos33,2633,733,85Grecia29,1130,2831,45India22,7723,4723,77Líbano13,3413,3813,42Panamá64,3363,2162,11Perú59,0158,4557,79Portugal36,5235,8935,25Senegal45,0544,0142,97Tailandia31,5131,8132,1
Calcular
Columna
Columna B
Columna C
Columna D
Columna E
Columna F
Columna G
Operación
Sumar
Restar
Multiplicar
Dividir
Columna
Columna B
Columna C
Columna D
Columna E
Columna F
Columna G
Executar
Media
Columna
Columna B
Columna C
Columna D
Columna E
Columna F
Columna G
Executar
Limpar todo
closeOK"
MAT/MA161-ForestedAreas,2,4,Galician,glg-ESP,"Superficie forestal  Práctica
Agora vas practicar utilizando a folla de cálculo antes de continuar coas preguntas.
Utiliza a folla de cálculo para completar as tres accións seguintes.
Ordenar unha columna.
Fai clic no símbolo  da Columna B, C ou D para ordenar esa columna en orde ascendente (de menor a maior).
Ten en conta que a táboa reordenarase en función da orde elixida para unha das súas columnas en concreto.
Realizar un cálculo.
Selecciona unha columna no primeiro menú despregable situado na parte inferior da folla de cálculo.
A continuación, selecciona unha operación no menú despregable central.
Logo selecciona unha columna no último menú despregable.
Fai clic en ""Executar"".
Os resultados mostraranse na primeira columna baleira dispoñible.
Mostrar a media (valor medio) dunha columna.
Selecciona unha columna no menú despregable situado xunto a ""Media"", na parte inferior da folla de cálculo.
Fai clic en ""Executar"".
O resultado mostrarase na seguinte cela desa columna.
Fai clic en  para continuares."
MAT/MA161-ForestedAreas,2,5,Galician,glg-ESP,"C
(
)
x2
yx
√x
1/x
π
/
7
8
9
*
4
5
6
–
1
2
3
+
0
,
+/-
="
MAT/MA161-ForestedAreas,3,1,Galician,glg-ESP,Calculadoraclose
MAT/MA161-ForestedAreas,3,2,Galician,glg-ESP,PISA
MAT/MA161-ForestedAreas,3,3,Galician,glg-ESP,"SUPERFICIE FORESTAL
A folla de cálculo seguinte mostra a extensión da superficie forestal de 15 países expresada como porcentaxe da superficie total dos seus territorios. Os datos que se mostran corresponden aos anos 2005, 2010 e 2015.
Columna A ▾
Columna B
Columna C
Columna D
Columna E
Columna F
Columna G
País
2005
2010
2015
Alemaña32,6632,7332,76Alxeria0,640,810,82Armenia11,7711,7411,77Casaquistán1,241,231,23Colombia54,2652,8552,73Corea do Sur64,4264,0863,69Estados Unidos33,2633,733,85Grecia29,1130,2831,45India22,7723,4723,77Líbano13,3413,3813,42Panamá64,3363,2162,11Perú59,0158,4557,79Portugal36,5235,8935,25Senegal45,0544,0142,97Tailandia31,5131,8132,1
Calcular
Columna
Columna B
Columna C
Columna D
Columna E
Columna F
Columna G
Operación
Sumar
Restar
Multiplicar
Dividir
Columna
Columna B
Columna C
Columna D
Columna E
Columna F
Columna G
Executar
Media
Columna
Columna B
Columna C
Columna D
Columna E
Columna F
Columna G
Executar
Limpar todo
closeOK"
MAT/MA161-ForestedAreas,3,4,Galician,glg-ESP,"Superficie forestal  Instrucións
As instrucións de como usar a folla de cálculo están dispoñibles en cada pregunta.
Aparecen no menú ""Como usar a folla de cálculo"" que se pode abrir e pechar.
Fai clic na seguinte barra para abrir as instrucións. Fai clic de novo na barra para pechar as instrucións.
Como usar a folla de cálculo
Fai clic en  para ordenar unha columna en orde ascendente (de menor a maior).  Fai clic de novo na icona para ordenar a columna en orde descendente (de maior a menor).
Para facer cálculos:
Selecciona unha columna do primeiro menú despregable.
Selecciona unha operación do menú despregable central.
Selecciona unha columna do último menú despregable.
Fai clic en ""Executar"".
Os resultados mostraranse na primeira columna baleira dispoñible.
Para mostrar a media (valor medio) dunha columna, selecciona unha columna no menú despregable e fai clic en ""Executar"". O resultado mostrarase na seguinte cela desa columna.
Para desfacer unha acción nunha columna, fai clic en .
Para baleirar o contido dunha columna, fai clic en .
Para baleirar completamente o contido da folla de cálculo, fai clic en ""Limpar todo"".
Fai clic en  para continuares."
MAT/MA161-ForestedAreas,3,5,Galician,glg-ESP,"C
(
)
x2
yx
√x
1/x
π
/
7
8
9
*
4
5
6
–
1
2
3
+
0
,
+/-
="
MAT/MA161-ForestedAreas,4,1,Galician,glg-ESP,Calculadoraclose
MAT/MA161-ForestedAreas,4,2,Galician,glg-ESP,PISA
MAT/MA161-ForestedAreas,4,3,Galician,glg-ESP,"SUPERFICIE FORESTAL
A folla de cálculo seguinte mostra a extensión da superficie forestal de 15 países expresada como porcentaxe da superficie total dos seus territorios. Os datos que se mostran corresponden aos anos 2005, 2010 e 2015.
Columna A ▾
Columna B
Columna C
Columna D
Columna E
Columna F
Columna G
País
2005
2010
2015
Alemaña32,6632,7332,76Alxeria0,640,810,82Armenia11,7711,7411,77Casaquistán1,241,231,23Colombia54,2652,8552,73Corea do Sur64,4264,0863,69Estados Unidos33,2633,733,85Grecia29,1130,2831,45India22,7723,4723,77Líbano13,3413,3813,42Panamá64,3363,2162,11Perú59,0158,4557,79Portugal36,5235,8935,25Senegal45,0544,0142,97Tailandia31,5131,8132,1
Calcular
Columna
Columna B
Columna C
Columna D
Columna E
Columna F
Columna G
Operación
Sumar
Restar
Multiplicar
Dividir
Columna
Columna B
Columna C
Columna D
Columna E
Columna F
Columna G
Executar
Media
Columna
Columna B
Columna C
Columna D
Columna E
Columna F
Columna G
Executar
Limpar todo
closeOK"
MAT/MA161-ForestedAreas,4,4,Galician,glg-ESP,"Superficie forestal  Pregunta 1 / 4
Como usar a folla de cálculo
Fai clic en  para ordenar unha columna en orde ascendente (de menor a maior).  Fai clic de novo na icona para ordenar a columna en orde descendente (de maior a menor).
Para facer cálculos:
Selecciona unha columna do primeiro menú despregable.
Selecciona unha operación do menú despregable central.
Selecciona unha columna do último menú despregable.
Fai clic en ""Executar"".
Os resultados mostraranse na primeira columna baleira dispoñible.
Para mostrar a media (valor medio) dunha columna, selecciona unha columna no menú despregable e fai clic en ""Executar"". O resultado mostrarase na seguinte cela desa columna.
Para desfacer unha acción nunha columna, fai clic en .
Para baleirar o contido dunha columna, fai clic en .
Para baleirar completamente o contido da folla de cálculo, fai clic en ""Limpar todo"".
Consulta o artigo ""Superficie forestal"" da dereita. Usa a folla de cálculo como axuda para responderes a seguinte pregunta. Selecciona as opcións dos menús despregables para responderes cada pregunta.
Na seguinte táboa, responde cada pregunta seleccionando un país no menú despregable correspondente.
Pregunta
País
En termos de puntos porcentuais, que país tivo o maior aumento entre 2005 e 2015?
SeleccionaAlemañaAlxeriaArmeniaCasaquistánColombiaCorea do SurEstados UnidosGreciaIndiaLíbanoPanamáPerúPortugalSenegalTailandia
Que país non tivo un cambio en global entre 2005 e 2015?
SeleccionaAlemañaAlxeriaArmeniaCasaquistánColombiaCorea do SurEstados UnidosGreciaIndiaLíbanoPanamáPerúPortugalSenegalTailandia
En termos de puntos porcentuais, que país tivo a maior perda entre 2005 e 2015?
SeleccionaAlemañaAlxeriaArmeniaCasaquistánColombiaCorea do SurEstados UnidosGreciaIndiaLíbanoPanamáPerúPortugalSenegalTailandia"
MAT/MA161-ForestedAreas,4,5,Galician,glg-ESP,"C
(
)
x2
yx
√x
1/x
π
/
7
8
9
*
4
5
6
–
1
2
3
+
0
,
+/-
="
MAT/MA161-ForestedAreas,5,1,Galician,glg-ESP,Calculadoraclose
MAT/MA161-ForestedAreas,5,2,Galician,glg-ESP,PISA
MAT/MA161-ForestedAreas,5,3,Galician,glg-ESP,"SUPERFICIE FORESTAL
A folla de cálculo seguinte mostra a extensión da superficie forestal de 15 países expresada como porcentaxe da superficie total dos seus territorios. Os datos que se mostran corresponden aos anos 2005, 2010 e 2015.
Columna A ▾
Columna B
Columna C
Columna D
Columna E
Columna F
Columna G
País
2005
2010
2015
Alemaña32,6632,7332,76Alxeria0,640,810,82Armenia11,7711,7411,77Casaquistán1,241,231,23Colombia54,2652,8552,73Corea do Sur64,4264,0863,69Estados Unidos33,2633,733,85Grecia29,1130,2831,45India22,7723,4723,77Líbano13,3413,3813,42Panamá64,3363,2162,11Perú59,0158,4557,79Portugal36,5235,8935,25Senegal45,0544,0142,97Tailandia31,5131,8132,1
Calcular
Columna
Columna B
Columna C
Columna D
Columna E
Columna F
Columna G
Operación
Sumar
Restar
Multiplicar
Dividir
Columna
Columna B
Columna C
Columna D
Columna E
Columna F
Columna G
Executar
Media
Columna
Columna B
Columna C
Columna D
Columna E
Columna F
Columna G
Executar
Limpar todo
closeOK"
MAT/MA161-ForestedAreas,5,4,Galician,glg-ESP,"Superficie forestal  Pregunta 2 / 4
Como usar a folla de cálculo
Fai clic en  para ordenar unha columna en orde ascendente (de menor a maior).  Fai clic de novo na icona para ordenar a columna en orde descendente (de maior a menor).
Para facer cálculos:
Selecciona unha columna do primeiro menú despregable.
Selecciona unha operación do menú despregable central.
Selecciona unha columna do último menú despregable.
Fai clic en ""Executar"".
Os resultados mostraranse na primeira columna baleira dispoñible.
Para mostrar a media (valor medio) dunha columna, selecciona unha columna no menú despregable e fai clic en ""Executar"". O resultado mostrarase na seguinte cela desa columna.
Para desfacer unha acción nunha columna, fai clic en .
Para baleirar o contido dunha columna, fai clic en .
Para baleirar completamente o contido da folla de cálculo, fai clic en ""Limpar todo"".
Consulta o artigo ""Superficie forestal"" da dereita. Usa a folla de cálculo como axuda para responderes a seguinte pregunta. Fai clic nunha opción para responderes a pregunta.
Considera estes dous períodos de tempo: de 2005 a 2010 e de 2010 a 2015.
Cal das seguintes afirmacións describe correctamente o cambio medio na porcentaxe de superficies forestais en ambos os dous períodos de tempo?
O cambio medio foi positivo para ambos os dous períodos.
O cambio medio foi negativo para ambos os dous períodos.
O cambio medio foi igual para ambos os dous períodos.
O cambio medio foi positivo para un período de tempo, e negativo para o outro período de tempo."
MAT/MA161-ForestedAreas,5,5,Galician,glg-ESP,"C
(
)
x2
yx
√x
1/x
π
/
7
8
9
*
4
5
6
–
1
2
3
+
0
,
+/-
="
MAT/MA161-ForestedAreas,6,1,Galician,glg-ESP,Calculadoraclose
MAT/MA161-ForestedAreas,6,2,Galician,glg-ESP,PISA
MAT/MA161-ForestedAreas,6,3,Galician,glg-ESP,"SUPERFICIE FORESTAL
A folla de cálculo seguinte mostra a extensión da superficie forestal de 15 países expresada como porcentaxe da superficie total dos seus territorios. Os datos que se mostran corresponden aos anos 2005, 2010 e 2015.
Columna A ▾
Columna B
Columna C
Columna D
Columna E
Columna F
Columna G
País
2005
2010
2015
Alemaña32,6632,7332,76Alxeria0,640,810,82Armenia11,7711,7411,77Casaquistán1,241,231,23Colombia54,2652,8552,73Corea do Sur64,4264,0863,69Estados Unidos33,2633,733,85Grecia29,1130,2831,45India22,7723,4723,77Líbano13,3413,3813,42Panamá64,3363,2162,11Perú59,0158,4557,79Portugal36,5235,8935,25Senegal45,0544,0142,97Tailandia31,5131,8132,1
Calcular
Columna
Columna B
Columna C
Columna D
Columna E
Columna F
Columna G
Operación
Sumar
Restar
Multiplicar
Dividir
Columna
Columna B
Columna C
Columna D
Columna E
Columna F
Columna G
Executar
Media
Columna
Columna B
Columna C
Columna D
Columna E
Columna F
Columna G
Executar
Limpar todo
closeOK"
MAT/MA161-ForestedAreas,6,4,Galician,glg-ESP,"Superficie forestal  Pregunta 3 / 4
Como usar a folla de cálculo
Fai clic en  para ordenar unha columna en orde ascendente (de menor a maior).  Fai clic de novo na icona para ordenar a columna en orde descendente (de maior a menor).
Para facer cálculos:
Selecciona unha columna do primeiro menú despregable.
Selecciona unha operación do menú despregable central.
Selecciona unha columna do último menú despregable.
Fai clic en ""Executar"".
Os resultados mostraranse na primeira columna baleira dispoñible.
Para mostrar a media (valor medio) dunha columna, selecciona unha columna no menú despregable e fai clic en ""Executar"". O resultado mostrarase na seguinte cela desa columna.
Para desfacer unha acción nunha columna, fai clic en .
Para baleirar o contido dunha columna, fai clic en .
Para baleirar completamente o contido da folla de cálculo, fai clic en ""Limpar todo"".
Consulta o artigo ""Superficie forestal"" da dereita. Usa a folla de cálculo como axuda para responderes a seguinte pregunta. Selecciona unha opción nos menús despregables para responderes a pregunta.
Considera estes dous períodos de tempo: de 2005 a 2010 e de 2010 a 2015.
En termos de puntos porcentuais, que dous países tiveron o maior cambio na porcentaxe de superficie forestal dun período de tempo a outro período de tempo?
Respostas:
SeleccionaAlemañaAlxeriaArmeniaCasaquistánColombiaCorea do SurEstados UnidosGreciaIndiaLíbanoPanamáPerúPortugalSenegalTailandia
e
SeleccionaAlemañaAlxeriaArmeniaCasaquistánColombiaCorea do SurEstados UnidosGreciaIndiaLíbanoPanamáPerúPortugalSenegalTailandia"
MAT/MA161-ForestedAreas,6,5,Galician,glg-ESP,"C
(
)
x2
yx
√x
1/x
π
/
7
8
9
*
4
5
6
–
1
2
3
+
0
,
+/-
="
MAT/MA161-ForestedAreas,7,1,Galician,glg-ESP,Calculadoraclose
MAT/MA161-ForestedAreas,7,2,Galician,glg-ESP,PISA
MAT/MA161-ForestedAreas,7,3,Galician,glg-ESP,"SUPERFICIE FORESTAL
A folla de cálculo seguinte mostra a extensión da superficie forestal de 15 países expresada como porcentaxe da superficie total dos seus territorios. Os datos que se mostran corresponden aos anos 2005, 2010 e 2015.
Columna A ▾
Columna B
Columna C
Columna D
Columna E
Columna F
Columna G
País
2005
2010
2015
Alemaña32,6632,7332,76Alxeria0,640,810,82Armenia11,7711,7411,77Casaquistán1,241,231,23Colombia54,2652,8552,73Corea do Sur64,4264,0863,69Estados Unidos33,2633,733,85Grecia29,1130,2831,45India22,7723,4723,77Líbano13,3413,3813,42Panamá64,3363,2162,11Perú59,0158,4557,79Portugal36,5235,8935,25Senegal45,0544,0142,97Tailandia31,5131,8132,1
Calcular
Columna
Columna B
Columna C
Columna D
Columna E
Columna F
Columna G
Operación
Sumar
Restar
Multiplicar
Dividir
Columna
Columna B
Columna C
Columna D
Columna E
Columna F
Columna G
Executar
Media
Columna
Columna B
Columna C
Columna D
Columna E
Columna F
Columna G
Executar
Limpar todo
closeOK"
MAT/MA161-ForestedAreas,7,4,Galician,glg-ESP,"Superficie forestal  Pregunta 4 / 4
Como usar a folla de cálculo
Fai clic en  para ordenar unha columna en orde ascendente (de menor a maior).  Fai clic de novo na icona para ordenar a columna en orde descendente (de maior a menor).
Para facer cálculos:
Selecciona unha columna do primeiro menú despregable.
Selecciona unha operación do menú despregable central.
Selecciona unha columna do último menú despregable.
Fai clic en ""Executar"".
Os resultados mostraranse na primeira columna baleira dispoñible.
Para mostrar a media (valor medio) dunha columna, selecciona unha columna no menú despregable e fai clic en ""Executar"". O resultado mostrarase na seguinte cela desa columna.
Para desfacer unha acción nunha columna, fai clic en .
Para baleirar o contido dunha columna, fai clic en .
Para baleirar completamente o contido da folla de cálculo, fai clic en ""Limpar todo"".
Consulta o artigo ""Superficie forestal"" da dereita. Usa a folla de cálculo como axuda para responderes a seguinte pregunta. Fai clic nunha opción e escribe unha explicación para responderes a pregunta.
Helena afirma que Corea do Sur ten máis superficie forestal que calquera outro país desta lista para os anos mostrados.
Correspóndese a súa afirmación cos datos da folla de cálculo?
Si
Non
Explica a túa resposta."
MAT/MA161-ForestedAreas,7,5,Galician,glg-ESP,"C
(
)
x2
yx
√x
1/x
π
/
7
8
9
*
4
5
6
–
1
2
3
+
0
,
+/-
="
MAT/MA161-ForestedAreas,1,1,Georgian,geo-GEO,კალკულატორიclose
MAT/MA161-ForestedAreas,1,2,Georgian,geo-GEO,PISA 2022
MAT/MA161-ForestedAreas,1,3,Georgian,geo-GEO,"ტყით დაფარული ტერიტორია  შესავალი
წაიკითხეთ შესავალი. მერე დააჭირეთ ისრიან ღილაკს „შემდეგი“.
ტყით დაფარული ტერიტორია
ამ თავში წარმოდგენილი შეკითხვებისათვის თქვენ გამოიყენებთ ცხრილს ქვემოთ მოცემული სიტუაციის შესახებ:
ტყე არის ეკოსისტემა, სადაც გვხვდება ხეების, მცენარეებისა და ცხოველების მრავალსახეობა.
დროთა განმავლობაში, ქვეყანაში ტყით დაფარული ტერიტორიის ფართობი შესაძლოა, შეიცვალოს.
შემდეგ ეკრანზე გაივარჯიშებთ ცხრილზე."
MAT/MA161-ForestedAreas,1,4,Georgian,geo-GEO,"C
(
)
x2
yx
√x
1/x
π
÷
7
8
9
x
4
5
6
–
1
2
3
+
0
,
+/-
="
MAT/MA161-ForestedAreas,2,1,Georgian,geo-GEO,კალკულატორიclose
MAT/MA161-ForestedAreas,2,2,Georgian,geo-GEO,PISA 2022
MAT/MA161-ForestedAreas,2,3,Georgian,geo-GEO,"ტყით დაფარული ტერიტორია
ცხრილში მოცემულია ინფორმაცია ტყით დაფარული ტერიტორიის პროცენტული მაჩვენებელის შესახებ კონკრეტული ქვეყნის მთლიან ტერიტორიასთან შეფარდებით. ცხრილში წარმოდგენილია 15 ქვეყნის მონაცემი. მონაცემები ასახავს 2005, 2010 და 2015 წლების მაჩვენებლებს.
სვეტი A ▾
სვეტი B
სვეტი C
სვეტი D
სვეტი E
სვეტი F
სვეტი G
ქვეყანა
2005
2010
2015
ალჟირი0,640,810,82გერმანია32,6632,7332,76ინდოეთი22,7723,4723,77კოლუმბია54,2652,8552,73ლიბანი13,3413,3813,42პანამა64,3363,2162,11პერუ59,0158,4557,79პორტუგალია36,5235,8935,25საბერძნეთი29,1130,2831,45სამხრეთ კორეა64,4264,0863,69სენეგალი45,0544,0142,97სომხეთი11,7711,7411,77ტაილანდი31,5131,8132,1ყაზახეთი1,241,231,23შეერთებული შტატები33,2633,733,85
გამოთვლა
სვეტი
სვეტი B
სვეტი C
სვეტი D
სვეტი E
სვეტი F
სვეტი G
მოქმედება
მიმატება
გამოკლება
გამრავლება
გაყოფა
სვეტი
სვეტი B
სვეტი C
სვეტი D
სვეტი E
სვეტი F
სვეტი G
აქტივაცია
საშუალო სიდიდე
სვეტი
სვეტი B
სვეტი C
სვეტი D
სვეტი E
სვეტი F
სვეტი G
აქტივაცია
წაშლა
closeდადასტურება"
MAT/MA161-ForestedAreas,2,4,Georgian,geo-GEO,"ტყით დაფარული ტერიტორია  ვარჯიში
შემდეგ შეკითხვებზე გადასვლამდე, გაივარჯიშეთ ცხრილზე.
შემდეგი სამი მოქმედებისათვის გამოიყენეთ ცხრილი.
დაახარისხეთ მონაცემები სვეტში.
დააჭირეთ  სიმბოლოს B, C, ან D სვეტში, რომ დაალაგოთ სვეტი აღმავალი (დაბლიდან მაღლისკენ) თანმიმდევრობით.
გახსოვდეთ, რომ ერთი სვეტის წყობა ავტომატურად ვრცელდება დანარჩენებზე.
გამოთვალეთ
აირჩიეთ სვეტი პირველი ჩამოსაშლელი მენიუდან ცხრილის ქვეშ.
შემდეგ, აირჩიეთ მოქმედება შუა ჩამოსაშლელი მენიუდან.
შემდეგ აირჩიეთ სვეტი ბოლო ჩამოსაშლელი მენიუდან.
დააჭირეთ  ღილაკს „აქტივაცია“.
შედეგები გამოჩნდება პირველივე ცარიელ სვეტში.
გამოსახეთ სვეტის საშუალო მაჩვენებელი
„საშუალო სიდიდის“ გვერდით აირჩიეთ სვეტი ჩამოსაშლელი მენიუდან, ცხრილის ქვეშ.
დააჭირეთ  ღილაკს „აქტივაცია“.
შედეგი გამოჩნდება მონიშნული სვეტის ქვეშ უჯრაში.
დააჭირეთ  მუშაობის გასაგრძელებლად."
MAT/MA161-ForestedAreas,2,5,Georgian,geo-GEO,"C
(
)
x2
yx
√x
1/x
π
÷
7
8
9
x
4
5
6
–
1
2
3
+
0
,
+/-
="
MAT/MA161-ForestedAreas,3,1,Georgian,geo-GEO,კალკულატორიclose
MAT/MA161-ForestedAreas,3,2,Georgian,geo-GEO,PISA 2022
MAT/MA161-ForestedAreas,3,3,Georgian,geo-GEO,"ტყით დაფარული ტერიტორია
ცხრილში მოცემულია ინფორმაცია ტყით დაფარული ტერიტორიის პროცენტული მაჩვენებელის შესახებ კონკრეტული ქვეყნის მთლიან ტერიტორიასთან შეფარდებით. ცხრილში წარმოდგენილია 15 ქვეყნის მონაცემი. მონაცემები ასახავს 2005, 2010 და 2015 წლების მაჩვენებლებს.
სვეტი A ▾
სვეტი B
სვეტი C
სვეტი D
სვეტი E
სვეტი F
სვეტი G
ქვეყანა
2005
2010
2015
ალჟირი0,640,810,82გერმანია32,6632,7332,76ინდოეთი22,7723,4723,77კოლუმბია54,2652,8552,73ლიბანი13,3413,3813,42პანამა64,3363,2162,11პერუ59,0158,4557,79პორტუგალია36,5235,8935,25საბერძნეთი29,1130,2831,45სამხრეთ კორეა64,4264,0863,69სენეგალი45,0544,0142,97სომხეთი11,7711,7411,77ტაილანდი31,5131,8132,1ყაზახეთი1,241,231,23შეერთებული შტატები33,2633,733,85
გამოთვლა
სვეტი
სვეტი B
სვეტი C
სვეტი D
სვეტი E
სვეტი F
სვეტი G
მოქმედება
მიმატება
გამოკლება
გამრავლება
გაყოფა
სვეტი
სვეტი B
სვეტი C
სვეტი D
სვეტი E
სვეტი F
სვეტი G
აქტივაცია
საშუალო სიდიდე
სვეტი
სვეტი B
სვეტი C
სვეტი D
სვეტი E
სვეტი F
სვეტი G
აქტივაცია
წაშლა
closeდადასტურება"
MAT/MA161-ForestedAreas,3,4,Georgian,geo-GEO,"ტყით დაფარული ტერიტორია  ინსტრუქცია
თითოეულ შეკითხვას ახლავს ინსტრუქციები ცხრილის გამოსაყენებლად.
ინსტრუქციები მოცემულია მენიუში „როგორ გამოვიყენოთ ცხრილი“. შესაძლებელია მათი გახსნა და დახურვა.
ინსტრუქციების გასახსნელად დააჭირეთ ქვემოთ მოცემულ უჯრას. კვლავ დააჭირეთ უჯრას ინსტრუქციის დასახურად.
როგორ გამოვიყენოთ ცხრილი
დააჭირეთ ღილაკს  რომ დაალაგოთ სვეტი მზარდი თანმიმდევრობით (დაბლიდან მაღლისაკენ).  ისევ დააჭირეთ ღილაკს, რომ დაალაგოთ სვეტი კლებადი თანმიმდევრობით (მაღლიდან დაბლისაკენ).
გამოთვლებისათვის
აირჩიეთ სვეტი პირველი ჩამოსაშლელი მენიუდან.
აირჩიეთ მოქმედება შუა ჩამოსაშლელი მენიუდან.
აირჩიეთ სვეტი ბოლო ჩამოსაშლელი მენიუდან.
დააჭირეთ  ღილაკს „აქტივაცია“.
შედეგები გამოჩნდება პირველივე ცარიელ სვეტში.
რომ გამოსახოთ საშუალო სიდიდე სვეტისათვის, აირჩიეთ სვეტი ჩამოსაშლელი მენიუდან და დააჭირეთ ღილაკს „აქტივაცია“. შედეგი გამოჩნდება მონიშნული სვეტის ქვეშ უჯრაში.
სვეტში მოქმედების გასაუქმებლად დააჭირეთ .
სვეტში მონაცემების წასაშლელად დააჭირეთ .
ცხრილის სრულად წასაშლელად დააჭირეთ ღილაკს „წაშლა“.
დააჭირეთ  მუშაობის გასაგრძელებლად."
MAT/MA161-ForestedAreas,3,5,Georgian,geo-GEO,"C
(
)
x2
yx
√x
1/x
π
÷
7
8
9
x
4
5
6
–
1
2
3
+
0
,
+/-
="
MAT/MA161-ForestedAreas,4,1,Georgian,geo-GEO,კალკულატორიclose
MAT/MA161-ForestedAreas,4,2,Georgian,geo-GEO,PISA 2022
MAT/MA161-ForestedAreas,4,3,Georgian,geo-GEO,"ტყით დაფარული ტერიტორია
ცხრილში მოცემულია ინფორმაცია ტყით დაფარული ტერიტორიის პროცენტული მაჩვენებელის შესახებ კონკრეტული ქვეყნის მთლიან ტერიტორიასთან შეფარდებით. ცხრილში წარმოდგენილია 15 ქვეყნის მონაცემი. მონაცემები ასახავს 2005, 2010 და 2015 წლების მაჩვენებლებს.
სვეტი A ▾
სვეტი B
სვეტი C
სვეტი D
სვეტი E
სვეტი F
სვეტი G
ქვეყანა
2005
2010
2015
ალჟირი0,640,810,82გერმანია32,6632,7332,76ინდოეთი22,7723,4723,77კოლუმბია54,2652,8552,73ლიბანი13,3413,3813,42პანამა64,3363,2162,11პერუ59,0158,4557,79პორტუგალია36,5235,8935,25საბერძნეთი29,1130,2831,45სამხრეთ კორეა64,4264,0863,69სენეგალი45,0544,0142,97სომხეთი11,7711,7411,77ტაილანდი31,5131,8132,1ყაზახეთი1,241,231,23შეერთებული შტატები33,2633,733,85
გამოთვლა
სვეტი
სვეტი B
სვეტი C
სვეტი D
სვეტი E
სვეტი F
სვეტი G
მოქმედება
მიმატება
გამოკლება
გამრავლება
გაყოფა
სვეტი
სვეტი B
სვეტი C
სვეტი D
სვეტი E
სვეტი F
სვეტი G
აქტივაცია
საშუალო სიდიდე
სვეტი
სვეტი B
სვეტი C
სვეტი D
სვეტი E
სვეტი F
სვეტი G
აქტივაცია
წაშლა
closeდადასტურება"
MAT/MA161-ForestedAreas,4,4,Georgian,geo-GEO,"ტყით დაფარული ტერიტორია  შეკითხვა 1 / 4
როგორ გამოვიყენოთ ცხრილი
დააჭირეთ ღილაკს  რომ დაალაგოთ სვეტი მზარდი თანმიმდევრობით (დაბლიდან მაღლისაკენ).  ისევ დააჭირეთ ღილაკს, რომ დაალაგოთ სვეტი კლებადი თანმიმდევრობით (მაღლიდან დაბლისაკენ).
გამოთვლებისათვის
აირჩიეთ სვეტი პირველი ჩამოსაშლელი მენიუდან.
აირჩიეთ მოქმედება შუა ჩამოსაშლელი მენიუდან.
აირჩიეთ სვეტი ბოლო ჩამოსაშლელი მენიუდან.
დააჭირეთ  ღილაკს „აქტივაცია“.
შედეგები გამოჩნდება პირველივე ცარიელ სვეტში.
რომ გამოსახოთ საშუალო სიდიდე სვეტისათვის, აირჩიეთ სვეტი ჩამოსაშლელი მენიუდან და დააჭირეთ ღილაკს „აქტივაცია“. შედეგი გამოჩნდება მონიშნული სვეტის ქვეშ უჯრაში.
სვეტში მოქმედების გასაუქმებლად დააჭირეთ .
სვეტში მონაცემების წასაშლელად დააჭირეთ .
ცხრილის სრულად წასაშლელად დააჭირეთ ღილაკს „წაშლა“.
გამოიყენეთ მარჯვნივ გამოტანილი დავალება „ტყით დაფარული ტერიტორია“. ცხრილის დახმარებით უპასუხეთ ქვემოთ მოცემულ შეკითხვას. თითოეულ კითხვაზე პასუხის გასაცემად გამოიყენეთ ჩამოსაშლელი მენიუ.
ქვემოთ მოცემულ ცხრილში, უპასუხეთ ყველა შეკითხვას. მონიშნეთ ქვეყანა შესაბამის ჩამოსაშლელ მენიუში.
შეკითხვა
ქვეყანა
პროცენტულობის მიხედვით, რომელ ქვეყანაში შეინიშნება ყველაზე დიდი ზრდა 2005-დან 2015 წლამდე?
მონიშნეთალჟირიგერმანიაინდოეთიკოლუმბიალიბანიპანამაპერუპორტუგალიასაბერძნეთისამხრეთ კორეასენეგალისომხეთიტაილანდიყაზახეთიშეერთებული შტატები
რომელ ქვეყანაში არ შეინიშნება საყოველთაო ცვლილება 2005-დან 2015 წლამდე?
მონიშნეთალჟირიგერმანიაინდოეთიკოლუმბიალიბანიპანამაპერუპორტუგალიასაბერძნეთისამხრეთ კორეასენეგალისომხეთიტაილანდიყაზახეთიშეერთებული შტატები
პროცენტულობის მიხედვით, რომელ ქვეყანაში შეინიშნება ყველაზე დიდი კლება 2005-დან 2015 წლამდე?
მონიშნეთალჟირიგერმანიაინდოეთიკოლუმბიალიბანიპანამაპერუპორტუგალიასაბერძნეთისამხრეთ კორეასენეგალისომხეთიტაილანდიყაზახეთიშეერთებული შტატები"
MAT/MA161-ForestedAreas,4,5,Georgian,geo-GEO,"C
(
)
x2
yx
√x
1/x
π
÷
7
8
9
x
4
5
6
–
1
2
3
+
0
,
+/-
="
MAT/MA161-ForestedAreas,5,1,Georgian,geo-GEO,კალკულატორიclose
MAT/MA161-ForestedAreas,5,2,Georgian,geo-GEO,PISA 2022
MAT/MA161-ForestedAreas,5,3,Georgian,geo-GEO,"ტყით დაფარული ტერიტორია
ცხრილში მოცემულია ინფორმაცია ტყით დაფარული ტერიტორიის პროცენტული მაჩვენებელის შესახებ კონკრეტული ქვეყნის მთლიან ტერიტორიასთან შეფარდებით. ცხრილში წარმოდგენილია 15 ქვეყნის მონაცემი. მონაცემები ასახავს 2005, 2010 და 2015 წლების მაჩვენებლებს.
სვეტი A ▾
სვეტი B
სვეტი C
სვეტი D
სვეტი E
სვეტი F
სვეტი G
ქვეყანა
2005
2010
2015
ალჟირი0,640,810,82გერმანია32,6632,7332,76ინდოეთი22,7723,4723,77კოლუმბია54,2652,8552,73ლიბანი13,3413,3813,42პანამა64,3363,2162,11პერუ59,0158,4557,79პორტუგალია36,5235,8935,25საბერძნეთი29,1130,2831,45სამხრეთ კორეა64,4264,0863,69სენეგალი45,0544,0142,97სომხეთი11,7711,7411,77ტაილანდი31,5131,8132,1ყაზახეთი1,241,231,23შეერთებული შტატები33,2633,733,85
გამოთვლა
სვეტი
სვეტი B
სვეტი C
სვეტი D
სვეტი E
სვეტი F
სვეტი G
მოქმედება
მიმატება
გამოკლება
გამრავლება
გაყოფა
სვეტი
სვეტი B
სვეტი C
სვეტი D
სვეტი E
სვეტი F
სვეტი G
აქტივაცია
საშუალო სიდიდე
სვეტი
სვეტი B
სვეტი C
სვეტი D
სვეტი E
სვეტი F
სვეტი G
აქტივაცია
წაშლა
closeდადასტურება"
MAT/MA161-ForestedAreas,5,4,Georgian,geo-GEO,"ტყით დაფარული ტერიტორია  შეკითხვა 2 / 4
როგორ გამოვიყენოთ ცხრილი
დააჭირეთ ღილაკს  რომ დაალაგოთ სვეტი მზარდი თანმიმდევრობით (დაბლიდან მაღლისაკენ).  ისევ დააჭირეთ ღილაკს, რომ დაალაგოთ სვეტი კლებადი თანმიმდევრობით (მაღლიდან დაბლისაკენ).
გამოთვლებისათვის
აირჩიეთ სვეტი პირველი ჩამოსაშლელი მენიუდან.
აირჩიეთ მოქმედება შუა ჩამოსაშლელი მენიუდან.
აირჩიეთ სვეტი ბოლო ჩამოსაშლელი მენიუდან.
დააჭირეთ  ღილაკს „აქტივაცია“.
შედეგები გამოჩნდება პირველივე ცარიელ სვეტში.
რომ გამოსახოთ საშუალო სიდიდე სვეტისათვის, აირჩიეთ სვეტი ჩამოსაშლელი მენიუდან და დააჭირეთ ღილაკს „აქტივაცია“. შედეგი გამოჩნდება მონიშნული სვეტის ქვეშ უჯრაში.
სვეტში მოქმედების გასაუქმებლად დააჭირეთ .
სვეტში მონაცემების წასაშლელად დააჭირეთ .
ცხრილის სრულად წასაშლელად დააჭირეთ ღილაკს „წაშლა“.
გამოიყენეთ მარჯვნივ გამოტანილი დავალება „ტყით დაფარული ტერიტორია“. ცხრილის დახმარებით უპასუხეთ ქვემოთ მოცემულ შეკითხვას. პასუხის გასაცემად დააჭირეთ სწორ პასუხს.
დააკვირდით დროის ორ მონაკვეთს: 2005-დან 2010 წლამდე და 2010-დან 2015 წლამდე.
ქვემოთ ჩამოთვლილთაგან, რომელი დებულება აღწერს სწორად ტყით დაფარული ტერიტორიის საშუალო პროცენტულ ცვლილებას დროის ორივე მონაკვეთში?
საშუალო ცვლილება იყო დადებითი დროის ორივე მონაკვეთში.
საშუალო ცვლილება იყო უარყოფითი დროის ორივე მონაკვეთში.
საშუალო ცვლილება იყო ერთნაირი დროის ორივე მონაკვეთში.
საშუალო ცვლილება იყო დადებითი დროის ერთ მონაკვეთში, ხოლო უარყოფითი - დროის მეორე მონაკვეთში."
MAT/MA161-ForestedAreas,5,5,Georgian,geo-GEO,"C
(
)
x2
yx
√x
1/x
π
÷
7
8
9
x
4
5
6
–
1
2
3
+
0
,
+/-
="
MAT/MA161-ForestedAreas,6,1,Georgian,geo-GEO,კალკულატორიclose
MAT/MA161-ForestedAreas,6,2,Georgian,geo-GEO,PISA 2022
MAT/MA161-ForestedAreas,6,3,Georgian,geo-GEO,"ტყით დაფარული ტერიტორია
ცხრილში მოცემულია ინფორმაცია ტყით დაფარული ტერიტორიის პროცენტული მაჩვენებელის შესახებ კონკრეტული ქვეყნის მთლიან ტერიტორიასთან შეფარდებით. ცხრილში წარმოდგენილია 15 ქვეყნის მონაცემი. მონაცემები ასახავს 2005, 2010 და 2015 წლების მაჩვენებლებს.
სვეტი A ▾
სვეტი B
სვეტი C
სვეტი D
სვეტი E
სვეტი F
სვეტი G
ქვეყანა
2005
2010
2015
ალჟირი0,640,810,82გერმანია32,6632,7332,76ინდოეთი22,7723,4723,77კოლუმბია54,2652,8552,73ლიბანი13,3413,3813,42პანამა64,3363,2162,11პერუ59,0158,4557,79პორტუგალია36,5235,8935,25საბერძნეთი29,1130,2831,45სამხრეთ კორეა64,4264,0863,69სენეგალი45,0544,0142,97სომხეთი11,7711,7411,77ტაილანდი31,5131,8132,1ყაზახეთი1,241,231,23შეერთებული შტატები33,2633,733,85
გამოთვლა
სვეტი
სვეტი B
სვეტი C
სვეტი D
სვეტი E
სვეტი F
სვეტი G
მოქმედება
მიმატება
გამოკლება
გამრავლება
გაყოფა
სვეტი
სვეტი B
სვეტი C
სვეტი D
სვეტი E
სვეტი F
სვეტი G
აქტივაცია
საშუალო სიდიდე
სვეტი
სვეტი B
სვეტი C
სვეტი D
სვეტი E
სვეტი F
სვეტი G
აქტივაცია
წაშლა
closeდადასტურება"
MAT/MA161-ForestedAreas,6,4,Georgian,geo-GEO,"ტყით დაფარული ტერიტორია  შეკითხვა 3 / 4
როგორ გამოვიყენოთ ცხრილი
დააჭირეთ ღილაკს  რომ დაალაგოთ სვეტი მზარდი თანმიმდევრობით (დაბლიდან მაღლისაკენ).  ისევ დააჭირეთ ღილაკს, რომ დაალაგოთ სვეტი კლებადი თანმიმდევრობით (მაღლიდან დაბლისაკენ).
გამოთვლებისათვის
აირჩიეთ სვეტი პირველი ჩამოსაშლელი მენიუდან.
აირჩიეთ მოქმედება შუა ჩამოსაშლელი მენიუდან.
აირჩიეთ სვეტი ბოლო ჩამოსაშლელი მენიუდან.
დააჭირეთ  ღილაკს „აქტივაცია“.
შედეგები გამოჩნდება პირველივე ცარიელ სვეტში.
რომ გამოსახოთ საშუალო სიდიდე სვეტისათვის, აირჩიეთ სვეტი ჩამოსაშლელი მენიუდან და დააჭირეთ ღილაკს „აქტივაცია“. შედეგი გამოჩნდება მონიშნული სვეტის ქვეშ უჯრაში.
სვეტში მოქმედების გასაუქმებლად დააჭირეთ .
სვეტში მონაცემების წასაშლელად დააჭირეთ .
ცხრილის სრულად წასაშლელად დააჭირეთ ღილაკს „წაშლა“.
გამოიყენეთ მარჯვნივ გამოტანილი დავალება „ტყით დაფარული ტერიტორია“. ცხრილის დახმარებით უპასუხეთ ქვემოთ მოცემულ შეკითხვას. პასუხის გასაცემად გამოიყენეთ ჩამოსაშლელი მენიუ.
დააკვირდით დროის ორ მონაკვეთს: 2005-დან 2010 წლამდე და 2010-დან 2015 წლამდე.
პროცენტული მაჩვენებლის მიხედვით, რომელ ორ ქვეყანაში დაფიქსირდა ტყით დაფარული ტერიტორიის პროცენტის ყველაზე დიდი ცვლილება დროის ერთი მონაკვეთიდან დროის მეორე მონაკვეთზე გადასვლისას?
პასუხები:
მონიშნეთალჟირიგერმანიაინდოეთიკოლუმბიალიბანიპანამაპერუპორტუგალიასაბერძნეთისამხრეთ კორეასენეგალისომხეთიტაილანდიყაზახეთიშეერთებული შტატები
და
მონიშნეთალჟირიგერმანიაინდოეთიკოლუმბიალიბანიპანამაპერუპორტუგალიასაბერძნეთისამხრეთ კორეასენეგალისომხეთიტაილანდიყაზახეთიშეერთებული შტატები"
MAT/MA161-ForestedAreas,6,5,Georgian,geo-GEO,"C
(
)
x2
yx
√x
1/x
π
÷
7
8
9
x
4
5
6
–
1
2
3
+
0
,
+/-
="
MAT/MA161-ForestedAreas,7,1,Georgian,geo-GEO,კალკულატორიclose
MAT/MA161-ForestedAreas,7,2,Georgian,geo-GEO,PISA 2022
MAT/MA161-ForestedAreas,7,3,Georgian,geo-GEO,"ტყით დაფარული ტერიტორია
ცხრილში მოცემულია ინფორმაცია ტყით დაფარული ტერიტორიის პროცენტული მაჩვენებელის შესახებ კონკრეტული ქვეყნის მთლიან ტერიტორიასთან შეფარდებით. ცხრილში წარმოდგენილია 15 ქვეყნის მონაცემი. მონაცემები ასახავს 2005, 2010 და 2015 წლების მაჩვენებლებს.
სვეტი A ▾
სვეტი B
სვეტი C
სვეტი D
სვეტი E
სვეტი F
სვეტი G
ქვეყანა
2005
2010
2015
ალჟირი0,640,810,82გერმანია32,6632,7332,76ინდოეთი22,7723,4723,77კოლუმბია54,2652,8552,73ლიბანი13,3413,3813,42პანამა64,3363,2162,11პერუ59,0158,4557,79პორტუგალია36,5235,8935,25საბერძნეთი29,1130,2831,45სამხრეთ კორეა64,4264,0863,69სენეგალი45,0544,0142,97სომხეთი11,7711,7411,77ტაილანდი31,5131,8132,1ყაზახეთი1,241,231,23შეერთებული შტატები33,2633,733,85
გამოთვლა
სვეტი
სვეტი B
სვეტი C
სვეტი D
სვეტი E
სვეტი F
სვეტი G
მოქმედება
მიმატება
გამოკლება
გამრავლება
გაყოფა
სვეტი
სვეტი B
სვეტი C
სვეტი D
სვეტი E
სვეტი F
სვეტი G
აქტივაცია
საშუალო სიდიდე
სვეტი
სვეტი B
სვეტი C
სვეტი D
სვეტი E
სვეტი F
სვეტი G
აქტივაცია
წაშლა
closeდადასტურება"
MAT/MA161-ForestedAreas,7,4,Georgian,geo-GEO,"ტყით დაფარული ტერიტორია  შეკითხვა 4 / 4
როგორ გამოვიყენოთ ცხრილი
დააჭირეთ ღილაკს  რომ დაალაგოთ სვეტი მზარდი თანმიმდევრობით (დაბლიდან მაღლისაკენ).  ისევ დააჭირეთ ღილაკს, რომ დაალაგოთ სვეტი კლებადი თანმიმდევრობით (მაღლიდან დაბლისაკენ).
გამოთვლებისათვის
აირჩიეთ სვეტი პირველი ჩამოსაშლელი მენიუდან.
აირჩიეთ მოქმედება შუა ჩამოსაშლელი მენიუდან.
აირჩიეთ სვეტი ბოლო ჩამოსაშლელი მენიუდან.
დააჭირეთ  ღილაკს „აქტივაცია“.
შედეგები გამოჩნდება პირველივე ცარიელ სვეტში.
რომ გამოსახოთ საშუალო სიდიდე სვეტისათვის, აირჩიეთ სვეტი ჩამოსაშლელი მენიუდან და დააჭირეთ ღილაკს „აქტივაცია“. შედეგი გამოჩნდება მონიშნული სვეტის ქვეშ უჯრაში.
სვეტში მოქმედების გასაუქმებლად დააჭირეთ .
სვეტში მონაცემების წასაშლელად დააჭირეთ .
ცხრილის სრულად წასაშლელად დააჭირეთ ღილაკს „წაშლა“.
გამოიყენეთ მარჯვნივ გამოტანილი დავალება „ტყით დაფარული ტერიტორია“. ცხრილის დახმარებით უპასუხეთ ქვემოთ მოცემულ შეკითხვას. მონიშნეთ არჩევანი და შემდეგ ჩაწერეთ პასუხის დასაბუთება.
ელენე ამტკიცებს, რომ ჩამოთვლილ ქვეყნებს შორის, მოცემული წლების მიხედვით, ტყით დაფარული ყველაზე დიდი ტერიტორია აქვს სამხრეთ კორეას.
ამყარებს თუ არა ცხრილში წარმოდგენილი მონაცემები ელენეს მოსაზრებას?
დიახ
არა
პასუხი დაასაბუთეთ."
MAT/MA161-ForestedAreas,7,5,Georgian,geo-GEO,"C
(
)
x2
yx
√x
1/x
π
÷
7
8
9
x
4
5
6
–
1
2
3
+
0
,
+/-
="
MAT/MA161-ForestedAreas,1,1,German,deu-DEU,Taschenrechnerclose
MAT/MA161-ForestedAreas,1,2,German,deu-DEU,PISA
MAT/MA161-ForestedAreas,1,3,German,deu-DEU,"Waldfläche  Einleitung
Lies die Einleitung. Klicke dann auf den WEITER-Pfeil.
WALDFLÄCHE
In dieser Einheit sollst du mithilfe einer Berechnungstabelle Fragen in Bezug auf die folgende Situation beantworten:
Ein Wald ist ein Ökosystem, in dem eine Vielfalt an Bäumen, Pflanzen und Tieren zu finden ist.
Der Anteil der Waldfläche in einem Land kann sich im Laufe der Zeit verändern.
Im nächsten Fenster kannst du die Verwendung der Berechnungstabelle üben."
MAT/MA161-ForestedAreas,1,4,German,deu-DEU,"C
(
)
x2
yx
√x
1/x
π
÷
7
8
9
x
4
5
6
–
1
2
3
+
0
.
+/-
="
MAT/MA161-ForestedAreas,2,1,German,deu-DEU,Taschenrechnerclose
MAT/MA161-ForestedAreas,2,2,German,deu-DEU,PISA
MAT/MA161-ForestedAreas,2,3,German,deu-DEU,"WALDFLÄCHE
Die Berechnungstabelle unten zeigt den prozentualen Anteil der Waldfläche an der gesamten Bodenfläche in 15 Ländern. Daten sind für die Jahre 2005, 2010 und 2015 angegeben.
Spalte A ▾
Spalte B
Spalte C
Spalte D
Spalte E
Spalte F
Spalte G
Land
2005
2010
2015
Algerien0,640,810,82Armenien11,7711,7411,77Deutschland32,6632,7332,76Griechenland29,1130,2831,45Indien22,7723,4723,77Kasachstan1,241,231,23Kolumbien54,2652,8552,73Libanon13,3413,3813,42Panama64,3363,2162,11Peru59,0158,4557,79Portugal36,5235,8935,25Senegal45,0544,0142,97Südkorea64,4264,0863,69Thailand31,5131,8132,1Vereinigte Staaten33,2633,733,85
Berechnen
Spalte
Spalte B
Spalte C
Spalte D
Spalte E
Spalte F
Spalte G
Rechenoperation
Addieren
Subtrahieren
Multiplizieren
Dividieren
Spalte
Spalte B
Spalte C
Spalte D
Spalte E
Spalte F
Spalte G
Start
Mittelwert
Spalte
Spalte B
Spalte C
Spalte D
Spalte E
Spalte F
Spalte G
Start
Alle löschen
closeOK"
MAT/MA161-ForestedAreas,2,4,German,deu-DEU,"Waldfläche  Übung
Hier kannst du die Verwendung der Berechnungstabelle üben, bevor du mit den Fragen beginnst.
Verwende die Berechnungstabelle, um die folgenden drei Aktionen auszuführen.
Eine Spalte sortieren.
Klicke auf das  Symbol in Spalte B, C oder D, um diese Spalte in aufsteigender Reihenfolge (vom niedrigsten zum höchsten Wert) zu sortieren.
Beachte: Durch das Sortieren einer beliebigen Spalte werden auch alle anderen Spalten entsprechend sortiert.
Eine Berechnung durchführen
Wähle eine Spalte aus dem ersten Drop-down-Menü unter der Berechnungstabelle aus.
Wähle nun aus dem mittleren Drop-down-Menü eine Rechenoperation aus.
Wähle dann eine Spalte aus dem letzten Drop-down-Menü aus.
Klicke auf „Start“.
Die Ergebnisse werden in der ersten verfügbaren leeren Spalte angezeigt.
Den Mittelwert (Durchschnitt) einer Spalte anzeigen.
Wähle eine Spalte aus dem Drop-down-Menü neben „Mittelwert“ unter der Berechnungstabelle aus.
Klicke auf „Start“.
Das Ergebnis wird in der Zelle unter dieser Spalte angezeigt.
Klicke auf , um fortzufahren."
MAT/MA161-ForestedAreas,2,5,German,deu-DEU,"C
(
)
x2
yx
√x
1/x
π
÷
7
8
9
x
4
5
6
–
1
2
3
+
0
.
+/-
="
MAT/MA161-ForestedAreas,3,1,German,deu-DEU,Taschenrechnerclose
MAT/MA161-ForestedAreas,3,2,German,deu-DEU,PISA
MAT/MA161-ForestedAreas,3,3,German,deu-DEU,"WALDFLÄCHE
Die Berechnungstabelle unten zeigt den prozentualen Anteil der Waldfläche an der gesamten Bodenfläche in 15 Ländern. Daten sind für die Jahre 2005, 2010 und 2015 angegeben.
Spalte A ▾
Spalte B
Spalte C
Spalte D
Spalte E
Spalte F
Spalte G
Land
2005
2010
2015
Algerien0,640,810,82Armenien11,7711,7411,77Deutschland32,6632,7332,76Griechenland29,1130,2831,45Indien22,7723,4723,77Kasachstan1,241,231,23Kolumbien54,2652,8552,73Libanon13,3413,3813,42Panama64,3363,2162,11Peru59,0158,4557,79Portugal36,5235,8935,25Senegal45,0544,0142,97Südkorea64,4264,0863,69Thailand31,5131,8132,1Vereinigte Staaten33,2633,733,85
Berechnen
Spalte
Spalte B
Spalte C
Spalte D
Spalte E
Spalte F
Spalte G
Rechenoperation
Addieren
Subtrahieren
Multiplizieren
Dividieren
Spalte
Spalte B
Spalte C
Spalte D
Spalte E
Spalte F
Spalte G
Start
Mittelwert
Spalte
Spalte B
Spalte C
Spalte D
Spalte E
Spalte F
Spalte G
Start
Alle löschen
closeOK"
MAT/MA161-ForestedAreas,3,4,German,deu-DEU,"Waldfläche  Anleitung
Erklärungen zur Verwendung der Berechnungstabelle kannst du dir bei jeder Frage anzeigen lassen.
Sie befinden sich im Menü „So verwendest du die Berechnungstabelle“, das geöffnet und geschlossen werden kann.
Klicke auf den Balken unten, um die Erklärungen anzeigen zu lassen. Klicke erneut auf den Balken, um die Erklärungen auszublenden.
So verwendest du die Berechnungstabelle
Klicke auf , um eine Spalte in aufsteigender Reihenfolge (vom niedrigsten zum höchsten Wert) zu sortieren.  Klicke erneut auf das Symbol, um die Spalte in absteigender Reihenfolge (vom höchsten zum niedrigsten Wert) zu sortieren.
Um Berechnungen durchzuführen:
Wähle eine Spalte aus dem ersten Drop-down-Menü aus.
Wähle eine Rechenoperation aus dem mittleren Drop-down-Menü aus.
Wähle eine Spalte aus dem letzten Drop-down-Menü aus.
Klicke auf „Start“.
Die Ergebnisse werden in der ersten verfügbaren leeren Spalte angezeigt.
Um den Mittelwert (Durchschnitt) einer Spalte anzuzeigen, wähle eine Spalte aus dem Drop-down-Menü aus und klicke auf „Start“. Das Ergebnis wird in der Zelle unter dieser Spalte angezeigt.
Um eine Aktion in einer Spalte rückgängig zu machen, klicke auf .
Um die Inhalte einer Spalte zu löschen, klicke auf .
Um die Inhalte der Berechnungstabelle vollständig zu löschen, klicke auf „Alle löschen“.
Klicke auf , um fortzufahren."
MAT/MA161-ForestedAreas,3,5,German,deu-DEU,"C
(
)
x2
yx
√x
1/x
π
÷
7
8
9
x
4
5
6
–
1
2
3
+
0
.
+/-
="
MAT/MA161-ForestedAreas,4,1,German,deu-DEU,Taschenrechnerclose
MAT/MA161-ForestedAreas,4,2,German,deu-DEU,PISA
MAT/MA161-ForestedAreas,4,3,German,deu-DEU,"WALDFLÄCHE
Die Berechnungstabelle unten zeigt den prozentualen Anteil der Waldfläche an der gesamten Bodenfläche in 15 Ländern. Daten sind für die Jahre 2005, 2010 und 2015 angegeben.
Spalte A ▾
Spalte B
Spalte C
Spalte D
Spalte E
Spalte F
Spalte G
Land
2005
2010
2015
Algerien0,640,810,82Armenien11,7711,7411,77Deutschland32,6632,7332,76Griechenland29,1130,2831,45Indien22,7723,4723,77Kasachstan1,241,231,23Kolumbien54,2652,8552,73Libanon13,3413,3813,42Panama64,3363,2162,11Peru59,0158,4557,79Portugal36,5235,8935,25Senegal45,0544,0142,97Südkorea64,4264,0863,69Thailand31,5131,8132,1Vereinigte Staaten33,2633,733,85
Berechnen
Spalte
Spalte B
Spalte C
Spalte D
Spalte E
Spalte F
Spalte G
Rechenoperation
Addieren
Subtrahieren
Multiplizieren
Dividieren
Spalte
Spalte B
Spalte C
Spalte D
Spalte E
Spalte F
Spalte G
Start
Mittelwert
Spalte
Spalte B
Spalte C
Spalte D
Spalte E
Spalte F
Spalte G
Start
Alle löschen
closeOK"
MAT/MA161-ForestedAreas,4,4,German,deu-DEU,"Waldfläche  Frage 1 / 4
So verwendest du die Berechnungstabelle
Klicke auf , um eine Spalte in aufsteigender Reihenfolge (vom niedrigsten zum höchsten Wert) zu sortieren.  Klicke erneut auf das Symbol, um die Spalte in absteigender Reihenfolge (vom höchsten zum niedrigsten Wert) zu sortieren.
Um Berechnungen durchzuführen:
Wähle eine Spalte aus dem ersten Drop-down-Menü aus.
Wähle eine Rechenoperation aus dem mittleren Drop-down-Menü aus.
Wähle eine Spalte aus dem letzten Drop-down-Menü aus.
Klicke auf „Start“.
Die Ergebnisse werden in der ersten verfügbaren leeren Spalte angezeigt.
Um den Mittelwert (Durchschnitt) einer Spalte anzuzeigen, wähle eine Spalte aus dem Drop-down-Menü aus und klicke auf „Start“. Das Ergebnis wird in der Zelle unter dieser Spalte angezeigt.
Um eine Aktion in einer Spalte rückgängig zu machen, klicke auf .
Um die Inhalte einer Spalte zu löschen, klicke auf .
Um die Inhalte der Berechnungstabelle vollständig zu löschen, klicke auf „Alle löschen“.
Beziehe dich auf „Waldfläche“ auf der rechten Seite. Beantworte die Frage unten mithilfe der Berechnungstabelle. Wähle aus den Drop-down-Menüs aus, um jede Frage zu beantworten.
Beantworte die Fragen in der Tabelle unten, indem du jeweils ein Land aus dem Drop-down-Menü auswählst.
Frage
Land
Gemessen in Prozentpunkten gab es in welchem Land zwischen 2005 und 2015 den größten Zuwachs?
AuswählenAlgerienArmenienDeutschlandGriechenlandIndienKasachstanKolumbienLibanonPanamaPeruPortugalSenegalSüdkoreaThailandVereinigte Staaten
In welchem Land gab es zwischen 2005 und 2015 insgesamt keine Veränderung?
AuswählenAlgerienArmenienDeutschlandGriechenlandIndienKasachstanKolumbienLibanonPanamaPeruPortugalSenegalSüdkoreaThailandVereinigte Staaten
Gemessen in Prozentpunkten gab es in welchem Land zwischen 2005 und 2015 den größten Rückgang?
AuswählenAlgerienArmenienDeutschlandGriechenlandIndienKasachstanKolumbienLibanonPanamaPeruPortugalSenegalSüdkoreaThailandVereinigte Staaten"
MAT/MA161-ForestedAreas,4,5,German,deu-DEU,"C
(
)
x2
yx
√x
1/x
π
÷
7
8
9
x
4
5
6
–
1
2
3
+
0
.
+/-
="
MAT/MA161-ForestedAreas,5,1,German,deu-DEU,Taschenrechnerclose
MAT/MA161-ForestedAreas,5,2,German,deu-DEU,PISA
MAT/MA161-ForestedAreas,5,3,German,deu-DEU,"WALDFLÄCHE
Die Berechnungstabelle unten zeigt den prozentualen Anteil der Waldfläche an der gesamten Bodenfläche in 15 Ländern. Daten sind für die Jahre 2005, 2010 und 2015 angegeben.
Spalte A ▾
Spalte B
Spalte C
Spalte D
Spalte E
Spalte F
Spalte G
Land
2005
2010
2015
Algerien0,640,810,82Armenien11,7711,7411,77Deutschland32,6632,7332,76Griechenland29,1130,2831,45Indien22,7723,4723,77Kasachstan1,241,231,23Kolumbien54,2652,8552,73Libanon13,3413,3813,42Panama64,3363,2162,11Peru59,0158,4557,79Portugal36,5235,8935,25Senegal45,0544,0142,97Südkorea64,4264,0863,69Thailand31,5131,8132,1Vereinigte Staaten33,2633,733,85
Berechnen
Spalte
Spalte B
Spalte C
Spalte D
Spalte E
Spalte F
Spalte G
Rechenoperation
Addieren
Subtrahieren
Multiplizieren
Dividieren
Spalte
Spalte B
Spalte C
Spalte D
Spalte E
Spalte F
Spalte G
Start
Mittelwert
Spalte
Spalte B
Spalte C
Spalte D
Spalte E
Spalte F
Spalte G
Start
Alle löschen
closeOK"
MAT/MA161-ForestedAreas,5,4,German,deu-DEU,"Waldfläche  Frage 2 / 4
So verwendest du die Berechnungstabelle
Klicke auf , um eine Spalte in aufsteigender Reihenfolge (vom niedrigsten zum höchsten Wert) zu sortieren.  Klicke erneut auf das Symbol, um die Spalte in absteigender Reihenfolge (vom höchsten zum niedrigsten Wert) zu sortieren.
Um Berechnungen durchzuführen:
Wähle eine Spalte aus dem ersten Drop-down-Menü aus.
Wähle eine Rechenoperation aus dem mittleren Drop-down-Menü aus.
Wähle eine Spalte aus dem letzten Drop-down-Menü aus.
Klicke auf „Start“.
Die Ergebnisse werden in der ersten verfügbaren leeren Spalte angezeigt.
Um den Mittelwert (Durchschnitt) einer Spalte anzuzeigen, wähle eine Spalte aus dem Drop-down-Menü aus und klicke auf „Start“. Das Ergebnis wird in der Zelle unter dieser Spalte angezeigt.
Um eine Aktion in einer Spalte rückgängig zu machen, klicke auf .
Um die Inhalte einer Spalte zu löschen, klicke auf .
Um die Inhalte der Berechnungstabelle vollständig zu löschen, klicke auf „Alle löschen“.
Beziehe dich auf „Waldfläche“ auf der rechten Seite. Beantworte die Frage unten mithilfe der Berechnungstabelle. Klicke eine Antwort an, um die Frage zu beantworten.
Betrachte die beiden Zeiträume: 2005 bis 2010 und 2010 bis 2015.
Welche der folgenden Aussagen beschreibt die durchschnittliche Veränderung des prozentualen Anteils der Waldfläche in beiden Zeiträumen richtig?
Die durchschnittliche Veränderung war in beiden Zeiträumen positiv.
Die durchschnittliche Veränderung war in beiden Zeiträumen negativ.
Die durchschnittliche Veränderung war in beiden Zeiträumen gleich.
Die durchschnittliche Veränderung war im einen Zeitraum positiv und im anderen Zeitraum negativ."
MAT/MA161-ForestedAreas,5,5,German,deu-DEU,"C
(
)
x2
yx
√x
1/x
π
÷
7
8
9
x
4
5
6
–
1
2
3
+
0
.
+/-
="
MAT/MA161-ForestedAreas,6,1,German,deu-DEU,Taschenrechnerclose
MAT/MA161-ForestedAreas,6,2,German,deu-DEU,PISA
MAT/MA161-ForestedAreas,6,3,German,deu-DEU,"WALDFLÄCHE
Die Berechnungstabelle unten zeigt den prozentualen Anteil der Waldfläche an der gesamten Bodenfläche in 15 Ländern. Daten sind für die Jahre 2005, 2010 und 2015 angegeben.
Spalte A ▾
Spalte B
Spalte C
Spalte D
Spalte E
Spalte F
Spalte G
Land
2005
2010
2015
Algerien0,640,810,82Armenien11,7711,7411,77Deutschland32,6632,7332,76Griechenland29,1130,2831,45Indien22,7723,4723,77Kasachstan1,241,231,23Kolumbien54,2652,8552,73Libanon13,3413,3813,42Panama64,3363,2162,11Peru59,0158,4557,79Portugal36,5235,8935,25Senegal45,0544,0142,97Südkorea64,4264,0863,69Thailand31,5131,8132,1Vereinigte Staaten33,2633,733,85
Berechnen
Spalte
Spalte B
Spalte C
Spalte D
Spalte E
Spalte F
Spalte G
Rechenoperation
Addieren
Subtrahieren
Multiplizieren
Dividieren
Spalte
Spalte B
Spalte C
Spalte D
Spalte E
Spalte F
Spalte G
Start
Mittelwert
Spalte
Spalte B
Spalte C
Spalte D
Spalte E
Spalte F
Spalte G
Start
Alle löschen
closeOK"
MAT/MA161-ForestedAreas,6,4,German,deu-DEU,"Waldfläche  Frage 3 / 4
So verwendest du die Berechnungstabelle
Klicke auf , um eine Spalte in aufsteigender Reihenfolge (vom niedrigsten zum höchsten Wert) zu sortieren.  Klicke erneut auf das Symbol, um die Spalte in absteigender Reihenfolge (vom höchsten zum niedrigsten Wert) zu sortieren.
Um Berechnungen durchzuführen:
Wähle eine Spalte aus dem ersten Drop-down-Menü aus.
Wähle eine Rechenoperation aus dem mittleren Drop-down-Menü aus.
Wähle eine Spalte aus dem letzten Drop-down-Menü aus.
Klicke auf „Start“.
Die Ergebnisse werden in der ersten verfügbaren leeren Spalte angezeigt.
Um den Mittelwert (Durchschnitt) einer Spalte anzuzeigen, wähle eine Spalte aus dem Drop-down-Menü aus und klicke auf „Start“. Das Ergebnis wird in der Zelle unter dieser Spalte angezeigt.
Um eine Aktion in einer Spalte rückgängig zu machen, klicke auf .
Um die Inhalte einer Spalte zu löschen, klicke auf .
Um die Inhalte der Berechnungstabelle vollständig zu löschen, klicke auf „Alle löschen“.
Beziehe dich auf „Waldfläche“ auf der rechten Seite. Beantworte die Frage unten mithilfe der Berechnungstabelle. Wähle aus den Drop-down-Menüs aus, um die Frage zu beantworten.
Betrachte die beiden Zeiträume: 2005 bis 2010 und 2010 bis 2015.
Gemessen in Prozentpunkten war in welchen zwei Ländern die Veränderung der Waldfläche von einem Zeitraum zum nächsten Zeitraum am größten?
Antworten:
AuswählenAlgerienArmenienDeutschlandGriechenlandIndienKasachstanKolumbienLibanonPanamaPeruPortugalSenegalSüdkoreaThailandVereinigte Staaten
und
AuswählenAlgerienArmenienDeutschlandGriechenlandIndienKasachstanKolumbienLibanonPanamaPeruPortugalSenegalSüdkoreaThailandVereinigte Staaten"
MAT/MA161-ForestedAreas,6,5,German,deu-DEU,"C
(
)
x2
yx
√x
1/x
π
÷
7
8
9
x
4
5
6
–
1
2
3
+
0
.
+/-
="
MAT/MA161-ForestedAreas,7,1,German,deu-DEU,Taschenrechnerclose
MAT/MA161-ForestedAreas,7,2,German,deu-DEU,PISA
MAT/MA161-ForestedAreas,7,3,German,deu-DEU,"WALDFLÄCHE
Die Berechnungstabelle unten zeigt den prozentualen Anteil der Waldfläche an der gesamten Bodenfläche in 15 Ländern. Daten sind für die Jahre 2005, 2010 und 2015 angegeben.
Spalte A ▾
Spalte B
Spalte C
Spalte D
Spalte E
Spalte F
Spalte G
Land
2005
2010
2015
Algerien0,640,810,82Armenien11,7711,7411,77Deutschland32,6632,7332,76Griechenland29,1130,2831,45Indien22,7723,4723,77Kasachstan1,241,231,23Kolumbien54,2652,8552,73Libanon13,3413,3813,42Panama64,3363,2162,11Peru59,0158,4557,79Portugal36,5235,8935,25Senegal45,0544,0142,97Südkorea64,4264,0863,69Thailand31,5131,8132,1Vereinigte Staaten33,2633,733,85
Berechnen
Spalte
Spalte B
Spalte C
Spalte D
Spalte E
Spalte F
Spalte G
Rechenoperation
Addieren
Subtrahieren
Multiplizieren
Dividieren
Spalte
Spalte B
Spalte C
Spalte D
Spalte E
Spalte F
Spalte G
Start
Mittelwert
Spalte
Spalte B
Spalte C
Spalte D
Spalte E
Spalte F
Spalte G
Start
Alle löschen
closeOK"
MAT/MA161-ForestedAreas,7,4,German,deu-DEU,"Waldfläche  Frage 4 / 4
So verwendest du die Berechnungstabelle
Klicke auf , um eine Spalte in aufsteigender Reihenfolge (vom niedrigsten zum höchsten Wert) zu sortieren.  Klicke erneut auf das Symbol, um die Spalte in absteigender Reihenfolge (vom höchsten zum niedrigsten Wert) zu sortieren.
Um Berechnungen durchzuführen:
Wähle eine Spalte aus dem ersten Drop-down-Menü aus.
Wähle eine Rechenoperation aus dem mittleren Drop-down-Menü aus.
Wähle eine Spalte aus dem letzten Drop-down-Menü aus.
Klicke auf „Start“.
Die Ergebnisse werden in der ersten verfügbaren leeren Spalte angezeigt.
Um den Mittelwert (Durchschnitt) einer Spalte anzuzeigen, wähle eine Spalte aus dem Drop-down-Menü aus und klicke auf „Start“. Das Ergebnis wird in der Zelle unter dieser Spalte angezeigt.
Um eine Aktion in einer Spalte rückgängig zu machen, klicke auf .
Um die Inhalte einer Spalte zu löschen, klicke auf .
Um die Inhalte der Berechnungstabelle vollständig zu löschen, klicke auf „Alle löschen“.
Beziehe dich auf „Waldfläche“ auf der rechten Seite. Beantworte die Frage unten mithilfe der Berechnungstabelle. Klicke eine Antwort an und gib dann eine Erklärung ein, um die Frage zu beantworten.
Helena behauptet, Südkorea habe in den dargestellten Jahren mehr Waldfläche als jedes andere Land in dieser Liste.
Wird ihre Behauptung durch die Daten der Berechnungstabelle gestützt?
Ja
Nein
Erkläre deine Antwort."
MAT/MA161-ForestedAreas,7,5,German,deu-DEU,"C
(
)
x2
yx
√x
1/x
π
÷
7
8
9
x
4
5
6
–
1
2
3
+
0
.
+/-
="
MAT/MA161-ForestedAreas,1,1,Greek,ell-GRC,Κομπιουτεράκιclose
MAT/MA161-ForestedAreas,1,2,Greek,ell-GRC,PISA
MAT/MA161-ForestedAreas,1,3,Greek,ell-GRC,"Δασική έκταση  Εισαγωγή
Να διαβάσεις την εισαγωγή. Μετά κάνε κλικ στο βελάκι ΕΠΟΜΕΝΟ.
ΔΑΣΙΚΗ ΕΚΤΑΣΗ
Σε αυτό το θέμα πρέπει να χρησιμοποιήσεις ένα λογιστικό φύλλο, για να απαντήσεις σε ερωτήσεις σχετικά με την παρακάτω περίσταση:
Το δάσος είναι ένα οικοσύστημα, στο οποίο υπάρχει ποικιλία δένδρων, φυτών και ζώων.
Το μέγεθος της δασικής έκτασης σε μια χώρα μπορεί να αλλάξει με την πάροδο του χρόνου.
Στην επόμενη οθόνη, μπορείς να εξασκηθείς στη χρήση του λογιστικού φύλλου."
MAT/MA161-ForestedAreas,1,4,Greek,ell-GRC,"C
(
)
x2
yx
√x
1/x
π
÷
7
8
9
x
4
5
6
–
1
2
3
+
0
.
+/-
="
MAT/MA161-ForestedAreas,2,1,Greek,ell-GRC,Κομπιουτεράκιclose
MAT/MA161-ForestedAreas,2,2,Greek,ell-GRC,PISA
MAT/MA161-ForestedAreas,2,3,Greek,ell-GRC,"Δασική έκταση  Εξάσκηση
Μπορείς να εξασκηθείς στη χρήση του λογιστικού φύλλου, πριν περάσεις στις ερωτήσεις.
Να χρησιμοποιήσεις το λογιστικό φύλλο, για να κάνεις τις τρεις επόμενες ενέργειες.
Ταξινόμηση στήλης.
Κάνε κλικ στο σύμβολο  στη Στήλη Β, Γ ή Δ, για να ταξινομήσεις αυτήν τη στήλη κατά αύξουσα σειρά (από το μικρότερο στο μεγαλύτερο).
Παρατήρησε ότι, όταν ταξινομούμε μια στήλη, τα δεδομένα των άλλων στηλών ακολουθούν τα αντίστοιχα της στήλης που ταξινομήθηκε.
Εκτέλεση υπολογισμού
Να επιλέξεις μια στήλη από το πρώτο αναδιπλούμενο μενού κάτω από το λογιστικό φύλλο.
Να επιλέξεις στη συνέχεια μια πράξη από το μεσαίο αναδιπλούμενο μενού.
Τέλος, να επιλέξεις μια στήλη από το τελευταίο αναδιπλούμενο μενού.
Κάνε κλικ στο κουμπί «Εκτέλεση».
Τα αποτελέσματα θα εμφανιστούν στην πρώτη διαθέσιμη κενή στήλη.
Εμφάνιση του Μέσου Όρου μιας στήλης
Να επιλέξεις μια στήλη από το αναδιπλούμενο μενού δίπλα στο «Μέσος Όρος», κάτω από το λογιστικό φύλλο.
Κάνε κλικ στο κουμπί «Εκτέλεση».
Το αποτέλεσμα θα εμφανιστεί στο τελευταίο κελί αυτής της στήλης.
Κάνε κλικ στο  για να συνεχίσεις."
MAT/MA161-ForestedAreas,2,4,Greek,ell-GRC,"ΔΑΣΙΚΗ ΕΚΤΑΣΗ
Το παρακάτω λογιστικό φύλλο δείχνει τη δασική έκταση σε 15 χώρες, ως ποσοστό επί της συνολικής εδαφικής έκτασης της κάθε χώρας. Τα δεδομένα αφορούν τα έτη 2005, 2010 και 2015.
Στήλη A ▾
Στήλη B
Στήλη Γ
Στήλη Δ
Στήλη E
Στήλη ΣΤ
Στήλη Ζ
Χώρα
2005
2010
2015
Αλγερία0,640,810,82Αρμενία11,7711,7411,77Γερμανία32,6632,7332,76Ελλάδα29,1130,2831,45Ηνωμένες Πολιτείες33,2633,733,85Ινδία22,7723,4723,77Καζακστάν1,241,231,23Κολομβία54,2652,8552,73Λίβανος13,3413,3813,42Νότια Κορέα64,4264,0863,69Παναμάς64,3363,2162,11Περού59,0158,4557,79Πορτογαλία36,5235,8935,25Σενεγάλη45,0544,0142,97Ταϊλάνδη31,5131,8132,1
Υπολογισμός
Στήλη
Στήλη B
Στήλη Γ
Στήλη Δ
Στήλη E
Στήλη ΣΤ
Στήλη Ζ
Πράξη
Πρόσθεση
Αφαίρεση
Πολλαπλασιασμός
Διαίρεση
Στήλη
Στήλη B
Στήλη Γ
Στήλη Δ
Στήλη E
Στήλη ΣΤ
Στήλη Ζ
Εκτέλεση
Μέσος Όρος
Στήλη
Στήλη B
Στήλη Γ
Στήλη Δ
Στήλη E
Στήλη ΣΤ
Στήλη Ζ
Εκτέλεση
Διαγραφή όλων
closeΟΚ"
MAT/MA161-ForestedAreas,2,5,Greek,ell-GRC,"C
(
)
x2
yx
√x
1/x
π
÷
7
8
9
x
4
5
6
–
1
2
3
+
0
.
+/-
="
MAT/MA161-ForestedAreas,3,1,Greek,ell-GRC,Κομπιουτεράκιclose
MAT/MA161-ForestedAreas,3,2,Greek,ell-GRC,PISA
MAT/MA161-ForestedAreas,3,3,Greek,ell-GRC,"Δασικές Εκτάσεις  Οδηγίες
Οι οδηγίες χρήσης του λογιστικού φύλλου θα είναι διαθέσιμες σε κάθε ερώτηση.
Βρίσκονται στο μενού με τίτλο «Πώς να χρησιμοποιήσεις το λογιστικό φύλλο» και μπορείς να τις ανοίγεις και να τις κλείνεις.
Κάνε κλικ στην παρακάτω γραμμή, για να ανοίξεις τις οδηγίες. Κάνε πάλι κλικ στη γραμμή, για να τις κλείσεις.
Πώς να χρησιμοποιήσεις το λογιστικό φύλλο
Κάνε κλικ στο  για να ταξινομήσεις μια στήλη κατά αύξουσα σειρά (από το μικρότερο στο μεγαλύτερο).  Κάνε πάλι κλικ σε αυτό το βελάκι, για να ταξινομήσεις μια στήλη κατά φθίνουσα σειρά (από το μεγαλύτερο στο μικρότερο).
Για να κάνεις υπολογισμούς:
Να επιλέξεις μια στήλη από το πρώτο αναδιπλούμενο μενού.
Να επιλέξεις μια πράξη από το μεσαίο αναδιπλούμενο μενού.
Να επιλέξεις μια στήλη από το τελευταίο αναδιπλούμενο μενού.
Κάνε κλικ στο κουμπί «Εκτέλεση».
Τα αποτελέσματα θα εμφανιστούν στην πρώτη διαθέσιμη κενή στήλη.
Για να εμφανιστεί ο Μέσος Όρος μιας στήλης, να επιλέξεις μια στήλη από το αναδιπλούμενο μενού και κάνε κλικ στο κουμπί «Εκτέλεση». Το αποτέλεσμα θα εμφανιστεί στο τελευταίο κελί αυτής της στήλης.
Για να αναιρέσεις μια ενέργεια σε μια στήλη, κάνε κλικ στο .
Για να διαγράψεις όλα τα δεδομένα μιας στήλης, κάνε κλικ στο .
Για να διαγράψεις όλα τα δεδομένα στο λογιστικό φύλλο, κάνε κλικ στο κουμπί «Διαγραφή όλων».
Κάνε κλικ στο  για να συνεχίσεις."
MAT/MA161-ForestedAreas,3,4,Greek,ell-GRC,"ΔΑΣΙΚΗ ΕΚΤΑΣΗ
Το παρακάτω λογιστικό φύλλο δείχνει τη δασική έκταση σε 15 χώρες, ως ποσοστό επί της συνολικής εδαφικής έκτασης της κάθε χώρας. Τα δεδομένα αφορούν τα έτη 2005, 2010 και 2015.
Στήλη A ▾
Στήλη B
Στήλη Γ
Στήλη Δ
Στήλη E
Στήλη ΣΤ
Στήλη Ζ
Χώρα
2005
2010
2015
Αλγερία0,640,810,82Αρμενία11,7711,7411,77Γερμανία32,6632,7332,76Ελλάδα29,1130,2831,45Ηνωμένες Πολιτείες33,2633,733,85Ινδία22,7723,4723,77Καζακστάν1,241,231,23Κολομβία54,2652,8552,73Λίβανος13,3413,3813,42Νότια Κορέα64,4264,0863,69Παναμάς64,3363,2162,11Περού59,0158,4557,79Πορτογαλία36,5235,8935,25Σενεγάλη45,0544,0142,97Ταϊλάνδη31,5131,8132,1
Υπολογισμός
Στήλη
Στήλη B
Στήλη Γ
Στήλη Δ
Στήλη E
Στήλη ΣΤ
Στήλη Ζ
Πράξη
Πρόσθεση
Αφαίρεση
Πολλαπλασιασμός
Διαίρεση
Στήλη
Στήλη B
Στήλη Γ
Στήλη Δ
Στήλη E
Στήλη ΣΤ
Στήλη Ζ
Εκτέλεση
Μέσος Όρος
Στήλη
Στήλη B
Στήλη Γ
Στήλη Δ
Στήλη E
Στήλη ΣΤ
Στήλη Ζ
Εκτέλεση
Διαγραφή όλων
closeΟΚ"
MAT/MA161-ForestedAreas,3,5,Greek,ell-GRC,"C
(
)
x2
yx
√x
1/x
π
÷
7
8
9
x
4
5
6
–
1
2
3
+
0
.
+/-
="
MAT/MA161-ForestedAreas,4,1,Greek,ell-GRC,Κομπιουτεράκιclose
MAT/MA161-ForestedAreas,4,2,Greek,ell-GRC,PISA
MAT/MA161-ForestedAreas,4,3,Greek,ell-GRC,"Δασική έκταση  Ερώτηση 1 / 4
Πώς να χρησιμοποιήσεις το λογιστικό φύλλο
Κάνε κλικ στο  για να ταξινομήσεις μια στήλη κατά αύξουσα σειρά (από το μικρότερο στο μεγαλύτερο).  Κάνε πάλι κλικ σε αυτό το βελάκι, για να ταξινομήσεις μια στήλη κατά φθίνουσα σειρά (από το μεγαλύτερο στο μικρότερο).
Για να κάνεις υπολογισμούς:
Να επιλέξεις μια στήλη από το πρώτο αναδιπλούμενο μενού.
Να επιλέξεις μια πράξη από το μεσαίο αναδιπλούμενο μενού.
Να επιλέξεις μια στήλη από το τελευταίο αναδιπλούμενο μενού.
Κάνε κλικ στο κουμπί «Εκτέλεση».
Τα αποτελέσματα θα εμφανιστούν στην πρώτη διαθέσιμη κενή στήλη.
Για να εμφανιστεί ο Μέσος Όρος μιας στήλης, να επιλέξεις μια στήλη από το αναδιπλούμενο μενού και κάνε κλικ στο κουμπί «Εκτέλεση». Το αποτέλεσμα θα εμφανιστεί στο τελευταίο κελί αυτής της στήλης.
Για να αναιρέσεις μια ενέργεια σε μια στήλη, κάνε κλικ στο .
Για να διαγράψεις όλα τα δεδομένα μιας στήλης, κάνε κλικ στο .
Για να διαγράψεις όλα τα δεδομένα στο λογιστικό φύλλο, κάνε κλικ στο κουμπί «Διαγραφή όλων».
Να λάβεις υπόψη το «Δασική έκταση» στα δεξιά. Να χρησιμοποιήσεις το λογιστικό φύλλο ως βοήθεια, για να απαντήσεις στην ερώτηση που ακολουθεί. Να επιλέξεις από τα αναδιπλούμενα μενού, για να απαντήσεις σε κάθε ερώτηση.
Στον παρακάτω πίνακα, να απαντήσεις σε κάθε ερώτηση επιλέγοντας μια χώρα από το αντίστοιχο αναδιπλούμενο μενού.
Ερώτηση
Χώρα
Ποια χώρα είχε τη μεγαλύτερη αύξηση σε ποσοστιαίες μονάδες από το 2005 έως το 2015;
ΕπίλεξεΑλγερίαΑρμενίαΓερμανίαΕλλάδαΗνωμένες ΠολιτείεςΙνδίαΚαζακστάνΚολομβίαΛίβανοςΝότια ΚορέαΠαναμάςΠερούΠορτογαλίαΣενεγάληΤαϊλάνδη
Ποια χώρα δεν είχε καμία συνολική μεταβολή από το 2005 έως το 2015;
ΕπίλεξεΑλγερίαΑρμενίαΓερμανίαΕλλάδαΗνωμένες ΠολιτείεςΙνδίαΚαζακστάνΚολομβίαΛίβανοςΝότια ΚορέαΠαναμάςΠερούΠορτογαλίαΣενεγάληΤαϊλάνδη
Ποια χώρα είχε τη μεγαλύτερη μείωση σε ποσοστιαίες μονάδες από το 2005 έως το 2015;
ΕπίλεξεΑλγερίαΑρμενίαΓερμανίαΕλλάδαΗνωμένες ΠολιτείεςΙνδίαΚαζακστάνΚολομβίαΛίβανοςΝότια ΚορέαΠαναμάςΠερούΠορτογαλίαΣενεγάληΤαϊλάνδη"
MAT/MA161-ForestedAreas,4,4,Greek,ell-GRC,"ΔΑΣΙΚΗ ΕΚΤΑΣΗ
Το παρακάτω λογιστικό φύλλο δείχνει τη δασική έκταση σε 15 χώρες, ως ποσοστό επί της συνολικής εδαφικής έκτασης της κάθε χώρας. Τα δεδομένα αφορούν τα έτη 2005, 2010 και 2015.
Στήλη A ▾
Στήλη B
Στήλη Γ
Στήλη Δ
Στήλη E
Στήλη ΣΤ
Στήλη Ζ
Χώρα
2005
2010
2015
Αλγερία0,640,810,82Αρμενία11,7711,7411,77Γερμανία32,6632,7332,76Ελλάδα29,1130,2831,45Ηνωμένες Πολιτείες33,2633,733,85Ινδία22,7723,4723,77Καζακστάν1,241,231,23Κολομβία54,2652,8552,73Λίβανος13,3413,3813,42Νότια Κορέα64,4264,0863,69Παναμάς64,3363,2162,11Περού59,0158,4557,79Πορτογαλία36,5235,8935,25Σενεγάλη45,0544,0142,97Ταϊλάνδη31,5131,8132,1
Υπολογισμός
Στήλη
Στήλη B
Στήλη Γ
Στήλη Δ
Στήλη E
Στήλη ΣΤ
Στήλη Ζ
Πράξη
Πρόσθεση
Αφαίρεση
Πολλαπλασιασμός
Διαίρεση
Στήλη
Στήλη B
Στήλη Γ
Στήλη Δ
Στήλη E
Στήλη ΣΤ
Στήλη Ζ
Εκτέλεση
Μέσος Όρος
Στήλη
Στήλη B
Στήλη Γ
Στήλη Δ
Στήλη E
Στήλη ΣΤ
Στήλη Ζ
Εκτέλεση
Διαγραφή όλων
closeΟΚ"
MAT/MA161-ForestedAreas,4,5,Greek,ell-GRC,"C
(
)
x2
yx
√x
1/x
π
÷
7
8
9
x
4
5
6
–
1
2
3
+
0
.
+/-
="
MAT/MA161-ForestedAreas,5,1,Greek,ell-GRC,Κομπιουτεράκιclose
MAT/MA161-ForestedAreas,5,2,Greek,ell-GRC,PISA
MAT/MA161-ForestedAreas,5,3,Greek,ell-GRC,"Δασική έκταση  Ερώτηση 2 / 4
Πώς να χρησιμοποιήσεις το λογιστικό φύλλο
Κάνε κλικ στο  για να ταξινομήσεις μια στήλη κατά αύξουσα σειρά (από το μικρότερο στο μεγαλύτερο).  Κάνε πάλι κλικ σε αυτό το βελάκι, για να ταξινομήσεις μια στήλη κατά φθίνουσα σειρά (από το μεγαλύτερο στο μικρότερο).
Για να κάνεις υπολογισμούς:
Να επιλέξεις μια στήλη από το πρώτο αναδιπλούμενο μενού.
Να επιλέξεις μια πράξη από το μεσαίο αναδιπλούμενο μενού.
Να επιλέξεις μια στήλη από το τελευταίο αναδιπλούμενο μενού.
Κάνε κλικ στο κουμπί «Εκτέλεση».
Τα αποτελέσματα θα εμφανιστούν στην πρώτη διαθέσιμη κενή στήλη.
Για να εμφανιστεί ο Μέσος Όρος μιας στήλης, να επιλέξεις μια στήλη από το αναδιπλούμενο μενού και κάνε κλικ στο κουμπί «Εκτέλεση». Το αποτέλεσμα θα εμφανιστεί στο τελευταίο κελί αυτής της στήλης.
Για να αναιρέσεις μια ενέργεια σε μια στήλη, κάνε κλικ στο .
Για να διαγράψεις όλα τα δεδομένα μιας στήλης, κάνε κλικ στο .
Για να διαγράψεις όλα τα δεδομένα στο λογιστικό φύλλο, κάνε κλικ στο κουμπί «Διαγραφή όλων».
Να λάβεις υπόψη το «Δασική έκταση» στα δεξιά. Να χρησιμοποιήσεις το λογιστικό φύλλο ως βοήθεια, για να απαντήσεις στην ερώτηση που ακολουθεί. Κάνε κλικ σε μια επιλογή, για να απαντήσεις στην ερώτηση.
Να παρατηρήσεις τις δύο χρονικές περιόδους: από το 2005 έως το 2010 και από το 2010 έως το 2015.
Ποια πρόταση περιγράφει σωστά τη μέση μεταβολή του ποσοστού της δασικής έκτασης και για τις δύο χρονικές περιόδους;
Η μέση μεταβολή ήταν θετική και για τις δύο χρονικές περιόδους.
Η μέση μεταβολή ήταν αρνητική και για τις δύο χρονικές περιόδους.
Η μέση μεταβολή ήταν η ίδια και για τις δύο χρονικές περιόδους.
Η μέση μεταβολή ήταν θετική για τη μία χρονική περίοδο και αρνητική για την άλλη χρονική περίοδο."
MAT/MA161-ForestedAreas,5,4,Greek,ell-GRC,"ΔΑΣΙΚΗ ΕΚΤΑΣΗ
Το παρακάτω λογιστικό φύλλο δείχνει τη δασική έκταση σε 15 χώρες, ως ποσοστό επί της συνολικής εδαφικής έκτασης της κάθε χώρας. Τα δεδομένα αφορούν τα έτη 2005, 2010 και 2015.
Στήλη A ▾
Στήλη B
Στήλη Γ
Στήλη Δ
Στήλη E
Στήλη ΣΤ
Στήλη Ζ
Χώρα
2005
2010
2015
Αλγερία0,640,810,82Αρμενία11,7711,7411,77Γερμανία32,6632,7332,76Ελλάδα29,1130,2831,45Ηνωμένες Πολιτείες33,2633,733,85Ινδία22,7723,4723,77Καζακστάν1,241,231,23Κολομβία54,2652,8552,73Λίβανος13,3413,3813,42Νότια Κορέα64,4264,0863,69Παναμάς64,3363,2162,11Περού59,0158,4557,79Πορτογαλία36,5235,8935,25Σενεγάλη45,0544,0142,97Ταϊλάνδη31,5131,8132,1
Υπολογισμός
Στήλη
Στήλη B
Στήλη Γ
Στήλη Δ
Στήλη E
Στήλη ΣΤ
Στήλη Ζ
Πράξη
Πρόσθεση
Αφαίρεση
Πολλαπλασιασμός
Διαίρεση
Στήλη
Στήλη B
Στήλη Γ
Στήλη Δ
Στήλη E
Στήλη ΣΤ
Στήλη Ζ
Εκτέλεση
Μέσος Όρος
Στήλη
Στήλη B
Στήλη Γ
Στήλη Δ
Στήλη E
Στήλη ΣΤ
Στήλη Ζ
Εκτέλεση
Διαγραφή όλων
closeΟΚ"
MAT/MA161-ForestedAreas,5,5,Greek,ell-GRC,"C
(
)
x2
yx
√x
1/x
π
÷
7
8
9
x
4
5
6
–
1
2
3
+
0
.
+/-
="
MAT/MA161-ForestedAreas,6,1,Greek,ell-GRC,Κομπιουτεράκιclose
MAT/MA161-ForestedAreas,6,2,Greek,ell-GRC,PISA
MAT/MA161-ForestedAreas,6,3,Greek,ell-GRC,"Δασική έκταση  Ερώτηση 3 / 4
Πώς να χρησιμοποιήσεις το λογιστικό φύλλο
Κάνε κλικ στο  για να ταξινομήσεις μια στήλη κατά αύξουσα σειρά (από το μικρότερο στο μεγαλύτερο).  Κάνε πάλι κλικ σε αυτό το βελάκι, για να ταξινομήσεις μια στήλη κατά φθίνουσα σειρά (από το μεγαλύτερο στο μικρότερο).
Για να κάνεις υπολογισμούς:
Να επιλέξεις μια στήλη από το πρώτο αναδιπλούμενο μενού.
Να επιλέξεις μια πράξη από το μεσαίο αναδιπλούμενο μενού.
Να επιλέξεις μια στήλη από το τελευταίο αναδιπλούμενο μενού.
Κάνε κλικ στο κουμπί «Εκτέλεση».
Τα αποτελέσματα θα εμφανιστούν στην πρώτη διαθέσιμη κενή στήλη.
Για να εμφανιστεί ο Μέσος Όρος μιας στήλης, να επιλέξεις μια στήλη από το αναδιπλούμενο μενού και κάνε κλικ στο κουμπί «Εκτέλεση». Το αποτέλεσμα θα εμφανιστεί στο τελευταίο κελί αυτής της στήλης.
Για να αναιρέσεις μια ενέργεια σε μια στήλη, κάνε κλικ στο .
Για να διαγράψεις όλα τα δεδομένα μιας στήλης, κάνε κλικ στο .
Για να διαγράψεις όλα τα δεδομένα στο λογιστικό φύλλο, κάνε κλικ στο κουμπί «Διαγραφή όλων».
Να λάβεις υπόψη το «Δασική έκταση» στα δεξιά. Να χρησιμοποιήσεις το λογιστικό φύλλο ως βοήθεια, για να απαντήσεις στην ερώτηση που ακολουθεί. Να επιλέξεις από τα αναδιπλούμενα μενού, για να απαντήσεις στην ερώτηση.
Να παρατηρήσεις τις δύο χρονικές περιόδους: από το 2005 έως το 2010 και από το 2010 έως το 2015.
Σε ποσοστιαίες μονάδες, ποιες είναι οι δύο χώρες που είχαν τη μεγαλύτερη μεταβολή στο ποσοστό δασικής έκτασης από τη μία χρονική περίοδο στην άλλη χρονική περίοδο;
Απαντήσεις:
ΕπίλεξεΑλγερίαΑρμενίαΓερμανίαΕλλάδαΗνωμένες ΠολιτείεςΙνδίαΚαζακστάνΚολομβίαΛίβανοςΝότια ΚορέαΠαναμάςΠερούΠορτογαλίαΣενεγάληΤαϊλάνδη
και
ΕπίλεξεΑλγερίαΑρμενίαΓερμανίαΕλλάδαΗνωμένες ΠολιτείεςΙνδίαΚαζακστάνΚολομβίαΛίβανοςΝότια ΚορέαΠαναμάςΠερούΠορτογαλίαΣενεγάληΤαϊλάνδη"
MAT/MA161-ForestedAreas,6,4,Greek,ell-GRC,"ΔΑΣΙΚΗ ΕΚΤΑΣΗ
Το παρακάτω λογιστικό φύλλο δείχνει τη δασική έκταση σε 15 χώρες, ως ποσοστό επί της συνολικής εδαφικής έκτασης της κάθε χώρας. Τα δεδομένα αφορούν τα έτη 2005, 2010 και 2015.
Στήλη A ▾
Στήλη B
Στήλη Γ
Στήλη Δ
Στήλη E
Στήλη ΣΤ
Στήλη Ζ
Χώρα
2005
2010
2015
Αλγερία0,640,810,82Αρμενία11,7711,7411,77Γερμανία32,6632,7332,76Ελλάδα29,1130,2831,45Ηνωμένες Πολιτείες33,2633,733,85Ινδία22,7723,4723,77Καζακστάν1,241,231,23Κολομβία54,2652,8552,73Λίβανος13,3413,3813,42Νότια Κορέα64,4264,0863,69Παναμάς64,3363,2162,11Περού59,0158,4557,79Πορτογαλία36,5235,8935,25Σενεγάλη45,0544,0142,97Ταϊλάνδη31,5131,8132,1
Υπολογισμός
Στήλη
Στήλη B
Στήλη Γ
Στήλη Δ
Στήλη E
Στήλη ΣΤ
Στήλη Ζ
Πράξη
Πρόσθεση
Αφαίρεση
Πολλαπλασιασμός
Διαίρεση
Στήλη
Στήλη B
Στήλη Γ
Στήλη Δ
Στήλη E
Στήλη ΣΤ
Στήλη Ζ
Εκτέλεση
Μέσος Όρος
Στήλη
Στήλη B
Στήλη Γ
Στήλη Δ
Στήλη E
Στήλη ΣΤ
Στήλη Ζ
Εκτέλεση
Διαγραφή όλων
closeΟΚ"
MAT/MA161-ForestedAreas,6,5,Greek,ell-GRC,"C
(
)
x2
yx
√x
1/x
π
÷
7
8
9
x
4
5
6
–
1
2
3
+
0
.
+/-
="
MAT/MA161-ForestedAreas,7,1,Greek,ell-GRC,Κομπιουτεράκιclose
MAT/MA161-ForestedAreas,7,2,Greek,ell-GRC,PISA
MAT/MA161-ForestedAreas,7,3,Greek,ell-GRC,"Δασική έκταση  Ερώτηση 4 / 4
Πώς να χρησιμοποιήσεις το λογιστικό φύλλο
Κάνε κλικ στο  για να ταξινομήσεις μια στήλη κατά αύξουσα σειρά (από το μικρότερο στο μεγαλύτερο).  Κάνε πάλι κλικ σε αυτό το βελάκι, για να ταξινομήσεις μια στήλη κατά φθίνουσα σειρά (από το μεγαλύτερο στο μικρότερο).
Για να κάνεις υπολογισμούς:
Να επιλέξεις μια στήλη από το πρώτο αναδιπλούμενο μενού.
Να επιλέξεις μια πράξη από το μεσαίο αναδιπλούμενο μενού.
Να επιλέξεις μια στήλη από το τελευταίο αναδιπλούμενο μενού.
Κάνε κλικ στο κουμπί «Εκτέλεση».
Τα αποτελέσματα θα εμφανιστούν στην πρώτη διαθέσιμη κενή στήλη.
Για να εμφανιστεί ο Μέσος Όρος μιας στήλης, να επιλέξεις μια στήλη από το αναδιπλούμενο μενού και κάνε κλικ στο κουμπί «Εκτέλεση». Το αποτέλεσμα θα εμφανιστεί στο τελευταίο κελί αυτής της στήλης.
Για να αναιρέσεις μια ενέργεια σε μια στήλη, κάνε κλικ στο .
Για να διαγράψεις όλα τα δεδομένα μιας στήλης, κάνε κλικ στο .
Για να διαγράψεις όλα τα δεδομένα στο λογιστικό φύλλο, κάνε κλικ στο κουμπί «Διαγραφή όλων».
Να λάβεις υπόψη το «Δασική έκταση» στα δεξιά. Να χρησιμοποιήσεις το λογιστικό φύλλο ως βοήθεια, για να απαντήσεις στην ερώτηση που ακολουθεί. Κάνε κλικ σε μια επιλογή και μετά πληκτρολόγησε μια εξήγηση για την απάντησή σου.
Η Ελένη ισχυρίζεται ότι η Νότια Κορέα έχει τη μεγαλύτερη δασική έκταση από όλες τις άλλες χώρες της λίστας για τα έτη που αναφέρονται.
Επαληθεύεται ο ισχυρισμός της από τα δεδομένα στο λογιστικό φύλλο;
Ναι
Όχι
Να αιτιολογήσεις την απάντησή σου."
MAT/MA161-ForestedAreas,7,4,Greek,ell-GRC,"ΔΑΣΙΚΗ ΕΚΤΑΣΗ
Το παρακάτω λογιστικό φύλλο δείχνει τη δασική έκταση σε 15 χώρες, ως ποσοστό επί της συνολικής εδαφικής έκτασης της κάθε χώρας. Τα δεδομένα αφορούν τα έτη 2005, 2010 και 2015.
Στήλη A ▾
Στήλη B
Στήλη Γ
Στήλη Δ
Στήλη E
Στήλη ΣΤ
Στήλη Ζ
Χώρα
2005
2010
2015
Αλγερία0,640,810,82Αρμενία11,7711,7411,77Γερμανία32,6632,7332,76Ελλάδα29,1130,2831,45Ηνωμένες Πολιτείες33,2633,733,85Ινδία22,7723,4723,77Καζακστάν1,241,231,23Κολομβία54,2652,8552,73Λίβανος13,3413,3813,42Νότια Κορέα64,4264,0863,69Παναμάς64,3363,2162,11Περού59,0158,4557,79Πορτογαλία36,5235,8935,25Σενεγάλη45,0544,0142,97Ταϊλάνδη31,5131,8132,1
Υπολογισμός
Στήλη
Στήλη B
Στήλη Γ
Στήλη Δ
Στήλη E
Στήλη ΣΤ
Στήλη Ζ
Πράξη
Πρόσθεση
Αφαίρεση
Πολλαπλασιασμός
Διαίρεση
Στήλη
Στήλη B
Στήλη Γ
Στήλη Δ
Στήλη E
Στήλη ΣΤ
Στήλη Ζ
Εκτέλεση
Μέσος Όρος
Στήλη
Στήλη B
Στήλη Γ
Στήλη Δ
Στήλη E
Στήλη ΣΤ
Στήλη Ζ
Εκτέλεση
Διαγραφή όλων
closeΟΚ"
MAT/MA161-ForestedAreas,7,5,Greek,ell-GRC,"C
(
)
x2
yx
√x
1/x
π
÷
7
8
9
x
4
5
6
–
1
2
3
+
0
.
+/-
="
MAT/MA161-ForestedAreas,1,1,Hebrew,heb-ISR,מחשבוןclose
MAT/MA161-ForestedAreas,1,2,Hebrew,heb-ISR,PISA 2022
MAT/MA161-ForestedAreas,1,3,Hebrew,heb-ISR,"שטח מיוער  הקדמה
קראו את ההקדמה. לאחר מכן לחצו על החץ ""הבא"".
שטח מיוער
ביחידה זו תשתמשו בגיליון אלקטרוני כדי לענות על שאלות העוסקות במצב הזה:
יער הוא מערכת אקולוגית שבה מגוון של עצים, צמחים ובעלי חיים.
כמות השטח המיוער במדינה יכולה להשתנות עם הזמן.
במסך הבא תתרגלו את השימוש בגיליון האלקטרוני."
MAT/MA161-ForestedAreas,1,4,Hebrew,heb-ISR,"C
(
)
x2
yx
√x
1/x
π
÷
7
8
9
x
4
5
6
–
1
2
3
+
0
.
+/-
="
MAT/MA161-ForestedAreas,2,1,Hebrew,heb-ISR,מחשבוןclose
MAT/MA161-ForestedAreas,2,2,Hebrew,heb-ISR,PISA 2022
MAT/MA161-ForestedAreas,2,3,Hebrew,heb-ISR,"שטח מיוער
בגיליון האלקטרוני שלפניכם מוצג אחוז השטח המיוער מתוך השטח הכולל של כל אחת מ-15 המדינות שברשימת הנתונים. מוצגים נתונים לשנים 2005, 2010 ו-2015.
עמודה א ▾
עמודה ב
עמודה ג
עמודה ד
עמודה ה
עמודה ו
עמודה ז
מדינה
2005
2010
2015
אלג'יריה0.640.810.82ארמניה11.7711.7411.77ארצות הברית33.2633.733.85גרמניה32.6632.7332.76הודו22.7723.4723.77יוון29.1130.2831.45לבנון13.3413.3813.42סנגל45.0544.0142.97פורטוגל36.5235.8935.25פנמה64.3363.2162.11פרו59.0158.4557.79קולומביה54.2652.8552.73קוריאה הדרומית64.4264.0863.69קזחסטן1.241.231.23תאילנד31.5131.8132.1
חשב
עמודה
עמודה ב
עמודה ג
עמודה ד
עמודה ה
עמודה ו
עמודה ז
פעולה
ועוד
פחות
כפול
חלקי
עמודה
עמודה ב
עמודה ג
עמודה ד
עמודה ה
עמודה ו
עמודה ז
הפעלה
ממוצע
עמודה
עמודה ב
עמודה ג
עמודה ד
עמודה ה
עמודה ו
עמודה ז
הפעלה
מחק הכול
closeאישור"
MAT/MA161-ForestedAreas,2,4,Hebrew,heb-ISR,"שטח מיוער  תרגול
כעת תתרגלו את השימוש בגיליון האלקטרוני, ולאחר מכן יוצגו השאלות.
בצעו בגיליון האלקטרוני את שלוש הפעולות האלה.
מיון של עמודה.
לחצו על  בעמודה ב, ג, או ד כדי למיין את העמודה בסדר עולה (מהנמוך אל הגבוה).
שימו לב: כל העמודות ימוינו בהתאם לסדר של העמודה שבחרתם למיין.
חישוב
בחרו עמודה מתוך התפריט הנפתח הימני שמתחת לגיליון האלקטרוני.
לאחר מכן, בחרו פעולה מתוך התפריט הנפתח האמצעי.
כעת בחרו עמודה מתוך התפריט הנפתח השמאלי.
לחצו על ""הפעלה"".
התוצאות יוצגו בעמודה הפנויה הראשונה.
הצגת הממוצע של עמודה
בחרו עמודה אחת מתוך התפריט הנפתח שליד המילה ""ממוצע"", מתחת לגיליון האלקטרוני.
לחצו על ""הפעלה"".
התוצאה תוצג בתא שמתחת לעמודה זו.
כדי להמשיך לחצו על ."
MAT/MA161-ForestedAreas,2,5,Hebrew,heb-ISR,"C
(
)
x2
yx
√x
1/x
π
÷
7
8
9
x
4
5
6
–
1
2
3
+
0
.
+/-
="
MAT/MA161-ForestedAreas,3,1,Hebrew,heb-ISR,מחשבוןclose
MAT/MA161-ForestedAreas,3,2,Hebrew,heb-ISR,PISA 2022
MAT/MA161-ForestedAreas,3,3,Hebrew,heb-ISR,"שטח מיוער
בגיליון האלקטרוני שלפניכם מוצג אחוז השטח המיוער מתוך השטח הכולל של כל אחת מ-15 המדינות שברשימת הנתונים. מוצגים נתונים לשנים 2005, 2010 ו-2015.
עמודה א ▾
עמודה ב
עמודה ג
עמודה ד
עמודה ה
עמודה ו
עמודה ז
מדינה
2005
2010
2015
אלג'יריה0.640.810.82ארמניה11.7711.7411.77ארצות הברית33.2633.733.85גרמניה32.6632.7332.76הודו22.7723.4723.77יוון29.1130.2831.45לבנון13.3413.3813.42סנגל45.0544.0142.97פורטוגל36.5235.8935.25פנמה64.3363.2162.11פרו59.0158.4557.79קולומביה54.2652.8552.73קוריאה הדרומית64.4264.0863.69קזחסטן1.241.231.23תאילנד31.5131.8132.1
חשב
עמודה
עמודה ב
עמודה ג
עמודה ד
עמודה ה
עמודה ו
עמודה ז
פעולה
ועוד
פחות
כפול
חלקי
עמודה
עמודה ב
עמודה ג
עמודה ד
עמודה ה
עמודה ו
עמודה ז
הפעלה
ממוצע
עמודה
עמודה ב
עמודה ג
עמודה ד
עמודה ה
עמודה ו
עמודה ז
הפעלה
מחק הכול
closeאישור"
MAT/MA161-ForestedAreas,3,4,Hebrew,heb-ISR,"שטח מיוער  הנחיות
בכל שאלה תוכלו למצוא את הנחיות השימוש בגיליון האלקטרוני.
הן נמצאות בתפריט הנקרא ""כיצד להשתמש בגיליון האלקטרוני"" שאפשר לפתוח ולסגור.
כדי לפתוח את ההנחיות, לחצו על כותרת התפריט שלמטה. כדי לסגור את ההנחיות, לחצו על כותרת התפריט פעם נוספת.
כיצד להשתמש בגיליון האלקטרוני
לחצו על  כדי למיין עמודה בסדר עולה (מהנמוך אל הגבוה).  כדי למיין את העמודה בסדר יורד (מהגבוה אל הנמוך) לחצו על הסימן פעם נוספת.
כדי לבצע חישובים:
בחרו עמודה מתוך התפריט הנפתח הימני.
בחרו פעולה מתוך התפריט הנפתח האמצעי.
בחרו עמודה מתוך התפריט הנפתח השמאלי.
לחצו על ""הפעלה"".
התוצאות יוצגו בעמודה הפנויה הראשונה.
כדי להציג את הממוצע של עמודה כלשהי, בחרו עמודה מתוך התפריט הנפתח ולחצו על ""הפעלה"". התוצאה תוצג בתא שמתחת לעמודה זו.
כדי לבטל פעולה שביצעתם בעמודה כלשהי, לחצו על .
כדי למחוק את הנתונים מעמודה כלשהי, לחצו על .
כדי למחוק את כל הנתונים מהגיליון האלקטרוני, לחצו על ""מחק הכול"".
כדי להמשיך, לחצו על"
MAT/MA161-ForestedAreas,3,5,Hebrew,heb-ISR,"C
(
)
x2
yx
√x
1/x
π
÷
7
8
9
x
4
5
6
–
1
2
3
+
0
.
+/-
="
MAT/MA161-ForestedAreas,4,1,Hebrew,heb-ISR,מחשבוןclose
MAT/MA161-ForestedAreas,4,2,Hebrew,heb-ISR,PISA 2022
MAT/MA161-ForestedAreas,4,3,Hebrew,heb-ISR,"שטח מיוער
בגיליון האלקטרוני שלפניכם מוצג אחוז השטח המיוער מתוך השטח הכולל של כל אחת מ-15 המדינות שברשימת הנתונים. מוצגים נתונים לשנים 2005, 2010 ו-2015.
עמודה א ▾
עמודה ב
עמודה ג
עמודה ד
עמודה ה
עמודה ו
עמודה ז
מדינה
2005
2010
2015
אלג'יריה0.640.810.82ארמניה11.7711.7411.77ארצות הברית33.2633.733.85גרמניה32.6632.7332.76הודו22.7723.4723.77יוון29.1130.2831.45לבנון13.3413.3813.42סנגל45.0544.0142.97פורטוגל36.5235.8935.25פנמה64.3363.2162.11פרו59.0158.4557.79קולומביה54.2652.8552.73קוריאה הדרומית64.4264.0863.69קזחסטן1.241.231.23תאילנד31.5131.8132.1
חשב
עמודה
עמודה ב
עמודה ג
עמודה ד
עמודה ה
עמודה ו
עמודה ז
פעולה
ועוד
פחות
כפול
חלקי
עמודה
עמודה ב
עמודה ג
עמודה ד
עמודה ה
עמודה ו
עמודה ז
הפעלה
ממוצע
עמודה
עמודה ב
עמודה ג
עמודה ד
עמודה ה
עמודה ו
עמודה ז
הפעלה
מחק הכול
closeאישור"
MAT/MA161-ForestedAreas,4,4,Hebrew,heb-ISR,"שטח מיוער  שאלה 1 מתוך 4
כיצד להשתמש בגיליון האלקטרוני
לחצו על  כדי למיין עמודה בסדר עולה (מהנמוך אל הגבוה).  כדי למיין את העמודה בסדר יורד (מהגבוה אל הנמוך) לחצו על הסימן פעם נוספת.
כדי לבצע חישובים:
בחרו עמודה מתוך התפריט הנפתח הימני.
בחרו פעולה מתוך התפריט הנפתח האמצעי.
בחרו עמודה מתוך התפריט הנפתח השמאלי.
לחצו על ""הפעלה"".
התוצאות יוצגו בעמודה הפנויה הראשונה.
כדי להציג את הממוצע של עמודה כלשהי, בחרו עמודה מתוך התפריט הנפתח ולחצו על ""הפעלה"". התוצאה תוצג בתא שמתחת לעמודה זו.
כדי לבטל פעולה שביצעתם בעמודה כלשהי, לחצו על .
כדי למחוק את הנתונים מעמודה כלשהי, לחצו על .
כדי למחוק את כל הנתונים מהגיליון האלקטרוני, לחצו על ""מחק הכול"".
היעזרו בקטע ""שטח מיוער"" שבצד שמאל. השתמשו בגיליון האלקטרוני כדי לענות על השאלה שלפניכם. השלימו את התשובה לכל שאלה באמצעות בחירה מהתפריטים הנפתחים.
כדי לענות על השאלות בטבלה שלפניכם, בחרו מדינה מתוך התפריט הנפתח המתאים.
שאלה
מדינה
באיזו מדינה חלה העלייה הגדולה ביותר באחוזים בין 2005 ל-2015?
בחרואלג'יריהארמניהארצות הבריתגרמניההודויווןלבנוןסנגלפורטוגלפנמהפרוקולומביהקוריאה הדרומיתקזחסטןתאילנד
באיזו מדינה  בסופו של דבר לא חל שינוי בין 2005 ל-2015?
בחרואלג'יריהארמניהארצות הבריתגרמניההודויווןלבנוןסנגלפורטוגלפנמהפרוקולומביהקוריאה הדרומיתקזחסטןתאילנד
באיזו מדינה חלה הירידה הגדולה ביותר באחוזים בין 2005 ל-2015?
בחרואלג'יריהארמניהארצות הבריתגרמניההודויווןלבנוןסנגלפורטוגלפנמהפרוקולומביהקוריאה הדרומיתקזחסטןתאילנד"
MAT/MA161-ForestedAreas,4,5,Hebrew,heb-ISR,"C
(
)
x2
yx
√x
1/x
π
÷
7
8
9
x
4
5
6
–
1
2
3
+
0
.
+/-
="
MAT/MA161-ForestedAreas,5,1,Hebrew,heb-ISR,מחשבוןclose
MAT/MA161-ForestedAreas,5,2,Hebrew,heb-ISR,PISA 2022
MAT/MA161-ForestedAreas,5,3,Hebrew,heb-ISR,"שטח מיוער
בגיליון האלקטרוני שלפניכם מוצג אחוז השטח המיוער מתוך השטח הכולל של כל אחת מ-15 המדינות שברשימת הנתונים. מוצגים נתונים לשנים 2005, 2010 ו-2015.
עמודה א ▾
עמודה ב
עמודה ג
עמודה ד
עמודה ה
עמודה ו
עמודה ז
מדינה
2005
2010
2015
אלג'יריה0.640.810.82ארמניה11.7711.7411.77ארצות הברית33.2633.733.85גרמניה32.6632.7332.76הודו22.7723.4723.77יוון29.1130.2831.45לבנון13.3413.3813.42סנגל45.0544.0142.97פורטוגל36.5235.8935.25פנמה64.3363.2162.11פרו59.0158.4557.79קולומביה54.2652.8552.73קוריאה הדרומית64.4264.0863.69קזחסטן1.241.231.23תאילנד31.5131.8132.1
חשב
עמודה
עמודה ב
עמודה ג
עמודה ד
עמודה ה
עמודה ו
עמודה ז
פעולה
ועוד
פחות
כפול
חלקי
עמודה
עמודה ב
עמודה ג
עמודה ד
עמודה ה
עמודה ו
עמודה ז
הפעלה
ממוצע
עמודה
עמודה ב
עמודה ג
עמודה ד
עמודה ה
עמודה ו
עמודה ז
הפעלה
מחק הכול
closeאישור"
MAT/MA161-ForestedAreas,5,4,Hebrew,heb-ISR,"שטח מיוער  שאלה 2 מתוך 4
כיצד להשתמש בגיליון האלקטרוני
לחצו על  כדי למיין עמודה בסדר עולה (מהנמוך אל הגבוה).  כדי למיין את העמודה בסדר יורד (מהגבוה אל הנמוך) לחצו על הסימן פעם נוספת.
כדי לבצע חישובים:
בחרו עמודה מתוך התפריט הנפתח הימני.
בחרו פעולה מתוך התפריט הנפתח האמצעי.
בחרו עמודה מתוך התפריט הנפתח השמאלי.
לחצו על ""הפעלה"".
התוצאות יוצגו בעמודה הפנויה הראשונה.
כדי להציג את הממוצע של עמודה כלשהי, בחרו עמודה מתוך התפריט הנפתח ולחצו על ""הפעלה"". התוצאה תוצג בתא שמתחת לעמודה זו.
כדי לבטל פעולה שביצעתם בעמודה כלשהי, לחצו על .
כדי למחוק את הנתונים מעמודה כלשהי, לחצו על .
כדי למחוק את כל הנתונים מהגיליון האלקטרוני, לחצו על ""מחק הכול"".
היעזרו בקטע ""שטח מיוער"" שבצד שמאל. השתמשו בגיליון האלקטרוני כדי לענות על השאלה שלפניכם. כדי לענות על השאלה, סמנו את תשובתכם.
התייחסו לשתי התקופות: 2005 עד 2010, ו-2010 עד 2015.
איזה היגד מתאר את השינוי הממוצע שחל באחוז השטח המיוער בשתי התקופות?
השינוי הממוצע היה חיובי בשתי התקופות.
השינוי הממוצע היה שלילי בשתי התקופות.
השינוי הממוצע היה שווה בשתי התקופות.
השינוי הממוצע היה חיובי בתקופה אחת ושלילי בתקופה האחרת."
MAT/MA161-ForestedAreas,5,5,Hebrew,heb-ISR,"C
(
)
x2
yx
√x
1/x
π
÷
7
8
9
x
4
5
6
–
1
2
3
+
0
.
+/-
="
MAT/MA161-ForestedAreas,6,1,Hebrew,heb-ISR,מחשבוןclose
MAT/MA161-ForestedAreas,6,2,Hebrew,heb-ISR,PISA 2022
MAT/MA161-ForestedAreas,6,3,Hebrew,heb-ISR,"שטח מיוער
בגיליון האלקטרוני שלפניכם מוצג אחוז השטח המיוער מתוך השטח הכולל של כל אחת מ-15 המדינות שברשימת הנתונים. מוצגים נתונים לשנים 2005, 2010 ו-2015.
עמודה א ▾
עמודה ב
עמודה ג
עמודה ד
עמודה ה
עמודה ו
עמודה ז
מדינה
2005
2010
2015
אלג'יריה0.640.810.82ארמניה11.7711.7411.77ארצות הברית33.2633.733.85גרמניה32.6632.7332.76הודו22.7723.4723.77יוון29.1130.2831.45לבנון13.3413.3813.42סנגל45.0544.0142.97פורטוגל36.5235.8935.25פנמה64.3363.2162.11פרו59.0158.4557.79קולומביה54.2652.8552.73קוריאה הדרומית64.4264.0863.69קזחסטן1.241.231.23תאילנד31.5131.8132.1
חשב
עמודה
עמודה ב
עמודה ג
עמודה ד
עמודה ה
עמודה ו
עמודה ז
פעולה
ועוד
פחות
כפול
חלקי
עמודה
עמודה ב
עמודה ג
עמודה ד
עמודה ה
עמודה ו
עמודה ז
הפעלה
ממוצע
עמודה
עמודה ב
עמודה ג
עמודה ד
עמודה ה
עמודה ו
עמודה ז
הפעלה
מחק הכול
closeאישור"
MAT/MA161-ForestedAreas,6,4,Hebrew,heb-ISR,"שטח מיוער  שאלה 3 מתוך 4
כיצד להשתמש בגיליון האלקטרוני
לחצו על  כדי למיין עמודה בסדר עולה (מהנמוך אל הגבוה).  כדי למיין את העמודה בסדר יורד (מהגבוה אל הנמוך) לחצו על הסימן פעם נוספת.
כדי לבצע חישובים:
בחרו עמודה מתוך התפריט הנפתח הימני.
בחרו פעולה מתוך התפריט הנפתח האמצעי.
בחרו עמודה מתוך התפריט הנפתח השמאלי.
לחצו על ""הפעלה"".
התוצאות יוצגו בעמודה הפנויה הראשונה.
כדי להציג את הממוצע של עמודה כלשהי, בחרו עמודה מתוך התפריט הנפתח ולחצו על ""הפעלה"". התוצאה תוצג בתא שמתחת לעמודה זו.
כדי לבטל פעולה שביצעתם בעמודה כלשהי, לחצו על .
כדי למחוק את הנתונים מעמודה כלשהי, לחצו על .
כדי למחוק את כל הנתונים מהגיליון האלקטרוני, לחצו על ""מחק הכול"".
היעזרו בקטע ""שטח מיוער"" שבצד שמאל. השתמשו בגיליון האלקטרוני כדי לענות על השאלה שלפניכם. השלימו את התשובה לשאלה באמצעות בחירה מהתפריטים הנפתחים.
התייחסו לשתי התקופות: 2005 עד 2010, ו-2010 עד 2015.
באילו שתי מדינות חל השינוי הניכר ביותר באחוז השטח המיוער, באחוזים, בין תקופה אחת לאחרת?
תשובות:
בחרואלג'יריהארמניהארצות הבריתגרמניההודויווןלבנוןסנגלפורטוגלפנמהפרוקולומביהקוריאה הדרומיתקזחסטןתאילנד
ו -
בחרואלג'יריהארמניהארצות הבריתגרמניההודויווןלבנוןסנגלפורטוגלפנמהפרוקולומביהקוריאה הדרומיתקזחסטןתאילנד"
MAT/MA161-ForestedAreas,6,5,Hebrew,heb-ISR,"C
(
)
x2
yx
√x
1/x
π
÷
7
8
9
x
4
5
6
–
1
2
3
+
0
.
+/-
="
MAT/MA161-ForestedAreas,7,1,Hebrew,heb-ISR,מחשבוןclose
MAT/MA161-ForestedAreas,7,2,Hebrew,heb-ISR,PISA 2022
MAT/MA161-ForestedAreas,7,3,Hebrew,heb-ISR,"שטח מיוער
בגיליון האלקטרוני שלפניכם מוצג אחוז השטח המיוער מתוך השטח הכולל של כל אחת מ-15 המדינות שברשימת הנתונים. מוצגים נתונים לשנים 2005, 2010 ו-2015.
עמודה א ▾
עמודה ב
עמודה ג
עמודה ד
עמודה ה
עמודה ו
עמודה ז
מדינה
2005
2010
2015
אלג'יריה0.640.810.82ארמניה11.7711.7411.77ארצות הברית33.2633.733.85גרמניה32.6632.7332.76הודו22.7723.4723.77יוון29.1130.2831.45לבנון13.3413.3813.42סנגל45.0544.0142.97פורטוגל36.5235.8935.25פנמה64.3363.2162.11פרו59.0158.4557.79קולומביה54.2652.8552.73קוריאה הדרומית64.4264.0863.69קזחסטן1.241.231.23תאילנד31.5131.8132.1
חשב
עמודה
עמודה ב
עמודה ג
עמודה ד
עמודה ה
עמודה ו
עמודה ז
פעולה
ועוד
פחות
כפול
חלקי
עמודה
עמודה ב
עמודה ג
עמודה ד
עמודה ה
עמודה ו
עמודה ז
הפעלה
ממוצע
עמודה
עמודה ב
עמודה ג
עמודה ד
עמודה ה
עמודה ו
עמודה ז
הפעלה
מחק הכול
closeאישור"
MAT/MA161-ForestedAreas,7,4,Hebrew,heb-ISR,"שטח מיוער  שאלה 4 מתוך 4
כיצד להשתמש בגיליון האלקטרוני
לחצו על  כדי למיין עמודה בסדר עולה (מהנמוך אל הגבוה).  כדי למיין את העמודה בסדר יורד (מהגבוה אל הנמוך) לחצו על הסימן פעם נוספת.
כדי לבצע חישובים:
בחרו עמודה מתוך התפריט הנפתח הימני.
בחרו פעולה מתוך התפריט הנפתח האמצעי.
בחרו עמודה מתוך התפריט הנפתח השמאלי.
לחצו על ""הפעלה"".
התוצאות יוצגו בעמודה הפנויה הראשונה.
כדי להציג את הממוצע של עמודה כלשהי, בחרו עמודה מתוך התפריט הנפתח ולחצו על ""הפעלה"". התוצאה תוצג בתא שמתחת לעמודה זו.
כדי לבטל פעולה שביצעתם בעמודה כלשהי, לחצו על .
כדי למחוק את הנתונים מעמודה כלשהי, לחצו על .
כדי למחוק את כל הנתונים מהגיליון האלקטרוני, לחצו על ""מחק הכול"".
היעזרו בקטע ""שטח מיוער"" שבצד שמאל. השתמשו בגיליון האלקטרוני כדי לענות על השאלה שלפניכם. כדי לענות על השאלה, סמנו את תשובתכם והקלידו את ההסבר.
הילה טוענת שהשטח המיוער בקוריאה הדרומית היה גדול יותר מאשר בכל מדינה אחרת ברשימה בשנים המוצגות.
האם הטענה שלה נכונה לפי הנתונים שבגיליון האלקטרוני?
כן
לא
הסבירו את תשובתכם."
MAT/MA161-ForestedAreas,7,5,Hebrew,heb-ISR,"C
(
)
x2
yx
√x
1/x
π
÷
7
8
9
x
4
5
6
–
1
2
3
+
0
.
+/-
="
MAT/MA161-ForestedAreas,1,1,Hungarian,hun-HUN,Számológépclose
MAT/MA161-ForestedAreas,1,2,Hungarian,hun-HUN,PISA
MAT/MA161-ForestedAreas,1,3,Hungarian,hun-HUN,"Erdővel borított terület  Ismertető
Olvasd el a bevezetést, majd kattints a „TOVÁBB"" nyílra!
ERDŐVEL BORÍTOTT TERÜLET
Ebben a feladatban egy táblázatkezelő segítségével kell a következő szituációhoz kapcsolódó kérdésekre válaszolnod:
Az erdő olyan ökoszisztéma, amelyben a különféle fák, növények és állatok élnek.
Egy adott országban az erdővel borított területek nagysága idővel változhat.
A következő képernyőn a táblázatkezelő használatát fogod gyakorolni."
MAT/MA161-ForestedAreas,1,4,Hungarian,hun-HUN,"C
(
)
x2
yx
√x
1/x
π
÷
7
8
9
x
4
5
6
–
1
2
3
+
0
,
+/-
="
MAT/MA161-ForestedAreas,2,1,Hungarian,hun-HUN,Számológépclose
MAT/MA161-ForestedAreas,2,2,Hungarian,hun-HUN,PISA
MAT/MA161-ForestedAreas,2,3,Hungarian,hun-HUN,"ERDŐVEL BORÍTOTT TERÜLET
Az alábbi táblázatban az erdővel borított területeknek az ország egész területéhez viszonyított százalékos arányát látod 15 ország vonatkozásában. Az adatok 2005-ből, 2010-ből és 2015-ből származnak.
A oszlop ▾
B oszlop
C oszlop
D oszlop
E oszlop
F oszlop
G oszlop
Ország
2005
2010
2015
Algéria0,640,810,82Dél-Korea64,4264,0863,69Görögország29,1130,2831,45India22,7723,4723,77Kazahsztán1,241,231,23Kolumbia54,2652,8552,73Libanon13,3413,3813,42Németország32,6632,7332,76Örményország11,7711,7411,77Panama64,3363,2162,11Peru59,0158,4557,79Portugália36,5235,8935,25Szenegál45,0544,0142,97Thaiföld31,5131,8132,1USA33,2633,733,85
Kiszámol
Oszlop
B oszlop
C oszlop
D oszlop
E oszlop
F oszlop
G oszlop
Művelet
Összead
Kivon
Szoroz
Oszt
Oszlop
B oszlop
C oszlop
D oszlop
E oszlop
F oszlop
G oszlop
Futtat
Átlag
Oszlop
B oszlop
C oszlop
D oszlop
E oszlop
F oszlop
G oszlop
Futtat
Mindet töröl
closeOK"
MAT/MA161-ForestedAreas,2,4,Hungarian,hun-HUN,"Erdővel borított terület  Gyakorlás
Mielőtt válaszolnál a kérdésekre, gyakorold a táblázatkezelő használatát!
Használd a táblázatkezelőt a következő három művelet elvégzéséhez!
Rendezz egy oszlopot!
Kattints a B, C vagy D oszlopban az  ikonra, ha az oszlopban szereplő adatokat növekvő (alacsonytól magasig) sorrendbe kívánod rendezni!
Figyeld meg, hogy a többi oszlop is ennek megfelelően fog rendeződni.
Végezz el egy számítást!
Válassz ki egy oszlopot a táblázat alatt található első legördülő menüből!
Ezután válassz ki egy műveletet a középen található legördülő menüből!
Végül válassz ki egy oszlopot az utolsó legördülő menüből!
Kattints a „Futtat"" gombra!
Az eredmények az első üres oszlopban fognak megjelenni.
Jelenítsd meg egy oszlop átlagát!
Válassz ki egy oszlopot az „Átlag"" felirat melletti legördülő menüből a táblázat alatt!
Kattints a „Futtat"" gombra!
Az eredmény az oszlop alatti cellában fog megjelenni.
Kattints a  gombra a folytatáshoz!"
MAT/MA161-ForestedAreas,2,5,Hungarian,hun-HUN,"C
(
)
x2
yx
√x
1/x
π
÷
7
8
9
x
4
5
6
–
1
2
3
+
0
,
+/-
="
MAT/MA161-ForestedAreas,3,1,Hungarian,hun-HUN,Számológépclose
MAT/MA161-ForestedAreas,3,2,Hungarian,hun-HUN,PISA
MAT/MA161-ForestedAreas,3,3,Hungarian,hun-HUN,"ERDŐVEL BORÍTOTT TERÜLET
Az alábbi táblázatban az erdővel borított területeknek az ország egész területéhez viszonyított százalékos arányát látod 15 ország vonatkozásában. Az adatok 2005-ből, 2010-ből és 2015-ből származnak.
A oszlop ▾
B oszlop
C oszlop
D oszlop
E oszlop
F oszlop
G oszlop
Ország
2005
2010
2015
Algéria0,640,810,82Dél-Korea64,4264,0863,69Görögország29,1130,2831,45India22,7723,4723,77Kazahsztán1,241,231,23Kolumbia54,2652,8552,73Libanon13,3413,3813,42Németország32,6632,7332,76Örményország11,7711,7411,77Panama64,3363,2162,11Peru59,0158,4557,79Portugália36,5235,8935,25Szenegál45,0544,0142,97Thaiföld31,5131,8132,1USA33,2633,733,85
Kiszámol
Oszlop
B oszlop
C oszlop
D oszlop
E oszlop
F oszlop
G oszlop
Művelet
Összead
Kivon
Szoroz
Oszt
Oszlop
B oszlop
C oszlop
D oszlop
E oszlop
F oszlop
G oszlop
Futtat
Átlag
Oszlop
B oszlop
C oszlop
D oszlop
E oszlop
F oszlop
G oszlop
Futtat
Mindet töröl
closeOK"
MAT/MA161-ForestedAreas,3,4,Hungarian,hun-HUN,"Erdővel borított terület  Útmutató
A táblázatkezelő használatáról szóló tudnivalók minden kérdésnél elérhetők.
Az útmutató a „Hogyan működik a táblázat"" menüben található meg, meg tudod nyitni és el is lehet rejteni.
Kattints a feliratra az útmutató megnyitásához! Kattints ismét a feliratra az útmutató elrejtéséhez!
Hogyan működik a táblázat?
Kattints a  gombra, ha az oszlop adatait  növekvő (legkisebbtől legnagyobbig) sorrendbe szeretnéd rendezni!  Kattints ismét az ikonra, ha az oszlop adatait csökkenő (legnagyobbtól legkisebbig) sorrendbe szeretnéd  rendezni!
Számítások elvégzéséhez:
Válassz ki egy oszlopot az első legördülő menüből!
Válassz ki egy műveletet a középső legördülő menüből!
Válassz ki egy oszlopot az utolsó legördülő menüből!
Kattints a „Futtat"" gombra!
Az eredmények az első üres oszlopban fognak megjelenni.
Ha egy oszlop adatainak átlagát szeretnéd megjeleníteni, válassz ki egy oszlopot a legördülő menüből és kattints a „Futtat"" gombra! Az eredmény az oszlop alatti cellában fog megjelenni.
Egy oszloppal végzett művelet visszavonásához kattints a  gombra!
Egy oszlop törléséhez kattints a gombra!
A táblázat teljes törléséhez kattints a „Mindent Töröl"" gombra!
A folytatáshoz kattints a   gombra!"
MAT/MA161-ForestedAreas,3,5,Hungarian,hun-HUN,"C
(
)
x2
yx
√x
1/x
π
÷
7
8
9
x
4
5
6
–
1
2
3
+
0
,
+/-
="
MAT/MA161-ForestedAreas,4,1,Hungarian,hun-HUN,Számológépclose
MAT/MA161-ForestedAreas,4,2,Hungarian,hun-HUN,PISA
MAT/MA161-ForestedAreas,4,3,Hungarian,hun-HUN,"ERDŐVEL BORÍTOTT TERÜLET
Az alábbi táblázatban az erdővel borított területeknek az ország egész területéhez viszonyított százalékos arányát látod 15 ország vonatkozásában. Az adatok 2005-ből, 2010-ből és 2015-ből származnak.
A oszlop ▾
B oszlop
C oszlop
D oszlop
E oszlop
F oszlop
G oszlop
Ország
2005
2010
2015
Algéria0,640,810,82Dél-Korea64,4264,0863,69Görögország29,1130,2831,45India22,7723,4723,77Kazahsztán1,241,231,23Kolumbia54,2652,8552,73Libanon13,3413,3813,42Németország32,6632,7332,76Örményország11,7711,7411,77Panama64,3363,2162,11Peru59,0158,4557,79Portugália36,5235,8935,25Szenegál45,0544,0142,97Thaiföld31,5131,8132,1USA33,2633,733,85
Kiszámol
Oszlop
B oszlop
C oszlop
D oszlop
E oszlop
F oszlop
G oszlop
Művelet
Összead
Kivon
Szoroz
Oszt
Oszlop
B oszlop
C oszlop
D oszlop
E oszlop
F oszlop
G oszlop
Futtat
Átlag
Oszlop
B oszlop
C oszlop
D oszlop
E oszlop
F oszlop
G oszlop
Futtat
Mindet töröl
closeOK"
MAT/MA161-ForestedAreas,4,4,Hungarian,hun-HUN,"Erdővel borított terület  Kérdés 1 / 4
Hogyan működik a táblázat?
Kattints a  gombra, ha az oszlop adatait  növekvő (legkisebbtől legnagyobbig) sorrendbe szeretnéd rendezni!  Kattints ismét az ikonra, ha az oszlop adatait csökkenő (legnagyobbtól legkisebbig) sorrendbe szeretnéd  rendezni!
Számítások elvégzéséhez:
Válassz ki egy oszlopot az első legördülő menüből!
Válassz ki egy műveletet a középső legördülő menüből!
Válassz ki egy oszlopot az utolsó legördülő menüből!
Kattints a „Futtat"" gombra!
Az eredmények az első üres oszlopban fognak megjelenni.
Ha egy oszlop adatainak átlagát szeretnéd megjeleníteni, válassz ki egy oszlopot a legördülő menüből és kattints a „Futtat"" gombra! Az eredmény az oszlop alatti cellában fog megjelenni.
Egy oszloppal végzett művelet visszavonásához kattints a  gombra!
Egy oszlop törléséhez kattints a gombra!
A táblázat teljes törléséhez kattints a „Mindent Töröl"" gombra!
A jobbra látható „Erdővel borított terület"" című szöveg alapján válaszolj a kérdésre! A táblázat segítségével válaszolj az alábbi kérdésre! A kérdésekre a legördülő menükből választva válaszolj!
Az alábbi táblázatban minden kérdésnél válaszd ki a legördülő menüből a megfelelő országot!
Kérdés
Ország
Melyik országot jellemezte a legnagyobb százalékarányos növekedés 2005 és 2015 között?
VálasszAlgériaDél-KoreaGörögországIndiaKazahsztánKolumbiaLibanonNémetországÖrményországPanamaPeruPortugáliaSzenegálThaiföldUSA
Melyik országban nem történt összességében változás 2005 és 2015 között?
VálasszAlgériaDél-KoreaGörögországIndiaKazahsztánKolumbiaLibanonNémetországÖrményországPanamaPeruPortugáliaSzenegálThaiföldUSA
Melyik országban következett be a legnagyobb százalékarányos csökkenés 2005 és 2015 között?
VálasszAlgériaDél-KoreaGörögországIndiaKazahsztánKolumbiaLibanonNémetországÖrményországPanamaPeruPortugáliaSzenegálThaiföldUSA"
MAT/MA161-ForestedAreas,4,5,Hungarian,hun-HUN,"C
(
)
x2
yx
√x
1/x
π
÷
7
8
9
x
4
5
6
–
1
2
3
+
0
,
+/-
="
MAT/MA161-ForestedAreas,5,1,Hungarian,hun-HUN,Számológépclose
MAT/MA161-ForestedAreas,5,2,Hungarian,hun-HUN,PISA
MAT/MA161-ForestedAreas,5,3,Hungarian,hun-HUN,"ERDŐVEL BORÍTOTT TERÜLET
Az alábbi táblázatban az erdővel borított területeknek az ország egész területéhez viszonyított százalékos arányát látod 15 ország vonatkozásában. Az adatok 2005-ből, 2010-ből és 2015-ből származnak.
A oszlop ▾
B oszlop
C oszlop
D oszlop
E oszlop
F oszlop
G oszlop
Ország
2005
2010
2015
Algéria0,640,810,82Dél-Korea64,4264,0863,69Görögország29,1130,2831,45India22,7723,4723,77Kazahsztán1,241,231,23Kolumbia54,2652,8552,73Libanon13,3413,3813,42Németország32,6632,7332,76Örményország11,7711,7411,77Panama64,3363,2162,11Peru59,0158,4557,79Portugália36,5235,8935,25Szenegál45,0544,0142,97Thaiföld31,5131,8132,1USA33,2633,733,85
Kiszámol
Oszlop
B oszlop
C oszlop
D oszlop
E oszlop
F oszlop
G oszlop
Művelet
Összead
Kivon
Szoroz
Oszt
Oszlop
B oszlop
C oszlop
D oszlop
E oszlop
F oszlop
G oszlop
Futtat
Átlag
Oszlop
B oszlop
C oszlop
D oszlop
E oszlop
F oszlop
G oszlop
Futtat
Mindet töröl
closeOK"
MAT/MA161-ForestedAreas,5,4,Hungarian,hun-HUN,"Erdővel borított terület  Kérdés 2 / 4
Hogyan működik a táblázat?
Kattints a  gombra, ha az oszlop adatait  növekvő (legkisebbtől legnagyobbig) sorrendbe szeretnéd rendezni!  Kattints ismét az ikonra, ha az oszlop adatait csökkenő (legnagyobbtól legkisebbig) sorrendbe szeretnéd  rendezni!
Számítások elvégzéséhez:
Válassz ki egy oszlopot az első legördülő menüből!
Válassz ki egy műveletet a középső legördülő menüből!
Válassz ki egy oszlopot az utolsó legördülő menüből!
Kattints a „Futtat"" gombra!
Az eredmények az első üres oszlopban fognak megjelenni.
Ha egy oszlop adatainak átlagát szeretnéd megjeleníteni, válassz ki egy oszlopot a legördülő menüből és kattints a „Futtat"" gombra! Az eredmény az oszlop alatti cellában fog megjelenni.
Egy oszloppal végzett művelet visszavonásához kattints a  gombra!
Egy oszlop törléséhez kattints a gombra!
A táblázat teljes törléséhez kattints a „Mindent Töröl"" gombra!
A jobbra látható „Erdővel borított terület"" című szöveg alapján válaszolj a kérdésre! A táblázat segítségével válaszolj az alábbi kérdésre! A kérdés megválaszolásához kattints az egyik válaszlehetőségre!
Vizsgálj meg két időszakot: 2005-től 2010-ig és 2010-től 2015-ig.
Melyik állítás írja le helyesen az erdővel borított területek százalékos arányának átlagos változását a két időszakaszban?
Mindkét időszakban pozitív volt az átlagos változás.
Mindkét időszakban negatív volt az átlagos változás.
Mindkét időszakban azonos volt az átlagos változás.
Az átlagos változás pozitív volt az egyik időszakban és negatív a másikban."
MAT/MA161-ForestedAreas,5,5,Hungarian,hun-HUN,"C
(
)
x2
yx
√x
1/x
π
÷
7
8
9
x
4
5
6
–
1
2
3
+
0
,
+/-
="
MAT/MA161-ForestedAreas,6,1,Hungarian,hun-HUN,Számológépclose
MAT/MA161-ForestedAreas,6,2,Hungarian,hun-HUN,PISA
MAT/MA161-ForestedAreas,6,3,Hungarian,hun-HUN,"ERDŐVEL BORÍTOTT TERÜLET
Az alábbi táblázatban az erdővel borított területeknek az ország egész területéhez viszonyított százalékos arányát látod 15 ország vonatkozásában. Az adatok 2005-ből, 2010-ből és 2015-ből származnak.
A oszlop ▾
B oszlop
C oszlop
D oszlop
E oszlop
F oszlop
G oszlop
Ország
2005
2010
2015
Algéria0,640,810,82Dél-Korea64,4264,0863,69Görögország29,1130,2831,45India22,7723,4723,77Kazahsztán1,241,231,23Kolumbia54,2652,8552,73Libanon13,3413,3813,42Németország32,6632,7332,76Örményország11,7711,7411,77Panama64,3363,2162,11Peru59,0158,4557,79Portugália36,5235,8935,25Szenegál45,0544,0142,97Thaiföld31,5131,8132,1USA33,2633,733,85
Kiszámol
Oszlop
B oszlop
C oszlop
D oszlop
E oszlop
F oszlop
G oszlop
Művelet
Összead
Kivon
Szoroz
Oszt
Oszlop
B oszlop
C oszlop
D oszlop
E oszlop
F oszlop
G oszlop
Futtat
Átlag
Oszlop
B oszlop
C oszlop
D oszlop
E oszlop
F oszlop
G oszlop
Futtat
Mindet töröl
closeOK"
MAT/MA161-ForestedAreas,6,4,Hungarian,hun-HUN,"Erdővel borított terület  Kérdés 3 / 4
Hogyan működik a táblázat?
Kattints a  gombra, ha az oszlop adatait  növekvő (legkisebbtől legnagyobbig) sorrendbe szeretnéd rendezni!  Kattints ismét az ikonra, ha az oszlop adatait csökkenő (legnagyobbtól legkisebbig) sorrendbe szeretnéd  rendezni!
Számítások elvégzéséhez:
Válassz ki egy oszlopot az első legördülő menüből!
Válassz ki egy műveletet a középső legördülő menüből!
Válassz ki egy oszlopot az utolsó legördülő menüből!
Kattints a „Futtat"" gombra!
Az eredmények az első üres oszlopban fognak megjelenni.
Ha egy oszlop adatainak átlagát szeretnéd megjeleníteni, válassz ki egy oszlopot a legördülő menüből és kattints a „Futtat"" gombra! Az eredmény az oszlop alatti cellában fog megjelenni.
Egy oszloppal végzett művelet visszavonásához kattints a  gombra!
Egy oszlop törléséhez kattints a gombra!
A táblázat teljes törléséhez kattints a „Mindent Töröl"" gombra!
A jobbra látható „Erdővel borított terület"" című szöveg alapján válaszolj a kérdésre! A táblázat segítségével válaszolj az alábbi kérdésre! A kérdés megválaszolásához válassz a legördülő menüből!
Vizsgálj meg két időszakot: 2005-től 2010-ig és 2010-től 2015-ig.
Melyik az a két ország, ahol az erdővel borított területeket illetően a legnagyobb százalékarányos változás volt megfigyelhető az egyik időszakról a másikra?
Válasz:
VálasszAlgériaDél-KoreaGörögországIndiaKazahsztánKolumbiaLibanonNémetországÖrményországPanamaPeruPortugáliaSzenegálThaiföldUSA
és
VálasszAlgériaDél-KoreaGörögországIndiaKazahsztánKolumbiaLibanonNémetországÖrményországPanamaPeruPortugáliaSzenegálThaiföldUSA"
MAT/MA161-ForestedAreas,6,5,Hungarian,hun-HUN,"C
(
)
x2
yx
√x
1/x
π
÷
7
8
9
x
4
5
6
–
1
2
3
+
0
,
+/-
="
MAT/MA161-ForestedAreas,7,1,Hungarian,hun-HUN,Számológépclose
MAT/MA161-ForestedAreas,7,2,Hungarian,hun-HUN,PISA
MAT/MA161-ForestedAreas,7,3,Hungarian,hun-HUN,"ERDŐVEL BORÍTOTT TERÜLET
Az alábbi táblázatban az erdővel borított területeknek az ország egész területéhez viszonyított százalékos arányát látod 15 ország vonatkozásában. Az adatok 2005-ből, 2010-ből és 2015-ből származnak.
A oszlop ▾
B oszlop
C oszlop
D oszlop
E oszlop
F oszlop
G oszlop
Ország
2005
2010
2015
Algéria0,640,810,82Dél-Korea64,4264,0863,69Görögország29,1130,2831,45India22,7723,4723,77Kazahsztán1,241,231,23Kolumbia54,2652,8552,73Libanon13,3413,3813,42Németország32,6632,7332,76Örményország11,7711,7411,77Panama64,3363,2162,11Peru59,0158,4557,79Portugália36,5235,8935,25Szenegál45,0544,0142,97Thaiföld31,5131,8132,1USA33,2633,733,85
Kiszámol
Oszlop
B oszlop
C oszlop
D oszlop
E oszlop
F oszlop
G oszlop
Művelet
Összead
Kivon
Szoroz
Oszt
Oszlop
B oszlop
C oszlop
D oszlop
E oszlop
F oszlop
G oszlop
Futtat
Átlag
Oszlop
B oszlop
C oszlop
D oszlop
E oszlop
F oszlop
G oszlop
Futtat
Mindet töröl
closeOK"
MAT/MA161-ForestedAreas,7,4,Hungarian,hun-HUN,"Erdővel borított terület  Kérdés 4 / 4
Hogyan működik a táblázat?
Kattints a  gombra, ha az oszlop adatait  növekvő (legkisebbtől legnagyobbig) sorrendbe szeretnéd rendezni!  Kattints ismét az ikonra, ha az oszlop adatait csökkenő (legnagyobbtól legkisebbig) sorrendbe szeretnéd  rendezni!
Számítások elvégzéséhez:
Válassz ki egy oszlopot az első legördülő menüből!
Válassz ki egy műveletet a középső legördülő menüből!
Válassz ki egy oszlopot az utolsó legördülő menüből!
Kattints a „Futtat"" gombra!
Az eredmények az első üres oszlopban fognak megjelenni.
Ha egy oszlop adatainak átlagát szeretnéd megjeleníteni, válassz ki egy oszlopot a legördülő menüből és kattints a „Futtat"" gombra! Az eredmény az oszlop alatti cellában fog megjelenni.
Egy oszloppal végzett művelet visszavonásához kattints a  gombra!
Egy oszlop törléséhez kattints a gombra!
A táblázat teljes törléséhez kattints a „Mindent Töröl"" gombra!
A jobbra látható „Erdővel borított terület"" című szöveg alapján válaszolj a kérdésre! A táblázat segítségével válaszolj az alábbi kérdésre! Kattints az egyik válaszlehetőségre és gépeld be az indoklásodat!
Hajni szerint a vizsgált években Dél-Koreában nagyobb volt az erdővel borított terület, mint a listán szereplő bármelyik másik országban.
Alátámasztják-e Hajni állítását a táblázat adatai?
Igen
Nem
Indokold meg a válaszodat!"
MAT/MA161-ForestedAreas,7,5,Hungarian,hun-HUN,"C
(
)
x2
yx
√x
1/x
π
÷
7
8
9
x
4
5
6
–
1
2
3
+
0
,
+/-
="
MAT/MA161-ForestedAreas,1,1,Icelandic,isl-ISL,Reiknivélclose
MAT/MA161-ForestedAreas,1,2,Icelandic,isl-ISL,PISA
MAT/MA161-ForestedAreas,1,3,Icelandic,isl-ISL,"Skóglendi  Inngangur
Lestu innganginn. Smelltu síðan á NÆST örina.
SKÓGLENDI
Í þessari einingu notar þú töflureikni til að svara spurningum sem tengjast eftirfarandi aðstæðum:
Skógur er vistkerfi þar sem finna má alls kyns tré, plöntur og dýr.
Umfang skóglendis í landi getur breyst með tímanum.
Á næstu skjámynd æfir þú þig í að nota töflureikninn."
MAT/MA161-ForestedAreas,1,4,Icelandic,isl-ISL,"C
(
)
x2
yx
√x
1/x
π
÷
7
8
9
x
4
5
6
–
1
2
3
+
0
.
+/-
="
MAT/MA161-ForestedAreas,2,1,Icelandic,isl-ISL,Reiknivélclose
MAT/MA161-ForestedAreas,2,2,Icelandic,isl-ISL,PISA
MAT/MA161-ForestedAreas,2,3,Icelandic,isl-ISL,"Skóglendi  Æfing
Nú æfir þú þig á töflureikninum áður en haldið er áfram í spurningarnar.
Notaðu töflureikninn til að ljúka við eftirfarandi þrjár aðgerðir.
Raða í dálk.
Smelltu á  táknið í dálki B, C eða D til að raða þeim dálki í hækkandi röð (frá lágu upp í hátt).
Athugaðu að ef röð er breytt í einum dálki breytist röðin í öllum hinum dálkunum til samræmis.
Framkvæma útreikning
Veldu dálk úr fyrstu fellivalmyndinni sem er fyrir neðan töflureikninn.
Veldu næst aðgerð úr fellivalmyndinni í miðjunni.
Veldu síðan dálk úr síðustu fellivalmyndinni.
Smelltu á „Keyra.”
Niðurstaðan birtist í fyrsta tiltæka auða dálkinum.
Birta meðaltal dálks
Veldu dálk úr fellivalmyndinni við hliðina á „Meðaltal”, fyrir neðan töflureikninn.
Smelltu á „Keyra.”
Niðurstaðan birtist í reitnum fyrir neðan þann dálk.
Smelltu á  til að halda áfram."
MAT/MA161-ForestedAreas,2,4,Icelandic,isl-ISL,"SKÓGLENDI
Töflureiknirinn hér fyrir neðan sýnir umfang skóglendis sem prósentu af heildarflatarmáli landsvæðis í hverju þeirra 15 landa sem eru í gagnasafni þessu. Gögn eru sýnd fyrir árin 2005, 2010 og 2015.
Dálkur A ▾
Dálkur B
Dálkur C
Dálkur D
Dálkur E
Dálkur F
Dálkur G
Land
2005
2010
2015
Alsír0,640,810,82Armenía11,7711,7411,77Bandaríkin33,2633,733,85Grikkland29,1130,2831,45Indland22,7723,4723,77Kasakstan1,241,231,23Kólumbía54,2652,8552,73Líbanon13,3413,3813,42Panama64,3363,2162,11Perú59,0158,4557,79Portúgal36,5235,8935,25Senegal45,0544,0142,97Suður-Kórea64,4264,0863,69Tæland31,5131,8132,1Þýskaland32,6632,7332,76
Reikna
Dálkur
Dálkur B
Dálkur C
Dálkur D
Dálkur E
Dálkur F
Dálkur G
Aðgerð
Leggja saman
Draga frá
Margfalda
Deila
Dálkur
Dálkur B
Dálkur C
Dálkur D
Dálkur E
Dálkur F
Dálkur G
Keyra
Meðaltal
Dálkur
Dálkur B
Dálkur C
Dálkur D
Dálkur E
Dálkur F
Dálkur G
Keyra
Hreinsa allt
closeÍ lagi"
MAT/MA161-ForestedAreas,2,5,Icelandic,isl-ISL,"C
(
)
x2
yx
√x
1/x
π
÷
7
8
9
x
4
5
6
–
1
2
3
+
0
.
+/-
="
MAT/MA161-ForestedAreas,3,1,Icelandic,isl-ISL,Reiknivélclose
MAT/MA161-ForestedAreas,3,2,Icelandic,isl-ISL,PISA
MAT/MA161-ForestedAreas,3,3,Icelandic,isl-ISL,"Skóglendi  Leiðbeiningar
Leiðbeiningar um hvernig nota skal töflureikninn eru tiltækar í hverri spurningu.
Þær er að finna í valmynd sem heitir „Hvernig nota skal töflureikninn” og sem hægt er að opna og loka.
Smelltu á stikuna hér fyrir neðan til að opna leiðbeiningarnar. Smelltu aftur á stikuna til að loka leiðbeiningunum.
Hvernig nota skal töflureikninn
Smelltu á  til að raða dálki í hækkandi röð (frá lágu upp í hátt).  Smelltu aftur á táknið til að raða dálkinum í lækkandi röð (frá háu niður í lágt).
Til að framkvæma útreikninga:
Veldu dálk úr fyrstu fellivalmyndinni.
Veldu aðgerð úr fellivalmyndinni í miðjunni.
Veldu dálk úr síðustu fellivalmyndinni.
Smelltu á „Keyra.”
Niðurstaðan birtist í fyrsta tiltæka auða dálkinum.
Til að birta meðaltal úr dálki skaltu velja dálk úr fellivalmyndinni og smella á „Keyra"". Niðurstaðan birtist í reitnum fyrir neðan þann dálk.
Til að afturkalla aðgerð í dálki skaltu smella á .
Til að hreinsa dálk skaltu smella á .
Til að hreinsa töflureikninn alveg skaltu smella á „Hreinsa allt”.
Smelltu á  til að halda áfram."
MAT/MA161-ForestedAreas,3,4,Icelandic,isl-ISL,"SKÓGLENDI
Töflureiknirinn hér fyrir neðan sýnir umfang skóglendis sem prósentu af heildarflatarmáli landsvæðis í hverju þeirra 15 landa sem eru í gagnasafni þessu. Gögn eru sýnd fyrir árin 2005, 2010 og 2015.
Dálkur A ▾
Dálkur B
Dálkur C
Dálkur D
Dálkur E
Dálkur F
Dálkur G
Land
2005
2010
2015
Alsír0,640,810,82Armenía11,7711,7411,77Bandaríkin33,2633,733,85Grikkland29,1130,2831,45Indland22,7723,4723,77Kasakstan1,241,231,23Kólumbía54,2652,8552,73Líbanon13,3413,3813,42Panama64,3363,2162,11Perú59,0158,4557,79Portúgal36,5235,8935,25Senegal45,0544,0142,97Suður-Kórea64,4264,0863,69Tæland31,5131,8132,1Þýskaland32,6632,7332,76
Reikna
Dálkur
Dálkur B
Dálkur C
Dálkur D
Dálkur E
Dálkur F
Dálkur G
Aðgerð
Leggja saman
Draga frá
Margfalda
Deila
Dálkur
Dálkur B
Dálkur C
Dálkur D
Dálkur E
Dálkur F
Dálkur G
Keyra
Meðaltal
Dálkur
Dálkur B
Dálkur C
Dálkur D
Dálkur E
Dálkur F
Dálkur G
Keyra
Hreinsa allt
closeÍ lagi"
MAT/MA161-ForestedAreas,3,5,Icelandic,isl-ISL,"C
(
)
x2
yx
√x
1/x
π
÷
7
8
9
x
4
5
6
–
1
2
3
+
0
.
+/-
="
MAT/MA161-ForestedAreas,4,1,Icelandic,isl-ISL,Reiknivélclose
MAT/MA161-ForestedAreas,4,2,Icelandic,isl-ISL,PISA
MAT/MA161-ForestedAreas,4,3,Icelandic,isl-ISL,"Skóglendi  Spurning 1 / 4
Hvernig nota skal töflureikninn
Smelltu á  til að raða dálki í hækkandi röð (frá lágu upp í hátt).  Smelltu aftur á táknið til að raða dálkinum í lækkandi röð (frá háu niður í lágt).
Til að framkvæma útreikninga:
Veldu dálk úr fyrstu fellivalmyndinni.
Veldu aðgerð úr fellivalmyndinni í miðjunni.
Veldu dálk úr síðustu fellivalmyndinni.
Smelltu á „Keyra.”
Niðurstaðan birtist í fyrsta tiltæka auða dálkinum.
Til að birta meðaltal úr dálki skaltu velja dálk úr fellivalmyndinni og smella á „Keyra"". Niðurstaðan birtist í reitnum fyrir neðan þann dálk.
Til að afturkalla aðgerð í dálki skaltu smella á .
Til að hreinsa dálk skaltu smella á .
Til að hreinsa töflureikninn alveg skaltu smella á „Hreinsa allt”.
Skoðaðu „Skóglendi"" hér til hægri. Notaðu töflureikninn til að hjálpa þér að svara spurningunni hér fyrir neðan. Veldu úr fellivalmyndunum til að svara hverri spurningu.
Í töflunni hér fyrir neðan skaltu svara hverri spurningu með því að velja land úr samsvarandi fellivalmynd.
Spurning
Land
Í hvaða landi var mest aukning frá 2005 til 2015, mælt í prósentustigum?
VelduAlsírArmeníaBandaríkinGrikklandIndlandKasakstanKólumbíaLíbanonPanamaPerúPortúgalSenegalSuður-KóreaTælandÞýskaland
Í hvaða landi var engin heildarbreyting frá 2005 til 2015?
VelduAlsírArmeníaBandaríkinGrikklandIndlandKasakstanKólumbíaLíbanonPanamaPerúPortúgalSenegalSuður-KóreaTælandÞýskaland
Í hvaða landi varð mest minnkun frá 2005 til 2015, mælt í prósentustigum?
VelduAlsírArmeníaBandaríkinGrikklandIndlandKasakstanKólumbíaLíbanonPanamaPerúPortúgalSenegalSuður-KóreaTælandÞýskaland"
MAT/MA161-ForestedAreas,4,4,Icelandic,isl-ISL,"SKÓGLENDI
Töflureiknirinn hér fyrir neðan sýnir umfang skóglendis sem prósentu af heildarflatarmáli landsvæðis í hverju þeirra 15 landa sem eru í gagnasafni þessu. Gögn eru sýnd fyrir árin 2005, 2010 og 2015.
Dálkur A ▾
Dálkur B
Dálkur C
Dálkur D
Dálkur E
Dálkur F
Dálkur G
Land
2005
2010
2015
Alsír0,640,810,82Armenía11,7711,7411,77Bandaríkin33,2633,733,85Grikkland29,1130,2831,45Indland22,7723,4723,77Kasakstan1,241,231,23Kólumbía54,2652,8552,73Líbanon13,3413,3813,42Panama64,3363,2162,11Perú59,0158,4557,79Portúgal36,5235,8935,25Senegal45,0544,0142,97Suður-Kórea64,4264,0863,69Tæland31,5131,8132,1Þýskaland32,6632,7332,76
Reikna
Dálkur
Dálkur B
Dálkur C
Dálkur D
Dálkur E
Dálkur F
Dálkur G
Aðgerð
Leggja saman
Draga frá
Margfalda
Deila
Dálkur
Dálkur B
Dálkur C
Dálkur D
Dálkur E
Dálkur F
Dálkur G
Keyra
Meðaltal
Dálkur
Dálkur B
Dálkur C
Dálkur D
Dálkur E
Dálkur F
Dálkur G
Keyra
Hreinsa allt
closeÍ lagi"
MAT/MA161-ForestedAreas,4,5,Icelandic,isl-ISL,"C
(
)
x2
yx
√x
1/x
π
÷
7
8
9
x
4
5
6
–
1
2
3
+
0
.
+/-
="
MAT/MA161-ForestedAreas,5,1,Icelandic,isl-ISL,Reiknivélclose
MAT/MA161-ForestedAreas,5,2,Icelandic,isl-ISL,PISA
MAT/MA161-ForestedAreas,5,3,Icelandic,isl-ISL,"Skóglendi  Spurning 2 / 4
Hvernig nota skal töflureikninn
Smelltu á  til að raða dálki í hækkandi röð (frá lágu upp í hátt).  Smelltu aftur á táknið til að raða dálkinum í lækkandi röð (frá háu niður í lágt).
Til að framkvæma útreikninga:
Veldu dálk úr fyrstu fellivalmyndinni.
Veldu aðgerð úr fellivalmyndinni í miðjunni.
Veldu dálk úr síðustu fellivalmyndinni.
Smelltu á „Keyra.”
Niðurstaðan birtist í fyrsta tiltæka auða dálkinum.
Til að birta meðaltal úr dálki skaltu velja dálk úr fellivalmyndinni og smella á „Keyra"". Niðurstaðan birtist í reitnum fyrir neðan þann dálk.
Til að afturkalla aðgerð í dálki skaltu smella á .
Til að hreinsa dálk skaltu smella á .
Til að hreinsa töflureikninn alveg skaltu smella á „Hreinsa allt”.
Skoðaðu „Skóglendi"" hér til hægri. Notaðu töflureikninn til að hjálpa þér að svara spurningunni hér fyrir neðan. Smelltu á valmöguleika til að svara spurningunni.
Skoðaðu tímabilin tvö: 2005 til 2010 og 2010 til 2015.
Hver eftirfarandi staðhæfinga lýsir réttilega meðalbreytingunni (breytingu á meðaltali) á skóglendi í prósentum fyrir bæði tímabilin?
Meðalbreytingin var jákvæð yfir bæði tímabilin.
Meðalbreytingin var neikvæð yfir bæði timabilin.
Meðalbreytingin var sú sama yfir bæði timabilin.
Meðalbreytingin var jákvæð yfir annað tímabilið og neikvæð yfir hitt tímabilið."
MAT/MA161-ForestedAreas,5,4,Icelandic,isl-ISL,"SKÓGLENDI
Töflureiknirinn hér fyrir neðan sýnir umfang skóglendis sem prósentu af heildarflatarmáli landsvæðis í hverju þeirra 15 landa sem eru í gagnasafni þessu. Gögn eru sýnd fyrir árin 2005, 2010 og 2015.
Dálkur A ▾
Dálkur B
Dálkur C
Dálkur D
Dálkur E
Dálkur F
Dálkur G
Land
2005
2010
2015
Alsír0,640,810,82Armenía11,7711,7411,77Bandaríkin33,2633,733,85Grikkland29,1130,2831,45Indland22,7723,4723,77Kasakstan1,241,231,23Kólumbía54,2652,8552,73Líbanon13,3413,3813,42Panama64,3363,2162,11Perú59,0158,4557,79Portúgal36,5235,8935,25Senegal45,0544,0142,97Suður-Kórea64,4264,0863,69Tæland31,5131,8132,1Þýskaland32,6632,7332,76
Reikna
Dálkur
Dálkur B
Dálkur C
Dálkur D
Dálkur E
Dálkur F
Dálkur G
Aðgerð
Leggja saman
Draga frá
Margfalda
Deila
Dálkur
Dálkur B
Dálkur C
Dálkur D
Dálkur E
Dálkur F
Dálkur G
Keyra
Meðaltal
Dálkur
Dálkur B
Dálkur C
Dálkur D
Dálkur E
Dálkur F
Dálkur G
Keyra
Hreinsa allt
closeÍ lagi"
MAT/MA161-ForestedAreas,5,5,Icelandic,isl-ISL,"C
(
)
x2
yx
√x
1/x
π
÷
7
8
9
x
4
5
6
–
1
2
3
+
0
.
+/-
="
MAT/MA161-ForestedAreas,6,1,Icelandic,isl-ISL,Reiknivélclose
MAT/MA161-ForestedAreas,6,2,Icelandic,isl-ISL,PISA
MAT/MA161-ForestedAreas,6,3,Icelandic,isl-ISL,"Skóglendi  Spurning 3 / 4
Hvernig nota skal töflureikninn
Smelltu á  til að raða dálki í hækkandi röð (frá lágu upp í hátt).  Smelltu aftur á táknið til að raða dálkinum í lækkandi röð (frá háu niður í lágt).
Til að framkvæma útreikninga:
Veldu dálk úr fyrstu fellivalmyndinni.
Veldu aðgerð úr fellivalmyndinni í miðjunni.
Veldu dálk úr síðustu fellivalmyndinni.
Smelltu á „Keyra.”
Niðurstaðan birtist í fyrsta tiltæka auða dálkinum.
Til að birta meðaltal úr dálki skaltu velja dálk úr fellivalmyndinni og smella á „Keyra"". Niðurstaðan birtist í reitnum fyrir neðan þann dálk.
Til að afturkalla aðgerð í dálki skaltu smella á .
Til að hreinsa dálk skaltu smella á .
Til að hreinsa töflureikninn alveg skaltu smella á „Hreinsa allt”.
Skoðaðu „Skóglendi"" hér til hægri. Notaðu töflureikninn til að hjálpa þér að svara spurningunni hér fyrir neðan. Veldu úr fellivalmyndunum til að svara spurningunni.
Skoðaðu tímabilin tvö: 2005 til 2010 og 2010 til 2015.
Í hvaða tveimur löndum varð stærsta breytingin á prósentu skóglendis frá einu tímabili til næsta tímabils, mælt í prósentustigum?
Svör:
VelduAlsírArmeníaBandaríkinGrikklandIndlandKasakstanKólumbíaLíbanonPanamaPerúPortúgalSenegalSuður-KóreaTælandÞýskaland
og
VelduAlsírArmeníaBandaríkinGrikklandIndlandKasakstanKólumbíaLíbanonPanamaPerúPortúgalSenegalSuður-KóreaTælandÞýskaland"
MAT/MA161-ForestedAreas,6,4,Icelandic,isl-ISL,"SKÓGLENDI
Töflureiknirinn hér fyrir neðan sýnir umfang skóglendis sem prósentu af heildarflatarmáli landsvæðis í hverju þeirra 15 landa sem eru í gagnasafni þessu. Gögn eru sýnd fyrir árin 2005, 2010 og 2015.
Dálkur A ▾
Dálkur B
Dálkur C
Dálkur D
Dálkur E
Dálkur F
Dálkur G
Land
2005
2010
2015
Alsír0,640,810,82Armenía11,7711,7411,77Bandaríkin33,2633,733,85Grikkland29,1130,2831,45Indland22,7723,4723,77Kasakstan1,241,231,23Kólumbía54,2652,8552,73Líbanon13,3413,3813,42Panama64,3363,2162,11Perú59,0158,4557,79Portúgal36,5235,8935,25Senegal45,0544,0142,97Suður-Kórea64,4264,0863,69Tæland31,5131,8132,1Þýskaland32,6632,7332,76
Reikna
Dálkur
Dálkur B
Dálkur C
Dálkur D
Dálkur E
Dálkur F
Dálkur G
Aðgerð
Leggja saman
Draga frá
Margfalda
Deila
Dálkur
Dálkur B
Dálkur C
Dálkur D
Dálkur E
Dálkur F
Dálkur G
Keyra
Meðaltal
Dálkur
Dálkur B
Dálkur C
Dálkur D
Dálkur E
Dálkur F
Dálkur G
Keyra
Hreinsa allt
closeÍ lagi"
MAT/MA161-ForestedAreas,6,5,Icelandic,isl-ISL,"C
(
)
x2
yx
√x
1/x
π
÷
7
8
9
x
4
5
6
–
1
2
3
+
0
.
+/-
="
MAT/MA161-ForestedAreas,7,1,Icelandic,isl-ISL,Reiknivélclose
MAT/MA161-ForestedAreas,7,2,Icelandic,isl-ISL,PISA
MAT/MA161-ForestedAreas,7,3,Icelandic,isl-ISL,"Skóglendi  Spurning 4 / 4
Hvernig nota skal töflureikninn
Smelltu á  til að raða dálki í hækkandi röð (frá lágu upp í hátt).  Smelltu aftur á táknið til að raða dálkinum í lækkandi röð (frá háu niður í lágt).
Til að framkvæma útreikninga:
Veldu dálk úr fyrstu fellivalmyndinni.
Veldu aðgerð úr fellivalmyndinni í miðjunni.
Veldu dálk úr síðustu fellivalmyndinni.
Smelltu á „Keyra.”
Niðurstaðan birtist í fyrsta tiltæka auða dálkinum.
Til að birta meðaltal úr dálki skaltu velja dálk úr fellivalmyndinni og smella á „Keyra"". Niðurstaðan birtist í reitnum fyrir neðan þann dálk.
Til að afturkalla aðgerð í dálki skaltu smella á .
Til að hreinsa dálk skaltu smella á .
Til að hreinsa töflureikninn alveg skaltu smella á „Hreinsa allt”.
Skoðaðu „Skóglendi"" hér til hægri. Notaðu töflureikninn til að hjálpa þér að svara spurningunni hér fyrir neðan. Smelltu á valmöguleika og skrifaðu síðan útskýringu til að svara spurningunni.
Helena staðhæfir að í Suður-Kóreu sé meira skóglendi en í nokkru öðru landi á þessum lista miðað við ártölin sem eru sýnd.
Styðja gögnin í töflureikninum þessa staðhæfingu hennar?
Já
Nei
Útskýrðu svar þitt."
MAT/MA161-ForestedAreas,7,4,Icelandic,isl-ISL,"SKÓGLENDI
Töflureiknirinn hér fyrir neðan sýnir umfang skóglendis sem prósentu af heildarflatarmáli landsvæðis í hverju þeirra 15 landa sem eru í gagnasafni þessu. Gögn eru sýnd fyrir árin 2005, 2010 og 2015.
Dálkur A ▾
Dálkur B
Dálkur C
Dálkur D
Dálkur E
Dálkur F
Dálkur G
Land
2005
2010
2015
Alsír0,640,810,82Armenía11,7711,7411,77Bandaríkin33,2633,733,85Grikkland29,1130,2831,45Indland22,7723,4723,77Kasakstan1,241,231,23Kólumbía54,2652,8552,73Líbanon13,3413,3813,42Panama64,3363,2162,11Perú59,0158,4557,79Portúgal36,5235,8935,25Senegal45,0544,0142,97Suður-Kórea64,4264,0863,69Tæland31,5131,8132,1Þýskaland32,6632,7332,76
Reikna
Dálkur
Dálkur B
Dálkur C
Dálkur D
Dálkur E
Dálkur F
Dálkur G
Aðgerð
Leggja saman
Draga frá
Margfalda
Deila
Dálkur
Dálkur B
Dálkur C
Dálkur D
Dálkur E
Dálkur F
Dálkur G
Keyra
Meðaltal
Dálkur
Dálkur B
Dálkur C
Dálkur D
Dálkur E
Dálkur F
Dálkur G
Keyra
Hreinsa allt
closeÍ lagi"
MAT/MA161-ForestedAreas,7,5,Icelandic,isl-ISL,"C
(
)
x2
yx
√x
1/x
π
÷
7
8
9
x
4
5
6
–
1
2
3
+
0
.
+/-
="
MAT/MA161-ForestedAreas,1,1,Indonesian,ind-IDN,Kalkulatorclose
MAT/MA161-ForestedAreas,1,2,Indonesian,ind-IDN,PISA 2022
MAT/MA161-ForestedAreas,1,3,Indonesian,ind-IDN,"Luas Hutan  Pengantar
Bacalah pengantar berikut ini. Kemudian klik pada tanda panah SELANJUTNYA.
LUAS HUTAN
Pada unit ini kamu akan menggunakan tabel untuk menjawab pertanyaan yang terkait dengan situasi berikut.
Hutan merupakan sebuah ekosistem tempat ditemukannya beragam pohon, tumbuhan, dan binatang.
Luas hutan pada sebuah negara dapat berubah dari waktu ke waktu.
Pada halaman selanjutnya, kamu akan berlatih menggunakan tabel."
MAT/MA161-ForestedAreas,1,4,Indonesian,ind-IDN,"C
(
)
x2
yx
√x
1/x
π
÷
7
8
9
x
4
5
6
–
1
2
3
+
0
.
+/-
="
MAT/MA161-ForestedAreas,2,1,Indonesian,ind-IDN,Kalkulatorclose
MAT/MA161-ForestedAreas,2,2,Indonesian,ind-IDN,PISA 2022
MAT/MA161-ForestedAreas,2,3,Indonesian,ind-IDN,"LUAS HUTAN
Tabel di bawah ini menunjukkan luas hutan sebagai persentase dari total luas lahan pada masing-masing negara dalam kumpulan data berikut. Data yang ditampilkan untuk tahun 2005, 2010, dan 2015.
Kolom A ▾
Kolom B
Kolom C
Kolom D
Kolom E
Kolom F
Kolom G
Negara
2005
2010
2015
Aljazair0,640,810,82Amerika Serikat33,2633,733,85Armenia11,7711,7411,77India22,7723,4723,77Jerman32,6632,7332,76Kazakhstan1,241,231,23Kolombia54,2652,8552,73Korea Selatan64,4264,0863,69Lebanon13,3413,3813,42Panama64,3363,2162,11Peru59,0158,4557,79Portugal36,5235,8935,25Senegal45,0544,0142,97Thailand31,5131,8132,1Yunani29,1130,2831,45
Hitung
Kolom
Kolom B
Kolom C
Kolom D
Kolom E
Kolom F
Kolom G
Operasi
Tambah
Kurangi
Kalikan
Bagi
Kolom
Kolom B
Kolom C
Kolom D
Kolom E
Kolom F
Kolom G
Jalankan
Rata-rata
Kolom
Kolom B
Kolom C
Kolom D
Kolom E
Kolom F
Kolom G
Jalankan
Hapus Semua
closeOK"
MAT/MA161-ForestedAreas,2,4,Indonesian,ind-IDN,"Luas Hutan  Latihan
Sebelum melanjutkan ke pertanyaan, kamu akan berlatih menggunakan tabel.
Gunakan tabel untuk melengkapi tiga tahapan berikut.
Mengurutkan kolom.
Klik pada simbol  pada Kolom B, C, dan D untuk mengurutkan isi kolom tersebut dalam urutan naik (dari rendah ke tinggi).
Perhatikan bahwa semua kolom akan terurut apabila salah satu kolom diurutkan.
Melakukan perhitungan
Pilih kolom dari menu drop-down pertama yang ada di bawah tabel.
Selanjutnya, pilih operasi dari menu drop-down yang ada di tengah.
Kemudian pilih kolom dari menu drop-down yang terakhir.
Klik pada tombol “Jalankan.”
Hasilnya akan ditampilkan pada kolom kosong pertama yang tersedia.
Tampilkan rata-rata dari sebuah kolom.
Pilih sebuah kolom dari menu drop-down di samping ""Rata-rata,"" di bawah tabel.
Klik pada tombol “Jalankan.”
Hasilnya akan ditampilkan dalam sel di bawah kolom tersebut.
Klik  untuk melanjutkan."
MAT/MA161-ForestedAreas,2,5,Indonesian,ind-IDN,"C
(
)
x2
yx
√x
1/x
π
÷
7
8
9
x
4
5
6
–
1
2
3
+
0
.
+/-
="
MAT/MA161-ForestedAreas,3,1,Indonesian,ind-IDN,Kalkulatorclose
MAT/MA161-ForestedAreas,3,2,Indonesian,ind-IDN,PISA 2022
MAT/MA161-ForestedAreas,3,3,Indonesian,ind-IDN,"LUAS HUTAN
Tabel di bawah ini menunjukkan luas hutan sebagai persentase dari total luas lahan pada masing-masing negara dalam kumpulan data berikut. Data yang ditampilkan untuk tahun 2005, 2010, dan 2015.
Kolom A ▾
Kolom B
Kolom C
Kolom D
Kolom E
Kolom F
Kolom G
Negara
2005
2010
2015
Aljazair0,640,810,82Amerika Serikat33,2633,733,85Armenia11,7711,7411,77India22,7723,4723,77Jerman32,6632,7332,76Kazakhstan1,241,231,23Kolombia54,2652,8552,73Korea Selatan64,4264,0863,69Lebanon13,3413,3813,42Panama64,3363,2162,11Peru59,0158,4557,79Portugal36,5235,8935,25Senegal45,0544,0142,97Thailand31,5131,8132,1Yunani29,1130,2831,45
Hitung
Kolom
Kolom B
Kolom C
Kolom D
Kolom E
Kolom F
Kolom G
Operasi
Tambah
Kurangi
Kalikan
Bagi
Kolom
Kolom B
Kolom C
Kolom D
Kolom E
Kolom F
Kolom G
Jalankan
Rata-rata
Kolom
Kolom B
Kolom C
Kolom D
Kolom E
Kolom F
Kolom G
Jalankan
Hapus Semua
closeOK"
MAT/MA161-ForestedAreas,3,4,Indonesian,ind-IDN,"Luas Hutan  Perintah
Perintah tentang cara menggunakan tabel ada pada setiap pertanyaan.
Perintah tersebut berada pada menu “Cara Menggunakan Tabel” yang dapat dibuka dan ditutup.
Klik pada bilah di bawah untuk membuka perintah. Klik kembali pada bilah tersebut untuk menutup perintah.
Cara Menggunakan Tabel
Klik pada   untuk mengurutkan kolom dalam urutan naik (rendah ke tinggi).  Klik kembali pada ikon untuk mengurutkan kolom dalam urutan turun (tinggi ke rendah).
Melakukan perhitungan:
Pilih kolom dari menu drop-down pertama.
Pilih operasi dari menu drop-down tengah.
Pilih kolom dari menu drop-down terakhir.
Klik pada tombol “Jalankan.”
Hasilnya akan ditampilkan pada kolom kosong pertama yang tersedia.
Untuk menampilkan rata-rata dari sebuah kolom, pilih kolom dari menu drop-down dan klik ""Jalankan."" Hasilnya akan ditampilkan dalam sel di bawah kolom tersebut.
Untuk membatalkan perintah dalam sebuah kolom, klik pada .
Untuk mengosongkan sebuah kolom, klik pada .
Untuk mengosongkan seluruh tabel, klik pada ""Hapus Semua.""
Klik  untuk melanjutkan."
MAT/MA161-ForestedAreas,3,5,Indonesian,ind-IDN,"C
(
)
x2
yx
√x
1/x
π
÷
7
8
9
x
4
5
6
–
1
2
3
+
0
.
+/-
="
MAT/MA161-ForestedAreas,4,1,Indonesian,ind-IDN,Kalkulatorclose
MAT/MA161-ForestedAreas,4,2,Indonesian,ind-IDN,PISA 2022
MAT/MA161-ForestedAreas,4,3,Indonesian,ind-IDN,"LUAS HUTAN
Tabel di bawah ini menunjukkan luas hutan sebagai persentase dari total luas lahan pada masing-masing negara dalam kumpulan data berikut. Data yang ditampilkan untuk tahun 2005, 2010, dan 2015.
Kolom A ▾
Kolom B
Kolom C
Kolom D
Kolom E
Kolom F
Kolom G
Negara
2005
2010
2015
Aljazair0,640,810,82Amerika Serikat33,2633,733,85Armenia11,7711,7411,77India22,7723,4723,77Jerman32,6632,7332,76Kazakhstan1,241,231,23Kolombia54,2652,8552,73Korea Selatan64,4264,0863,69Lebanon13,3413,3813,42Panama64,3363,2162,11Peru59,0158,4557,79Portugal36,5235,8935,25Senegal45,0544,0142,97Thailand31,5131,8132,1Yunani29,1130,2831,45
Hitung
Kolom
Kolom B
Kolom C
Kolom D
Kolom E
Kolom F
Kolom G
Operasi
Tambah
Kurangi
Kalikan
Bagi
Kolom
Kolom B
Kolom C
Kolom D
Kolom E
Kolom F
Kolom G
Jalankan
Rata-rata
Kolom
Kolom B
Kolom C
Kolom D
Kolom E
Kolom F
Kolom G
Jalankan
Hapus Semua
closeOK"
MAT/MA161-ForestedAreas,4,4,Indonesian,ind-IDN,"Luas Hutan  Pertanyaan 1 / 4
Cara Menggunakan Tabel
Klik pada   untuk mengurutkan kolom dalam urutan naik (rendah ke tinggi).  Klik kembali pada ikon untuk mengurutkan kolom dalam urutan turun (tinggi ke rendah).
Melakukan perhitungan:
Pilih kolom dari menu drop-down pertama.
Pilih operasi dari menu drop-down tengah.
Pilih kolom dari menu drop-down terakhir.
Klik pada tombol “Jalankan.”
Hasilnya akan ditampilkan pada kolom kosong pertama yang tersedia.
Untuk menampilkan rata-rata dari sebuah kolom, pilih kolom dari menu drop-down dan klik ""Jalankan."" Hasilnya akan ditampilkan dalam sel di bawah kolom tersebut.
Untuk membatalkan perintah dalam sebuah kolom, klik pada .
Untuk mengosongkan sebuah kolom, klik pada .
Untuk mengosongkan seluruh tabel, klik pada ""Hapus Semua.""
Perhatikan teks “Luas Hutan” di samping. Gunakan tabel untuk membantumu menjawab pertanyaan berikut. Pilih dari menu drop-down untuk menjawab setiap pertanyaan.
Pada tabel berikut, jawab tiap pertanyaan dengan memilih sebuah negara pada menu drop-down yang sesuai.
Pertanyaan
Negara
Dalam poin persentase, negara mana yang memiliki penambahan tertinggi antara tahun 2005 dan 2015?
PilihAljazairAmerika SerikatArmeniaIndiaJermanKazakhstanKolombiaKorea SelatanLebanonPanamaPeruPortugalSenegalThailandYunani
Negara mana yang secara keseluruhan tidak mengalami perubahan antara tahun 2005 dan 2015?
PilihAljazairAmerika SerikatArmeniaIndiaJermanKazakhstanKolombiaKorea SelatanLebanonPanamaPeruPortugalSenegalThailandYunani
Dalam poin persentase, negara mana yang mengalami kehilangan tertinggi antara tahun 2005 dan 2015?
PilihAljazairAmerika SerikatArmeniaIndiaJermanKazakhstanKolombiaKorea SelatanLebanonPanamaPeruPortugalSenegalThailandYunani"
MAT/MA161-ForestedAreas,4,5,Indonesian,ind-IDN,"C
(
)
x2
yx
√x
1/x
π
÷
7
8
9
x
4
5
6
–
1
2
3
+
0
.
+/-
="
MAT/MA161-ForestedAreas,5,1,Indonesian,ind-IDN,Kalkulatorclose
MAT/MA161-ForestedAreas,5,2,Indonesian,ind-IDN,PISA 2022
MAT/MA161-ForestedAreas,5,3,Indonesian,ind-IDN,"LUAS HUTAN
Tabel di bawah ini menunjukkan luas hutan sebagai persentase dari total luas lahan pada masing-masing negara dalam kumpulan data berikut. Data yang ditampilkan untuk tahun 2005, 2010, dan 2015.
Kolom A ▾
Kolom B
Kolom C
Kolom D
Kolom E
Kolom F
Kolom G
Negara
2005
2010
2015
Aljazair0,640,810,82Amerika Serikat33,2633,733,85Armenia11,7711,7411,77India22,7723,4723,77Jerman32,6632,7332,76Kazakhstan1,241,231,23Kolombia54,2652,8552,73Korea Selatan64,4264,0863,69Lebanon13,3413,3813,42Panama64,3363,2162,11Peru59,0158,4557,79Portugal36,5235,8935,25Senegal45,0544,0142,97Thailand31,5131,8132,1Yunani29,1130,2831,45
Hitung
Kolom
Kolom B
Kolom C
Kolom D
Kolom E
Kolom F
Kolom G
Operasi
Tambah
Kurangi
Kalikan
Bagi
Kolom
Kolom B
Kolom C
Kolom D
Kolom E
Kolom F
Kolom G
Jalankan
Rata-rata
Kolom
Kolom B
Kolom C
Kolom D
Kolom E
Kolom F
Kolom G
Jalankan
Hapus Semua
closeOK"
MAT/MA161-ForestedAreas,5,4,Indonesian,ind-IDN,"Luas Hutan  Pertanyaan 2 / 4
Cara Menggunakan Tabel
Klik pada   untuk mengurutkan kolom dalam urutan naik (rendah ke tinggi).  Klik kembali pada ikon untuk mengurutkan kolom dalam urutan turun (tinggi ke rendah).
Melakukan perhitungan:
Pilih kolom dari menu drop-down pertama.
Pilih operasi dari menu drop-down tengah.
Pilih kolom dari menu drop-down terakhir.
Klik pada tombol “Jalankan.”
Hasilnya akan ditampilkan pada kolom kosong pertama yang tersedia.
Untuk menampilkan rata-rata dari sebuah kolom, pilih kolom dari menu drop-down dan klik ""Jalankan."" Hasilnya akan ditampilkan dalam sel di bawah kolom tersebut.
Untuk membatalkan perintah dalam sebuah kolom, klik pada .
Untuk mengosongkan sebuah kolom, klik pada .
Untuk mengosongkan seluruh tabel, klik pada ""Hapus Semua.""
Perhatikan teks “Luas Hutan” di samping. Gunakan tabel untuk membantumu menjawab pertanyaan berikut. Klik pada sebuah pilihan jawaban untuk menjawab pertanyaan berikut.
Pertimbangkan dua periode waktu: 2005 hingga 2010 dan 2010 hingga 2015.
Manakah dari pernyataan berikut yang menggambarkan perubahan rata-rata dalam persentase luas hutan untuk kedua periode waktu tersebut secara benar?
Perubahaan rata-rata untuk kedua periode waktu bernilai positif.
Perubahaan rata-rata untuk kedua periode waktu bernilai negatif.
Perubahaan rata-rata untuk kedua periode waktu sama.
Perubahan rata-rata untuk satu periode waktu bernilai positif, sedangkan yang lain bernilai negatif."
MAT/MA161-ForestedAreas,5,5,Indonesian,ind-IDN,"C
(
)
x2
yx
√x
1/x
π
÷
7
8
9
x
4
5
6
–
1
2
3
+
0
.
+/-
="
MAT/MA161-ForestedAreas,6,1,Indonesian,ind-IDN,Kalkulatorclose
MAT/MA161-ForestedAreas,6,2,Indonesian,ind-IDN,PISA 2022
MAT/MA161-ForestedAreas,6,3,Indonesian,ind-IDN,"LUAS HUTAN
Tabel di bawah ini menunjukkan luas hutan sebagai persentase dari total luas lahan pada masing-masing negara dalam kumpulan data berikut. Data yang ditampilkan untuk tahun 2005, 2010, dan 2015.
Kolom A ▾
Kolom B
Kolom C
Kolom D
Kolom E
Kolom F
Kolom G
Negara
2005
2010
2015
Aljazair0,640,810,82Amerika Serikat33,2633,733,85Armenia11,7711,7411,77India22,7723,4723,77Jerman32,6632,7332,76Kazakhstan1,241,231,23Kolombia54,2652,8552,73Korea Selatan64,4264,0863,69Lebanon13,3413,3813,42Panama64,3363,2162,11Peru59,0158,4557,79Portugal36,5235,8935,25Senegal45,0544,0142,97Thailand31,5131,8132,1Yunani29,1130,2831,45
Hitung
Kolom
Kolom B
Kolom C
Kolom D
Kolom E
Kolom F
Kolom G
Operasi
Tambah
Kurangi
Kalikan
Bagi
Kolom
Kolom B
Kolom C
Kolom D
Kolom E
Kolom F
Kolom G
Jalankan
Rata-rata
Kolom
Kolom B
Kolom C
Kolom D
Kolom E
Kolom F
Kolom G
Jalankan
Hapus Semua
closeOK"
MAT/MA161-ForestedAreas,6,4,Indonesian,ind-IDN,"Luas Hutan  Pertanyaan 3 / 4
Cara Menggunakan Tabel
Klik pada   untuk mengurutkan kolom dalam urutan naik (rendah ke tinggi).  Klik kembali pada ikon untuk mengurutkan kolom dalam urutan turun (tinggi ke rendah).
Melakukan perhitungan:
Pilih kolom dari menu drop-down pertama.
Pilih operasi dari menu drop-down tengah.
Pilih kolom dari menu drop-down terakhir.
Klik pada tombol “Jalankan.”
Hasilnya akan ditampilkan pada kolom kosong pertama yang tersedia.
Untuk menampilkan rata-rata dari sebuah kolom, pilih kolom dari menu drop-down dan klik ""Jalankan."" Hasilnya akan ditampilkan dalam sel di bawah kolom tersebut.
Untuk membatalkan perintah dalam sebuah kolom, klik pada .
Untuk mengosongkan sebuah kolom, klik pada .
Untuk mengosongkan seluruh tabel, klik pada ""Hapus Semua.""
Perhatikan teks “Luas Hutan” di samping. Gunakan tabel untuk membantumu menjawab pertanyaan berikut. Pilih dari menu drop-down untuk menjawab pertanyaan berikut.
Pertimbangkan dua periode waktu: 2005 hingga 2010 dan 2010 hingga 2015.
Dalam poin persentase, dua negara mana yang memiliki perubahan terbesar dalam persentase luas hutan dari satu periode waktu ke periode waktu lainnya?
Jawaban:
PilihAljazairAmerika SerikatArmeniaIndiaJermanKazakhstanKolombiaKorea SelatanLebanonPanamaPeruPortugalSenegalThailandYunani
dan
PilihAljazairAmerika SerikatArmeniaIndiaJermanKazakhstanKolombiaKorea SelatanLebanonPanamaPeruPortugalSenegalThailandYunani"
MAT/MA161-ForestedAreas,6,5,Indonesian,ind-IDN,"C
(
)
x2
yx
√x
1/x
π
÷
7
8
9
x
4
5
6
–
1
2
3
+
0
.
+/-
="
MAT/MA161-ForestedAreas,7,1,Indonesian,ind-IDN,Kalkulatorclose
MAT/MA161-ForestedAreas,7,2,Indonesian,ind-IDN,PISA 2022
MAT/MA161-ForestedAreas,7,3,Indonesian,ind-IDN,"LUAS HUTAN
Tabel di bawah ini menunjukkan luas hutan sebagai persentase dari total luas lahan pada masing-masing negara dalam kumpulan data berikut. Data yang ditampilkan untuk tahun 2005, 2010, dan 2015.
Kolom A ▾
Kolom B
Kolom C
Kolom D
Kolom E
Kolom F
Kolom G
Negara
2005
2010
2015
Aljazair0,640,810,82Amerika Serikat33,2633,733,85Armenia11,7711,7411,77India22,7723,4723,77Jerman32,6632,7332,76Kazakhstan1,241,231,23Kolombia54,2652,8552,73Korea Selatan64,4264,0863,69Lebanon13,3413,3813,42Panama64,3363,2162,11Peru59,0158,4557,79Portugal36,5235,8935,25Senegal45,0544,0142,97Thailand31,5131,8132,1Yunani29,1130,2831,45
Hitung
Kolom
Kolom B
Kolom C
Kolom D
Kolom E
Kolom F
Kolom G
Operasi
Tambah
Kurangi
Kalikan
Bagi
Kolom
Kolom B
Kolom C
Kolom D
Kolom E
Kolom F
Kolom G
Jalankan
Rata-rata
Kolom
Kolom B
Kolom C
Kolom D
Kolom E
Kolom F
Kolom G
Jalankan
Hapus Semua
closeOK"
MAT/MA161-ForestedAreas,7,4,Indonesian,ind-IDN,"Luas Hutan  Pertanyaan 4 / 4
Cara Menggunakan Tabel
Klik pada   untuk mengurutkan kolom dalam urutan naik (rendah ke tinggi).  Klik kembali pada ikon untuk mengurutkan kolom dalam urutan turun (tinggi ke rendah).
Melakukan perhitungan:
Pilih kolom dari menu drop-down pertama.
Pilih operasi dari menu drop-down tengah.
Pilih kolom dari menu drop-down terakhir.
Klik pada tombol “Jalankan.”
Hasilnya akan ditampilkan pada kolom kosong pertama yang tersedia.
Untuk menampilkan rata-rata dari sebuah kolom, pilih kolom dari menu drop-down dan klik ""Jalankan."" Hasilnya akan ditampilkan dalam sel di bawah kolom tersebut.
Untuk membatalkan perintah dalam sebuah kolom, klik pada .
Untuk mengosongkan sebuah kolom, klik pada .
Untuk mengosongkan seluruh tabel, klik pada ""Hapus Semua.""
Perhatikan teks “Luas Hutan” di samping. Gunakan tabel untuk membantumu menjawab pertanyaan berikut. Klik pada satu pilihan jawaban dan ketik penjelasan untuk menjawab pertanyaan berikut.
Helena menyatakan bahwa Korea Selatan memiliki hutan yang lebih luas daripada negara lain dalam daftar pada tahun-tahun yang ditampilkan.
Apakah pernyataan Helena berdasarkan pada data dalam tabel?
Ya
Tidak
Jelaskan jawabanmu."
MAT/MA161-ForestedAreas,7,5,Indonesian,ind-IDN,"C
(
)
x2
yx
√x
1/x
π
÷
7
8
9
x
4
5
6
–
1
2
3
+
0
.
+/-
="
MAT/MA161-ForestedAreas,1,1,Italian,ita-ITA,Calcolatriceclose
MAT/MA161-ForestedAreas,1,2,Italian,ita-ITA,PISA
MAT/MA161-ForestedAreas,1,3,Italian,ita-ITA,"Superficie boschiva  Introduzione
Leggi l'introduzione, poi clicca sulla freccia del pulsante AVANTI.
SUPERFICIE BOSCHIVA
In questa unità userai un foglio di calcolo per rispondere alle domande relative alla situazione che segue:
Un bosco è un ecosistema in cui si può trovare una varietà di alberi, piante e animali.
L'estensione della superficie boschiva di una nazione può cambiare nel corso del tempo.
Nella prossima schermata, ti eserciterai a usare il foglio di calcolo."
MAT/MA161-ForestedAreas,1,4,Italian,ita-ITA,"C
(
)
x2
yx
√x
1/x
π
:
7
8
9
x
4
5
6
–
1
2
3
+
0
,
+/-
="
MAT/MA161-ForestedAreas,2,1,Italian,ita-ITA,Calcolatriceclose
MAT/MA161-ForestedAreas,2,2,Italian,ita-ITA,PISA
MAT/MA161-ForestedAreas,2,3,Italian,ita-ITA,"Superficie boschiva  Esercitazione
Ora ti eserciterai a usare il foglio di calcolo prima di andare avanti con le domande.
Usa il foglio di calcolo per eseguire le tre azioni che seguono.
Ordina una colonna
Clicca sul simbolo  nella Colonna B, C o D per mettere la colonna in ordine crescente (dal più piccolo al più grande).
Tutte le colonne verranno ordinate sulla base di come viene ordinata una qualunque delle colonne.
Esegui un calcolo
Scegli una colonna dal primo menu a tendina che trovi in fondo al foglio di calcolo.
Poi scegli un'operazione dal menu a tendina centrale.
Poi scegli una colonna dall'ultimo menu a tendina.
Clicca sul pulsante “Esegui”.
I risultati verranno visualizzati nella prima colonna vuota disponibile.
Visualizza la media di una colonna
Scegli una colonna dal menu a tendina accanto a ""Media"" che trovi sotto il foglio di calcolo.
Clicca sul pulsante “Esegui”.
I risultati verranno visualizzati nella cella in fondo a quella colonna.
Clicca su  per continuare."
MAT/MA161-ForestedAreas,2,4,Italian,ita-ITA,"SUPERFICIE BOSCHIVA
Il foglio di calcolo qui sotto riporta l'estensione della superficie boschiva espressa come percentuale della superficie totale del territorio di ciascuna delle 15 nazioni elencate in questa serie di dati. I dati riportati sono relativi agli anni 2005, 2010 e 2015.
Colonna A ▾
Colonna B
Colonna C
Colonna D
Colonna E
Colonna F
Colonna G
Nazione
2005
2010
2015
Algeria0,640,810,82Armenia11,7711,7411,77Colombia54,2652,8552,73Corea del Sud64,4264,0863,69Germania32,6632,7332,76Grecia29,1130,2831,45India22,7723,4723,77Kazakistan1,241,231,23Libano13,3413,3813,42Panama64,3363,2162,11Perù59,0158,4557,79Portogallo36,5235,8935,25Senegal45,0544,0142,97Stati Uniti33,2633,733,85Thailandia31,5131,8132,1
Calcola
Colonna
Colonna B
Colonna C
Colonna D
Colonna E
Colonna F
Colonna G
Operazione
Somma
Sottrai
Moltiplica
Dividi
Colonna
Colonna B
Colonna C
Colonna D
Colonna E
Colonna F
Colonna G
Esegui
Media
Colonna
Colonna B
Colonna C
Colonna D
Colonna E
Colonna F
Colonna G
Esegui
Cancella tutto
closeOK"
MAT/MA161-ForestedAreas,2,5,Italian,ita-ITA,"C
(
)
x2
yx
√x
1/x
π
:
7
8
9
x
4
5
6
–
1
2
3
+
0
,
+/-
="
MAT/MA161-ForestedAreas,3,1,Italian,ita-ITA,Calcolatriceclose
MAT/MA161-ForestedAreas,3,2,Italian,ita-ITA,PISA
MAT/MA161-ForestedAreas,3,3,Italian,ita-ITA,"Superficie boschiva  Istruzioni
Per ogni domanda, trovi le istruzioni su come usare il foglio di calcolo.
Si trovano in un menu chiamato ""Come usare il foglio di calcolo"" che si può aprire e chiudere.
Per aprire le istruzioni, clicca sulla barra qui sotto. Per chiudere le istruzioni, clicca di nuovo sulla barra.
Come usare il foglio di calcolo
Clicca su  per mettere una colonna in ordine crescente (dal più basso al più alto).  Clicca di nuovo sul simbolo per mettere la colonna in ordine decrescente (dal più alto al più basso).
Per eseguire calcoli:
Scegli una colonna dal primo menu a tendina.
Scegli un'operazione dal menu a tendina centrale.
Scegli una colonna dall'ultimo menu a tendina.
Clicca sul pulsante “Esegui”.
I risultati verranno visualizzati nella prima colonna vuota disponibile.
Per visualizzare la media di una colonna, scegli una colonna dal menu a tendina e clicca sul pulsante “Esegui”. I risultati verranno visualizzati nella cella in fondo a quella colonna.
Clicca su  per annullare un'azione.
Clicca su  per cancellare il contenuto di una colonna.
Clicca su ""Cancella tutto"" per cancellare il contenuto di tutto il foglio di calcolo.
Clicca su  per continuare."
MAT/MA161-ForestedAreas,3,4,Italian,ita-ITA,"SUPERFICIE BOSCHIVA
Il foglio di calcolo qui sotto riporta l'estensione della superficie boschiva espressa come percentuale della superficie totale del territorio di ciascuna delle 15 nazioni elencate in questa serie di dati. I dati riportati sono relativi agli anni 2005, 2010 e 2015.
Colonna A ▾
Colonna B
Colonna C
Colonna D
Colonna E
Colonna F
Colonna G
Nazione
2005
2010
2015
Algeria0,640,810,82Armenia11,7711,7411,77Colombia54,2652,8552,73Corea del Sud64,4264,0863,69Germania32,6632,7332,76Grecia29,1130,2831,45India22,7723,4723,77Kazakistan1,241,231,23Libano13,3413,3813,42Panama64,3363,2162,11Perù59,0158,4557,79Portogallo36,5235,8935,25Senegal45,0544,0142,97Stati Uniti33,2633,733,85Thailandia31,5131,8132,1
Calcola
Colonna
Colonna B
Colonna C
Colonna D
Colonna E
Colonna F
Colonna G
Operazione
Somma
Sottrai
Moltiplica
Dividi
Colonna
Colonna B
Colonna C
Colonna D
Colonna E
Colonna F
Colonna G
Esegui
Media
Colonna
Colonna B
Colonna C
Colonna D
Colonna E
Colonna F
Colonna G
Esegui
Cancella tutto
closeOK"
MAT/MA161-ForestedAreas,3,5,Italian,ita-ITA,"C
(
)
x2
yx
√x
1/x
π
:
7
8
9
x
4
5
6
–
1
2
3
+
0
,
+/-
="
MAT/MA161-ForestedAreas,4,1,Italian,ita-ITA,Calcolatriceclose
MAT/MA161-ForestedAreas,4,2,Italian,ita-ITA,PISA
MAT/MA161-ForestedAreas,4,3,Italian,ita-ITA,"Superficie boschiva  Domanda 1 / 4
Come usare il foglio di calcolo
Clicca su  per mettere una colonna in ordine crescente (dal più basso al più alto).  Clicca di nuovo sul simbolo per mettere la colonna in ordine decrescente (dal più alto al più basso).
Per eseguire calcoli:
Scegli una colonna dal primo menu a tendina.
Scegli un'operazione dal menu a tendina centrale.
Scegli una colonna dall'ultimo menu a tendina.
Clicca sul pulsante “Esegui”.
I risultati verranno visualizzati nella prima colonna vuota disponibile.
Per visualizzare la media di una colonna, scegli una colonna dal menu a tendina e clicca sul pulsante “Esegui”. I risultati verranno visualizzati nella cella in fondo a quella colonna.
Clicca su  per annullare un'azione.
Clicca su  per cancellare il contenuto di una colonna.
Clicca su ""Cancella tutto"" per cancellare il contenuto di tutto il foglio di calcolo.
Fai riferimento a ""Superficie boschiva"" presentato sulla destra. Usa il foglio di calcolo come aiuto per rispondere alla domanda qui sotto. Per rispondere alla domanda, scegli un'alternativa da ciascun menu a tendina.
Nella tabella qui sotto, rispondi a ciascuna domanda scegliendo una nazione dal menu a tendina corrispondente.
Domanda
Nazione
In termini di punti percentuali, quale nazione ha avuto l'aumento più grande tra il 2005 e il 2015?
SelezionaAlgeriaArmeniaColombiaCorea del SudGermaniaGreciaIndiaKazakistanLibanoPanamaPerùPortogalloSenegalStati UnitiThailandia
Quale nazione non ha avuto nessun cambiamento complessivo tra il 2005 e il 2015?
SelezionaAlgeriaArmeniaColombiaCorea del SudGermaniaGreciaIndiaKazakistanLibanoPanamaPerùPortogalloSenegalStati UnitiThailandia
In termini di punti percentuali, quale nazione ha avuto la diminuzione più grande tra il 2005 e il 2015?
SelezionaAlgeriaArmeniaColombiaCorea del SudGermaniaGreciaIndiaKazakistanLibanoPanamaPerùPortogalloSenegalStati UnitiThailandia"
MAT/MA161-ForestedAreas,4,4,Italian,ita-ITA,"SUPERFICIE BOSCHIVA
Il foglio di calcolo qui sotto riporta l'estensione della superficie boschiva espressa come percentuale della superficie totale del territorio di ciascuna delle 15 nazioni elencate in questa serie di dati. I dati riportati sono relativi agli anni 2005, 2010 e 2015.
Colonna A ▾
Colonna B
Colonna C
Colonna D
Colonna E
Colonna F
Colonna G
Nazione
2005
2010
2015
Algeria0,640,810,82Armenia11,7711,7411,77Colombia54,2652,8552,73Corea del Sud64,4264,0863,69Germania32,6632,7332,76Grecia29,1130,2831,45India22,7723,4723,77Kazakistan1,241,231,23Libano13,3413,3813,42Panama64,3363,2162,11Perù59,0158,4557,79Portogallo36,5235,8935,25Senegal45,0544,0142,97Stati Uniti33,2633,733,85Thailandia31,5131,8132,1
Calcola
Colonna
Colonna B
Colonna C
Colonna D
Colonna E
Colonna F
Colonna G
Operazione
Somma
Sottrai
Moltiplica
Dividi
Colonna
Colonna B
Colonna C
Colonna D
Colonna E
Colonna F
Colonna G
Esegui
Media
Colonna
Colonna B
Colonna C
Colonna D
Colonna E
Colonna F
Colonna G
Esegui
Cancella tutto
closeOK"
MAT/MA161-ForestedAreas,4,5,Italian,ita-ITA,"C
(
)
x2
yx
√x
1/x
π
:
7
8
9
x
4
5
6
–
1
2
3
+
0
,
+/-
="
MAT/MA161-ForestedAreas,5,1,Italian,ita-ITA,Calcolatriceclose
MAT/MA161-ForestedAreas,5,2,Italian,ita-ITA,PISA
MAT/MA161-ForestedAreas,5,3,Italian,ita-ITA,"Superficie boschiva  Domanda 2 / 4
Come usare il foglio di calcolo
Clicca su  per mettere una colonna in ordine crescente (dal più basso al più alto).  Clicca di nuovo sul simbolo per mettere la colonna in ordine decrescente (dal più alto al più basso).
Per eseguire calcoli:
Scegli una colonna dal primo menu a tendina.
Scegli un'operazione dal menu a tendina centrale.
Scegli una colonna dall'ultimo menu a tendina.
Clicca sul pulsante “Esegui”.
I risultati verranno visualizzati nella prima colonna vuota disponibile.
Per visualizzare la media di una colonna, scegli una colonna dal menu a tendina e clicca sul pulsante “Esegui”. I risultati verranno visualizzati nella cella in fondo a quella colonna.
Clicca su  per annullare un'azione.
Clicca su  per cancellare il contenuto di una colonna.
Clicca su ""Cancella tutto"" per cancellare il contenuto di tutto il foglio di calcolo.
Fai riferimento a ""Superficie boschiva"" presentato sulla destra. Usa il foglio di calcolo come aiuto per rispondere alla domanda qui sotto. Per rispondere alla domanda, clicca su una delle alternative.
Considera questi due periodi di tempo: dal 2005 al 2010 e dal 2010 al 2015.
Quale delle seguenti affermazioni descrive correttamente il cambiamento medio della percentuale di superficie boschiva per entrambi i periodi di tempo?
Il cambiamento medio è stato positivo per entrambi i periodi di tempo.
Il cambiamento medio è stato negativo per entrambi i periodi di tempo.
Il cambiamento medio è stato lo stesso per entrambi i periodi di tempo.
Il cambiamento medio è stato positivo per un periodo di tempo e negativo per l'altro periodo di tempo."
MAT/MA161-ForestedAreas,5,4,Italian,ita-ITA,"SUPERFICIE BOSCHIVA
Il foglio di calcolo qui sotto riporta l'estensione della superficie boschiva espressa come percentuale della superficie totale del territorio di ciascuna delle 15 nazioni elencate in questa serie di dati. I dati riportati sono relativi agli anni 2005, 2010 e 2015.
Colonna A ▾
Colonna B
Colonna C
Colonna D
Colonna E
Colonna F
Colonna G
Nazione
2005
2010
2015
Algeria0,640,810,82Armenia11,7711,7411,77Colombia54,2652,8552,73Corea del Sud64,4264,0863,69Germania32,6632,7332,76Grecia29,1130,2831,45India22,7723,4723,77Kazakistan1,241,231,23Libano13,3413,3813,42Panama64,3363,2162,11Perù59,0158,4557,79Portogallo36,5235,8935,25Senegal45,0544,0142,97Stati Uniti33,2633,733,85Thailandia31,5131,8132,1
Calcola
Colonna
Colonna B
Colonna C
Colonna D
Colonna E
Colonna F
Colonna G
Operazione
Somma
Sottrai
Moltiplica
Dividi
Colonna
Colonna B
Colonna C
Colonna D
Colonna E
Colonna F
Colonna G
Esegui
Media
Colonna
Colonna B
Colonna C
Colonna D
Colonna E
Colonna F
Colonna G
Esegui
Cancella tutto
closeOK"
MAT/MA161-ForestedAreas,5,5,Italian,ita-ITA,"C
(
)
x2
yx
√x
1/x
π
:
7
8
9
x
4
5
6
–
1
2
3
+
0
,
+/-
="
MAT/MA161-ForestedAreas,6,1,Italian,ita-ITA,Calcolatriceclose
MAT/MA161-ForestedAreas,6,2,Italian,ita-ITA,PISA
MAT/MA161-ForestedAreas,6,3,Italian,ita-ITA,"Superficie boschiva  Domanda 3 / 4
Come usare il foglio di calcolo
Clicca su  per mettere una colonna in ordine crescente (dal più basso al più alto).  Clicca di nuovo sul simbolo per mettere la colonna in ordine decrescente (dal più alto al più basso).
Per eseguire calcoli:
Scegli una colonna dal primo menu a tendina.
Scegli un'operazione dal menu a tendina centrale.
Scegli una colonna dall'ultimo menu a tendina.
Clicca sul pulsante “Esegui”.
I risultati verranno visualizzati nella prima colonna vuota disponibile.
Per visualizzare la media di una colonna, scegli una colonna dal menu a tendina e clicca sul pulsante “Esegui”. I risultati verranno visualizzati nella cella in fondo a quella colonna.
Clicca su  per annullare un'azione.
Clicca su  per cancellare il contenuto di una colonna.
Clicca su ""Cancella tutto"" per cancellare il contenuto di tutto il foglio di calcolo.
Fai riferimento a ""Superficie boschiva"" presentato sulla destra. Usa il foglio di calcolo come aiuto per rispondere alla domanda qui sotto. Per rispondere alla domanda, scegli un'alternativa da ciascun menu a tendina.
Considera questi due periodi di tempo: dal 2005 al 2010 e dal 2010 al 2015.
In termini di punti percentuali, quali sono le due nazioni che hanno avuto il cambiamento più rilevante nella percentuale di area boschiva tra un periodo di tempo e l'altro?
Risposte:
SelezionaAlgeriaArmeniaColombiaCorea del SudGermaniaGreciaIndiaKazakistanLibanoPanamaPerùPortogalloSenegalStati UnitiThailandia
e
SelezionaAlgeriaArmeniaColombiaCorea del SudGermaniaGreciaIndiaKazakistanLibanoPanamaPerùPortogalloSenegalStati UnitiThailandia"
MAT/MA161-ForestedAreas,6,4,Italian,ita-ITA,"SUPERFICIE BOSCHIVA
Il foglio di calcolo qui sotto riporta l'estensione della superficie boschiva espressa come percentuale della superficie totale del territorio di ciascuna delle 15 nazioni elencate in questa serie di dati. I dati riportati sono relativi agli anni 2005, 2010 e 2015.
Colonna A ▾
Colonna B
Colonna C
Colonna D
Colonna E
Colonna F
Colonna G
Nazione
2005
2010
2015
Algeria0,640,810,82Armenia11,7711,7411,77Colombia54,2652,8552,73Corea del Sud64,4264,0863,69Germania32,6632,7332,76Grecia29,1130,2831,45India22,7723,4723,77Kazakistan1,241,231,23Libano13,3413,3813,42Panama64,3363,2162,11Perù59,0158,4557,79Portogallo36,5235,8935,25Senegal45,0544,0142,97Stati Uniti33,2633,733,85Thailandia31,5131,8132,1
Calcola
Colonna
Colonna B
Colonna C
Colonna D
Colonna E
Colonna F
Colonna G
Operazione
Somma
Sottrai
Moltiplica
Dividi
Colonna
Colonna B
Colonna C
Colonna D
Colonna E
Colonna F
Colonna G
Esegui
Media
Colonna
Colonna B
Colonna C
Colonna D
Colonna E
Colonna F
Colonna G
Esegui
Cancella tutto
closeOK"
MAT/MA161-ForestedAreas,6,5,Italian,ita-ITA,"C
(
)
x2
yx
√x
1/x
π
:
7
8
9
x
4
5
6
–
1
2
3
+
0
,
+/-
="
MAT/MA161-ForestedAreas,7,1,Italian,ita-ITA,Calcolatriceclose
MAT/MA161-ForestedAreas,7,2,Italian,ita-ITA,PISA
MAT/MA161-ForestedAreas,7,3,Italian,ita-ITA,"Superficie boschiva  Domanda 4 / 4
Come usare il foglio di calcolo
Clicca su  per mettere una colonna in ordine crescente (dal più basso al più alto).  Clicca di nuovo sul simbolo per mettere la colonna in ordine decrescente (dal più alto al più basso).
Per eseguire calcoli:
Scegli una colonna dal primo menu a tendina.
Scegli un'operazione dal menu a tendina centrale.
Scegli una colonna dall'ultimo menu a tendina.
Clicca sul pulsante “Esegui”.
I risultati verranno visualizzati nella prima colonna vuota disponibile.
Per visualizzare la media di una colonna, scegli una colonna dal menu a tendina e clicca sul pulsante “Esegui”. I risultati verranno visualizzati nella cella in fondo a quella colonna.
Clicca su  per annullare un'azione.
Clicca su  per cancellare il contenuto di una colonna.
Clicca su ""Cancella tutto"" per cancellare il contenuto di tutto il foglio di calcolo.
Fai riferimento a ""Superficie boschiva"" presentato sulla destra. Usa il foglio di calcolo come aiuto per rispondere alla domanda qui sotto. Clicca su una risposta e poi digita il motivo della tua scelta.
Elena afferma che la Corea del Sud ha la superficie boschiva più estesa di tutte le altre nazioni dell'elenco relativamente agli anni indicati.
La sua affermazione è supportata dai dati del foglio di calcolo?
Sì
No
Spiega la tua risposta."
MAT/MA161-ForestedAreas,7,4,Italian,ita-ITA,"SUPERFICIE BOSCHIVA
Il foglio di calcolo qui sotto riporta l'estensione della superficie boschiva espressa come percentuale della superficie totale del territorio di ciascuna delle 15 nazioni elencate in questa serie di dati. I dati riportati sono relativi agli anni 2005, 2010 e 2015.
Colonna A ▾
Colonna B
Colonna C
Colonna D
Colonna E
Colonna F
Colonna G
Nazione
2005
2010
2015
Algeria0,640,810,82Armenia11,7711,7411,77Colombia54,2652,8552,73Corea del Sud64,4264,0863,69Germania32,6632,7332,76Grecia29,1130,2831,45India22,7723,4723,77Kazakistan1,241,231,23Libano13,3413,3813,42Panama64,3363,2162,11Perù59,0158,4557,79Portogallo36,5235,8935,25Senegal45,0544,0142,97Stati Uniti33,2633,733,85Thailandia31,5131,8132,1
Calcola
Colonna
Colonna B
Colonna C
Colonna D
Colonna E
Colonna F
Colonna G
Operazione
Somma
Sottrai
Moltiplica
Dividi
Colonna
Colonna B
Colonna C
Colonna D
Colonna E
Colonna F
Colonna G
Esegui
Media
Colonna
Colonna B
Colonna C
Colonna D
Colonna E
Colonna F
Colonna G
Esegui
Cancella tutto
closeOK"
MAT/MA161-ForestedAreas,7,5,Italian,ita-ITA,"C
(
)
x2
yx
√x
1/x
π
:
7
8
9
x
4
5
6
–
1
2
3
+
0
,
+/-
="
MAT/MA161-ForestedAreas,1,1,Japanese,jpn-JPN,電卓close
MAT/MA161-ForestedAreas,1,2,Japanese,jpn-JPN,PISA 2022
MAT/MA161-ForestedAreas,1,3,Japanese,jpn-JPN,"森林面積  はじめに
下の文章を読んで、 「次へ」ボタンをクリックしてください。
森林面積
この大問では、表計算ソフトを使って、下の状況に関する問いに答えてください。
森林とは、さまざまな種類の樹木、草花、動物が見られる生態系のことです。
一国の森林面積は時間とともに変化します。
次の画面で、表計算ソフトの使い方を練習してください。"
MAT/MA161-ForestedAreas,1,4,Japanese,jpn-JPN,"C
(
)
x2
yx
√x
1/x
π
÷
7
8
9
x
4
5
6
–
1
2
3
+
0
.
+/-
="
MAT/MA161-ForestedAreas,2,1,Japanese,jpn-JPN,電卓close
MAT/MA161-ForestedAreas,2,2,Japanese,jpn-JPN,PISA 2022
MAT/MA161-ForestedAreas,2,3,Japanese,jpn-JPN,"森林面積
下の表計算ソフトのデータは、15か国それぞれの国土面積に対する森林面積の割合を示したものです。 データは2005年、2010年、2015年のものです。
列 A ▾
列 B
列 C
列 D
列 E
列 F
列 G
国名
2005
2010
2015
アメリカ33.2633.733.85アルジェリア0.640.810.82アルメニア11.7711.7411.77インド22.7723.4723.77カザフスタン1.241.231.23ギリシャ29.1130.2831.45コロンビア54.2652.8552.73セネガル45.0544.0142.97タイ31.5131.8132.1ドイツ32.6632.7332.76パナマ64.3363.2162.11ペルー59.0158.4557.79ポルトガル36.5235.8935.25レバノン13.3413.3813.42韓国64.4264.0863.69
計算
列
列 B
列 C
列 D
列 E
列 F
列 G
計算
たす
ひく
かける
わる
列
列 B
列 C
列 D
列 E
列 F
列 G
実行
平均値
列
列 B
列 C
列 D
列 E
列 F
列 G
実行
すべてリセット
closeOK"
MAT/MA161-ForestedAreas,2,4,Japanese,jpn-JPN,"森林面積  練習
問いに進む前に、ここで表計算ソフトの使い方を練習してください。
表計算ソフトを使って、下の三つの操作を実行してください。
列を並べ替える
列B、列C、列Dの印をクリックして、その列を昇順（小さい数値から大きい数値へ）に並べ替えます。
注：どれか一つの列を並べ替えると、他のすべての列もそれに基づいて並べ替えられます。
計算する
表計算ソフトの下にある最初のプルダウンメニューから、列を選んでください。
次に、真ん中のプルダウンメニューから、計算方法を選んでください。
そして、最後のプルダウンメニューから、列を選んでください。
「実行」ボタンをクリックしてください。
結果は、最初の空白の列に表示されます。
列の平均値を表示する
表計算ソフトの下の「平均値」の右横にあるプルダウンメニューから、列を選んでください。
「実行」ボタンをクリックしてください。
結果は、その列の下のセルに表示されます。
ボタンをクリックして進んでください。"
MAT/MA161-ForestedAreas,2,5,Japanese,jpn-JPN,"C
(
)
x2
yx
√x
1/x
π
÷
7
8
9
x
4
5
6
–
1
2
3
+
0
.
+/-
="
MAT/MA161-ForestedAreas,3,1,Japanese,jpn-JPN,電卓close
MAT/MA161-ForestedAreas,3,2,Japanese,jpn-JPN,PISA 2022
MAT/MA161-ForestedAreas,3,3,Japanese,jpn-JPN,"森林面積
下の表計算ソフトのデータは、15か国それぞれの国土面積に対する森林面積の割合を示したものです。 データは2005年、2010年、2015年のものです。
列 A ▾
列 B
列 C
列 D
列 E
列 F
列 G
国名
2005
2010
2015
アメリカ33.2633.733.85アルジェリア0.640.810.82アルメニア11.7711.7411.77インド22.7723.4723.77カザフスタン1.241.231.23ギリシャ29.1130.2831.45コロンビア54.2652.8552.73セネガル45.0544.0142.97タイ31.5131.8132.1ドイツ32.6632.7332.76パナマ64.3363.2162.11ペルー59.0158.4557.79ポルトガル36.5235.8935.25レバノン13.3413.3813.42韓国64.4264.0863.69
計算
列
列 B
列 C
列 D
列 E
列 F
列 G
計算
たす
ひく
かける
わる
列
列 B
列 C
列 D
列 E
列 F
列 G
実行
平均値
列
列 B
列 C
列 D
列 E
列 F
列 G
実行
すべてリセット
closeOK"
MAT/MA161-ForestedAreas,3,4,Japanese,jpn-JPN,"森林面積  説明
表計算ソフトの使い方の説明は、それぞれの問いの画面で確認できます。
説明は、「表計算ソフトの使い方」という、表示したり閉じたりできるメニューの中に記されています。
下のバーをクリックして説明を表示してください。 このバーをもう一度クリックして説明を閉じてください。
表計算ソフトの使い方
ある列を昇順（少ないものから多いもの）に並べ替えるには、をクリックしてください。  降順（多いものから少ないもの）に並べ替えるには、アイコンをもう一度クリックしてください。
計算する
最初のプルダウンメニューから、列を選んでください。
真ん中のプルダウンメニューから、計算方法を選んでください。
最後のプルダウンメニューから、列を選んでください。
「実行」ボタンをクリックしてください。
結果は、最初の空白の列に表示されます。
列の平均値を表示するには、プルダウンメニューから列を選び、「実行」をクリックしてください。 結果は、その列の下のセルに表示されます。
列の最後の操作を取り消すには、をクリックしてください。
列のデータをすべて削除するには、をクリックしてください。
表のデータをすべて削除するには、「すべてリセット」をクリックしてください。
ボタンをクリックして進んでください。"
MAT/MA161-ForestedAreas,3,5,Japanese,jpn-JPN,"C
(
)
x2
yx
√x
1/x
π
÷
7
8
9
x
4
5
6
–
1
2
3
+
0
.
+/-
="
MAT/MA161-ForestedAreas,4,1,Japanese,jpn-JPN,電卓close
MAT/MA161-ForestedAreas,4,2,Japanese,jpn-JPN,PISA 2022
MAT/MA161-ForestedAreas,4,3,Japanese,jpn-JPN,"森林面積
下の表計算ソフトのデータは、15か国それぞれの国土面積に対する森林面積の割合を示したものです。 データは2005年、2010年、2015年のものです。
列 A ▾
列 B
列 C
列 D
列 E
列 F
列 G
国名
2005
2010
2015
アメリカ33.2633.733.85アルジェリア0.640.810.82アルメニア11.7711.7411.77インド22.7723.4723.77カザフスタン1.241.231.23ギリシャ29.1130.2831.45コロンビア54.2652.8552.73セネガル45.0544.0142.97タイ31.5131.8132.1ドイツ32.6632.7332.76パナマ64.3363.2162.11ペルー59.0158.4557.79ポルトガル36.5235.8935.25レバノン13.3413.3813.42韓国64.4264.0863.69
計算
列
列 B
列 C
列 D
列 E
列 F
列 G
計算
たす
ひく
かける
わる
列
列 B
列 C
列 D
列 E
列 F
列 G
実行
平均値
列
列 B
列 C
列 D
列 E
列 F
列 G
実行
すべてリセット
closeOK"
MAT/MA161-ForestedAreas,4,4,Japanese,jpn-JPN,"森林面積  問 1 / 4
表計算ソフトの使い方
ある列を昇順（少ないものから多いもの）に並べ替えるには、をクリックしてください。  降順（多いものから少ないもの）に並べ替えるには、アイコンをもう一度クリックしてください。
計算する
最初のプルダウンメニューから、列を選んでください。
真ん中のプルダウンメニューから、計算方法を選んでください。
最後のプルダウンメニューから、列を選んでください。
「実行」ボタンをクリックしてください。
結果は、最初の空白の列に表示されます。
列の平均値を表示するには、プルダウンメニューから列を選び、「実行」をクリックしてください。 結果は、その列の下のセルに表示されます。
列の最後の操作を取り消すには、をクリックしてください。
列のデータをすべて削除するには、をクリックしてください。
表のデータをすべて削除するには、「すべてリセット」をクリックしてください。
右の「森林面積」を読んで、 表計算ソフトを使って、下の問いに答えてください。 下のそれぞれの問いの答えをプルダウンメニューから選んでください。
下の表で、対応するプルダウンメニューから国名を選んでそれぞれの問いに答えてください。
問い
国名
割合で見ると、2005年から2015年の間に最も増加したのはどの国ですか。
選んでくださいアメリカアルジェリアアルメニアインドカザフスタンギリシャコロンビアセネガルタイドイツパナマペルーポルトガルレバノン韓国
2005年から2015年の間で全般的に変化がなかったのはどの国ですか。
選んでくださいアメリカアルジェリアアルメニアインドカザフスタンギリシャコロンビアセネガルタイドイツパナマペルーポルトガルレバノン韓国
割合で見ると、2005年から2015年の間に最も減少したのはどの国ですか。
選んでくださいアメリカアルジェリアアルメニアインドカザフスタンギリシャコロンビアセネガルタイドイツパナマペルーポルトガルレバノン韓国"
MAT/MA161-ForestedAreas,4,5,Japanese,jpn-JPN,"C
(
)
x2
yx
√x
1/x
π
÷
7
8
9
x
4
5
6
–
1
2
3
+
0
.
+/-
="
MAT/MA161-ForestedAreas,5,1,Japanese,jpn-JPN,電卓close
MAT/MA161-ForestedAreas,5,2,Japanese,jpn-JPN,PISA 2022
MAT/MA161-ForestedAreas,5,3,Japanese,jpn-JPN,"森林面積
下の表計算ソフトのデータは、15か国それぞれの国土面積に対する森林面積の割合を示したものです。 データは2005年、2010年、2015年のものです。
列 A ▾
列 B
列 C
列 D
列 E
列 F
列 G
国名
2005
2010
2015
アメリカ33.2633.733.85アルジェリア0.640.810.82アルメニア11.7711.7411.77インド22.7723.4723.77カザフスタン1.241.231.23ギリシャ29.1130.2831.45コロンビア54.2652.8552.73セネガル45.0544.0142.97タイ31.5131.8132.1ドイツ32.6632.7332.76パナマ64.3363.2162.11ペルー59.0158.4557.79ポルトガル36.5235.8935.25レバノン13.3413.3813.42韓国64.4264.0863.69
計算
列
列 B
列 C
列 D
列 E
列 F
列 G
計算
たす
ひく
かける
わる
列
列 B
列 C
列 D
列 E
列 F
列 G
実行
平均値
列
列 B
列 C
列 D
列 E
列 F
列 G
実行
すべてリセット
closeOK"
MAT/MA161-ForestedAreas,5,4,Japanese,jpn-JPN,"森林面積  問 2 / 4
表計算ソフトの使い方
ある列を昇順（少ないものから多いもの）に並べ替えるには、をクリックしてください。  降順（多いものから少ないもの）に並べ替えるには、アイコンをもう一度クリックしてください。
計算する
最初のプルダウンメニューから、列を選んでください。
真ん中のプルダウンメニューから、計算方法を選んでください。
最後のプルダウンメニューから、列を選んでください。
「実行」ボタンをクリックしてください。
結果は、最初の空白の列に表示されます。
列の平均値を表示するには、プルダウンメニューから列を選び、「実行」をクリックしてください。 結果は、その列の下のセルに表示されます。
列の最後の操作を取り消すには、をクリックしてください。
列のデータをすべて削除するには、をクリックしてください。
表のデータをすべて削除するには、「すべてリセット」をクリックしてください。
右の「森林面積」を読んで、 表計算ソフトを使って、下の問いに答えてください。 下の問いの答えを一つクリックしてください。
2005年〜2010年、および2010年〜2015年の二つの期間について調べてください。
これら二つの期間における森林面積の割合の変化量の平均値を正しく表した文章は次のどれですか。
変化量の平均値は、両方の期間とも正である。
変化量の平均値は、両方の期間とも負である。
変化量の平均値は、両方の期間で等しい。
一つの期間の変化量の平均値は正で、もう一つの期間の変化量の平均値は負である。"
MAT/MA161-ForestedAreas,5,5,Japanese,jpn-JPN,"C
(
)
x2
yx
√x
1/x
π
÷
7
8
9
x
4
5
6
–
1
2
3
+
0
.
+/-
="
MAT/MA161-ForestedAreas,6,1,Japanese,jpn-JPN,電卓close
MAT/MA161-ForestedAreas,6,2,Japanese,jpn-JPN,PISA 2022
MAT/MA161-ForestedAreas,6,3,Japanese,jpn-JPN,"森林面積
下の表計算ソフトのデータは、15か国それぞれの国土面積に対する森林面積の割合を示したものです。 データは2005年、2010年、2015年のものです。
列 A ▾
列 B
列 C
列 D
列 E
列 F
列 G
国名
2005
2010
2015
アメリカ33.2633.733.85アルジェリア0.640.810.82アルメニア11.7711.7411.77インド22.7723.4723.77カザフスタン1.241.231.23ギリシャ29.1130.2831.45コロンビア54.2652.8552.73セネガル45.0544.0142.97タイ31.5131.8132.1ドイツ32.6632.7332.76パナマ64.3363.2162.11ペルー59.0158.4557.79ポルトガル36.5235.8935.25レバノン13.3413.3813.42韓国64.4264.0863.69
計算
列
列 B
列 C
列 D
列 E
列 F
列 G
計算
たす
ひく
かける
わる
列
列 B
列 C
列 D
列 E
列 F
列 G
実行
平均値
列
列 B
列 C
列 D
列 E
列 F
列 G
実行
すべてリセット
closeOK"
MAT/MA161-ForestedAreas,6,4,Japanese,jpn-JPN,"森林面積  問 3 / 4
表計算ソフトの使い方
ある列を昇順（少ないものから多いもの）に並べ替えるには、をクリックしてください。  降順（多いものから少ないもの）に並べ替えるには、アイコンをもう一度クリックしてください。
計算する
最初のプルダウンメニューから、列を選んでください。
真ん中のプルダウンメニューから、計算方法を選んでください。
最後のプルダウンメニューから、列を選んでください。
「実行」ボタンをクリックしてください。
結果は、最初の空白の列に表示されます。
列の平均値を表示するには、プルダウンメニューから列を選び、「実行」をクリックしてください。 結果は、その列の下のセルに表示されます。
列の最後の操作を取り消すには、をクリックしてください。
列のデータをすべて削除するには、をクリックしてください。
表のデータをすべて削除するには、「すべてリセット」をクリックしてください。
右の「森林面積」を読んで、 表計算ソフトを使って、下の問いに答えてください。 下の問いの答えをプルダウンメニューから選んでください。
2005年〜2010年、および2010年〜2015年の二つの期間について調べてください。
割合で見ると、二つの期間を比較した場合に森林面積の割合が最も大きく変化した二つの国はどれですか。
答え
選んでくださいアメリカアルジェリアアルメニアインドカザフスタンギリシャコロンビアセネガルタイドイツパナマペルーポルトガルレバノン韓国
と
選んでくださいアメリカアルジェリアアルメニアインドカザフスタンギリシャコロンビアセネガルタイドイツパナマペルーポルトガルレバノン韓国"
MAT/MA161-ForestedAreas,6,5,Japanese,jpn-JPN,"C
(
)
x2
yx
√x
1/x
π
÷
7
8
9
x
4
5
6
–
1
2
3
+
0
.
+/-
="
MAT/MA161-ForestedAreas,7,1,Japanese,jpn-JPN,電卓close
MAT/MA161-ForestedAreas,7,2,Japanese,jpn-JPN,PISA 2022
MAT/MA161-ForestedAreas,7,3,Japanese,jpn-JPN,"森林面積
下の表計算ソフトのデータは、15か国それぞれの国土面積に対する森林面積の割合を示したものです。 データは2005年、2010年、2015年のものです。
列 A ▾
列 B
列 C
列 D
列 E
列 F
列 G
国名
2005
2010
2015
アメリカ33.2633.733.85アルジェリア0.640.810.82アルメニア11.7711.7411.77インド22.7723.4723.77カザフスタン1.241.231.23ギリシャ29.1130.2831.45コロンビア54.2652.8552.73セネガル45.0544.0142.97タイ31.5131.8132.1ドイツ32.6632.7332.76パナマ64.3363.2162.11ペルー59.0158.4557.79ポルトガル36.5235.8935.25レバノン13.3413.3813.42韓国64.4264.0863.69
計算
列
列 B
列 C
列 D
列 E
列 F
列 G
計算
たす
ひく
かける
わる
列
列 B
列 C
列 D
列 E
列 F
列 G
実行
平均値
列
列 B
列 C
列 D
列 E
列 F
列 G
実行
すべてリセット
closeOK"
MAT/MA161-ForestedAreas,7,4,Japanese,jpn-JPN,"森林面積  問 4 / 4
表計算ソフトの使い方
ある列を昇順（少ないものから多いもの）に並べ替えるには、をクリックしてください。  降順（多いものから少ないもの）に並べ替えるには、アイコンをもう一度クリックしてください。
計算する
最初のプルダウンメニューから、列を選んでください。
真ん中のプルダウンメニューから、計算方法を選んでください。
最後のプルダウンメニューから、列を選んでください。
「実行」ボタンをクリックしてください。
結果は、最初の空白の列に表示されます。
列の平均値を表示するには、プルダウンメニューから列を選び、「実行」をクリックしてください。 結果は、その列の下のセルに表示されます。
列の最後の操作を取り消すには、をクリックしてください。
列のデータをすべて削除するには、をクリックしてください。
表のデータをすべて削除するには、「すべてリセット」をクリックしてください。
右の「森林面積」を読んで、 表計算ソフトを使って、下の問いに答えてください。 下の問いの答えを一つクリックし、その理由を入力してください。
春奈さんは、表のすべての年で韓国がこのリストの他のどの国よりも森林面積が多いと指摘しました。
春奈さんの指摘は、表に示されているデータに基づいていますか。
はい
いいえ
説明してください。"
MAT/MA161-ForestedAreas,7,5,Japanese,jpn-JPN,"C
(
)
x2
yx
√x
1/x
π
÷
7
8
9
x
4
5
6
–
1
2
3
+
0
.
+/-
="
MAT/MA161-ForestedAreas,1,1,Kazakh,kaz-KAZ,Калькуляторclose
MAT/MA161-ForestedAreas,1,2,Kazakh,kaz-KAZ,PISA 2022
MAT/MA161-ForestedAreas,1,3,Kazakh,kaz-KAZ,"Орманды аймақ  Кіріспе
Кіріспені оқыңыз. Одан кейін КЕЛЕСІ батырмасының үстінен тінтуірмен басыңыз.
ОРМАНДЫ АЙМАҚ
Бұл бөлімде келесі жағдайға қатысты сұрақтарға жауап беру үшін электрондық кестені қолданасыз:
Орман – бұл көптеген ағаштар, өсімдіктер мен жануарлар бар экожүйе.
Елдегі орманды аймақ мөлшері уақыт өте келе өзгеруі мүмкін.
Келесі бетте электрондық кестені қолданып жаттығасыз."
MAT/MA161-ForestedAreas,1,4,Kazakh,kaz-KAZ,"C
(
)
x2
yx
√x
1/x
π
÷
7
8
9
x
4
5
6
–
1
2
3
+
0
.
+/-
="
MAT/MA161-ForestedAreas,2,1,Kazakh,kaz-KAZ,Калькуляторclose
MAT/MA161-ForestedAreas,2,2,Kazakh,kaz-KAZ,PISA 2022
MAT/MA161-ForestedAreas,2,3,Kazakh,kaz-KAZ,"ОРМАНДЫ АЙМАҚ
Төмендегі электрондық кесте осы деректер жинағындағы 15 елдің әрқайсысында жалпы жерді аумақтың пайыздық үлесі ретінде орманды аумақты көрсетеді. Деректер 2005, 2010 және 2015 жылдары үшін көрсетілген.
А бағаны ▾
Б бағаны
В бағаны
Г бағаны
Д бағаны
Е бағаны
Ж бағаны
Елдер
2005
2010
2015
Алжир0,640,810,82Армения11,7711,7411,77Германия32,6632,7332,76Греция29,1130,2831,45Колумбия54,2652,8552,73Қазақстан1,241,231,23Құрама Штаттар33,2633,733,85Ливан13,3413,3813,42Оңтүстік Корея64,4264,0863,69Панама64,3363,2162,11Перу59,0158,4557,79Португалия36,5235,8935,25Сенегал45,0544,0142,97Тайланд31,5131,8132,1Үндістан22,7723,4723,77
Есептеу
Баған
Б бағаны
В бағаны
Г бағаны
Д бағаны
Е бағаны
Ж бағаны
Амал
Қосу
Алу
Көбейту
Бөлу
Баған
Б бағаны
В бағаны
Г бағаны
Д бағаны
Е бағаны
Ж бағаны
Орындау
Орташа мән
Баған
Б бағаны
В бағаны
Г бағаны
Д бағаны
Е бағаны
Ж бағаны
Орындау
Барлығын өшіру
closeОК"
MAT/MA161-ForestedAreas,2,4,Kazakh,kaz-KAZ,"Орманды аймақ  Жаттығу
Сұрақтарға көшудің алдында сіз электрондық кестені қолданып жаттығасыз.
Келесі үш әрекетті аяқтау үшін электрондық кестені қолданыңыз.
Бағанды іріктеу.
Бағандағы деректерді өсу ретімен (кішісінен үлкеніне дейін) іріктеу үшін Б, В немесе Г бағанындағы  батырмасын тінтуірмен басыңыз.
Кез келген бағанның іріктелуіне байланысты барлық бағандар іріктелетінін ескеріңіз.
Есептеуді орындау
Электрондық кестенің астында орналасқан бірінші жайылмалы мәзірден бағанды таңдаңыз.
Сосын ортаңғы жайылмалы мәзірден амалды таңдаңыз.
Содан кейін соңғы жайылмалы мәзірден бағанды таңдаңыз
«Орындау» батырмасын басыңыз.
Нәтижелер алғашқы бос бағанда көрсетіледі.
Бағанның орташа мәнін көрсету
Электрондық кестенің астында «орташа мән» сөзінің қасында орналасқан жайылмалы мәзірден бағанды таңдаңыз.
«Орындау» батырмасын басыңыз.
Нәтиже таңдаған бағанның астындағы ұяшықта көрсетіледі.
Жалғастыру үшін  батырмасын басыңыз."
MAT/MA161-ForestedAreas,2,5,Kazakh,kaz-KAZ,"C
(
)
x2
yx
√x
1/x
π
÷
7
8
9
x
4
5
6
–
1
2
3
+
0
.
+/-
="
MAT/MA161-ForestedAreas,3,1,Kazakh,kaz-KAZ,Калькуляторclose
MAT/MA161-ForestedAreas,3,2,Kazakh,kaz-KAZ,PISA 2022
MAT/MA161-ForestedAreas,3,3,Kazakh,kaz-KAZ,"ОРМАНДЫ АЙМАҚ
Төмендегі электрондық кесте осы деректер жинағындағы 15 елдің әрқайсысында жалпы жерді аумақтың пайыздық үлесі ретінде орманды аумақты көрсетеді. Деректер 2005, 2010 және 2015 жылдары үшін көрсетілген.
А бағаны ▾
Б бағаны
В бағаны
Г бағаны
Д бағаны
Е бағаны
Ж бағаны
Елдер
2005
2010
2015
Алжир0,640,810,82Армения11,7711,7411,77Германия32,6632,7332,76Греция29,1130,2831,45Колумбия54,2652,8552,73Қазақстан1,241,231,23Құрама Штаттар33,2633,733,85Ливан13,3413,3813,42Оңтүстік Корея64,4264,0863,69Панама64,3363,2162,11Перу59,0158,4557,79Португалия36,5235,8935,25Сенегал45,0544,0142,97Тайланд31,5131,8132,1Үндістан22,7723,4723,77
Есептеу
Баған
Б бағаны
В бағаны
Г бағаны
Д бағаны
Е бағаны
Ж бағаны
Амал
Қосу
Алу
Көбейту
Бөлу
Баған
Б бағаны
В бағаны
Г бағаны
Д бағаны
Е бағаны
Ж бағаны
Орындау
Орташа мән
Баған
Б бағаны
В бағаны
Г бағаны
Д бағаны
Е бағаны
Ж бағаны
Орындау
Барлығын өшіру
closeОК"
MAT/MA161-ForestedAreas,3,4,Kazakh,kaz-KAZ,"Орманды аймақтар  Нұсқау
Электрондық кестені қолдану нұсқаулары әр сұрақта бар.
Нұсқаулар «Электрондық кестені қалай қолдану керек» деген ашылып жабылатын мәзірде орналасқан.
Нұсқауларды ашу үшін төмендегі жолақты басыңыз. Нұсқауларды жабу үшін жолақты тағы бір рет басыңыз.
Электрондық кестені қалай қолдану керек
Бағандағы деректерді өсу (кішісінен үлкеніне дейін) ретімен іріктеу үшін  батырмасын тінтуірмен басыңыз.  Бағандағы деректерді кему (үлкенінен кішісіне дейін) ретімен іріктеу үшін сол батырманы тағы да тінтуірмен басыңыз.
Есептеуді іске асыру үшін:
Бірінші жайылмалы мәзірден бағанды таңдаңыз.
Ортаңғы жайылмалы мәзірден амалды таңдаңыз.
Соңғы жайылмалы мәзірден бағанды таңдаңыз.
«Орындау» батырмасын басыңыз.
Нәтижелер алғашқы бос бағанда көрсетіледі.
Бағанның орташа мәнін көрсету үшін жайылмалы мәзірден бағанды таңдап «Орындау» батырмасын басыңыз. Нәтиже таңдаған бағанның астындағы ұяшықта көрсетіледі.
Бағандағы амалды болдырмау үшін  батырмасын басыңыз.
Бағандағы деректерді өшіру үшін  батырмасын басыңыз.
Электрондық кестені толығымен өшіру үшін «Барлығын өшіру» батырмасын басыңыз.
Жалғастыру үшін  батырмасын басыңыз."
MAT/MA161-ForestedAreas,3,5,Kazakh,kaz-KAZ,"C
(
)
x2
yx
√x
1/x
π
÷
7
8
9
x
4
5
6
–
1
2
3
+
0
.
+/-
="
MAT/MA161-ForestedAreas,4,1,Kazakh,kaz-KAZ,Калькуляторclose
MAT/MA161-ForestedAreas,4,2,Kazakh,kaz-KAZ,PISA 2022
MAT/MA161-ForestedAreas,4,3,Kazakh,kaz-KAZ,"ОРМАНДЫ АЙМАҚ
Төмендегі электрондық кесте осы деректер жинағындағы 15 елдің әрқайсысында жалпы жерді аумақтың пайыздық үлесі ретінде орманды аумақты көрсетеді. Деректер 2005, 2010 және 2015 жылдары үшін көрсетілген.
А бағаны ▾
Б бағаны
В бағаны
Г бағаны
Д бағаны
Е бағаны
Ж бағаны
Елдер
2005
2010
2015
Алжир0,640,810,82Армения11,7711,7411,77Германия32,6632,7332,76Греция29,1130,2831,45Колумбия54,2652,8552,73Қазақстан1,241,231,23Құрама Штаттар33,2633,733,85Ливан13,3413,3813,42Оңтүстік Корея64,4264,0863,69Панама64,3363,2162,11Перу59,0158,4557,79Португалия36,5235,8935,25Сенегал45,0544,0142,97Тайланд31,5131,8132,1Үндістан22,7723,4723,77
Есептеу
Баған
Б бағаны
В бағаны
Г бағаны
Д бағаны
Е бағаны
Ж бағаны
Амал
Қосу
Алу
Көбейту
Бөлу
Баған
Б бағаны
В бағаны
Г бағаны
Д бағаны
Е бағаны
Ж бағаны
Орындау
Орташа мән
Баған
Б бағаны
В бағаны
Г бағаны
Д бағаны
Е бағаны
Ж бағаны
Орындау
Барлығын өшіру
closeОК"
MAT/MA161-ForestedAreas,4,4,Kazakh,kaz-KAZ,"Орманды аймақ  Сұрақ 1 / 4
Электрондық кестені қалай қолдану керек
Бағандағы деректерді өсу (кішісінен үлкеніне дейін) ретімен іріктеу үшін  батырмасын тінтуірмен басыңыз.  Бағандағы деректерді кему (үлкенінен кішісіне дейін) ретімен іріктеу үшін сол батырманы тағы да тінтуірмен басыңыз.
Есептеуді іске асыру үшін:
Бірінші жайылмалы мәзірден бағанды таңдаңыз.
Ортаңғы жайылмалы мәзірден амалды таңдаңыз.
Соңғы жайылмалы мәзірден бағанды таңдаңыз.
«Орындау» батырмасын басыңыз.
Нәтижелер алғашқы бос бағанда көрсетіледі.
Бағанның орташа мәнін көрсету үшін жайылмалы мәзірден бағанды таңдап «Орындау» батырмасын басыңыз. Нәтиже таңдаған бағанның астындағы ұяшықта көрсетіледі.
Бағандағы амалды болдырмау үшін  батырмасын басыңыз.
Бағандағы деректерді өшіру үшін  батырмасын басыңыз.
Электрондық кестені толығымен өшіру үшін «Барлығын өшіру» батырмасын басыңыз.
Оң жақтағы «Орманды аймақ» мәтінін оқыңыз. Төмендегі сұраққа жауап беруге көмек ретінде электрондық кестені қолданыңыз. Әр сұраққа жауап беру үшін жауаптарды жайылмалы мәзірлерден таңдаңыз.
Төмендегі кестеде, тиісті жайылмалы мәзірден елді таңдап әрбір сұраққа жауап беріңіз.
Сұрақ
Елдер
2005 және 2015 жылдар аралығындағы қай елде пайыздық мөлшерде ең көп арту болған?
таңдауАлжирАрменияГерманияГрецияКолумбияҚазақстанҚұрама ШтаттарЛиванОңтүстік КореяПанамаПеруПортугалияСенегалТайландҮндістан
2005 және 2015 жылдар аралығында қай елде жалпы өзгеріс болмады ?
таңдауАлжирАрменияГерманияГрецияКолумбияҚазақстанҚұрама ШтаттарЛиванОңтүстік КореяПанамаПеруПортугалияСенегалТайландҮндістан
2005 және 2015 жылдар аралығындағы қай елде пайыздық мөлшерде ең көп азаю болған?
таңдауАлжирАрменияГерманияГрецияКолумбияҚазақстанҚұрама ШтаттарЛиванОңтүстік КореяПанамаПеруПортугалияСенегалТайландҮндістан"
MAT/MA161-ForestedAreas,4,5,Kazakh,kaz-KAZ,"C
(
)
x2
yx
√x
1/x
π
÷
7
8
9
x
4
5
6
–
1
2
3
+
0
.
+/-
="
MAT/MA161-ForestedAreas,5,1,Kazakh,kaz-KAZ,Калькуляторclose
MAT/MA161-ForestedAreas,5,2,Kazakh,kaz-KAZ,PISA 2022
MAT/MA161-ForestedAreas,5,3,Kazakh,kaz-KAZ,"ОРМАНДЫ АЙМАҚ
Төмендегі электрондық кесте осы деректер жинағындағы 15 елдің әрқайсысында жалпы жерді аумақтың пайыздық үлесі ретінде орманды аумақты көрсетеді. Деректер 2005, 2010 және 2015 жылдары үшін көрсетілген.
А бағаны ▾
Б бағаны
В бағаны
Г бағаны
Д бағаны
Е бағаны
Ж бағаны
Елдер
2005
2010
2015
Алжир0,640,810,82Армения11,7711,7411,77Германия32,6632,7332,76Греция29,1130,2831,45Колумбия54,2652,8552,73Қазақстан1,241,231,23Құрама Штаттар33,2633,733,85Ливан13,3413,3813,42Оңтүстік Корея64,4264,0863,69Панама64,3363,2162,11Перу59,0158,4557,79Португалия36,5235,8935,25Сенегал45,0544,0142,97Тайланд31,5131,8132,1Үндістан22,7723,4723,77
Есептеу
Баған
Б бағаны
В бағаны
Г бағаны
Д бағаны
Е бағаны
Ж бағаны
Амал
Қосу
Алу
Көбейту
Бөлу
Баған
Б бағаны
В бағаны
Г бағаны
Д бағаны
Е бағаны
Ж бағаны
Орындау
Орташа мән
Баған
Б бағаны
В бағаны
Г бағаны
Д бағаны
Е бағаны
Ж бағаны
Орындау
Барлығын өшіру
closeОК"
MAT/MA161-ForestedAreas,5,4,Kazakh,kaz-KAZ,"Орманды аймақ  Сұрақ 2 / 4
Электрондық кестені қалай қолдану керек
Бағандағы деректерді өсу (кішісінен үлкеніне дейін) ретімен іріктеу үшін  батырмасын тінтуірмен басыңыз.  Бағандағы деректерді кему (үлкенінен кішісіне дейін) ретімен іріктеу үшін сол батырманы тағы да тінтуірмен басыңыз.
Есептеуді іске асыру үшін:
Бірінші жайылмалы мәзірден бағанды таңдаңыз.
Ортаңғы жайылмалы мәзірден амалды таңдаңыз.
Соңғы жайылмалы мәзірден бағанды таңдаңыз.
«Орындау» батырмасын басыңыз.
Нәтижелер алғашқы бос бағанда көрсетіледі.
Бағанның орташа мәнін көрсету үшін жайылмалы мәзірден бағанды таңдап «Орындау» батырмасын басыңыз. Нәтиже таңдаған бағанның астындағы ұяшықта көрсетіледі.
Бағандағы амалды болдырмау үшін  батырмасын басыңыз.
Бағандағы деректерді өшіру үшін  батырмасын басыңыз.
Электрондық кестені толығымен өшіру үшін «Барлығын өшіру» батырмасын басыңыз.
Оң жақтағы «Орманды аймақ» мәтінін оқыңыз. Төмендегі сұраққа жауап беруге көмек ретінде электрондық кестені қолданыңыз. Сұраққа жауап беру үшін таңдаған жауабыңыздың үстінен тінтуірмен басыңыз.
2005-тен 2010-ға дейін және 2010-нан 2015-ке дейін екі кезеңді қарастырыңыз.
Төмендегі пайымдаулардың қайсысы екі кезең үшін орманды аймақтың орташа пайыздық өзгерісін дұрыс сипаттайды?
Орташа мәннің өзгеруі екі кезең үшін оң болды.
Орташа мәннің өзгеруі екі кезең үшін кері болды.
Орташа мәннің өзгеруі екі кезең үшін тең болды.
Орташа мәннің өзгеруі бір кезең үшін оң болды, ал екінші кезең үшін кері болды."
MAT/MA161-ForestedAreas,5,5,Kazakh,kaz-KAZ,"C
(
)
x2
yx
√x
1/x
π
÷
7
8
9
x
4
5
6
–
1
2
3
+
0
.
+/-
="
MAT/MA161-ForestedAreas,6,1,Kazakh,kaz-KAZ,Калькуляторclose
MAT/MA161-ForestedAreas,6,2,Kazakh,kaz-KAZ,PISA 2022
MAT/MA161-ForestedAreas,6,3,Kazakh,kaz-KAZ,"ОРМАНДЫ АЙМАҚ
Төмендегі электрондық кесте осы деректер жинағындағы 15 елдің әрқайсысында жалпы жерді аумақтың пайыздық үлесі ретінде орманды аумақты көрсетеді. Деректер 2005, 2010 және 2015 жылдары үшін көрсетілген.
А бағаны ▾
Б бағаны
В бағаны
Г бағаны
Д бағаны
Е бағаны
Ж бағаны
Елдер
2005
2010
2015
Алжир0,640,810,82Армения11,7711,7411,77Германия32,6632,7332,76Греция29,1130,2831,45Колумбия54,2652,8552,73Қазақстан1,241,231,23Құрама Штаттар33,2633,733,85Ливан13,3413,3813,42Оңтүстік Корея64,4264,0863,69Панама64,3363,2162,11Перу59,0158,4557,79Португалия36,5235,8935,25Сенегал45,0544,0142,97Тайланд31,5131,8132,1Үндістан22,7723,4723,77
Есептеу
Баған
Б бағаны
В бағаны
Г бағаны
Д бағаны
Е бағаны
Ж бағаны
Амал
Қосу
Алу
Көбейту
Бөлу
Баған
Б бағаны
В бағаны
Г бағаны
Д бағаны
Е бағаны
Ж бағаны
Орындау
Орташа мән
Баған
Б бағаны
В бағаны
Г бағаны
Д бағаны
Е бағаны
Ж бағаны
Орындау
Барлығын өшіру
closeОК"
MAT/MA161-ForestedAreas,6,4,Kazakh,kaz-KAZ,"Орманды аймақ  Сұрақ 3 / 4
Электрондық кестені қалай қолдану керек
Бағандағы деректерді өсу (кішісінен үлкеніне дейін) ретімен іріктеу үшін  батырмасын тінтуірмен басыңыз.  Бағандағы деректерді кему (үлкенінен кішісіне дейін) ретімен іріктеу үшін сол батырманы тағы да тінтуірмен басыңыз.
Есептеуді іске асыру үшін:
Бірінші жайылмалы мәзірден бағанды таңдаңыз.
Ортаңғы жайылмалы мәзірден амалды таңдаңыз.
Соңғы жайылмалы мәзірден бағанды таңдаңыз.
«Орындау» батырмасын басыңыз.
Нәтижелер алғашқы бос бағанда көрсетіледі.
Бағанның орташа мәнін көрсету үшін жайылмалы мәзірден бағанды таңдап «Орындау» батырмасын басыңыз. Нәтиже таңдаған бағанның астындағы ұяшықта көрсетіледі.
Бағандағы амалды болдырмау үшін  батырмасын басыңыз.
Бағандағы деректерді өшіру үшін  батырмасын басыңыз.
Электрондық кестені толығымен өшіру үшін «Барлығын өшіру» батырмасын басыңыз.
Оң жақтағы «Орманды аймақ» мәтінін оқыңыз. Төмендегі сұраққа жауап беруге көмек ретінде электрондық кестені қолданыңыз. Сұраққа жауап беру үшін жауаптарды жайылмалы мәзірлерден таңдаңыз.
2005-тен 2010-ға дейін және 2010-нан 2015-ке дейін екі кезеңді қарастырыңыз.
Қай екі елде бір кезеңнен басқа бір кезеңге өткенде орман алқаптарының пайыздық  мөлшерінде ең үлкен өзгеріс болған?
Жауаптар:
таңдауАлжирАрменияГерманияГрецияКолумбияҚазақстанҚұрама ШтаттарЛиванОңтүстік КореяПанамаПеруПортугалияСенегалТайландҮндістан
және
таңдауАлжирАрменияГерманияГрецияКолумбияҚазақстанҚұрама ШтаттарЛиванОңтүстік КореяПанамаПеруПортугалияСенегалТайландҮндістан"
MAT/MA161-ForestedAreas,6,5,Kazakh,kaz-KAZ,"C
(
)
x2
yx
√x
1/x
π
÷
7
8
9
x
4
5
6
–
1
2
3
+
0
.
+/-
="
MAT/MA161-ForestedAreas,7,1,Kazakh,kaz-KAZ,Калькуляторclose
MAT/MA161-ForestedAreas,7,2,Kazakh,kaz-KAZ,PISA 2022
MAT/MA161-ForestedAreas,7,3,Kazakh,kaz-KAZ,"ОРМАНДЫ АЙМАҚ
Төмендегі электрондық кесте осы деректер жинағындағы 15 елдің әрқайсысында жалпы жерді аумақтың пайыздық үлесі ретінде орманды аумақты көрсетеді. Деректер 2005, 2010 және 2015 жылдары үшін көрсетілген.
А бағаны ▾
Б бағаны
В бағаны
Г бағаны
Д бағаны
Е бағаны
Ж бағаны
Елдер
2005
2010
2015
Алжир0,640,810,82Армения11,7711,7411,77Германия32,6632,7332,76Греция29,1130,2831,45Колумбия54,2652,8552,73Қазақстан1,241,231,23Құрама Штаттар33,2633,733,85Ливан13,3413,3813,42Оңтүстік Корея64,4264,0863,69Панама64,3363,2162,11Перу59,0158,4557,79Португалия36,5235,8935,25Сенегал45,0544,0142,97Тайланд31,5131,8132,1Үндістан22,7723,4723,77
Есептеу
Баған
Б бағаны
В бағаны
Г бағаны
Д бағаны
Е бағаны
Ж бағаны
Амал
Қосу
Алу
Көбейту
Бөлу
Баған
Б бағаны
В бағаны
Г бағаны
Д бағаны
Е бағаны
Ж бағаны
Орындау
Орташа мән
Баған
Б бағаны
В бағаны
Г бағаны
Д бағаны
Е бағаны
Ж бағаны
Орындау
Барлығын өшіру
closeОК"
MAT/MA161-ForestedAreas,7,4,Kazakh,kaz-KAZ,"Орманды аймақ  Сұрақ 4 / 4
Электрондық кестені қалай қолдану керек
Бағандағы деректерді өсу (кішісінен үлкеніне дейін) ретімен іріктеу үшін  батырмасын тінтуірмен басыңыз.  Бағандағы деректерді кему (үлкенінен кішісіне дейін) ретімен іріктеу үшін сол батырманы тағы да тінтуірмен басыңыз.
Есептеуді іске асыру үшін:
Бірінші жайылмалы мәзірден бағанды таңдаңыз.
Ортаңғы жайылмалы мәзірден амалды таңдаңыз.
Соңғы жайылмалы мәзірден бағанды таңдаңыз.
«Орындау» батырмасын басыңыз.
Нәтижелер алғашқы бос бағанда көрсетіледі.
Бағанның орташа мәнін көрсету үшін жайылмалы мәзірден бағанды таңдап «Орындау» батырмасын басыңыз. Нәтиже таңдаған бағанның астындағы ұяшықта көрсетіледі.
Бағандағы амалды болдырмау үшін  батырмасын басыңыз.
Бағандағы деректерді өшіру үшін  батырмасын басыңыз.
Электрондық кестені толығымен өшіру үшін «Барлығын өшіру» батырмасын басыңыз.
Оң жақтағы «Орманды аймақ» мәтінін оқыңыз. Төмендегі сұраққа жауап беруге көмек ретінде электрондық кестені қолданыңыз. Сұраққа жауап беру үшін таңдаған жауабыңыздың үстінен тінтуірмен басыңыз және өз жауабыңызды түсіндіріңіз.
Фатима осы тізімде көрсетілген елдердің арасында Оңтүстік Кореяның ең көп орманды аймағы бар дейді.
Оның айтқаны электрондық кестедегі деректермен расталады ма?
Иә
Жоқ
Жауабыңызды түсіндіріңіз."
MAT/MA161-ForestedAreas,7,5,Kazakh,kaz-KAZ,"C
(
)
x2
yx
√x
1/x
π
÷
7
8
9
x
4
5
6
–
1
2
3
+
0
.
+/-
="
MAT/MA161-ForestedAreas,1,1,Korean,kor-KOR,계산기close
MAT/MA161-ForestedAreas,1,2,Korean,kor-KOR,PISA
MAT/MA161-ForestedAreas,1,3,Korean,kor-KOR,"삼림 지역  도입부
도입부를 읽고, [다음 화면] 버튼을 클릭하시오.
삼림 지역
다음 상황과 관련된 물음에 답하기 위해 스프레드시트를 사용하시오.
삼림은 다양한 나무, 식물, 동물이 발견될 수 있는 생태계이다.
국가의 삼림 지역의 크기는 시간이 지나면서 변할 수 있다.
다음 화면에서 스프레드시트 사용 방법을 연습할 수 있다."
MAT/MA161-ForestedAreas,1,4,Korean,kor-KOR,"C
(
)
x2
xy
√x
1/x
π
÷
7
8
9
×
4
5
6
–
1
2
3
+
0
.
+/-
="
MAT/MA161-ForestedAreas,2,1,Korean,kor-KOR,계산기close
MAT/MA161-ForestedAreas,2,2,Korean,kor-KOR,PISA
MAT/MA161-ForestedAreas,2,3,Korean,kor-KOR,"삼림 지역  연습
물음에 답하기 전에 스프레드시트 사용 방법을 연습할 수 있다.
스프레드시트를 사용하여 다음 세 활동을 완수하시오.
열을 정렬하시오.
B, C, 또는 D열의  기호를 클릭하여 해당 열을 오름차순(작은 값에서 큰 값으로)으로 정렬하시오.
한 열이 정렬되는 방식에 따라 모든 열이 정렬됨에 유의하시오.
계산을 수행하시오.
스프레드시트 아래에 있는 첫 번째 드롭다운 메뉴에서 열을 선택하시오.
가운데 드롭다운 메뉴에서 연산을 선택하시오.
마지막 드롭다운 메뉴에서 열을 선택하시오.
'실행' 버튼을 클릭하시오.
결과값은 첫 번째 빈 열에 나타날 것이다.
열의 평균을 나타내시오.
스프레드시트 아래에 위치한 '평균' 옆에 있는 드롭다운 메뉴에서 열을 선택하시오.
'실행' 버튼을 클릭하시오.
그 열 아래 있는 셀에 결과가 나타날 것이다.
계속하려면 을 클릭하시오."
MAT/MA161-ForestedAreas,2,4,Korean,kor-KOR,"삼림 지역
아래 스프레드시트는 총 국토 면적에 대한 15개국 각각의 삼림 지역의 비율을 백분율로 나타낸 것이다. 2005, 2010, 2015년의 자료가 제시되어 있다.
A열 ▾
B열
C열
D열
E열
F열
G열
국가
2005
2010
2015
그리스29.1130.2831.45대한민국64.4264.0863.69독일32.6632.7332.76레바논13.3413.3813.42미국33.2633.733.85세네갈45.0544.0142.97아르메니아11.7711.7411.77알제리0.640.810.82인도22.7723.4723.77카자흐스탄1.241.231.23콜롬비아54.2652.8552.73태국31.5131.8132.1파나마64.3363.2162.11페루59.0158.4557.79포르투갈36.5235.8935.25
계산
열
B열
C열
D열
E열
F열
G열
연산
덧셈
뺄셈
곱셈
나눗셈
열
B열
C열
D열
E열
F열
G열
실행
평균
열
B열
C열
D열
E열
F열
G열
실행
초기화
close확인"
MAT/MA161-ForestedAreas,2,5,Korean,kor-KOR,"C
(
)
x2
xy
√x
1/x
π
÷
7
8
9
×
4
5
6
–
1
2
3
+
0
.
+/-
="
MAT/MA161-ForestedAreas,3,1,Korean,kor-KOR,계산기close
MAT/MA161-ForestedAreas,3,2,Korean,kor-KOR,PISA
MAT/MA161-ForestedAreas,3,3,Korean,kor-KOR,"삼림 지역  지시글
스프레드시트를 사용하는 방법에 대한 지시글은 각 문제에서도 이용할 수 있다.
지시글은 '스프레드시트 사용 방법'이라는 열고 닫을 수 있는 메뉴 안에 있다.
지시글을 열려면 아래의 메뉴 표시줄을 클릭하시오. 지시글을 닫으려면 메뉴 표시줄을 다시 클릭하시오.
스프레드시트 사용 방법
오름차순(낮은 값에서 높은 값의 순서)으로 정렬하려면 을 클릭하시오.  내림차순(높은 값에서 낮은 값의 순서)으로 정렬하려면 그 아이콘을 다시 클릭하시오.
계산을 실행하려면:
첫 번째 드롭다운 메뉴에서 열을 선택하시오.
중간의 드롭다운 메뉴에서 연산을 선택하시오.
마지막 드롭다운 메뉴에서 열을 선택하시오.
'실행' 버튼을 클릭하시오.
결과값은 첫 번째 빈 열에 나타날 것이다.
열의 평균을 표시하려면, 드롭다운 메뉴에서 열을 선택하고 '실행' 버튼을 클릭하시오. 그 열 아래 있는 셀에 결과가 나타날 것이다.
열의 실행을 취소하려면, 을 클릭하시오.
열을 삭제하려면 을 클릭하시오.
스프레드시트 내용을 완전히 삭제하려면 '초기화' 버튼을 클릭하시오.
계속하려면 을 클릭하시오."
MAT/MA161-ForestedAreas,3,4,Korean,kor-KOR,"삼림 지역
아래 스프레드시트는 총 국토 면적에 대한 15개국 각각의 삼림 지역의 비율을 백분율로 나타낸 것이다. 2005, 2010, 2015년의 자료가 제시되어 있다.
A열 ▾
B열
C열
D열
E열
F열
G열
국가
2005
2010
2015
그리스29.1130.2831.45대한민국64.4264.0863.69독일32.6632.7332.76레바논13.3413.3813.42미국33.2633.733.85세네갈45.0544.0142.97아르메니아11.7711.7411.77알제리0.640.810.82인도22.7723.4723.77카자흐스탄1.241.231.23콜롬비아54.2652.8552.73태국31.5131.8132.1파나마64.3363.2162.11페루59.0158.4557.79포르투갈36.5235.8935.25
계산
열
B열
C열
D열
E열
F열
G열
연산
덧셈
뺄셈
곱셈
나눗셈
열
B열
C열
D열
E열
F열
G열
실행
평균
열
B열
C열
D열
E열
F열
G열
실행
초기화
close확인"
MAT/MA161-ForestedAreas,3,5,Korean,kor-KOR,"C
(
)
x2
xy
√x
1/x
π
÷
7
8
9
×
4
5
6
–
1
2
3
+
0
.
+/-
="
MAT/MA161-ForestedAreas,4,1,Korean,kor-KOR,계산기close
MAT/MA161-ForestedAreas,4,2,Korean,kor-KOR,PISA
MAT/MA161-ForestedAreas,4,3,Korean,kor-KOR,"삼림 지역  문제 1 / 4
스프레드시트 사용 방법
오름차순(낮은 값에서 높은 값의 순서)으로 정렬하려면 을 클릭하시오.  내림차순(높은 값에서 낮은 값의 순서)으로 정렬하려면 그 아이콘을 다시 클릭하시오.
계산을 실행하려면:
첫 번째 드롭다운 메뉴에서 열을 선택하시오.
중간의 드롭다운 메뉴에서 연산을 선택하시오.
마지막 드롭다운 메뉴에서 열을 선택하시오.
'실행' 버튼을 클릭하시오.
결과값은 첫 번째 빈 열에 나타날 것이다.
열의 평균을 표시하려면, 드롭다운 메뉴에서 열을 선택하고 '실행' 버튼을 클릭하시오. 그 열 아래 있는 셀에 결과가 나타날 것이다.
열의 실행을 취소하려면, 을 클릭하시오.
열을 삭제하려면 을 클릭하시오.
스프레드시트 내용을 완전히 삭제하려면 '초기화' 버튼을 클릭하시오.
오른쪽 '삼림 지역'을 참고하시오. 스프레드시트를 사용하여 아래 물음에 답하시오. 각 물음에 대한 답을 드롭다운 메뉴에서 선택하시오.
아래 표에서, 드롭다운 메뉴에 있는 국가를 선택하여 각 물음에 답하시오.
물음
국가
2005년과 2015년 사이에 백분율이 가장 많이 증가한 국가는?
선택그리스대한민국독일레바논미국세네갈아르메니아알제리인도카자흐스탄콜롬비아태국파나마페루포르투갈
2005년과 2015년 사이에 전반적으로 변화가 없는 국가는?
선택그리스대한민국독일레바논미국세네갈아르메니아알제리인도카자흐스탄콜롬비아태국파나마페루포르투갈
2005년과 2015년 사이에 백분율이 가장 많이 감소한 국가는?
선택그리스대한민국독일레바논미국세네갈아르메니아알제리인도카자흐스탄콜롬비아태국파나마페루포르투갈"
MAT/MA161-ForestedAreas,4,4,Korean,kor-KOR,"삼림 지역
아래 스프레드시트는 총 국토 면적에 대한 15개국 각각의 삼림 지역의 비율을 백분율로 나타낸 것이다. 2005, 2010, 2015년의 자료가 제시되어 있다.
A열 ▾
B열
C열
D열
E열
F열
G열
국가
2005
2010
2015
그리스29.1130.2831.45대한민국64.4264.0863.69독일32.6632.7332.76레바논13.3413.3813.42미국33.2633.733.85세네갈45.0544.0142.97아르메니아11.7711.7411.77알제리0.640.810.82인도22.7723.4723.77카자흐스탄1.241.231.23콜롬비아54.2652.8552.73태국31.5131.8132.1파나마64.3363.2162.11페루59.0158.4557.79포르투갈36.5235.8935.25
계산
열
B열
C열
D열
E열
F열
G열
연산
덧셈
뺄셈
곱셈
나눗셈
열
B열
C열
D열
E열
F열
G열
실행
평균
열
B열
C열
D열
E열
F열
G열
실행
초기화
close확인"
MAT/MA161-ForestedAreas,4,5,Korean,kor-KOR,"C
(
)
x2
xy
√x
1/x
π
÷
7
8
9
×
4
5
6
–
1
2
3
+
0
.
+/-
="
MAT/MA161-ForestedAreas,5,1,Korean,kor-KOR,계산기close
MAT/MA161-ForestedAreas,5,2,Korean,kor-KOR,PISA
MAT/MA161-ForestedAreas,5,3,Korean,kor-KOR,"삼림 지역  문제 2 / 4
스프레드시트 사용 방법
오름차순(낮은 값에서 높은 값의 순서)으로 정렬하려면 을 클릭하시오.  내림차순(높은 값에서 낮은 값의 순서)으로 정렬하려면 그 아이콘을 다시 클릭하시오.
계산을 실행하려면:
첫 번째 드롭다운 메뉴에서 열을 선택하시오.
중간의 드롭다운 메뉴에서 연산을 선택하시오.
마지막 드롭다운 메뉴에서 열을 선택하시오.
'실행' 버튼을 클릭하시오.
결과값은 첫 번째 빈 열에 나타날 것이다.
열의 평균을 표시하려면, 드롭다운 메뉴에서 열을 선택하고 '실행' 버튼을 클릭하시오. 그 열 아래 있는 셀에 결과가 나타날 것이다.
열의 실행을 취소하려면, 을 클릭하시오.
열을 삭제하려면 을 클릭하시오.
스프레드시트 내용을 완전히 삭제하려면 '초기화' 버튼을 클릭하시오.
오른쪽 '삼림 지역'을 참고하시오. 스프레드시트를 사용하여 아래 물음에 답하시오. 물음에 대한 답을 하나 선택하여 클릭하시오.
2005년에서 2010년, 2010년에서 2015년의 두 기간을 고려하시오.
다음 중 두 기간의 삼림 지역 백분율의 평균 변화를 올바르게 설명한 것은?
평균 변화는 두 기간 모두 양수이다.
평균 변화는 두 기간 모두 음수이다.
평균 변화는 두 기간 모두 같다.
평균 변화는 한 기간에는 양수이고, 다른 한 기간에는 음수이다."
MAT/MA161-ForestedAreas,5,4,Korean,kor-KOR,"삼림 지역
아래 스프레드시트는 총 국토 면적에 대한 15개국 각각의 삼림 지역의 비율을 백분율로 나타낸 것이다. 2005, 2010, 2015년의 자료가 제시되어 있다.
A열 ▾
B열
C열
D열
E열
F열
G열
국가
2005
2010
2015
그리스29.1130.2831.45대한민국64.4264.0863.69독일32.6632.7332.76레바논13.3413.3813.42미국33.2633.733.85세네갈45.0544.0142.97아르메니아11.7711.7411.77알제리0.640.810.82인도22.7723.4723.77카자흐스탄1.241.231.23콜롬비아54.2652.8552.73태국31.5131.8132.1파나마64.3363.2162.11페루59.0158.4557.79포르투갈36.5235.8935.25
계산
열
B열
C열
D열
E열
F열
G열
연산
덧셈
뺄셈
곱셈
나눗셈
열
B열
C열
D열
E열
F열
G열
실행
평균
열
B열
C열
D열
E열
F열
G열
실행
초기화
close확인"
MAT/MA161-ForestedAreas,5,5,Korean,kor-KOR,"C
(
)
x2
xy
√x
1/x
π
÷
7
8
9
×
4
5
6
–
1
2
3
+
0
.
+/-
="
MAT/MA161-ForestedAreas,6,1,Korean,kor-KOR,계산기close
MAT/MA161-ForestedAreas,6,2,Korean,kor-KOR,PISA
MAT/MA161-ForestedAreas,6,3,Korean,kor-KOR,"삼림 지역  문제 3 / 4
스프레드시트 사용 방법
오름차순(낮은 값에서 높은 값의 순서)으로 정렬하려면 을 클릭하시오.  내림차순(높은 값에서 낮은 값의 순서)으로 정렬하려면 그 아이콘을 다시 클릭하시오.
계산을 실행하려면:
첫 번째 드롭다운 메뉴에서 열을 선택하시오.
중간의 드롭다운 메뉴에서 연산을 선택하시오.
마지막 드롭다운 메뉴에서 열을 선택하시오.
'실행' 버튼을 클릭하시오.
결과값은 첫 번째 빈 열에 나타날 것이다.
열의 평균을 표시하려면, 드롭다운 메뉴에서 열을 선택하고 '실행' 버튼을 클릭하시오. 그 열 아래 있는 셀에 결과가 나타날 것이다.
열의 실행을 취소하려면, 을 클릭하시오.
열을 삭제하려면 을 클릭하시오.
스프레드시트 내용을 완전히 삭제하려면 '초기화' 버튼을 클릭하시오.
오른쪽 '삼림 지역'을 참고하시오. 스프레드시트를 사용하여 아래 물음에 답하시오. 물음에 대한 답을 드롭다운 메뉴에서 선택하시오.
2005년에서 2010년, 2010년에서 2015년의 두 기간을 고려하시오.
각 기간의 백분율 차이를 생각할 때, 첫 번째 기간부터 다른 기간까지 삼림 지역의 백분율에서 변화가 가장 큰 두 국가는?
답:
선택그리스대한민국독일레바논미국세네갈아르메니아알제리인도카자흐스탄콜롬비아태국파나마페루포르투갈
그리고
선택그리스대한민국독일레바논미국세네갈아르메니아알제리인도카자흐스탄콜롬비아태국파나마페루포르투갈"
MAT/MA161-ForestedAreas,6,4,Korean,kor-KOR,"삼림 지역
아래 스프레드시트는 총 국토 면적에 대한 15개국 각각의 삼림 지역의 비율을 백분율로 나타낸 것이다. 2005, 2010, 2015년의 자료가 제시되어 있다.
A열 ▾
B열
C열
D열
E열
F열
G열
국가
2005
2010
2015
그리스29.1130.2831.45대한민국64.4264.0863.69독일32.6632.7332.76레바논13.3413.3813.42미국33.2633.733.85세네갈45.0544.0142.97아르메니아11.7711.7411.77알제리0.640.810.82인도22.7723.4723.77카자흐스탄1.241.231.23콜롬비아54.2652.8552.73태국31.5131.8132.1파나마64.3363.2162.11페루59.0158.4557.79포르투갈36.5235.8935.25
계산
열
B열
C열
D열
E열
F열
G열
연산
덧셈
뺄셈
곱셈
나눗셈
열
B열
C열
D열
E열
F열
G열
실행
평균
열
B열
C열
D열
E열
F열
G열
실행
초기화
close확인"
MAT/MA161-ForestedAreas,6,5,Korean,kor-KOR,"C
(
)
x2
xy
√x
1/x
π
÷
7
8
9
×
4
5
6
–
1
2
3
+
0
.
+/-
="
MAT/MA161-ForestedAreas,7,1,Korean,kor-KOR,계산기close
MAT/MA161-ForestedAreas,7,2,Korean,kor-KOR,PISA
MAT/MA161-ForestedAreas,7,3,Korean,kor-KOR,"삼림 지역  문제 4 / 4
스프레드시트 사용 방법
오름차순(낮은 값에서 높은 값의 순서)으로 정렬하려면 을 클릭하시오.  내림차순(높은 값에서 낮은 값의 순서)으로 정렬하려면 그 아이콘을 다시 클릭하시오.
계산을 실행하려면:
첫 번째 드롭다운 메뉴에서 열을 선택하시오.
중간의 드롭다운 메뉴에서 연산을 선택하시오.
마지막 드롭다운 메뉴에서 열을 선택하시오.
'실행' 버튼을 클릭하시오.
결과값은 첫 번째 빈 열에 나타날 것이다.
열의 평균을 표시하려면, 드롭다운 메뉴에서 열을 선택하고 '실행' 버튼을 클릭하시오. 그 열 아래 있는 셀에 결과가 나타날 것이다.
열의 실행을 취소하려면, 을 클릭하시오.
열을 삭제하려면 을 클릭하시오.
스프레드시트 내용을 완전히 삭제하려면 '초기화' 버튼을 클릭하시오.
오른쪽 '삼림 지역'을 참고하시오. 스프레드시트를 사용하여 아래 물음에 답하시오. 물음에 대한 답을 하나 선택하여 클릭하고, 그 답에 대한 설명을 입력하시오.
혜원이는 이 표에 제시된 기간동안 대한민국이 다른 나라보다 더 많은 삼림 지역을 가졌다고 주장한다.
이 주장은 스프레드시트의 자료에 의해 뒷받침되는가?
예
아니요
이유를 설명하시오."
MAT/MA161-ForestedAreas,7,4,Korean,kor-KOR,"삼림 지역
아래 스프레드시트는 총 국토 면적에 대한 15개국 각각의 삼림 지역의 비율을 백분율로 나타낸 것이다. 2005, 2010, 2015년의 자료가 제시되어 있다.
A열 ▾
B열
C열
D열
E열
F열
G열
국가
2005
2010
2015
그리스29.1130.2831.45대한민국64.4264.0863.69독일32.6632.7332.76레바논13.3413.3813.42미국33.2633.733.85세네갈45.0544.0142.97아르메니아11.7711.7411.77알제리0.640.810.82인도22.7723.4723.77카자흐스탄1.241.231.23콜롬비아54.2652.8552.73태국31.5131.8132.1파나마64.3363.2162.11페루59.0158.4557.79포르투갈36.5235.8935.25
계산
열
B열
C열
D열
E열
F열
G열
연산
덧셈
뺄셈
곱셈
나눗셈
열
B열
C열
D열
E열
F열
G열
실행
평균
열
B열
C열
D열
E열
F열
G열
실행
초기화
close확인"
MAT/MA161-ForestedAreas,7,5,Korean,kor-KOR,"C
(
)
x2
xy
√x
1/x
π
÷
7
8
9
×
4
5
6
–
1
2
3
+
0
.
+/-
="
MAT/MA161-ForestedAreas,1,1,Latvian,lav-LVA,Kalkulatorsclose
MAT/MA161-ForestedAreas,1,2,Latvian,lav-LVA,PISA
MAT/MA161-ForestedAreas,1,3,Latvian,lav-LVA,"Meža platības  Ievads
Izlasi ievadu. Tad noklikšķini uz bultiņas TĀLĀK.
MEŽA PLATĪBAS
Šajā nodaļā tev vajadzēs izmantot izklājlapu, lai atbildētu uz jautājumiem, kas saistīti ar tālāk aprakstīto situāciju.
Mežs ir ekosistēma, kurā atrodama liela koku, augu un dzīvnieku dažādība.
Laika gaitā meža platību apjoms valstī var mainīties.
Nākamajā ekrānā tu vingrināsies izmantot izklājlapu."
MAT/MA161-ForestedAreas,1,4,Latvian,lav-LVA,"C
(
)
x2
yx
√x
1/x
π
÷
7
8
9
x
4
5
6
–
1
2
3
+
0
.
+/-
="
MAT/MA161-ForestedAreas,2,1,Latvian,lav-LVA,Kalkulatorsclose
MAT/MA161-ForestedAreas,2,2,Latvian,lav-LVA,PISA
MAT/MA161-ForestedAreas,2,3,Latvian,lav-LVA,"MEŽA PLATĪBAS
Zemāk dotajā izklājlapā redzamas meža platības procentos no kopējās zemes platības katrā no 15 valstīm, kas iekļautas šajā datu kopumā. Dati doti par 2005., 2010. un 2015. gadu.
Aile A ▾
Aile B
Aile C
Aile D
Aile E
Aile F
Aile G
Valsts
2005.
2010.
2015.
Alžīrija0,640,810,82Amerikas Savienotās Valstis33,2633,733,85Armēnija11,7711,7411,77Dienvidkoreja64,4264,0863,69Grieķija29,1130,2831,45Indija22,7723,4723,77Kazahstāna1,241,231,23Kolumbija54,2652,8552,73Libāna13,3413,3813,42Panama64,3363,2162,11Peru59,0158,4557,79Portugāle36,5235,8935,25Senegāla45,0544,0142,97Taizeme31,5131,8132,1Vācija32,6632,7332,76
Rēķināt
Aile
Aile B
Aile C
Aile D
Aile E
Aile F
Aile G
Darbība
Saskaitīt
Atņemt
Reizināt
Dalīt
Aile
Aile B
Aile C
Aile D
Aile E
Aile F
Aile G
Sākt
Vidējā vērtība
Aile
Aile B
Aile C
Aile D
Aile E
Aile F
Aile G
Sākt
Dzēst visu
closeLabi"
MAT/MA161-ForestedAreas,2,4,Latvian,lav-LVA,"Meža platības  Piemērs
Vispirms tu izmēģināsi strādāt ar izklājlapu un tad turpināsi atbildēt uz jautājumiem.
Izmanto izklājlapu, lai pabeigtu trīs tālāk norādītās darbības.
Sakārto datus ailē.
Noklikšķini uz  simbola ailēs B, C vai D, lai sakārtotu ailes datus augošā (no zemākas vērtības uz augstāku) secībā.
Ievēro, ka visas pārējās ailes arī sakārtosies tādā pašā secībā, kādā tiek sakārtota izvēlētā aile.
Veic aprēķinus.
Izvēlies aili no pirmās nolaižamās izvēlnes, kas atrodas zem izklājlapas.
Pēc tam izvēlies matemātisko darbību no vidējās nolaižamās izvēlnes.
Tad izvēlies aili no pēdējās nolaižamās izvēlnes.
Noklikšķini uz pogas ""Sākt"".
Rezultāti parādīsies pirmajā tukšajā ailē.
Attēlo ailes vidējo vērtību.
Izvēlies aili nolaižamajā izvēlnē, kas atrodas blakus vienumam ""Vidējā vērtība"" zem izklājlapas.
Noklikšķini uz pogas ""Sākt"".
Rezultāts parādīsies šūnā zem attiecīgās ailes.
Lai turpinātu, noklikšķini uz ."
MAT/MA161-ForestedAreas,2,5,Latvian,lav-LVA,"C
(
)
x2
yx
√x
1/x
π
÷
7
8
9
x
4
5
6
–
1
2
3
+
0
.
+/-
="
MAT/MA161-ForestedAreas,3,1,Latvian,lav-LVA,Kalkulatorsclose
MAT/MA161-ForestedAreas,3,2,Latvian,lav-LVA,PISA
MAT/MA161-ForestedAreas,3,3,Latvian,lav-LVA,"MEŽA PLATĪBAS
Zemāk dotajā izklājlapā redzamas meža platības procentos no kopējās zemes platības katrā no 15 valstīm, kas iekļautas šajā datu kopumā. Dati doti par 2005., 2010. un 2015. gadu.
Aile A ▾
Aile B
Aile C
Aile D
Aile E
Aile F
Aile G
Valsts
2005.
2010.
2015.
Alžīrija0,640,810,82Amerikas Savienotās Valstis33,2633,733,85Armēnija11,7711,7411,77Dienvidkoreja64,4264,0863,69Grieķija29,1130,2831,45Indija22,7723,4723,77Kazahstāna1,241,231,23Kolumbija54,2652,8552,73Libāna13,3413,3813,42Panama64,3363,2162,11Peru59,0158,4557,79Portugāle36,5235,8935,25Senegāla45,0544,0142,97Taizeme31,5131,8132,1Vācija32,6632,7332,76
Rēķināt
Aile
Aile B
Aile C
Aile D
Aile E
Aile F
Aile G
Darbība
Saskaitīt
Atņemt
Reizināt
Dalīt
Aile
Aile B
Aile C
Aile D
Aile E
Aile F
Aile G
Sākt
Vidējā vērtība
Aile
Aile B
Aile C
Aile D
Aile E
Aile F
Aile G
Sākt
Dzēst visu
closeLabi"
MAT/MA161-ForestedAreas,3,4,Latvian,lav-LVA,"Meža platības   Instrukcija
Izklājlapas lietošanas instrukcija atrodama pie katra jautājuma.
Tā izvietota izvēlnē ar nosaukumu ""Kā izmantot izklājlapu"", ko var atvērt un aizvērt.
Lai atvērtu instrukciju, noklikšķini uz zemāk atrodamās joslas. Lai aizvērtu instrukciju, vēlreiz noklikšķini uz joslas.
Kā izmantot izklājlapu
Noklikšķini uz , lai  kārtotu aili  augošā (no zemas vērtības uz augstāku) secībā.  Vēlreiz noklikšķini uz ikonas, lai kārtotu aili lejupejošā (no augstākas vērtības uz zemāku) secībā.
Lai veiktu aprēķinus, izpildi tālāk norādītās darbības.
Izvēlies aili no pirmās nolaižamās izvēlnes.
Izvēlies matemātisko darbību no vidējās nolaižamās izvēlnes.
Izvēlies aili no pēdējās nolaižamās izvēlnes.
Noklikšķini uz pogas ""Sākt"".
Rezultāti parādīsies pirmajā tukšajā ailē.
Lai parādītu ailes vidējo vērtību, izvēlies aili no nolaižamās izvēlnes un noklikšķini uz pogas ""Sākt"". Rezultāts parādīsies šūnā zem attiecīgās ailes.
Lai atsauktu darbību ailē, noklikšķini uz .
Lai nodzēstu datus ailē, noklikšķini uz .
Lai pilnībā izdzēstu datus izklājlapā, noklikšķini uz pogas ""Dzēst visu"".
Lai turpinātu, noklikšķini uz ."
MAT/MA161-ForestedAreas,3,5,Latvian,lav-LVA,"C
(
)
x2
yx
√x
1/x
π
÷
7
8
9
x
4
5
6
–
1
2
3
+
0
.
+/-
="
MAT/MA161-ForestedAreas,4,1,Latvian,lav-LVA,Kalkulatorsclose
MAT/MA161-ForestedAreas,4,2,Latvian,lav-LVA,PISA
MAT/MA161-ForestedAreas,4,3,Latvian,lav-LVA,"MEŽA PLATĪBAS
Zemāk dotajā izklājlapā redzamas meža platības procentos no kopējās zemes platības katrā no 15 valstīm, kas iekļautas šajā datu kopumā. Dati doti par 2005., 2010. un 2015. gadu.
Aile A ▾
Aile B
Aile C
Aile D
Aile E
Aile F
Aile G
Valsts
2005.
2010.
2015.
Alžīrija0,640,810,82Amerikas Savienotās Valstis33,2633,733,85Armēnija11,7711,7411,77Dienvidkoreja64,4264,0863,69Grieķija29,1130,2831,45Indija22,7723,4723,77Kazahstāna1,241,231,23Kolumbija54,2652,8552,73Libāna13,3413,3813,42Panama64,3363,2162,11Peru59,0158,4557,79Portugāle36,5235,8935,25Senegāla45,0544,0142,97Taizeme31,5131,8132,1Vācija32,6632,7332,76
Rēķināt
Aile
Aile B
Aile C
Aile D
Aile E
Aile F
Aile G
Darbība
Saskaitīt
Atņemt
Reizināt
Dalīt
Aile
Aile B
Aile C
Aile D
Aile E
Aile F
Aile G
Sākt
Vidējā vērtība
Aile
Aile B
Aile C
Aile D
Aile E
Aile F
Aile G
Sākt
Dzēst visu
closeLabi"
MAT/MA161-ForestedAreas,4,4,Latvian,lav-LVA,"Meža platības  Jautājums 1 / 4
Kā izmantot izklājlapu
Noklikšķini uz , lai  kārtotu aili  augošā (no zemas vērtības uz augstāku) secībā.  Vēlreiz noklikšķini uz ikonas, lai kārtotu aili lejupejošā (no augstākas vērtības uz zemāku) secībā.
Lai veiktu aprēķinus, izpildi tālāk norādītās darbības.
Izvēlies aili no pirmās nolaižamās izvēlnes.
Izvēlies matemātisko darbību no vidējās nolaižamās izvēlnes.
Izvēlies aili no pēdējās nolaižamās izvēlnes.
Noklikšķini uz pogas ""Sākt"".
Rezultāti parādīsies pirmajā tukšajā ailē.
Lai parādītu ailes vidējo vērtību, izvēlies aili no nolaižamās izvēlnes un noklikšķini uz pogas ""Sākt"". Rezultāts parādīsies šūnā zem attiecīgās ailes.
Lai atsauktu darbību ailē, noklikšķini uz .
Lai nodzēstu datus ailē, noklikšķini uz .
Lai pilnībā izdzēstu datus izklājlapā, noklikšķini uz pogas ""Dzēst visu"".
Aplūko labajā pusē doto informāciju ""Meža platības"". Lai atbildētu uz zemāk doto jautājumu, izmanto izklājlapu. Katram jautājumam izvēlies atbildi nolaižamajā izvēlnē.
Zemāk dotajā tabulā atbildi uz visiem jautājumiem, izvēloties valsti no attiecīgās izvēlnes.
Jautājums
Valsts
Kurai valstij bijis vislielākais procentpunktu pieaugums starp 2005. un 2015. gadu?
IzvēliesAlžīrijaAmerikas Savienotās ValstisArmēnijaDienvidkorejaGrieķijaIndijaKazahstānaKolumbijaLibānaPanamaPeruPortugāleSenegālaTaizemeVācija
Kurai valstij nav  vispārēju izmaiņu starp 2005. un 2015. gadu?
IzvēliesAlžīrijaAmerikas Savienotās ValstisArmēnijaDienvidkorejaGrieķijaIndijaKazahstānaKolumbijaLibānaPanamaPeruPortugāleSenegālaTaizemeVācija
Kurai valstij bijis vislielākais procentpunktu samazinājums starp 2005. un 2015. gadu?
IzvēliesAlžīrijaAmerikas Savienotās ValstisArmēnijaDienvidkorejaGrieķijaIndijaKazahstānaKolumbijaLibānaPanamaPeruPortugāleSenegālaTaizemeVācija"
MAT/MA161-ForestedAreas,4,5,Latvian,lav-LVA,"C
(
)
x2
yx
√x
1/x
π
÷
7
8
9
x
4
5
6
–
1
2
3
+
0
.
+/-
="
MAT/MA161-ForestedAreas,5,1,Latvian,lav-LVA,Kalkulatorsclose
MAT/MA161-ForestedAreas,5,2,Latvian,lav-LVA,PISA
MAT/MA161-ForestedAreas,5,3,Latvian,lav-LVA,"MEŽA PLATĪBAS
Zemāk dotajā izklājlapā redzamas meža platības procentos no kopējās zemes platības katrā no 15 valstīm, kas iekļautas šajā datu kopumā. Dati doti par 2005., 2010. un 2015. gadu.
Aile A ▾
Aile B
Aile C
Aile D
Aile E
Aile F
Aile G
Valsts
2005.
2010.
2015.
Alžīrija0,640,810,82Amerikas Savienotās Valstis33,2633,733,85Armēnija11,7711,7411,77Dienvidkoreja64,4264,0863,69Grieķija29,1130,2831,45Indija22,7723,4723,77Kazahstāna1,241,231,23Kolumbija54,2652,8552,73Libāna13,3413,3813,42Panama64,3363,2162,11Peru59,0158,4557,79Portugāle36,5235,8935,25Senegāla45,0544,0142,97Taizeme31,5131,8132,1Vācija32,6632,7332,76
Rēķināt
Aile
Aile B
Aile C
Aile D
Aile E
Aile F
Aile G
Darbība
Saskaitīt
Atņemt
Reizināt
Dalīt
Aile
Aile B
Aile C
Aile D
Aile E
Aile F
Aile G
Sākt
Vidējā vērtība
Aile
Aile B
Aile C
Aile D
Aile E
Aile F
Aile G
Sākt
Dzēst visu
closeLabi"
MAT/MA161-ForestedAreas,5,4,Latvian,lav-LVA,"Meža platības  Jautājums 2 / 4
Kā izmantot izklājlapu
Noklikšķini uz , lai  kārtotu aili  augošā (no zemas vērtības uz augstāku) secībā.  Vēlreiz noklikšķini uz ikonas, lai kārtotu aili lejupejošā (no augstākas vērtības uz zemāku) secībā.
Lai veiktu aprēķinus, izpildi tālāk norādītās darbības.
Izvēlies aili no pirmās nolaižamās izvēlnes.
Izvēlies matemātisko darbību no vidējās nolaižamās izvēlnes.
Izvēlies aili no pēdējās nolaižamās izvēlnes.
Noklikšķini uz pogas ""Sākt"".
Rezultāti parādīsies pirmajā tukšajā ailē.
Lai parādītu ailes vidējo vērtību, izvēlies aili no nolaižamās izvēlnes un noklikšķini uz pogas ""Sākt"". Rezultāts parādīsies šūnā zem attiecīgās ailes.
Lai atsauktu darbību ailē, noklikšķini uz .
Lai nodzēstu datus ailē, noklikšķini uz .
Lai pilnībā izdzēstu datus izklājlapā, noklikšķini uz pogas ""Dzēst visu"".
Aplūko labajā pusē doto informāciju ""Meža platības"". Lai atbildētu uz zemāk doto jautājumu, izmanto izklājlapu. Noklikšķini uz atbildes varianta, lai atbildētu uz jautājumu.
Pievērs uzmanību diviem laika periodiem: no 2005. gada līdz 2010. gadam un no 2010. gada līdz 2015. gadam.
Kurš no tālāk dotajiem apgalvojumiem vispareizāk raksturo vidējās izmaiņas meža platību apjomā procentos abos minētajos laika periodos?
Vidējās izmaiņas bija pozitīvas abos laika periodos.
Vidējās izmaiņas bija negatīvas abos laika periodos.
Vidējās izmaiņas palikušas tādas pašas abos laika periodos.
Vidējās izmaiņas bija pozitīvas vienā laika periodā un negatīvas — otrā laika periodā."
MAT/MA161-ForestedAreas,5,5,Latvian,lav-LVA,"C
(
)
x2
yx
√x
1/x
π
÷
7
8
9
x
4
5
6
–
1
2
3
+
0
.
+/-
="
MAT/MA161-ForestedAreas,6,1,Latvian,lav-LVA,Kalkulatorsclose
MAT/MA161-ForestedAreas,6,2,Latvian,lav-LVA,PISA
MAT/MA161-ForestedAreas,6,3,Latvian,lav-LVA,"MEŽA PLATĪBAS
Zemāk dotajā izklājlapā redzamas meža platības procentos no kopējās zemes platības katrā no 15 valstīm, kas iekļautas šajā datu kopumā. Dati doti par 2005., 2010. un 2015. gadu.
Aile A ▾
Aile B
Aile C
Aile D
Aile E
Aile F
Aile G
Valsts
2005.
2010.
2015.
Alžīrija0,640,810,82Amerikas Savienotās Valstis33,2633,733,85Armēnija11,7711,7411,77Dienvidkoreja64,4264,0863,69Grieķija29,1130,2831,45Indija22,7723,4723,77Kazahstāna1,241,231,23Kolumbija54,2652,8552,73Libāna13,3413,3813,42Panama64,3363,2162,11Peru59,0158,4557,79Portugāle36,5235,8935,25Senegāla45,0544,0142,97Taizeme31,5131,8132,1Vācija32,6632,7332,76
Rēķināt
Aile
Aile B
Aile C
Aile D
Aile E
Aile F
Aile G
Darbība
Saskaitīt
Atņemt
Reizināt
Dalīt
Aile
Aile B
Aile C
Aile D
Aile E
Aile F
Aile G
Sākt
Vidējā vērtība
Aile
Aile B
Aile C
Aile D
Aile E
Aile F
Aile G
Sākt
Dzēst visu
closeLabi"
MAT/MA161-ForestedAreas,6,4,Latvian,lav-LVA,"Meža platības  Jautājums 3 / 4
Kā izmantot izklājlapu
Noklikšķini uz , lai  kārtotu aili  augošā (no zemas vērtības uz augstāku) secībā.  Vēlreiz noklikšķini uz ikonas, lai kārtotu aili lejupejošā (no augstākas vērtības uz zemāku) secībā.
Lai veiktu aprēķinus, izpildi tālāk norādītās darbības.
Izvēlies aili no pirmās nolaižamās izvēlnes.
Izvēlies matemātisko darbību no vidējās nolaižamās izvēlnes.
Izvēlies aili no pēdējās nolaižamās izvēlnes.
Noklikšķini uz pogas ""Sākt"".
Rezultāti parādīsies pirmajā tukšajā ailē.
Lai parādītu ailes vidējo vērtību, izvēlies aili no nolaižamās izvēlnes un noklikšķini uz pogas ""Sākt"". Rezultāts parādīsies šūnā zem attiecīgās ailes.
Lai atsauktu darbību ailē, noklikšķini uz .
Lai nodzēstu datus ailē, noklikšķini uz .
Lai pilnībā izdzēstu datus izklājlapā, noklikšķini uz pogas ""Dzēst visu"".
Aplūko labajā pusē doto informāciju ""Meža platības"". Lai atbildētu uz zemāk doto jautājumu, izmanto izklājlapu. Atbildi uz jautājumu, izvēloties atbildi no nolaižamajām izvēlnēm.
Pievērs uzmanību diviem laika periodiem: no 2005. gada līdz 2010. gadam un no 2010. gada līdz 2015. gadam.
Kurām divām valstīm bijušas visbūtiskākās procentpunktu atšķirības mežu platībā no viena laika perioda līdz nākamajam?
Atbildes:
IzvēliesAlžīrijaAmerikas Savienotās ValstisArmēnijaDienvidkorejaGrieķijaIndijaKazahstānaKolumbijaLibānaPanamaPeruPortugāleSenegālaTaizemeVācija
un
IzvēliesAlžīrijaAmerikas Savienotās ValstisArmēnijaDienvidkorejaGrieķijaIndijaKazahstānaKolumbijaLibānaPanamaPeruPortugāleSenegālaTaizemeVācija"
MAT/MA161-ForestedAreas,6,5,Latvian,lav-LVA,"C
(
)
x2
yx
√x
1/x
π
÷
7
8
9
x
4
5
6
–
1
2
3
+
0
.
+/-
="
MAT/MA161-ForestedAreas,7,1,Latvian,lav-LVA,Kalkulatorsclose
MAT/MA161-ForestedAreas,7,2,Latvian,lav-LVA,PISA
MAT/MA161-ForestedAreas,7,3,Latvian,lav-LVA,"MEŽA PLATĪBAS
Zemāk dotajā izklājlapā redzamas meža platības procentos no kopējās zemes platības katrā no 15 valstīm, kas iekļautas šajā datu kopumā. Dati doti par 2005., 2010. un 2015. gadu.
Aile A ▾
Aile B
Aile C
Aile D
Aile E
Aile F
Aile G
Valsts
2005.
2010.
2015.
Alžīrija0,640,810,82Amerikas Savienotās Valstis33,2633,733,85Armēnija11,7711,7411,77Dienvidkoreja64,4264,0863,69Grieķija29,1130,2831,45Indija22,7723,4723,77Kazahstāna1,241,231,23Kolumbija54,2652,8552,73Libāna13,3413,3813,42Panama64,3363,2162,11Peru59,0158,4557,79Portugāle36,5235,8935,25Senegāla45,0544,0142,97Taizeme31,5131,8132,1Vācija32,6632,7332,76
Rēķināt
Aile
Aile B
Aile C
Aile D
Aile E
Aile F
Aile G
Darbība
Saskaitīt
Atņemt
Reizināt
Dalīt
Aile
Aile B
Aile C
Aile D
Aile E
Aile F
Aile G
Sākt
Vidējā vērtība
Aile
Aile B
Aile C
Aile D
Aile E
Aile F
Aile G
Sākt
Dzēst visu
closeLabi"
MAT/MA161-ForestedAreas,7,4,Latvian,lav-LVA,"Meža platības  Jautājums 4 / 4
Kā izmantot izklājlapu
Noklikšķini uz , lai  kārtotu aili  augošā (no zemas vērtības uz augstāku) secībā.  Vēlreiz noklikšķini uz ikonas, lai kārtotu aili lejupejošā (no augstākas vērtības uz zemāku) secībā.
Lai veiktu aprēķinus, izpildi tālāk norādītās darbības.
Izvēlies aili no pirmās nolaižamās izvēlnes.
Izvēlies matemātisko darbību no vidējās nolaižamās izvēlnes.
Izvēlies aili no pēdējās nolaižamās izvēlnes.
Noklikšķini uz pogas ""Sākt"".
Rezultāti parādīsies pirmajā tukšajā ailē.
Lai parādītu ailes vidējo vērtību, izvēlies aili no nolaižamās izvēlnes un noklikšķini uz pogas ""Sākt"". Rezultāts parādīsies šūnā zem attiecīgās ailes.
Lai atsauktu darbību ailē, noklikšķini uz .
Lai nodzēstu datus ailē, noklikšķini uz .
Lai pilnībā izdzēstu datus izklājlapā, noklikšķini uz pogas ""Dzēst visu"".
Aplūko labajā pusē doto informāciju ""Meža platības"". Lai atbildētu uz zemāk doto jautājumu, izmanto izklājlapu. Noklikšķini uz atbildes varianta un tad uzraksti paskaidrojumu, lai atbildētu uz jautājumu.
Helēna apgalvo, ka Dienvidkorejai ir vislielākās meža platības no visām šajā sarakstā minētajām valstīm (minētajos gados).
Vai viņas apgalvojumu apstiprina izklājlapā dotie dati?
Jā
Nē
Paskaidro savu atbildi."
MAT/MA161-ForestedAreas,7,5,Latvian,lav-LVA,"C
(
)
x2
yx
√x
1/x
π
÷
7
8
9
x
4
5
6
–
1
2
3
+
0
.
+/-
="
MAT/MA161-ForestedAreas,1,1,Lithuanian,lit-LTU,Skaičiuotuvasclose
MAT/MA161-ForestedAreas,1,2,Lithuanian,lit-LTU,Programme for International Student Assessment
MAT/MA161-ForestedAreas,1,3,Lithuanian,lit-LTU,"Miškinga teritorija  Įvadas
Perskaitykite įvadą ir spustelėkite rodyklę TOLIAU.
MIŠKINGA TERITORIJA
Atlikdami šią užduotį Jūs turėsite pasinaudoti skaičiuokle, kad atsakytumėte į klausimus, susijusius su štai šia situacija:
Miškas yra ekosistema, kurioje galima rasti įvairių medžių, augalų ir gyvūnų.
Miškingos teritorijos plotas šalyje gali pasikeisti bėgant laikui.
Kitame ekrane Jūs išbandysite skaičiuoklę."
MAT/MA161-ForestedAreas,1,4,Lithuanian,lit-LTU,"C
(
)
x2
yx
√x
1/x
π
/
7
8
9
x
4
5
6
–
1
2
3
+
0
,
+/-
="
MAT/MA161-ForestedAreas,2,1,Lithuanian,lit-LTU,Skaičiuotuvasclose
MAT/MA161-ForestedAreas,2,2,Lithuanian,lit-LTU,Programme for International Student Assessment
MAT/MA161-ForestedAreas,2,3,Lithuanian,lit-LTU,"MIŠKINGA TERITORIJA
Skaičiuoklėje pateiktas miškų plotas procentais nuo viso žemės ploto kiekvienoje iš 15 šalių. Pateikiami 2005, 2010 ir 2015 metų duomenys.
A stulpelis
B stulpelis
C stulpelis
D stulpelis
E stulpelis
F stulpelis
G stulpelis
Šalis
2005
2010
2015
Skaičiuoti
Stulpelis
B stulpelis
C stulpelis
D stulpelis
E stulpelis
F stulpelis
G stulpelis
Operacija
Pridėti
Atimti
Padauginti
Padalyti
Stulpelis
B stulpelis
C stulpelis
D stulpelis
E stulpelis
F stulpelis
G stulpelis
Vykdyti
Vidurkis
Stulpelis
B stulpelis
C stulpelis
D stulpelis
E stulpelis
F stulpelis
G stulpelis
Vykdyti
Ištrinti viską"
MAT/MA161-ForestedAreas,2,4,Lithuanian,lit-LTU,"Miškinga teritorija  Išbandykite
Dabar, prieš atsakydami į klausimus, išbandykite skaičiuoklę.
Pasinaudokite skaičiuokle, kad atliktumėte šiuos tris veiksmus:
Surikiuoti duomenis stulpelyje
Spustelėkite simbolį  stulpeliuose B, C arba D, kad duomenis tame stulpelyje surikiuotumėte didėjimo tvarka (nuo mažiausių iki didžiausių).
Atkreipkite dėmesį, kad visi stulpeliai bus surikiuoti pagal tai, kaip surikiuojamas kuris nors vienas stulpelis.
Atlikti skaičiavimus
Pasirinkite stulpelį iš pirmojo išskleidžiamojo sąrašo, esančio po skaičiuokle.
Paskui pasirinkite operaciją iš vidurinio išskleidžiamojo sąrašo.
Tada pasirinkite stulpelį iš paskutinio išskleidžiamojo sąrašo.
Paspauskite „Vykdyti“.
Rezultatai bus parodyti pirmajame tuščiame stulpelyje.
Rodyti vidurkį (vidutinę reikšmę)
Pasirinkite stulpelį iš išskleidžiamojo sąrašo, esančio po skaičiuokle šalia užrašo „Vidurkis“.
Paspauskite „Vykdyti“.
Rezultatas bus parodytas langelyje po tuo stulpeliu.
Norėdami tęsti, spustelėkite ."
MAT/MA161-ForestedAreas,2,5,Lithuanian,lit-LTU,"C
(
)
x2
yx
√x
1/x
π
/
7
8
9
x
4
5
6
–
1
2
3
+
0
,
+/-
="
MAT/MA161-ForestedAreas,3,1,Lithuanian,lit-LTU,Skaičiuotuvasclose
MAT/MA161-ForestedAreas,3,2,Lithuanian,lit-LTU,Programme for International Student Assessment
MAT/MA161-ForestedAreas,3,3,Lithuanian,lit-LTU,"MIŠKINGA TERITORIJA
Skaičiuoklėje pateiktas miškų plotas procentais nuo viso žemės ploto kiekvienoje iš 15 šalių. Pateikiami 2005, 2010 ir 2015 metų duomenys.
A stulpelis ▾
B stulpelis
C stulpelis
D stulpelis
E stulpelis
F stulpelis
G stulpelis
Šalis
2005
2010
2015
Alžyras0,640,810,82Armėnija11,7711,7411,77Graikija29,1130,2831,45Indija22,7723,4723,77Jungtinės Amerikos Valstijos33,2633,733,85Kazachstanas1,241,231,23Kolumbija54,2652,8552,73Libanas13,3413,3813,42Panama64,3363,2162,11Peru59,0158,4557,79Pietų Korėja64,4264,0863,69Portugalija36,5235,8935,25Senegalas45,0544,0142,97Tailandas31,5131,8132,1Vokietija32,6632,7332,76
Skaičiuoti
Stulpelis
B stulpelis
C stulpelis
D stulpelis
E stulpelis
F stulpelis
G stulpelis
Operacija
Pridėti
Atimti
Padauginti
Padalyti
Stulpelis
B stulpelis
C stulpelis
D stulpelis
E stulpelis
F stulpelis
G stulpelis
Vykdyti
Vidurkis
Stulpelis
B stulpelis
C stulpelis
D stulpelis
E stulpelis
F stulpelis
G stulpelis
Vykdyti
Ištrinti viską
closeGERAI"
MAT/MA161-ForestedAreas,3,4,Lithuanian,lit-LTU,"Miškingos teritorijos  Instrukcija
Naudojimosi skaičiuokle instrukcijos pateikiamos prie kiekvieno klausimo.
Jas rasite meniu punkte „Kaip naudotis skaičiuokle“, kurį galima atidaryti ir uždaryti.
Norėdami atverti instrukcijų langą, paspauskite juostą žemiau. Norėdami užverti instrukcijų langą, juostą paspauskite dar kartą.
Kaip naudotis skaičiuokle
Spustelėkite , kad surikiuotumėte duomenis stulpelyje didėjimo tvarka (nuo mažiausio iki didžiausio).  Spustelėkite šį simbolį dar kartą, kad surikiuotumėte duomenis stulpelyje mažėjimo tvarka (nuo didžiausio iki mažiausio).
Norėdami atlikti skaičiavimus:
Pasirinkite stulpelį iš pirmojo išskleidžiamojo sąrašo.
Paskui pasirinkite operaciją iš vidurinio išskleidžiamojo sąrašo.
Pasirinkite stulpelį iš paskutinio išskleidžiamojo sąrašo.
Paspauskite „Vykdyti“.
Rezultatai bus parodyti pirmajame tuščiame stulpelyje.
Norėdami apskaičiuoti duomenų vidurkį (vidutinę reikšmę) stulpelyje, išskleidžiamajame sąraše pasirinkite stulpelį ir paspauskite „Vykdyti“. Rezultatas bus parodytas langelyje po tuo stulpeliu.
Norėdami atšaukti veiksmą, atliktą stulpelyje, paspauskite .
Norėdami ištrinti stulpelį, paspauskite .
Norėdami ištrinti visus skaičiuoklės duomenis, spustelėkite „Ištrinti viską“.
Norėdami tęsti, spustelėkite ."
MAT/MA161-ForestedAreas,3,5,Lithuanian,lit-LTU,"C
(
)
x2
yx
√x
1/x
π
/
7
8
9
x
4
5
6
–
1
2
3
+
0
,
+/-
="
MAT/MA161-ForestedAreas,4,1,Lithuanian,lit-LTU,Skaičiuotuvasclose
MAT/MA161-ForestedAreas,4,2,Lithuanian,lit-LTU,Programme for International Student Assessment
MAT/MA161-ForestedAreas,4,3,Lithuanian,lit-LTU,"MIŠKINGA TERITORIJA
Skaičiuoklėje pateiktas miškų plotas procentais nuo viso žemės ploto kiekvienoje iš 15 šalių. Pateikiami 2005, 2010 ir 2015 metų duomenys.
A stulpelis ▾
B stulpelis
C stulpelis
D stulpelis
E stulpelis
F stulpelis
G stulpelis
Šalis
2005
2010
2015
Alžyras0,640,810,82Armėnija11,7711,7411,77Graikija29,1130,2831,45Indija22,7723,4723,77Jungtinės Amerikos Valstijos33,2633,733,85Kazachstanas1,241,231,23Kolumbija54,2652,8552,73Libanas13,3413,3813,42Panama64,3363,2162,11Peru59,0158,4557,79Pietų Korėja64,4264,0863,69Portugalija36,5235,8935,25Senegalas45,0544,0142,97Tailandas31,5131,8132,1Vokietija32,6632,7332,76
Skaičiuoti
Stulpelis
B stulpelis
C stulpelis
D stulpelis
E stulpelis
F stulpelis
G stulpelis
Operacija
Pridėti
Atimti
Padauginti
Padalyti
Stulpelis
B stulpelis
C stulpelis
D stulpelis
E stulpelis
F stulpelis
G stulpelis
Vykdyti
Vidurkis
Stulpelis
B stulpelis
C stulpelis
D stulpelis
E stulpelis
F stulpelis
G stulpelis
Vykdyti
Ištrinti viską
closeGERAI"
MAT/MA161-ForestedAreas,4,4,Lithuanian,lit-LTU,"Miškinga teritorija  Klausimas 1 / 4
Kaip naudotis skaičiuokle
Spustelėkite , kad surikiuotumėte duomenis stulpelyje didėjimo tvarka (nuo mažiausio iki didžiausio).  Spustelėkite šį simbolį dar kartą, kad surikiuotumėte duomenis stulpelyje mažėjimo tvarka (nuo didžiausio iki mažiausio).
Norėdami atlikti skaičiavimus:
Pasirinkite stulpelį iš pirmojo išskleidžiamojo sąrašo.
Paskui pasirinkite operaciją iš vidurinio išskleidžiamojo sąrašo.
Pasirinkite stulpelį iš paskutinio išskleidžiamojo sąrašo.
Paspauskite „Vykdyti“.
Rezultatai bus parodyti pirmajame tuščiame stulpelyje.
Norėdami apskaičiuoti duomenų vidurkį (vidutinę reikšmę) stulpelyje, išskleidžiamajame sąraše pasirinkite stulpelį ir paspauskite „Vykdyti“. Rezultatas bus parodytas langelyje po tuo stulpeliu.
Norėdami atšaukti veiksmą, atliktą stulpelyje, paspauskite .
Norėdami ištrinti stulpelį, paspauskite .
Norėdami ištrinti visus skaičiuoklės duomenis, spustelėkite „Ištrinti viską“.
Remdamiesi dešinėje pateikta užduoties „Miškinga teritorija“ informacija, pasinaudodami skaičiuokle, pasirinkite atsakymus iš išskleidžiamųjų sąrašų.
Toliau pateikiamoje lentelėje kiekvienam klausimui išskleidžiamajame sąraše pasirinkite šalį.
Klausimas
Šalis
Vertinant procentiniais punktais, kuri šalis turėjo didžiausią augimą nuo 2005 iki 2015 metų?
PasirinkiteAlžyrasArmėnijaGraikijaIndijaJungtinės Amerikos ValstijosKazachstanasKolumbijaLibanasPanamaPeruPietų KorėjaPortugalijaSenegalasTailandasVokietija
Kuri šalis neturėjo jokių pokyčių nuo 2005 iki 2015 metų?
PasirinkiteAlžyrasArmėnijaGraikijaIndijaJungtinės Amerikos ValstijosKazachstanasKolumbijaLibanasPanamaPeruPietų KorėjaPortugalijaSenegalasTailandasVokietija
Vertinant procentiniais punktais, kuri šalis turėjo didžiausią nuostolį nuo 2005 iki 2015 metų?
PasirinkiteAlžyrasArmėnijaGraikijaIndijaJungtinės Amerikos ValstijosKazachstanasKolumbijaLibanasPanamaPeruPietų KorėjaPortugalijaSenegalasTailandasVokietija"
MAT/MA161-ForestedAreas,4,5,Lithuanian,lit-LTU,"C
(
)
x2
yx
√x
1/x
π
/
7
8
9
x
4
5
6
–
1
2
3
+
0
,
+/-
="
MAT/MA161-ForestedAreas,5,1,Lithuanian,lit-LTU,Skaičiuotuvasclose
MAT/MA161-ForestedAreas,5,2,Lithuanian,lit-LTU,Programme for International Student Assessment
MAT/MA161-ForestedAreas,5,3,Lithuanian,lit-LTU,"MIŠKINGA TERITORIJA
Skaičiuoklėje pateiktas miškų plotas procentais nuo viso žemės ploto kiekvienoje iš 15 šalių. Pateikiami 2005, 2010 ir 2015 metų duomenys.
A stulpelis ▾
B stulpelis
C stulpelis
D stulpelis
E stulpelis
F stulpelis
G stulpelis
Šalis
2005
2010
2015
Alžyras0,640,810,82Armėnija11,7711,7411,77Graikija29,1130,2831,45Indija22,7723,4723,77Jungtinės Amerikos Valstijos33,2633,733,85Kazachstanas1,241,231,23Kolumbija54,2652,8552,73Libanas13,3413,3813,42Panama64,3363,2162,11Peru59,0158,4557,79Pietų Korėja64,4264,0863,69Portugalija36,5235,8935,25Senegalas45,0544,0142,97Tailandas31,5131,8132,1Vokietija32,6632,7332,76
Skaičiuoti
Stulpelis
B stulpelis
C stulpelis
D stulpelis
E stulpelis
F stulpelis
G stulpelis
Operacija
Pridėti
Atimti
Padauginti
Padalyti
Stulpelis
B stulpelis
C stulpelis
D stulpelis
E stulpelis
F stulpelis
G stulpelis
Vykdyti
Vidurkis
Stulpelis
B stulpelis
C stulpelis
D stulpelis
E stulpelis
F stulpelis
G stulpelis
Vykdyti
Ištrinti viską
closeGERAI"
MAT/MA161-ForestedAreas,5,4,Lithuanian,lit-LTU,"Miškinga teritorija  Klausimas 2 / 4
Kaip naudotis skaičiuokle
Spustelėkite , kad surikiuotumėte duomenis stulpelyje didėjimo tvarka (nuo mažiausio iki didžiausio).  Spustelėkite šį simbolį dar kartą, kad surikiuotumėte duomenis stulpelyje mažėjimo tvarka (nuo didžiausio iki mažiausio).
Norėdami atlikti skaičiavimus:
Pasirinkite stulpelį iš pirmojo išskleidžiamojo sąrašo.
Paskui pasirinkite operaciją iš vidurinio išskleidžiamojo sąrašo.
Pasirinkite stulpelį iš paskutinio išskleidžiamojo sąrašo.
Paspauskite „Vykdyti“.
Rezultatai bus parodyti pirmajame tuščiame stulpelyje.
Norėdami apskaičiuoti duomenų vidurkį (vidutinę reikšmę) stulpelyje, išskleidžiamajame sąraše pasirinkite stulpelį ir paspauskite „Vykdyti“. Rezultatas bus parodytas langelyje po tuo stulpeliu.
Norėdami atšaukti veiksmą, atliktą stulpelyje, paspauskite .
Norėdami ištrinti stulpelį, paspauskite .
Norėdami ištrinti visus skaičiuoklės duomenis, spustelėkite „Ištrinti viską“.
Remdamiesi dešinėje pateikta užduoties „Miškinga teritorija“ informacija, pasinaudodami skaičiuokle, pasirinkite atsakymą.
Panagrinėkite du laikotarpius: 2005–2010 m. ir 2010–2015 m.
Kuris iš šių teiginių teisingai apibūdina miškingų teritorijų ploto vidurkio pokytį (procentais) abiem laikotarpiais?
Vidurkio pokytis abiem laikotarpiais buvo teigiamas.
Vidurkio pokytis abiem laikotarpiais buvo neigiamas.
Vidurkio pokytis abiem laikotarpiais buvo toks pat.
Vidurkio pokytis vienu laikotarpiu buvo teigiamas, o kitu laikotarpiu – neigiamas."
MAT/MA161-ForestedAreas,5,5,Lithuanian,lit-LTU,"C
(
)
x2
yx
√x
1/x
π
/
7
8
9
x
4
5
6
–
1
2
3
+
0
,
+/-
="
MAT/MA161-ForestedAreas,6,1,Lithuanian,lit-LTU,Skaičiuotuvasclose
MAT/MA161-ForestedAreas,6,2,Lithuanian,lit-LTU,Programme for International Student Assessment
MAT/MA161-ForestedAreas,6,3,Lithuanian,lit-LTU,"MIŠKINGA TERITORIJA
Skaičiuoklėje pateiktas miškų plotas procentais nuo viso žemės ploto kiekvienoje iš 15 šalių. Pateikiami 2005, 2010 ir 2015 metų duomenys.
A stulpelis ▾
B stulpelis
C stulpelis
D stulpelis
E stulpelis
F stulpelis
G stulpelis
Šalis
2005
2010
2015
Alžyras0,640,810,82Armėnija11,7711,7411,77Graikija29,1130,2831,45Indija22,7723,4723,77Jungtinės Amerikos Valstijos33,2633,733,85Kazachstanas1,241,231,23Kolumbija54,2652,8552,73Libanas13,3413,3813,42Panama64,3363,2162,11Peru59,0158,4557,79Pietų Korėja64,4264,0863,69Portugalija36,5235,8935,25Senegalas45,0544,0142,97Tailandas31,5131,8132,1Vokietija32,6632,7332,76
Skaičiuoti
Stulpelis
B stulpelis
C stulpelis
D stulpelis
E stulpelis
F stulpelis
G stulpelis
Operacija
Pridėti
Atimti
Padauginti
Padalyti
Stulpelis
B stulpelis
C stulpelis
D stulpelis
E stulpelis
F stulpelis
G stulpelis
Vykdyti
Vidurkis
Stulpelis
B stulpelis
C stulpelis
D stulpelis
E stulpelis
F stulpelis
G stulpelis
Vykdyti
Ištrinti viską
closeGERAI"
MAT/MA161-ForestedAreas,6,4,Lithuanian,lit-LTU,"Miškinga teritorija  Klausimas 3 / 4
Kaip naudotis skaičiuokle
Spustelėkite , kad surikiuotumėte duomenis stulpelyje didėjimo tvarka (nuo mažiausio iki didžiausio).  Spustelėkite šį simbolį dar kartą, kad surikiuotumėte duomenis stulpelyje mažėjimo tvarka (nuo didžiausio iki mažiausio).
Norėdami atlikti skaičiavimus:
Pasirinkite stulpelį iš pirmojo išskleidžiamojo sąrašo.
Paskui pasirinkite operaciją iš vidurinio išskleidžiamojo sąrašo.
Pasirinkite stulpelį iš paskutinio išskleidžiamojo sąrašo.
Paspauskite „Vykdyti“.
Rezultatai bus parodyti pirmajame tuščiame stulpelyje.
Norėdami apskaičiuoti duomenų vidurkį (vidutinę reikšmę) stulpelyje, išskleidžiamajame sąraše pasirinkite stulpelį ir paspauskite „Vykdyti“. Rezultatas bus parodytas langelyje po tuo stulpeliu.
Norėdami atšaukti veiksmą, atliktą stulpelyje, paspauskite .
Norėdami ištrinti stulpelį, paspauskite .
Norėdami ištrinti visus skaičiuoklės duomenis, spustelėkite „Ištrinti viską“.
Remdamiesi dešinėje pateikta užduoties „Miškinga teritorija“ informacija, pasinaudodami skaičiuokle, pasirinkite variantus iš išskleidžiamųjų sąrašų.
Panagrinėkite du laikotarpius: 2005–2010 m. ir 2010–2015 m.
Vertinant procentiniais punktais, kurios dvi šalys turėjo didžiausią procentinį pokytį miškingose teritorijose nuo vieno laikotarpio iki kito laikotarpio?
Atsakymai:
PasirinkiteAlžyrasArmėnijaGraikijaIndijaJungtinės Amerikos ValstijosKazachstanasKolumbijaLibanasPanamaPeruPietų KorėjaPortugalijaSenegalasTailandasVokietija
ir
PasirinkiteAlžyrasArmėnijaGraikijaIndijaJungtinės Amerikos ValstijosKazachstanasKolumbijaLibanasPanamaPeruPietų KorėjaPortugalijaSenegalasTailandasVokietija"
MAT/MA161-ForestedAreas,6,5,Lithuanian,lit-LTU,"C
(
)
x2
yx
√x
1/x
π
/
7
8
9
x
4
5
6
–
1
2
3
+
0
,
+/-
="
MAT/MA161-ForestedAreas,7,1,Lithuanian,lit-LTU,Skaičiuotuvasclose
MAT/MA161-ForestedAreas,7,2,Lithuanian,lit-LTU,Programme for International Student Assessment
MAT/MA161-ForestedAreas,7,3,Lithuanian,lit-LTU,"MIŠKINGA TERITORIJA
Skaičiuoklėje pateiktas miškų plotas procentais nuo viso žemės ploto kiekvienoje iš 15 šalių. Pateikiami 2005, 2010 ir 2015 metų duomenys.
A stulpelis ▾
B stulpelis
C stulpelis
D stulpelis
E stulpelis
F stulpelis
G stulpelis
Šalis
2005
2010
2015
Alžyras0,640,810,82Armėnija11,7711,7411,77Graikija29,1130,2831,45Indija22,7723,4723,77Jungtinės Amerikos Valstijos33,2633,733,85Kazachstanas1,241,231,23Kolumbija54,2652,8552,73Libanas13,3413,3813,42Panama64,3363,2162,11Peru59,0158,4557,79Pietų Korėja64,4264,0863,69Portugalija36,5235,8935,25Senegalas45,0544,0142,97Tailandas31,5131,8132,1Vokietija32,6632,7332,76
Skaičiuoti
Stulpelis
B stulpelis
C stulpelis
D stulpelis
E stulpelis
F stulpelis
G stulpelis
Operacija
Pridėti
Atimti
Padauginti
Padalyti
Stulpelis
B stulpelis
C stulpelis
D stulpelis
E stulpelis
F stulpelis
G stulpelis
Vykdyti
Vidurkis
Stulpelis
B stulpelis
C stulpelis
D stulpelis
E stulpelis
F stulpelis
G stulpelis
Vykdyti
Ištrinti viską
closeGERAI"
MAT/MA161-ForestedAreas,7,4,Lithuanian,lit-LTU,"Miškinga teritorija  Klausimas 4 / 4
Kaip naudotis skaičiuokle
Spustelėkite , kad surikiuotumėte duomenis stulpelyje didėjimo tvarka (nuo mažiausio iki didžiausio).  Spustelėkite šį simbolį dar kartą, kad surikiuotumėte duomenis stulpelyje mažėjimo tvarka (nuo didžiausio iki mažiausio).
Norėdami atlikti skaičiavimus:
Pasirinkite stulpelį iš pirmojo išskleidžiamojo sąrašo.
Paskui pasirinkite operaciją iš vidurinio išskleidžiamojo sąrašo.
Pasirinkite stulpelį iš paskutinio išskleidžiamojo sąrašo.
Paspauskite „Vykdyti“.
Rezultatai bus parodyti pirmajame tuščiame stulpelyje.
Norėdami apskaičiuoti duomenų vidurkį (vidutinę reikšmę) stulpelyje, išskleidžiamajame sąraše pasirinkite stulpelį ir paspauskite „Vykdyti“. Rezultatas bus parodytas langelyje po tuo stulpeliu.
Norėdami atšaukti veiksmą, atliktą stulpelyje, paspauskite .
Norėdami ištrinti stulpelį, paspauskite .
Norėdami ištrinti visus skaičiuoklės duomenis, spustelėkite „Ištrinti viską“.
Remdamiesi dešinėje pateikta užduoties „Miškinga teritorija“ informacija, pasinaudodami skaičiuokle, pasirinkite atsakymą ir įrašykite paaiškinimą.
Elena teigia, kad Pietų Korėja nurodytais metais turėjo daugiau miškingos teritorijos nei bet kuri kita šalis šiame sąraše.
Ar jos teiginį galima patvirtinti skaičiuoklės duomenimis?
Taip
Ne
Paaiškinkite savo atsakymą."
MAT/MA161-ForestedAreas,7,5,Lithuanian,lit-LTU,"C
(
)
x2
yx
√x
1/x
π
/
7
8
9
x
4
5
6
–
1
2
3
+
0
,
+/-
="
MAT/MA161-ForestedAreas,1,1,Malay,msa-MYS,Kalkulatorclose
MAT/MA161-ForestedAreas,1,2,Malay,msa-MYS,PISA
MAT/MA161-ForestedAreas,1,3,Malay,msa-MYS,"Kawasan Berhutan  Pengenalan
Baca pengenalan. Kemudian klik pada anak panah SETERUSNYA.
KAWASAN BERHUTAN
Dalam unit ini, anda akan menggunakan satu spreadsheet untuk menjawab soalan berkaitan situasi berikut:
Hutan ialah sebuah ekosistem iaitu tempat pelbagai pokok, tumbuhan, dan haiwan boleh dijumpai.
Jumlah kawasan berhutan sesebuah negara boleh berubah mengikut masa.
Pada skrin berikut, anda akan berlatih menggunakan spreadsheet."
MAT/MA161-ForestedAreas,1,4,Malay,msa-MYS,"C
(
)
x2
yx
√x
1/x
π
÷
7
8
9
x
4
5
6
–
1
2
3
+
0
.
+/-
="
MAT/MA161-ForestedAreas,2,1,Malay,msa-MYS,Kalkulatorclose
MAT/MA161-ForestedAreas,2,2,Malay,msa-MYS,PISA
MAT/MA161-ForestedAreas,2,3,Malay,msa-MYS,"KAWASAN BERHUTAN
Spreadsheet di bawah menunjukkan jumlah keluasan kawasan berhutan dalam peratusan jumlah keseluruhan keluasan tanah bagi setiap 15 buah negara daripada set data ini. Data yang ditunjukkan adalah untuk tahun 2005, 2010 dan 2015.
Lajur A
Lajur B
Lajur C
Lajur D
Lajur E
Lajur F
Lajur G
Negara
2005
2010
2015
Kira
Lajur
Lajur B
Lajur C
Lajur D
Lajur E
Lajur F
Lajur G
Operasi
Tambah
Tolak
Darab
Bahagi
Lajur
Lajur B
Lajur C
Lajur D
Lajur E
Lajur F
Lajur G
Proses
Min
Lajur
Lajur B
Lajur C
Lajur D
Lajur E
Lajur F
Lajur G
Proses
Padam Semua"
MAT/MA161-ForestedAreas,2,4,Malay,msa-MYS,"Kawasan Berhutan  Latihan
Anda akan berlatih menggunakan spreadsheet sebelum ke soalan seterusnya.
Gunakan spreadsheet untuk melengkapkan tiga langkah berikut.
Susun lajur.
Klik simbol  dalam Lajur B, C, atau D untuk menyusun lajur itu secara menaik (rendah kepada tinggi).
Ambil perhatian bahawa semua lajur akan disusun menurut susunan lajur yang dipilih.
Lakukan pengiraan
Pilih satu lajur daripada menu ke bawah pertama yang terletak di bawah spreadsheet.
Seterusnya, pilih satu operasi daripada menu ke bawah yang di tengah-tengah.
Kemudian, pilih satu lajur daripada menu ke bawah yang terakhir.
Klik ""Proses.""
Keputusan akan dipaparkan dalam lajur kosong pertama yang tersedia.
Paparkan min (purata) bagi lajur.
Pilih satu lajur daripada menu ke bawah bersebelahan ""Min,"" yang terletak di bawah spreadsheet tersebut.
Klik ""Proses.""
Keputusan akan dipaparkan dalam ruang di bawah lajur itu.
Klik  untuk meneruskan ujian."
MAT/MA161-ForestedAreas,2,5,Malay,msa-MYS,"C
(
)
x2
yx
√x
1/x
π
÷
7
8
9
x
4
5
6
–
1
2
3
+
0
.
+/-
="
MAT/MA161-ForestedAreas,3,1,Malay,msa-MYS,Kalkulatorclose
MAT/MA161-ForestedAreas,3,2,Malay,msa-MYS,PISA
MAT/MA161-ForestedAreas,3,3,Malay,msa-MYS,"KAWASAN BERHUTAN
Spreadsheet di bawah menunjukkan jumlah keluasan kawasan berhutan dalam peratusan jumlah keseluruhan keluasan tanah bagi setiap 15 buah negara daripada set data ini. Data yang ditunjukkan adalah untuk tahun 2005, 2010 dan 2015.
Lajur A ▾
Lajur B
Lajur C
Lajur D
Lajur E
Lajur F
Lajur G
Negara
2005
2010
2015
Algeria0.640.810.82Amerika Syarikat33.2633.733.85Armenia11.7711.7411.77Colombia54.2652.8552.73Greece29.1130.2831.45India22.7723.4723.77Jerman32.6632.7332.76Kazakhstan1.241.231.23Korea Selatan64.4264.0863.69Lubnan13.3413.3813.42Panama64.3363.2162.11Peru59.0158.4557.79Portugal36.5235.8935.25Senegal45.0544.0142.97Thailand31.5131.8132.1
Kira
Lajur
Lajur B
Lajur C
Lajur D
Lajur E
Lajur F
Lajur G
Operasi
Tambah
Tolak
Darab
Bahagi
Lajur
Lajur B
Lajur C
Lajur D
Lajur E
Lajur F
Lajur G
Proses
Min
Lajur
Lajur B
Lajur C
Lajur D
Lajur E
Lajur F
Lajur G
Proses
Padam Semua
closeOK"
MAT/MA161-ForestedAreas,3,4,Malay,msa-MYS,"Kawasan Berhutan  Arahan
Arahan cara menggunakan spreadsheet terdapat dalam setiap soalan.
Arahan ini terletak dalam menu ""Cara Menggunakan Spreadsheet"" yang boleh dibuka dan ditutup.
Klik pada bar di bawah untuk membuka arahan. Klik pada bar sekali lagi untuk menutup arahan.
Cara Menggunakan Spreadsheet
Klik pada  untuk menyusun lajur secara menaik (rendah kepada tinggi).  Klik pada ikon sekali lagi untuk menyusun lajur secara menurun (tinggi kepada rendah).
Untuk melakukan pengiraan:
Pilih lajur daripada menu ke bawah yang pertama.
Pilih satu operasi daripada menu ke bawah yang di tengah-tengah.
Pilih lajur daripada menu ke bawah yang terakhir.
Klik ""Proses.""
Keputusan akan dipaparkan dalam lajur kosong pertama yang tersedia.
Untuk memaparkan min (purata) bagi suatu lajur, pilih lajur daripada menu ke bawah dan klik ""Proses"". Keputusan akan dipaparkan dalam ruang di bawah lajur itu.
Untuk membatalkan tindakan sebelum ini dalam suatu lajur, klik pada .
Untuk memadamkan suatu lajur, klik pada .
Untuk memadamkan sepenuhnya spreadsheet itu, klik ""Padam Semua.""
Klik  untuk meneruskan ujian."
MAT/MA161-ForestedAreas,3,5,Malay,msa-MYS,"C
(
)
x2
yx
√x
1/x
π
÷
7
8
9
x
4
5
6
–
1
2
3
+
0
.
+/-
="
MAT/MA161-ForestedAreas,4,1,Malay,msa-MYS,Kalkulatorclose
MAT/MA161-ForestedAreas,4,2,Malay,msa-MYS,PISA
MAT/MA161-ForestedAreas,4,3,Malay,msa-MYS,"KAWASAN BERHUTAN
Spreadsheet di bawah menunjukkan jumlah keluasan kawasan berhutan dalam peratusan jumlah keseluruhan keluasan tanah bagi setiap 15 buah negara daripada set data ini. Data yang ditunjukkan adalah untuk tahun 2005, 2010 dan 2015.
Lajur A ▾
Lajur B
Lajur C
Lajur D
Lajur E
Lajur F
Lajur G
Negara
2005
2010
2015
Algeria0.640.810.82Amerika Syarikat33.2633.733.85Armenia11.7711.7411.77Colombia54.2652.8552.73Greece29.1130.2831.45India22.7723.4723.77Jerman32.6632.7332.76Kazakhstan1.241.231.23Korea Selatan64.4264.0863.69Lubnan13.3413.3813.42Panama64.3363.2162.11Peru59.0158.4557.79Portugal36.5235.8935.25Senegal45.0544.0142.97Thailand31.5131.8132.1
Kira
Lajur
Lajur B
Lajur C
Lajur D
Lajur E
Lajur F
Lajur G
Operasi
Tambah
Tolak
Darab
Bahagi
Lajur
Lajur B
Lajur C
Lajur D
Lajur E
Lajur F
Lajur G
Proses
Min
Lajur
Lajur B
Lajur C
Lajur D
Lajur E
Lajur F
Lajur G
Proses
Padam Semua
closeOK"
MAT/MA161-ForestedAreas,4,4,Malay,msa-MYS,"Kawasan Berhutan  Soalan 1 / 4
Cara Menggunakan Spreadsheet
Klik pada  untuk menyusun lajur secara menaik (rendah kepada tinggi).  Klik pada ikon sekali lagi untuk menyusun lajur secara menurun (tinggi kepada rendah).
Untuk melakukan pengiraan:
Pilih lajur daripada menu ke bawah yang pertama.
Pilih satu operasi daripada menu ke bawah yang di tengah-tengah.
Pilih lajur daripada menu ke bawah yang terakhir.
Klik ""Proses.""
Keputusan akan dipaparkan dalam lajur kosong pertama yang tersedia.
Untuk memaparkan min (purata) bagi suatu lajur, pilih lajur daripada menu ke bawah dan klik ""Proses"". Keputusan akan dipaparkan dalam ruang di bawah lajur itu.
Untuk membatalkan tindakan sebelum ini dalam suatu lajur, klik pada .
Untuk memadamkan suatu lajur, klik pada .
Untuk memadamkan sepenuhnya spreadsheet itu, klik ""Padam Semua.""
Rujuk ""Kawasan Berhutan"" di sebelah kanan. Gunakan spreadsheet bagi membantu anda menjawab soalan di bawah. Pilih daripada menu ke bawah untuk menjawab setiap soalan.
Dalam jadual di bawah, jawab setiap soalan dengan memilih sebuah negara daripada menu ke bawah yang sesuai.
Soalan
Negara
Dari segi nilai peratusan, negara manakah mencatatkan penambahan tertinggi antara tahun 2005 dengan tahun 2015?
PilihAlgeriaAmerika SyarikatArmeniaColombiaGreeceIndiaJermanKazakhstanKorea SelatanLubnanPanamaPeruPortugalSenegalThailand
Negara manakah tidak mengalami perubahan secara keseluruhan antara tahun 2005 dengan tahun 2015?
PilihAlgeriaAmerika SyarikatArmeniaColombiaGreeceIndiaJermanKazakhstanKorea SelatanLubnanPanamaPeruPortugalSenegalThailand
Dari segi nilai peratusan, negara manakah mencatatkan pengurangan paling besar antara tahun 2005 dengan tahun 2015?
PilihAlgeriaAmerika SyarikatArmeniaColombiaGreeceIndiaJermanKazakhstanKorea SelatanLubnanPanamaPeruPortugalSenegalThailand"
MAT/MA161-ForestedAreas,4,5,Malay,msa-MYS,"C
(
)
x2
yx
√x
1/x
π
÷
7
8
9
x
4
5
6
–
1
2
3
+
0
.
+/-
="
MAT/MA161-ForestedAreas,5,1,Malay,msa-MYS,Kalkulatorclose
MAT/MA161-ForestedAreas,5,2,Malay,msa-MYS,PISA
MAT/MA161-ForestedAreas,5,3,Malay,msa-MYS,"KAWASAN BERHUTAN
Spreadsheet di bawah menunjukkan jumlah keluasan kawasan berhutan dalam peratusan jumlah keseluruhan keluasan tanah bagi setiap 15 buah negara daripada set data ini. Data yang ditunjukkan adalah untuk tahun 2005, 2010 dan 2015.
Lajur A ▾
Lajur B
Lajur C
Lajur D
Lajur E
Lajur F
Lajur G
Negara
2005
2010
2015
Algeria0.640.810.82Amerika Syarikat33.2633.733.85Armenia11.7711.7411.77Colombia54.2652.8552.73Greece29.1130.2831.45India22.7723.4723.77Jerman32.6632.7332.76Kazakhstan1.241.231.23Korea Selatan64.4264.0863.69Lubnan13.3413.3813.42Panama64.3363.2162.11Peru59.0158.4557.79Portugal36.5235.8935.25Senegal45.0544.0142.97Thailand31.5131.8132.1
Kira
Lajur
Lajur B
Lajur C
Lajur D
Lajur E
Lajur F
Lajur G
Operasi
Tambah
Tolak
Darab
Bahagi
Lajur
Lajur B
Lajur C
Lajur D
Lajur E
Lajur F
Lajur G
Proses
Min
Lajur
Lajur B
Lajur C
Lajur D
Lajur E
Lajur F
Lajur G
Proses
Padam Semua
closeOK"
MAT/MA161-ForestedAreas,5,4,Malay,msa-MYS,"Kawasan Berhutan  Soalan 2 / 4
Cara Menggunakan Spreadsheet
Klik pada  untuk menyusun lajur secara menaik (rendah kepada tinggi).  Klik pada ikon sekali lagi untuk menyusun lajur secara menurun (tinggi kepada rendah).
Untuk melakukan pengiraan:
Pilih lajur daripada menu ke bawah yang pertama.
Pilih satu operasi daripada menu ke bawah yang di tengah-tengah.
Pilih lajur daripada menu ke bawah yang terakhir.
Klik ""Proses.""
Keputusan akan dipaparkan dalam lajur kosong pertama yang tersedia.
Untuk memaparkan min (purata) bagi suatu lajur, pilih lajur daripada menu ke bawah dan klik ""Proses"". Keputusan akan dipaparkan dalam ruang di bawah lajur itu.
Untuk membatalkan tindakan sebelum ini dalam suatu lajur, klik pada .
Untuk memadamkan suatu lajur, klik pada .
Untuk memadamkan sepenuhnya spreadsheet itu, klik ""Padam Semua.""
Rujuk ""Kawasan Berhutan"" di sebelah kanan. Gunakan spreadsheet bagi membantu anda menjawab soalan di bawah. Klik pada satu pilihan untuk menjawab soalan.
Pertimbangkan dua tempoh masa: 2005 hingga 2010 dan 2010 hingga 2015.
Pernyataan yang mana satukah paling tepat menerangkan perubahan min dalam peratus bagi kawasan berhutan untuk kedua-dua tempoh masa?
Perubahan min adalah positif bagi kedua-dua tempoh masa.
Perubahan min adalah negatif bagi kedua-dua tempoh masa.
Perubahan min adalah sama bagi kedua-dua tempoh masa.
Perubahan min adalah positif bagi satu tempoh masa, dan negatif bagi satu tempoh masa yang lain."
MAT/MA161-ForestedAreas,5,5,Malay,msa-MYS,"C
(
)
x2
yx
√x
1/x
π
÷
7
8
9
x
4
5
6
–
1
2
3
+
0
.
+/-
="
MAT/MA161-ForestedAreas,6,1,Malay,msa-MYS,Kalkulatorclose
MAT/MA161-ForestedAreas,6,2,Malay,msa-MYS,PISA
MAT/MA161-ForestedAreas,6,3,Malay,msa-MYS,"KAWASAN BERHUTAN
Spreadsheet di bawah menunjukkan jumlah keluasan kawasan berhutan dalam peratusan jumlah keseluruhan keluasan tanah bagi setiap 15 buah negara daripada set data ini. Data yang ditunjukkan adalah untuk tahun 2005, 2010 dan 2015.
Lajur A ▾
Lajur B
Lajur C
Lajur D
Lajur E
Lajur F
Lajur G
Negara
2005
2010
2015
Algeria0.640.810.82Amerika Syarikat33.2633.733.85Armenia11.7711.7411.77Colombia54.2652.8552.73Greece29.1130.2831.45India22.7723.4723.77Jerman32.6632.7332.76Kazakhstan1.241.231.23Korea Selatan64.4264.0863.69Lubnan13.3413.3813.42Panama64.3363.2162.11Peru59.0158.4557.79Portugal36.5235.8935.25Senegal45.0544.0142.97Thailand31.5131.8132.1
Kira
Lajur
Lajur B
Lajur C
Lajur D
Lajur E
Lajur F
Lajur G
Operasi
Tambah
Tolak
Darab
Bahagi
Lajur
Lajur B
Lajur C
Lajur D
Lajur E
Lajur F
Lajur G
Proses
Min
Lajur
Lajur B
Lajur C
Lajur D
Lajur E
Lajur F
Lajur G
Proses
Padam Semua
closeOK"
MAT/MA161-ForestedAreas,6,4,Malay,msa-MYS,"Kawasan Berhutan  Soalan 3 / 4
Cara Menggunakan Spreadsheet
Klik pada  untuk menyusun lajur secara menaik (rendah kepada tinggi).  Klik pada ikon sekali lagi untuk menyusun lajur secara menurun (tinggi kepada rendah).
Untuk melakukan pengiraan:
Pilih lajur daripada menu ke bawah yang pertama.
Pilih satu operasi daripada menu ke bawah yang di tengah-tengah.
Pilih lajur daripada menu ke bawah yang terakhir.
Klik ""Proses.""
Keputusan akan dipaparkan dalam lajur kosong pertama yang tersedia.
Untuk memaparkan min (purata) bagi suatu lajur, pilih lajur daripada menu ke bawah dan klik ""Proses"". Keputusan akan dipaparkan dalam ruang di bawah lajur itu.
Untuk membatalkan tindakan sebelum ini dalam suatu lajur, klik pada .
Untuk memadamkan suatu lajur, klik pada .
Untuk memadamkan sepenuhnya spreadsheet itu, klik ""Padam Semua.""
Rujuk ""Kawasan Berhutan"" di sebelah kanan. Gunakan spreadsheet bagi membantu anda menjawab soalan di bawah. Pilih daripada menu ke bawah untuk menjawab soalan berikut.
Pertimbangkan dua tempoh masa: 2005 hingga 2010 dan 2010 hingga 2015.
Dari segi nilai peratusan, dua negara manakah yang mempunyai perubahan paling besar dalam peratus kawasan berhutan dari satu tempoh masa ke tempoh masa lainnya?
Jawapan:
PilihAlgeriaAmerika SyarikatArmeniaColombiaGreeceIndiaJermanKazakhstanKorea SelatanLubnanPanamaPeruPortugalSenegalThailand
dan
PilihAlgeriaAmerika SyarikatArmeniaColombiaGreeceIndiaJermanKazakhstanKorea SelatanLubnanPanamaPeruPortugalSenegalThailand"
MAT/MA161-ForestedAreas,6,5,Malay,msa-MYS,"C
(
)
x2
yx
√x
1/x
π
÷
7
8
9
x
4
5
6
–
1
2
3
+
0
.
+/-
="
MAT/MA161-ForestedAreas,7,1,Malay,msa-MYS,Kalkulatorclose
MAT/MA161-ForestedAreas,7,2,Malay,msa-MYS,PISA
MAT/MA161-ForestedAreas,7,3,Malay,msa-MYS,"KAWASAN BERHUTAN
Spreadsheet di bawah menunjukkan jumlah keluasan kawasan berhutan dalam peratusan jumlah keseluruhan keluasan tanah bagi setiap 15 buah negara daripada set data ini. Data yang ditunjukkan adalah untuk tahun 2005, 2010 dan 2015.
Lajur A ▾
Lajur B
Lajur C
Lajur D
Lajur E
Lajur F
Lajur G
Negara
2005
2010
2015
Algeria0.640.810.82Amerika Syarikat33.2633.733.85Armenia11.7711.7411.77Colombia54.2652.8552.73Greece29.1130.2831.45India22.7723.4723.77Jerman32.6632.7332.76Kazakhstan1.241.231.23Korea Selatan64.4264.0863.69Lubnan13.3413.3813.42Panama64.3363.2162.11Peru59.0158.4557.79Portugal36.5235.8935.25Senegal45.0544.0142.97Thailand31.5131.8132.1
Kira
Lajur
Lajur B
Lajur C
Lajur D
Lajur E
Lajur F
Lajur G
Operasi
Tambah
Tolak
Darab
Bahagi
Lajur
Lajur B
Lajur C
Lajur D
Lajur E
Lajur F
Lajur G
Proses
Min
Lajur
Lajur B
Lajur C
Lajur D
Lajur E
Lajur F
Lajur G
Proses
Padam Semua
closeOK"
MAT/MA161-ForestedAreas,7,4,Malay,msa-MYS,"Kawasan Berhutan  Soalan 4 / 4
Cara Menggunakan Spreadsheet
Klik pada  untuk menyusun lajur secara menaik (rendah kepada tinggi).  Klik pada ikon sekali lagi untuk menyusun lajur secara menurun (tinggi kepada rendah).
Untuk melakukan pengiraan:
Pilih lajur daripada menu ke bawah yang pertama.
Pilih satu operasi daripada menu ke bawah yang di tengah-tengah.
Pilih lajur daripada menu ke bawah yang terakhir.
Klik ""Proses.""
Keputusan akan dipaparkan dalam lajur kosong pertama yang tersedia.
Untuk memaparkan min (purata) bagi suatu lajur, pilih lajur daripada menu ke bawah dan klik ""Proses"". Keputusan akan dipaparkan dalam ruang di bawah lajur itu.
Untuk membatalkan tindakan sebelum ini dalam suatu lajur, klik pada .
Untuk memadamkan suatu lajur, klik pada .
Untuk memadamkan sepenuhnya spreadsheet itu, klik ""Padam Semua.""
Rujuk ""Kawasan Berhutan"" di sebelah kanan. Gunakan spreadsheet bagi membantu anda menjawab soalan di bawah. Klik pada satu pilihan kemudian taip penerangan bagi menjawab soalan.
Helena mendakwa bahawa Korea Selatan mempunyai lebih kawasan berhutan berbanding negara lain dalam senarai ini bagi tahun yang ditunjukkan.
Adakah dakwaan Helena disokong oleh data dalam spreadsheet?
Ya
Tidak
Terangkan jawapan anda."
MAT/MA161-ForestedAreas,7,5,Malay,msa-MYS,"C
(
)
x2
yx
√x
1/x
π
÷
7
8
9
x
4
5
6
–
1
2
3
+
0
.
+/-
="
MAT/MA161-ForestedAreas,1,1,Nynorsk,nno-NOR,Kalkulatorclose
MAT/MA161-ForestedAreas,1,2,Nynorsk,nno-NOR,PISA
MAT/MA161-ForestedAreas,1,3,Nynorsk,nno-NOR,"Skogareal  Innleiing
Les innleiinga. Klikk deretter på NESTE-pila.
SKOGAREAL
I denne oppgåveeininga skal du bruke eit rekneark for å svare på spørsmål knytte til desse opplysningane:
Ein skog er eit økosystem der det finst mange ulike tre, plantar og dyr.
Prosentdelen skogareal i eit land kan endre seg over tid.
På det neste skjermbiletet kan du øve på å bruke reknearket."
MAT/MA161-ForestedAreas,1,4,Nynorsk,nno-NOR,"C
(
)
x2
yx
√x
1/x
π
÷
7
8
9
x
4
5
6
–
1
2
3
+
0
,
+/-
="
MAT/MA161-ForestedAreas,2,1,Nynorsk,nno-NOR,Kalkulatorclose
MAT/MA161-ForestedAreas,2,2,Nynorsk,nno-NOR,PISA
MAT/MA161-ForestedAreas,2,3,Nynorsk,nno-NOR,"SKOGAREAL
Reknearket nedanfor viser andelen skogareal, i prosent av det totale landarealet, i kvart av dei 15 landa i dette datasettet. Dataa er viste for åra 2005, 2010 og 2015.
Kolonne A ▾
Kolonne B
Kolonne C
Kolonne D
Kolonne E
Kolonne F
Kolonne G
Land
2005
2010
2015
Algerie0,640,810,82Armenia11,7711,7411,77Colombia54,2652,8552,73Hellas29,1130,2831,45India22,7723,4723,77Kasakhstan1,241,231,23Libanon13,3413,3813,42Panama64,3363,2162,11Peru59,0158,4557,79Portugal36,5235,8935,25Senegal45,0544,0142,97Sør-Korea64,4264,0863,69Thailand31,5131,8132,1Tyskland32,6632,7332,76USA33,2633,733,85
Rekn ut
Kolonne
Kolonne B
Kolonne C
Kolonne D
Kolonne E
Kolonne F
Kolonne G
Operasjon
Legg saman
Trekk frå
Multipliser
Divider
Kolonne
Kolonne B
Kolonne C
Kolonne D
Kolonne E
Kolonne F
Kolonne G
Køyr
Gjennomsnitt
Kolonne
Kolonne B
Kolonne C
Kolonne D
Kolonne E
Kolonne F
Kolonne G
Køyr
Nullstill
closeOK"
MAT/MA161-ForestedAreas,2,4,Nynorsk,nno-NOR,"Skogareal  Øving
Du skal no øve på å bruke reknearket før du går vidare til spørsmåla.
Bruk reknearket for å fullføre desse tre handlingane:
Sortere ein kolonne.
Klikk på -symbolet i kolonne B, C eller D for å sortere kolonnen i stigande (låg til høg) rekkjefølgje.
Merk at alle kolonnane blir sorterte ut frå korleis éin kolonne blir sortert.
Gjere ei utrekning
Vel ein kolonne frå den første nedtrekksmenyen under reknearket.
Vel deretter ein operasjon frå den midtarste nedtrekksmenyen.
Vel deretter ein kolonne frå den siste nedtrekksmenyen.
Klikk på ""Køyr"".
Resultatet blir vist i den første tomme kolonnen.
Vise gjennomsnittet for ein kolonne
Vel ein kolonne frå nedtrekksmenyen ved sida av ""Gjennomsnitt"" under reknearket.
Klikk på ""Køyr"".
Resultatet blir vist i ruta under kolonnen.
Klikk på  for å gå vidare."
MAT/MA161-ForestedAreas,2,5,Nynorsk,nno-NOR,"C
(
)
x2
yx
√x
1/x
π
÷
7
8
9
x
4
5
6
–
1
2
3
+
0
,
+/-
="
MAT/MA161-ForestedAreas,3,1,Nynorsk,nno-NOR,Kalkulatorclose
MAT/MA161-ForestedAreas,3,2,Nynorsk,nno-NOR,PISA
MAT/MA161-ForestedAreas,3,3,Nynorsk,nno-NOR,"SKOGAREAL
Reknearket nedanfor viser andelen skogareal, i prosent av det totale landarealet, i kvart av dei 15 landa i dette datasettet. Dataa er viste for åra 2005, 2010 og 2015.
Kolonne A ▾
Kolonne B
Kolonne C
Kolonne D
Kolonne E
Kolonne F
Kolonne G
Land
2005
2010
2015
Algerie0,640,810,82Armenia11,7711,7411,77Colombia54,2652,8552,73Hellas29,1130,2831,45India22,7723,4723,77Kasakhstan1,241,231,23Libanon13,3413,3813,42Panama64,3363,2162,11Peru59,0158,4557,79Portugal36,5235,8935,25Senegal45,0544,0142,97Sør-Korea64,4264,0863,69Thailand31,5131,8132,1Tyskland32,6632,7332,76USA33,2633,733,85
Rekn ut
Kolonne
Kolonne B
Kolonne C
Kolonne D
Kolonne E
Kolonne F
Kolonne G
Operasjon
Legg saman
Trekk frå
Multipliser
Divider
Kolonne
Kolonne B
Kolonne C
Kolonne D
Kolonne E
Kolonne F
Kolonne G
Køyr
Gjennomsnitt
Kolonne
Kolonne B
Kolonne C
Kolonne D
Kolonne E
Kolonne F
Kolonne G
Køyr
Nullstill
closeOK"
MAT/MA161-ForestedAreas,3,4,Nynorsk,nno-NOR,"Skogareal  Rettleiing
Rettleiing i korleis reknearket skal brukast, finst for kvart spørsmål.
Rettleiinga ligg under menyen ""Korleis bruke reknearket"", som kan opnast og lukkast.
Klikk på feltet nedanfor for å opne rettleiinga. Klikk på feltet att for å lukke rettleiinga.
Korleis bruke reknearket
Klikk på  for å sortere ein kolonne i stigande (lågast til høgast) rekkjefølgje.  Klikk på ikonet att for å sortere kolonnen i fallande (høgast til lågst) rekkjefølgje.
For å gjere utrekningar:
Vel ein kolonne frå den første nedtrekksmenyen.
Vel deretter ein operasjon frå den midtarste nedtrekksmenyen.
Vel deretter ein kolonne frå den siste nedtrekksmenyen.
Klikk på ""Køyr"".
Resultatet blir vist i den første tomme kolonnen.
For å vise gjennomsnittet for ein kolonne, vel ein kolonne frå nedtrekksmenyen, og klikk deretter på ""Køyr"". Resultatet blir vist i ruta under kolonnen.
For å slette innhaldet i ein kolonne klikk på .
For å slette innhaldet i ein kolonne klikk på .
For å slette alt innhaldet i reknearket klikk på ""Nullstill"".
Klikk på  for å gå vidare."
MAT/MA161-ForestedAreas,3,5,Nynorsk,nno-NOR,"C
(
)
x2
yx
√x
1/x
π
÷
7
8
9
x
4
5
6
–
1
2
3
+
0
,
+/-
="
MAT/MA161-ForestedAreas,4,1,Nynorsk,nno-NOR,Kalkulatorclose
MAT/MA161-ForestedAreas,4,2,Nynorsk,nno-NOR,PISA
MAT/MA161-ForestedAreas,4,3,Nynorsk,nno-NOR,"SKOGAREAL
Reknearket nedanfor viser andelen skogareal, i prosent av det totale landarealet, i kvart av dei 15 landa i dette datasettet. Dataa er viste for åra 2005, 2010 og 2015.
Kolonne A ▾
Kolonne B
Kolonne C
Kolonne D
Kolonne E
Kolonne F
Kolonne G
Land
2005
2010
2015
Algerie0,640,810,82Armenia11,7711,7411,77Colombia54,2652,8552,73Hellas29,1130,2831,45India22,7723,4723,77Kasakhstan1,241,231,23Libanon13,3413,3813,42Panama64,3363,2162,11Peru59,0158,4557,79Portugal36,5235,8935,25Senegal45,0544,0142,97Sør-Korea64,4264,0863,69Thailand31,5131,8132,1Tyskland32,6632,7332,76USA33,2633,733,85
Rekn ut
Kolonne
Kolonne B
Kolonne C
Kolonne D
Kolonne E
Kolonne F
Kolonne G
Operasjon
Legg saman
Trekk frå
Multipliser
Divider
Kolonne
Kolonne B
Kolonne C
Kolonne D
Kolonne E
Kolonne F
Kolonne G
Køyr
Gjennomsnitt
Kolonne
Kolonne B
Kolonne C
Kolonne D
Kolonne E
Kolonne F
Kolonne G
Køyr
Nullstill
closeOK"
MAT/MA161-ForestedAreas,4,4,Nynorsk,nno-NOR,"Skogareal  Spørsmål 1 / 4
Korleis bruke reknearket
Klikk på  for å sortere ein kolonne i stigande (lågast til høgast) rekkjefølgje.  Klikk på ikonet att for å sortere kolonnen i fallande (høgast til lågst) rekkjefølgje.
For å gjere utrekningar:
Vel ein kolonne frå den første nedtrekksmenyen.
Vel deretter ein operasjon frå den midtarste nedtrekksmenyen.
Vel deretter ein kolonne frå den siste nedtrekksmenyen.
Klikk på ""Køyr"".
Resultatet blir vist i den første tomme kolonnen.
For å vise gjennomsnittet for ein kolonne, vel ein kolonne frå nedtrekksmenyen, og klikk deretter på ""Køyr"". Resultatet blir vist i ruta under kolonnen.
For å slette innhaldet i ein kolonne klikk på .
For å slette innhaldet i ein kolonne klikk på .
For å slette alt innhaldet i reknearket klikk på ""Nullstill"".
Les ""Skogareal"" til høgre. Bruk reknearket for å svare på spørsmålet nedanfor. Svar på kvart av spørsmåla ved å velje frå nedtrekksmenyane.
Svar på kvart spørsmål i tabellen nedanfor ved å velje eit land i den tilhøyrande nedtrekksmenyen.
Spørsmål
Land
Kva land hadde størst auke, i prosentpoeng, mellom 2005 og 2015?
VelAlgerieArmeniaColombiaHellasIndiaKasakhstanLibanonPanamaPeruPortugalSenegalSør-KoreaThailandTysklandUSA
Kva land hadde inga endring totalt sett mellom 2005 og 2015?
VelAlgerieArmeniaColombiaHellasIndiaKasakhstanLibanonPanamaPeruPortugalSenegalSør-KoreaThailandTysklandUSA
Kva land hadde størst nedgang, i prosentpoeng, mellom 2005 og 2015?
VelAlgerieArmeniaColombiaHellasIndiaKasakhstanLibanonPanamaPeruPortugalSenegalSør-KoreaThailandTysklandUSA"
MAT/MA161-ForestedAreas,4,5,Nynorsk,nno-NOR,"C
(
)
x2
yx
√x
1/x
π
÷
7
8
9
x
4
5
6
–
1
2
3
+
0
,
+/-
="
MAT/MA161-ForestedAreas,5,1,Nynorsk,nno-NOR,Kalkulatorclose
MAT/MA161-ForestedAreas,5,2,Nynorsk,nno-NOR,PISA
MAT/MA161-ForestedAreas,5,3,Nynorsk,nno-NOR,"SKOGAREAL
Reknearket nedanfor viser andelen skogareal, i prosent av det totale landarealet, i kvart av dei 15 landa i dette datasettet. Dataa er viste for åra 2005, 2010 og 2015.
Kolonne A ▾
Kolonne B
Kolonne C
Kolonne D
Kolonne E
Kolonne F
Kolonne G
Land
2005
2010
2015
Algerie0,640,810,82Armenia11,7711,7411,77Colombia54,2652,8552,73Hellas29,1130,2831,45India22,7723,4723,77Kasakhstan1,241,231,23Libanon13,3413,3813,42Panama64,3363,2162,11Peru59,0158,4557,79Portugal36,5235,8935,25Senegal45,0544,0142,97Sør-Korea64,4264,0863,69Thailand31,5131,8132,1Tyskland32,6632,7332,76USA33,2633,733,85
Rekn ut
Kolonne
Kolonne B
Kolonne C
Kolonne D
Kolonne E
Kolonne F
Kolonne G
Operasjon
Legg saman
Trekk frå
Multipliser
Divider
Kolonne
Kolonne B
Kolonne C
Kolonne D
Kolonne E
Kolonne F
Kolonne G
Køyr
Gjennomsnitt
Kolonne
Kolonne B
Kolonne C
Kolonne D
Kolonne E
Kolonne F
Kolonne G
Køyr
Nullstill
closeOK"
MAT/MA161-ForestedAreas,5,4,Nynorsk,nno-NOR,"Skogareal  Spørsmål 2 / 4
Korleis bruke reknearket
Klikk på  for å sortere ein kolonne i stigande (lågast til høgast) rekkjefølgje.  Klikk på ikonet att for å sortere kolonnen i fallande (høgast til lågst) rekkjefølgje.
For å gjere utrekningar:
Vel ein kolonne frå den første nedtrekksmenyen.
Vel deretter ein operasjon frå den midtarste nedtrekksmenyen.
Vel deretter ein kolonne frå den siste nedtrekksmenyen.
Klikk på ""Køyr"".
Resultatet blir vist i den første tomme kolonnen.
For å vise gjennomsnittet for ein kolonne, vel ein kolonne frå nedtrekksmenyen, og klikk deretter på ""Køyr"". Resultatet blir vist i ruta under kolonnen.
For å slette innhaldet i ein kolonne klikk på .
For å slette innhaldet i ein kolonne klikk på .
For å slette alt innhaldet i reknearket klikk på ""Nullstill"".
Les ""Skogareal"" til høgre. Bruk reknearket for å svare på spørsmålet nedanfor. Svar på spørsmålet ved å klikke på eit av alternativa.
Vurder dei to tidsperiodane: 2005 til 2010 og 2010 til 2015.
Kva for ein av påstandane nedanfor gir ei korrekt framstilling av den gjennomsnittlege endringa i prosent for skogareal i dei to tidsperiodane?
Den gjennomsnittlege endringa var positiv i begge tidsperiodane.
Den gjennomsnittlege endringa var negativ i begge tidsperiodane.
Den gjennomsnittlege endringa var den same i begge tidsperiodane.
Den gjennomsnittlege endringa var positiv i éin tidsperiode og negativ i den andre tidsperioden."
MAT/MA161-ForestedAreas,5,5,Nynorsk,nno-NOR,"C
(
)
x2
yx
√x
1/x
π
÷
7
8
9
x
4
5
6
–
1
2
3
+
0
,
+/-
="
MAT/MA161-ForestedAreas,6,1,Nynorsk,nno-NOR,Kalkulatorclose
MAT/MA161-ForestedAreas,6,2,Nynorsk,nno-NOR,PISA
MAT/MA161-ForestedAreas,6,3,Nynorsk,nno-NOR,"SKOGAREAL
Reknearket nedanfor viser andelen skogareal, i prosent av det totale landarealet, i kvart av dei 15 landa i dette datasettet. Dataa er viste for åra 2005, 2010 og 2015.
Kolonne A ▾
Kolonne B
Kolonne C
Kolonne D
Kolonne E
Kolonne F
Kolonne G
Land
2005
2010
2015
Algerie0,640,810,82Armenia11,7711,7411,77Colombia54,2652,8552,73Hellas29,1130,2831,45India22,7723,4723,77Kasakhstan1,241,231,23Libanon13,3413,3813,42Panama64,3363,2162,11Peru59,0158,4557,79Portugal36,5235,8935,25Senegal45,0544,0142,97Sør-Korea64,4264,0863,69Thailand31,5131,8132,1Tyskland32,6632,7332,76USA33,2633,733,85
Rekn ut
Kolonne
Kolonne B
Kolonne C
Kolonne D
Kolonne E
Kolonne F
Kolonne G
Operasjon
Legg saman
Trekk frå
Multipliser
Divider
Kolonne
Kolonne B
Kolonne C
Kolonne D
Kolonne E
Kolonne F
Kolonne G
Køyr
Gjennomsnitt
Kolonne
Kolonne B
Kolonne C
Kolonne D
Kolonne E
Kolonne F
Kolonne G
Køyr
Nullstill
closeOK"
MAT/MA161-ForestedAreas,6,4,Nynorsk,nno-NOR,"Skogareal  Spørsmål 3 / 4
Korleis bruke reknearket
Klikk på  for å sortere ein kolonne i stigande (lågast til høgast) rekkjefølgje.  Klikk på ikonet att for å sortere kolonnen i fallande (høgast til lågst) rekkjefølgje.
For å gjere utrekningar:
Vel ein kolonne frå den første nedtrekksmenyen.
Vel deretter ein operasjon frå den midtarste nedtrekksmenyen.
Vel deretter ein kolonne frå den siste nedtrekksmenyen.
Klikk på ""Køyr"".
Resultatet blir vist i den første tomme kolonnen.
For å vise gjennomsnittet for ein kolonne, vel ein kolonne frå nedtrekksmenyen, og klikk deretter på ""Køyr"". Resultatet blir vist i ruta under kolonnen.
For å slette innhaldet i ein kolonne klikk på .
For å slette innhaldet i ein kolonne klikk på .
For å slette alt innhaldet i reknearket klikk på ""Nullstill"".
Les ""Skogareal"" til høgre. Bruk reknearket for å svare på spørsmålet nedanfor. Svar på spørsmålet ved å velje frå nedtrekksmenyen.
Vurder dei to tidsperiodane: 2005 til 2010 og 2010 til 2015.
Kva for to land hadde størst endring i prosentdelen skogsareal, i prosentpoeng, frå ein tidsperiode til neste tidsperiode?
Svar:
VelAlgerieArmeniaColombiaHellasIndiaKasakhstanLibanonPanamaPeruPortugalSenegalSør-KoreaThailandTysklandUSA
og
VelAlgerieArmeniaColombiaHellasIndiaKasakhstanLibanonPanamaPeruPortugalSenegalSør-KoreaThailandTysklandUSA"
MAT/MA161-ForestedAreas,6,5,Nynorsk,nno-NOR,"C
(
)
x2
yx
√x
1/x
π
÷
7
8
9
x
4
5
6
–
1
2
3
+
0
,
+/-
="
MAT/MA161-ForestedAreas,7,1,Nynorsk,nno-NOR,Kalkulatorclose
MAT/MA161-ForestedAreas,7,2,Nynorsk,nno-NOR,PISA
MAT/MA161-ForestedAreas,7,3,Nynorsk,nno-NOR,"SKOGAREAL
Reknearket nedanfor viser andelen skogareal, i prosent av det totale landarealet, i kvart av dei 15 landa i dette datasettet. Dataa er viste for åra 2005, 2010 og 2015.
Kolonne A ▾
Kolonne B
Kolonne C
Kolonne D
Kolonne E
Kolonne F
Kolonne G
Land
2005
2010
2015
Algerie0,640,810,82Armenia11,7711,7411,77Colombia54,2652,8552,73Hellas29,1130,2831,45India22,7723,4723,77Kasakhstan1,241,231,23Libanon13,3413,3813,42Panama64,3363,2162,11Peru59,0158,4557,79Portugal36,5235,8935,25Senegal45,0544,0142,97Sør-Korea64,4264,0863,69Thailand31,5131,8132,1Tyskland32,6632,7332,76USA33,2633,733,85
Rekn ut
Kolonne
Kolonne B
Kolonne C
Kolonne D
Kolonne E
Kolonne F
Kolonne G
Operasjon
Legg saman
Trekk frå
Multipliser
Divider
Kolonne
Kolonne B
Kolonne C
Kolonne D
Kolonne E
Kolonne F
Kolonne G
Køyr
Gjennomsnitt
Kolonne
Kolonne B
Kolonne C
Kolonne D
Kolonne E
Kolonne F
Kolonne G
Køyr
Nullstill
closeOK"
MAT/MA161-ForestedAreas,7,4,Nynorsk,nno-NOR,"Skogareal  Spørsmål 4 / 4
Korleis bruke reknearket
Klikk på  for å sortere ein kolonne i stigande (lågast til høgast) rekkjefølgje.  Klikk på ikonet att for å sortere kolonnen i fallande (høgast til lågst) rekkjefølgje.
For å gjere utrekningar:
Vel ein kolonne frå den første nedtrekksmenyen.
Vel deretter ein operasjon frå den midtarste nedtrekksmenyen.
Vel deretter ein kolonne frå den siste nedtrekksmenyen.
Klikk på ""Køyr"".
Resultatet blir vist i den første tomme kolonnen.
For å vise gjennomsnittet for ein kolonne, vel ein kolonne frå nedtrekksmenyen, og klikk deretter på ""Køyr"". Resultatet blir vist i ruta under kolonnen.
For å slette innhaldet i ein kolonne klikk på .
For å slette innhaldet i ein kolonne klikk på .
For å slette alt innhaldet i reknearket klikk på ""Nullstill"".
Les ""Skogareal"" til høgre. Bruk reknearket for å svare på spørsmålet nedanfor. Svar på spørsmålet ved å klikke på eit alternativ, og grunngi deretter svaret ditt.
Helene hevdar at Sør-Korea har større skogareal enn nokon av dei andre landa på lista for dei åra som er viste.
Kan informasjonen i reknearket støtte påstanden hennar?
Ja
Nei
Grunngi svaret ditt."
MAT/MA161-ForestedAreas,7,5,Nynorsk,nno-NOR,"C
(
)
x2
yx
√x
1/x
π
÷
7
8
9
x
4
5
6
–
1
2
3
+
0
,
+/-
="
MAT/MA161-ForestedAreas,1,1,Polish,pol-POL,Kalkulatorclose
MAT/MA161-ForestedAreas,1,2,Polish,pol-POL,PISA
MAT/MA161-ForestedAreas,1,3,Polish,pol-POL,"Powierzchnia lasów  Wstęp
Przeczytaj wstęp. Następnie kliknij strzałkę DALEJ.
POWIERZCHNIA LASÓW
W tym zadaniu należy skorzystać z arkusza kalkulacyjnego, aby odpowiedzieć na pytania związane z następującą sytuacją:
Las to ekosystem, w którym można spotkać wiele różnych drzew, roślin i zwierząt.
Powierzchnia lasów w danym kraju może się zmieniać z biegiem czasu.
Na kolejnym ekranie przećwicz korzystanie z arkusza kalkulacyjnego."
MAT/MA161-ForestedAreas,1,4,Polish,pol-POL,"C
(
)
x2
yx
√x
1/x
π
÷
7
8
9
*
4
5
6
–
1
2
3
+
0
,
+/-
="
MAT/MA161-ForestedAreas,2,1,Polish,pol-POL,Kalkulatorclose
MAT/MA161-ForestedAreas,2,2,Polish,pol-POL,PISA
MAT/MA161-ForestedAreas,2,3,Polish,pol-POL,"POWIERZCHNIA LASÓW
Poniższy arkusz kalkulacyjny zawiera dane dotyczące powierzchni lasów w 15 krajach, wyrażone jako procent powierzchni całkowitej terytorium tych krajów. Dane dotyczą lat 2005, 2010 i 2015.
Kolumna A
Kolumna B
Kolumna C
Kolumna D
Kolumna E
Kolumna F
Kolumna G
Kraj
2005
2010
2015
Oblicz
Kolumna
Kolumna B
Kolumna C
Kolumna D
Kolumna E
Kolumna F
Kolumna G
Działanie
Dodaj
Odejmij
Pomnóż
Podziel
Kolumna
Kolumna B
Kolumna C
Kolumna D
Kolumna E
Kolumna F
Kolumna G
Uruchom
Średnia
Kolumna
Kolumna B
Kolumna C
Kolumna D
Kolumna E
Kolumna F
Kolumna G
Uruchom
Wyczyść wszystko"
MAT/MA161-ForestedAreas,2,4,Polish,pol-POL,"Powierzchnia lasów  Ćwiczenie
Przed przejściem do pytań przećwicz korzystanie z arkusza kalkulacyjnego.
Skorzystaj z arkusza kalkulacyjnego, aby wykonać następujące trzy czynności.
Sortowanie kolumny.
Kliknij symbol  w kolumnie B, C lub D, aby posortować tę kolumnę w porządku rosnącym (od najmniejszego do największego).
Zauważ, że porządek sortowania jednej kolumny określa porządek sortowania pozostałych kolumn.
Wykonanie obliczeń
Wybierz kolumnę z pierwszego rozwijanego menu pod arkuszem kalkulacyjnym.
Wybierz działanie z rozwijanego pośrodku menu.
Wybierz kolumnę z ostatniego rozwijanego menu.
Kliknij przycisk „Uruchom”.
Wyniki pojawiają się w pierwszej pustej kolumnie.
Obliczenie średniej (arytmetycznej) z kolumny.
Wybierz kolumnę z rozwijanego menu obok słowa „Średnia” na samym dole arkusza kalkulacyjnego.
Kliknij przycisk „Uruchom”.
Wynik pojawi się w pustej komórce na dole kolumny.
Aby kontynuować, kliknij ."
MAT/MA161-ForestedAreas,2,5,Polish,pol-POL,"C
(
)
x2
yx
√x
1/x
π
÷
7
8
9
*
4
5
6
–
1
2
3
+
0
,
+/-
="
MAT/MA161-ForestedAreas,3,1,Polish,pol-POL,Kalkulatorclose
MAT/MA161-ForestedAreas,3,2,Polish,pol-POL,PISA
MAT/MA161-ForestedAreas,3,3,Polish,pol-POL,"POWIERZCHNIA LASÓW
Poniższy arkusz kalkulacyjny zawiera dane dotyczące powierzchni lasów w 15 krajach, wyrażone jako procent powierzchni całkowitej terytorium tych krajów. Dane dotyczą lat 2005, 2010 i 2015.
Kolumna A ▾
Kolumna B
Kolumna C
Kolumna D
Kolumna E
Kolumna F
Kolumna G
Kraj
2005
2010
2015
Algieria0,640,810,82Armenia11,7711,7411,77Grecja29,1130,2831,45Indie22,7723,4723,77Kazachstan1,241,231,23Kolumbia54,2652,8552,73Korea Południowa64,4264,0863,69Liban13,3413,3813,42Niemcy32,6632,7332,76Panama64,3363,2162,11Peru59,0158,4557,79Portugalia36,5235,8935,25Senegal45,0544,0142,97Tajlandia31,5131,8132,1USA33,2633,733,85
Oblicz
Kolumna
Kolumna B
Kolumna C
Kolumna D
Kolumna E
Kolumna F
Kolumna G
Działanie
Dodaj
Odejmij
Pomnóż
Podziel
Kolumna
Kolumna B
Kolumna C
Kolumna D
Kolumna E
Kolumna F
Kolumna G
Uruchom
Średnia
Kolumna
Kolumna B
Kolumna C
Kolumna D
Kolumna E
Kolumna F
Kolumna G
Uruchom
Wyczyść wszystko
closeOK"
MAT/MA161-ForestedAreas,3,4,Polish,pol-POL,"Powierzchnia lasów  Instrukcja
Instrukcja korzystania z arkusza kalkulacyjnego jest dostępna przy każdym pytaniu.
Znajduje się w menu zatytułowanym „Jak korzystać z arkusza kalkulacyjnego”, które można wyświetlić lub schować.
Aby wyświetlić instrukcję, należy kliknąć pasek poniżej. Aby schować instrukcję, wystarczy ponownie kliknąć pasek.
Jak korzystać z arkusza kalkulacyjnego
Kliknij  aby posortować kolumnę w porządku rosnącym (od najmniejszego do największego).  Ponownie kliknij tę strzałkę, aby posortować kolumnę w porządku malejącym (od największego do najmniejszego).
Aby wykonać obliczenia:
Wybierz kolumnę z pierwszego rozwijanego menu.
Wybierz działanie z rozwijanego pośrodku menu.
Wybierz kolumnę z ostatniego rozwijanego menu.
Kliknij przycisk „Uruchom”.
Wyniki pojawiają się w pierwszej pustej kolumnie.
Aby wyświetlić średnią (artmetyczną) kolumny, wybierz kolumnę z rozwijanego menu, a następnie kliknij przycisk „Uruchom”. Wynik pojawi się w pustej komórce na dole kolumny.
Aby anulować działanie w danej kolumnie, kliknij .
Aby skasować wszystkie dane z kolumny, kliknij .
Aby skasować wszystkie dane z arkusza kalkulacyjnego, kliknij „Wyczyść wszystko”.
Aby kontynuować, kliknij ."
MAT/MA161-ForestedAreas,3,5,Polish,pol-POL,"C
(
)
x2
yx
√x
1/x
π
÷
7
8
9
*
4
5
6
–
1
2
3
+
0
,
+/-
="
MAT/MA161-ForestedAreas,4,1,Polish,pol-POL,Kalkulatorclose
MAT/MA161-ForestedAreas,4,2,Polish,pol-POL,PISA
MAT/MA161-ForestedAreas,4,3,Polish,pol-POL,"POWIERZCHNIA LASÓW
Poniższy arkusz kalkulacyjny zawiera dane dotyczące powierzchni lasów w 15 krajach, wyrażone jako procent powierzchni całkowitej terytorium tych krajów. Dane dotyczą lat 2005, 2010 i 2015.
Kolumna A ▾
Kolumna B
Kolumna C
Kolumna D
Kolumna E
Kolumna F
Kolumna G
Kraj
2005
2010
2015
Algieria0,640,810,82Armenia11,7711,7411,77Grecja29,1130,2831,45Indie22,7723,4723,77Kazachstan1,241,231,23Kolumbia54,2652,8552,73Korea Południowa64,4264,0863,69Liban13,3413,3813,42Niemcy32,6632,7332,76Panama64,3363,2162,11Peru59,0158,4557,79Portugalia36,5235,8935,25Senegal45,0544,0142,97Tajlandia31,5131,8132,1USA33,2633,733,85
Oblicz
Kolumna
Kolumna B
Kolumna C
Kolumna D
Kolumna E
Kolumna F
Kolumna G
Działanie
Dodaj
Odejmij
Pomnóż
Podziel
Kolumna
Kolumna B
Kolumna C
Kolumna D
Kolumna E
Kolumna F
Kolumna G
Uruchom
Średnia
Kolumna
Kolumna B
Kolumna C
Kolumna D
Kolumna E
Kolumna F
Kolumna G
Uruchom
Wyczyść wszystko
closeOK"
MAT/MA161-ForestedAreas,4,4,Polish,pol-POL,"Powierzchnia lasów  Pytanie 1 / 4
Jak korzystać z arkusza kalkulacyjnego
Kliknij  aby posortować kolumnę w porządku rosnącym (od najmniejszego do największego).  Ponownie kliknij tę strzałkę, aby posortować kolumnę w porządku malejącym (od największego do najmniejszego).
Aby wykonać obliczenia:
Wybierz kolumnę z pierwszego rozwijanego menu.
Wybierz działanie z rozwijanego pośrodku menu.
Wybierz kolumnę z ostatniego rozwijanego menu.
Kliknij przycisk „Uruchom”.
Wyniki pojawiają się w pierwszej pustej kolumnie.
Aby wyświetlić średnią (artmetyczną) kolumny, wybierz kolumnę z rozwijanego menu, a następnie kliknij przycisk „Uruchom”. Wynik pojawi się w pustej komórce na dole kolumny.
Aby anulować działanie w danej kolumnie, kliknij .
Aby skasować wszystkie dane z kolumny, kliknij .
Aby skasować wszystkie dane z arkusza kalkulacyjnego, kliknij „Wyczyść wszystko”.
Zapoznaj się z informacjami do zadania „Powierzchnia lasów” po prawej stronie. Skorzystaj z arkusza kalkulacyjnego, aby odpowiedzieć na poniższe pytanie. Wybierz odpowiedzi z rozwijanego menu, aby odpowiedzieć na każde pytanie.
Odpowiedz na pytania z tabeli poniżej, wybierając kraj z rozwijanego menu umieszczonego obok pytania.
Pytanie
Kraj
Który kraj odnotował największy wzrost w punktach procentowych między 2005 a 2015 rokiem?
WybierzAlgieriaArmeniaGrecjaIndieKazachstanKolumbiaKorea PołudniowaLibanNiemcyPanamaPeruPortugaliaSenegalTajlandiaUSA
W którym kraju nie było  zmiany między 2005 a 2015 rokiem?
WybierzAlgieriaArmeniaGrecjaIndieKazachstanKolumbiaKorea PołudniowaLibanNiemcyPanamaPeruPortugaliaSenegalTajlandiaUSA
Który kraj odnotował największy spadek w punktach procentowych między 2005 a 2015 rokiem?
WybierzAlgieriaArmeniaGrecjaIndieKazachstanKolumbiaKorea PołudniowaLibanNiemcyPanamaPeruPortugaliaSenegalTajlandiaUSA"
MAT/MA161-ForestedAreas,4,5,Polish,pol-POL,"C
(
)
x2
yx
√x
1/x
π
÷
7
8
9
*
4
5
6
–
1
2
3
+
0
,
+/-
="
MAT/MA161-ForestedAreas,5,1,Polish,pol-POL,Kalkulatorclose
MAT/MA161-ForestedAreas,5,2,Polish,pol-POL,PISA
MAT/MA161-ForestedAreas,5,3,Polish,pol-POL,"POWIERZCHNIA LASÓW
Poniższy arkusz kalkulacyjny zawiera dane dotyczące powierzchni lasów w 15 krajach, wyrażone jako procent powierzchni całkowitej terytorium tych krajów. Dane dotyczą lat 2005, 2010 i 2015.
Kolumna A ▾
Kolumna B
Kolumna C
Kolumna D
Kolumna E
Kolumna F
Kolumna G
Kraj
2005
2010
2015
Algieria0,640,810,82Armenia11,7711,7411,77Grecja29,1130,2831,45Indie22,7723,4723,77Kazachstan1,241,231,23Kolumbia54,2652,8552,73Korea Południowa64,4264,0863,69Liban13,3413,3813,42Niemcy32,6632,7332,76Panama64,3363,2162,11Peru59,0158,4557,79Portugalia36,5235,8935,25Senegal45,0544,0142,97Tajlandia31,5131,8132,1USA33,2633,733,85
Oblicz
Kolumna
Kolumna B
Kolumna C
Kolumna D
Kolumna E
Kolumna F
Kolumna G
Działanie
Dodaj
Odejmij
Pomnóż
Podziel
Kolumna
Kolumna B
Kolumna C
Kolumna D
Kolumna E
Kolumna F
Kolumna G
Uruchom
Średnia
Kolumna
Kolumna B
Kolumna C
Kolumna D
Kolumna E
Kolumna F
Kolumna G
Uruchom
Wyczyść wszystko
closeOK"
MAT/MA161-ForestedAreas,5,4,Polish,pol-POL,"Powierzchnia lasów  Pytanie 2 / 4
Jak korzystać z arkusza kalkulacyjnego
Kliknij  aby posortować kolumnę w porządku rosnącym (od najmniejszego do największego).  Ponownie kliknij tę strzałkę, aby posortować kolumnę w porządku malejącym (od największego do najmniejszego).
Aby wykonać obliczenia:
Wybierz kolumnę z pierwszego rozwijanego menu.
Wybierz działanie z rozwijanego pośrodku menu.
Wybierz kolumnę z ostatniego rozwijanego menu.
Kliknij przycisk „Uruchom”.
Wyniki pojawiają się w pierwszej pustej kolumnie.
Aby wyświetlić średnią (artmetyczną) kolumny, wybierz kolumnę z rozwijanego menu, a następnie kliknij przycisk „Uruchom”. Wynik pojawi się w pustej komórce na dole kolumny.
Aby anulować działanie w danej kolumnie, kliknij .
Aby skasować wszystkie dane z kolumny, kliknij .
Aby skasować wszystkie dane z arkusza kalkulacyjnego, kliknij „Wyczyść wszystko”.
Zapoznaj się z informacjami do zadania „Powierzchnia lasów” po prawej stronie. Skorzystaj z arkusza kalkulacyjnego, aby odpowiedzieć na poniższe pytanie. Kliknij, aby wybrać odpowiedź.
Przeanalizuj dwa okresy: od 2005 do 2010 i od 2010 do 2015.
Które stwierdzenie prawidłowo opisuje średnie zmiany odsetka powierzchni lasów dla tych dwóch okresów?
Średnie zmiany były dodatnie dla obu tych okresów.
Średnie zmiany były ujemne dla obu tych okresów.
Średnie zmiany były takie same dla obu tych okresów.
Średnie zmiany były dodatnie dla jednego okresu i ujemne dla drugiego okresu."
MAT/MA161-ForestedAreas,5,5,Polish,pol-POL,"C
(
)
x2
yx
√x
1/x
π
÷
7
8
9
*
4
5
6
–
1
2
3
+
0
,
+/-
="
MAT/MA161-ForestedAreas,6,1,Polish,pol-POL,Kalkulatorclose
MAT/MA161-ForestedAreas,6,2,Polish,pol-POL,PISA
MAT/MA161-ForestedAreas,6,3,Polish,pol-POL,"POWIERZCHNIA LASÓW
Poniższy arkusz kalkulacyjny zawiera dane dotyczące powierzchni lasów w 15 krajach, wyrażone jako procent powierzchni całkowitej terytorium tych krajów. Dane dotyczą lat 2005, 2010 i 2015.
Kolumna A ▾
Kolumna B
Kolumna C
Kolumna D
Kolumna E
Kolumna F
Kolumna G
Kraj
2005
2010
2015
Algieria0,640,810,82Armenia11,7711,7411,77Grecja29,1130,2831,45Indie22,7723,4723,77Kazachstan1,241,231,23Kolumbia54,2652,8552,73Korea Południowa64,4264,0863,69Liban13,3413,3813,42Niemcy32,6632,7332,76Panama64,3363,2162,11Peru59,0158,4557,79Portugalia36,5235,8935,25Senegal45,0544,0142,97Tajlandia31,5131,8132,1USA33,2633,733,85
Oblicz
Kolumna
Kolumna B
Kolumna C
Kolumna D
Kolumna E
Kolumna F
Kolumna G
Działanie
Dodaj
Odejmij
Pomnóż
Podziel
Kolumna
Kolumna B
Kolumna C
Kolumna D
Kolumna E
Kolumna F
Kolumna G
Uruchom
Średnia
Kolumna
Kolumna B
Kolumna C
Kolumna D
Kolumna E
Kolumna F
Kolumna G
Uruchom
Wyczyść wszystko
closeOK"
MAT/MA161-ForestedAreas,6,4,Polish,pol-POL,"Powierzchnia lasów  Pytanie 3 / 4
Jak korzystać z arkusza kalkulacyjnego
Kliknij  aby posortować kolumnę w porządku rosnącym (od najmniejszego do największego).  Ponownie kliknij tę strzałkę, aby posortować kolumnę w porządku malejącym (od największego do najmniejszego).
Aby wykonać obliczenia:
Wybierz kolumnę z pierwszego rozwijanego menu.
Wybierz działanie z rozwijanego pośrodku menu.
Wybierz kolumnę z ostatniego rozwijanego menu.
Kliknij przycisk „Uruchom”.
Wyniki pojawiają się w pierwszej pustej kolumnie.
Aby wyświetlić średnią (artmetyczną) kolumny, wybierz kolumnę z rozwijanego menu, a następnie kliknij przycisk „Uruchom”. Wynik pojawi się w pustej komórce na dole kolumny.
Aby anulować działanie w danej kolumnie, kliknij .
Aby skasować wszystkie dane z kolumny, kliknij .
Aby skasować wszystkie dane z arkusza kalkulacyjnego, kliknij „Wyczyść wszystko”.
Zapoznaj się z informacjami do zadania „Powierzchnia lasów” po prawej stronie. Skorzystaj z arkusza kalkulacyjnego, aby odpowiedzieć na poniższe pytanie. Wybierz opcję z rozwijanego menu, aby odpowiedzieć na pytanie.
Przeanalizuj dwa okresy: od 2005 do 2010 i od 2010 do 2015.
Licząc w punktach procentowych, które dwa kraje odnotowały największe zmiany w procentowej powierzchni lasu między jednym okresem czasu a drugim?
Odpowiedzi:
WybierzAlgieriaArmeniaGrecjaIndieKazachstanKolumbiaKorea PołudniowaLibanNiemcyPanamaPeruPortugaliaSenegalTajlandiaUSA
oraz
WybierzAlgieriaArmeniaGrecjaIndieKazachstanKolumbiaKorea PołudniowaLibanNiemcyPanamaPeruPortugaliaSenegalTajlandiaUSA"
MAT/MA161-ForestedAreas,6,5,Polish,pol-POL,"C
(
)
x2
yx
√x
1/x
π
÷
7
8
9
*
4
5
6
–
1
2
3
+
0
,
+/-
="
MAT/MA161-ForestedAreas,7,1,Polish,pol-POL,Kalkulatorclose
MAT/MA161-ForestedAreas,7,2,Polish,pol-POL,PISA
MAT/MA161-ForestedAreas,7,3,Polish,pol-POL,"POWIERZCHNIA LASÓW
Poniższy arkusz kalkulacyjny zawiera dane dotyczące powierzchni lasów w 15 krajach, wyrażone jako procent powierzchni całkowitej terytorium tych krajów. Dane dotyczą lat 2005, 2010 i 2015.
Kolumna A ▾
Kolumna B
Kolumna C
Kolumna D
Kolumna E
Kolumna F
Kolumna G
Kraj
2005
2010
2015
Algieria0,640,810,82Armenia11,7711,7411,77Grecja29,1130,2831,45Indie22,7723,4723,77Kazachstan1,241,231,23Kolumbia54,2652,8552,73Korea Południowa64,4264,0863,69Liban13,3413,3813,42Niemcy32,6632,7332,76Panama64,3363,2162,11Peru59,0158,4557,79Portugalia36,5235,8935,25Senegal45,0544,0142,97Tajlandia31,5131,8132,1USA33,2633,733,85
Oblicz
Kolumna
Kolumna B
Kolumna C
Kolumna D
Kolumna E
Kolumna F
Kolumna G
Działanie
Dodaj
Odejmij
Pomnóż
Podziel
Kolumna
Kolumna B
Kolumna C
Kolumna D
Kolumna E
Kolumna F
Kolumna G
Uruchom
Średnia
Kolumna
Kolumna B
Kolumna C
Kolumna D
Kolumna E
Kolumna F
Kolumna G
Uruchom
Wyczyść wszystko
closeOK"
MAT/MA161-ForestedAreas,7,4,Polish,pol-POL,"Powierzchnia lasów  Pytanie 4 / 4
Jak korzystać z arkusza kalkulacyjnego
Kliknij  aby posortować kolumnę w porządku rosnącym (od najmniejszego do największego).  Ponownie kliknij tę strzałkę, aby posortować kolumnę w porządku malejącym (od największego do najmniejszego).
Aby wykonać obliczenia:
Wybierz kolumnę z pierwszego rozwijanego menu.
Wybierz działanie z rozwijanego pośrodku menu.
Wybierz kolumnę z ostatniego rozwijanego menu.
Kliknij przycisk „Uruchom”.
Wyniki pojawiają się w pierwszej pustej kolumnie.
Aby wyświetlić średnią (artmetyczną) kolumny, wybierz kolumnę z rozwijanego menu, a następnie kliknij przycisk „Uruchom”. Wynik pojawi się w pustej komórce na dole kolumny.
Aby anulować działanie w danej kolumnie, kliknij .
Aby skasować wszystkie dane z kolumny, kliknij .
Aby skasować wszystkie dane z arkusza kalkulacyjnego, kliknij „Wyczyść wszystko”.
Zapoznaj się z informacjami do zadania „Powierzchnia lasów” po prawej stronie. Skorzystaj z arkusza kalkulacyjnego, aby odpowiedzieć na poniższe pytanie. Kliknij, aby wybrać odpowiedź, a następnie wpisz wyjaśnienie, uzasadniając swój wybór .
Helena twierdzi, że we wszystkich wskazanych latach Korea Południowa miała większą powierzchnię lasów niż inne kraje z tej listy.
Czy jej twierdzenie jest poparte danymi z tabeli?
Tak
Nie
Wyjaśnij swoją odpowiedź."
MAT/MA161-ForestedAreas,7,5,Polish,pol-POL,"C
(
)
x2
yx
√x
1/x
π
÷
7
8
9
*
4
5
6
–
1
2
3
+
0
,
+/-
="
MAT/MA161-ForestedAreas,1,1,Portuguese,por-PRT,Calculadoraclose
MAT/MA161-ForestedAreas,1,2,Portuguese,por-PRT,PISA
MAT/MA161-ForestedAreas,1,3,Portuguese,por-PRT,"Área florestal  Introdução
Lê a introdução. Depois clica na seta SEGUINTE.
ÁREA FLORESTAL
Nesta unidade, vais utilizar uma folha de cálculo para responderes a questões relacionadas com a situação seguinte:
A floresta é um ecossistema onde se encontra uma variedade de árvores, plantas e animais.
A dimensão da área florestal de um país pode variar ao longo do tempo.
No próximo ecrã, vais experimentar utilizar a folha de cálculo."
MAT/MA161-ForestedAreas,1,4,Portuguese,por-PRT,"C
(
)
x2
yx
√x
1/x
π
÷
7
8
9
x
4
5
6
–
1
2
3
+
0
.
+/-
="
MAT/MA161-ForestedAreas,2,1,Portuguese,por-PRT,Calculadoraclose
MAT/MA161-ForestedAreas,2,2,Portuguese,por-PRT,PISA
MAT/MA161-ForestedAreas,2,3,Portuguese,por-PRT,"ÁREA FLORESTAL
A folha de cálculo seguinte apresenta a dimensão da área florestal como percentagem da área total de terreno de cada um dos 15 países do conjunto de dados. Os dados dizem respeito aos anos 2005, 2010 e 2015.
Coluna A
Coluna B
Coluna C
Coluna D
Coluna E
Coluna F
Coluna G
País
2005
2010
2015
Calcular
Coluna
Coluna B
Coluna C
Coluna D
Coluna E
Coluna F
Coluna G
Operação
Adição
Subtração
Multiplicação
Divisão
Coluna
Coluna B
Coluna C
Coluna D
Coluna E
Coluna F
Coluna G
Executar
Média
Coluna
Coluna B
Coluna C
Coluna D
Coluna E
Coluna F
Coluna G
Executar
Apagar tudo"
MAT/MA161-ForestedAreas,2,4,Portuguese,por-PRT,"Área florestal  Exercício
Antes de avançares para as questões, vais experimentar utilizar a folha de cálculo.
Utiliza a folha de cálculo para completares as três ações seguintes.
Ordenar os dados de uma coluna.
Clica em  na coluna B, C ou D para ordenares os dados por ordem crescente (do menor para o maior).
Nota que todas as colunas são reordenadas em função da ordenação aplicada a uma das colunas.
Efetuar um cálculo
Seleciona uma coluna no primeiro menu de opções, por baixo da folha de cálculo.
A seguir, seleciona uma operação no menu de opções do meio.
Depois, seleciona uma coluna no último menu de opções.
Clica em «Executar».
Os resultados vão aparecer na primeira coluna que estiver vazia.
Apresentar a média dos dados de uma coluna
Seleciona uma coluna no menu de opções junto da «Média», por baixo da folha de cálculo.
Clica em «Executar».
O resultado vai aparecer na última célula dessa coluna.
Clica em  para continuares."
MAT/MA161-ForestedAreas,2,5,Portuguese,por-PRT,"C
(
)
x2
yx
√x
1/x
π
÷
7
8
9
x
4
5
6
–
1
2
3
+
0
.
+/-
="
MAT/MA161-ForestedAreas,3,1,Portuguese,por-PRT,Calculadoraclose
MAT/MA161-ForestedAreas,3,2,Portuguese,por-PRT,PISA
MAT/MA161-ForestedAreas,3,3,Portuguese,por-PRT,"ÁREA FLORESTAL
A folha de cálculo seguinte apresenta a dimensão da área florestal como percentagem da área total de terreno de cada um dos 15 países do conjunto de dados. Os dados dizem respeito aos anos 2005, 2010 e 2015.
Coluna A ▾
Coluna B
Coluna C
Coluna D
Coluna E
Coluna F
Coluna G
País
2005
2010
2015
Alemanha32,6632,7332,76Argélia0,640,810,82Arménia11,7711,7411,77Cazaquistão1,241,231,23Colômbia54,2652,8552,73Coreia do Sul64,4264,0863,69Estados Unidos33,2633,733,85Grécia29,1130,2831,45Índia22,7723,4723,77Líbano13,3413,3813,42Panamá64,3363,2162,11Peru59,0158,4557,79Portugal36,5235,8935,25Senegal45,0544,0142,97Tailândia31,5131,8132,1
Calcular
Coluna
Coluna B
Coluna C
Coluna D
Coluna E
Coluna F
Coluna G
Operação
Adição
Subtração
Multiplicação
Divisão
Coluna
Coluna B
Coluna C
Coluna D
Coluna E
Coluna F
Coluna G
Executar
Média
Coluna
Coluna B
Coluna C
Coluna D
Coluna E
Coluna F
Coluna G
Executar
Apagar tudo
closeOk"
MAT/MA161-ForestedAreas,3,4,Portuguese,por-PRT,"Área florestal  Instruções
As instruções sobre como utilizar a folha de cálculo estão disponíveis em cada questão.
Estão disponíveis no menu «Como utilizar a folha de cálculo», que pode ser aberto e fechado.
Clica na barra seguinte para abrires as instruções. Clica novamente na barra para fechares as instruções.
Como utilizar a folha de cálculo
Clica em  para ordenares uma coluna por ordem crescente (do valor menor para o maior).  Clica novamente no mesmo botão para ordenares a coluna por ordem decrescente (do valor maior para o menor).
Para efetuares cálculos:
Seleciona uma coluna no primeiro menu de opções.
Seleciona uma operação no menu de opções do meio.
Seleciona uma coluna no último menu de opções.
Clica em «Executar».
Os resultados vão aparecer na primeira coluna que estiver vazia.
Para veres a média dos dados de uma coluna, seleciona a coluna no menu e clica em ""Executar"". O resultado vai aparecer na última célula dessa coluna.
Para anulares uma ação numa coluna, clica em .
Para apagares todos os dados de uma coluna, clica em .
Para apagares todos os dados que inseriste na folha de cálculo, clica em «Apagar tudo».
Clica em  para continuares."
MAT/MA161-ForestedAreas,3,5,Portuguese,por-PRT,"C
(
)
x2
yx
√x
1/x
π
÷
7
8
9
x
4
5
6
–
1
2
3
+
0
.
+/-
="
MAT/MA161-ForestedAreas,4,1,Portuguese,por-PRT,Calculadoraclose
MAT/MA161-ForestedAreas,4,2,Portuguese,por-PRT,PISA
MAT/MA161-ForestedAreas,4,3,Portuguese,por-PRT,"ÁREA FLORESTAL
A folha de cálculo seguinte apresenta a dimensão da área florestal como percentagem da área total de terreno de cada um dos 15 países do conjunto de dados. Os dados dizem respeito aos anos 2005, 2010 e 2015.
Coluna A ▾
Coluna B
Coluna C
Coluna D
Coluna E
Coluna F
Coluna G
País
2005
2010
2015
Alemanha32,6632,7332,76Argélia0,640,810,82Arménia11,7711,7411,77Cazaquistão1,241,231,23Colômbia54,2652,8552,73Coreia do Sul64,4264,0863,69Estados Unidos33,2633,733,85Grécia29,1130,2831,45Índia22,7723,4723,77Líbano13,3413,3813,42Panamá64,3363,2162,11Peru59,0158,4557,79Portugal36,5235,8935,25Senegal45,0544,0142,97Tailândia31,5131,8132,1
Calcular
Coluna
Coluna B
Coluna C
Coluna D
Coluna E
Coluna F
Coluna G
Operação
Adição
Subtração
Multiplicação
Divisão
Coluna
Coluna B
Coluna C
Coluna D
Coluna E
Coluna F
Coluna G
Executar
Média
Coluna
Coluna B
Coluna C
Coluna D
Coluna E
Coluna F
Coluna G
Executar
Apagar tudo
closeOk"
MAT/MA161-ForestedAreas,4,4,Portuguese,por-PRT,"Área florestal  Questão 1 / 4
Como utilizar a folha de cálculo
Clica em  para ordenares uma coluna por ordem crescente (do valor menor para o maior).  Clica novamente no mesmo botão para ordenares a coluna por ordem decrescente (do valor maior para o menor).
Para efetuares cálculos:
Seleciona uma coluna no primeiro menu de opções.
Seleciona uma operação no menu de opções do meio.
Seleciona uma coluna no último menu de opções.
Clica em «Executar».
Os resultados vão aparecer na primeira coluna que estiver vazia.
Para veres a média dos dados de uma coluna, seleciona a coluna no menu e clica em ""Executar"". O resultado vai aparecer na última célula dessa coluna.
Para anulares uma ação numa coluna, clica em .
Para apagares todos os dados de uma coluna, clica em .
Para apagares todos os dados que inseriste na folha de cálculo, clica em «Apagar tudo».
Considera a informação em «Área florestal», apresentada à direita. Utiliza a folha de cálculo para te ajudar a responder à questão apresentada abaixo. Para responderes à questão, seleciona de entre as opções do menu.
Na tabela abaixo, responde a cada pergunta selecionando um país no menu correspondente.
Pergunta
País
Qual dos países teve a maior subida, em pontos percentuais, entre 2005 e 2015?
SelecionaAlemanhaArgéliaArméniaCazaquistãoColômbiaCoreia do SulEstados UnidosGréciaÍndiaLíbanoPanamáPeruPortugalSenegalTailândia
Qual dos países não teve globalmente alteração entre 2005 e 2015?
SelecionaAlemanhaArgéliaArméniaCazaquistãoColômbiaCoreia do SulEstados UnidosGréciaÍndiaLíbanoPanamáPeruPortugalSenegalTailândia
Qual dos países teve a maior descida, em pontos percentuais, entre 2005 e 2015?
SelecionaAlemanhaArgéliaArméniaCazaquistãoColômbiaCoreia do SulEstados UnidosGréciaÍndiaLíbanoPanamáPeruPortugalSenegalTailândia"
MAT/MA161-ForestedAreas,4,5,Portuguese,por-PRT,"C
(
)
x2
yx
√x
1/x
π
÷
7
8
9
x
4
5
6
–
1
2
3
+
0
.
+/-
="
MAT/MA161-ForestedAreas,5,1,Portuguese,por-PRT,Calculadoraclose
MAT/MA161-ForestedAreas,5,2,Portuguese,por-PRT,PISA
MAT/MA161-ForestedAreas,5,3,Portuguese,por-PRT,"ÁREA FLORESTAL
A folha de cálculo seguinte apresenta a dimensão da área florestal como percentagem da área total de terreno de cada um dos 15 países do conjunto de dados. Os dados dizem respeito aos anos 2005, 2010 e 2015.
Coluna A ▾
Coluna B
Coluna C
Coluna D
Coluna E
Coluna F
Coluna G
País
2005
2010
2015
Alemanha32,6632,7332,76Argélia0,640,810,82Arménia11,7711,7411,77Cazaquistão1,241,231,23Colômbia54,2652,8552,73Coreia do Sul64,4264,0863,69Estados Unidos33,2633,733,85Grécia29,1130,2831,45Índia22,7723,4723,77Líbano13,3413,3813,42Panamá64,3363,2162,11Peru59,0158,4557,79Portugal36,5235,8935,25Senegal45,0544,0142,97Tailândia31,5131,8132,1
Calcular
Coluna
Coluna B
Coluna C
Coluna D
Coluna E
Coluna F
Coluna G
Operação
Adição
Subtração
Multiplicação
Divisão
Coluna
Coluna B
Coluna C
Coluna D
Coluna E
Coluna F
Coluna G
Executar
Média
Coluna
Coluna B
Coluna C
Coluna D
Coluna E
Coluna F
Coluna G
Executar
Apagar tudo
closeOk"
MAT/MA161-ForestedAreas,5,4,Portuguese,por-PRT,"Área florestal  Questão 2 / 4
Como utilizar a folha de cálculo
Clica em  para ordenares uma coluna por ordem crescente (do valor menor para o maior).  Clica novamente no mesmo botão para ordenares a coluna por ordem decrescente (do valor maior para o menor).
Para efetuares cálculos:
Seleciona uma coluna no primeiro menu de opções.
Seleciona uma operação no menu de opções do meio.
Seleciona uma coluna no último menu de opções.
Clica em «Executar».
Os resultados vão aparecer na primeira coluna que estiver vazia.
Para veres a média dos dados de uma coluna, seleciona a coluna no menu e clica em ""Executar"". O resultado vai aparecer na última célula dessa coluna.
Para anulares uma ação numa coluna, clica em .
Para apagares todos os dados de uma coluna, clica em .
Para apagares todos os dados que inseriste na folha de cálculo, clica em «Apagar tudo».
Considera a informação em «Área florestal», apresentada à direita. Utiliza a folha de cálculo para te ajudar a responder à questão apresentada abaixo. Para responderes à questão, seleciona uma opção.
Considera os dois intervalos de tempo: 2005 a 2010; e 2010 a 2015.
Qual das afirmações seguintes descreve corretamente a variação da média da percentagem de área florestal nos dois intervalos de tempo?
A variação da média foi positiva nos dois intervalos de tempo.
A variação da média foi negativa nos dois intervalos de tempo.
A variação da média foi igual nos dois intervalos de tempo.
A variação da média foi positiva num dos intervalos de tempo e negativa no outro."
MAT/MA161-ForestedAreas,5,5,Portuguese,por-PRT,"C
(
)
x2
yx
√x
1/x
π
÷
7
8
9
x
4
5
6
–
1
2
3
+
0
.
+/-
="
MAT/MA161-ForestedAreas,6,1,Portuguese,por-PRT,Calculadoraclose
MAT/MA161-ForestedAreas,6,2,Portuguese,por-PRT,PISA
MAT/MA161-ForestedAreas,6,3,Portuguese,por-PRT,"ÁREA FLORESTAL
A folha de cálculo seguinte apresenta a dimensão da área florestal como percentagem da área total de terreno de cada um dos 15 países do conjunto de dados. Os dados dizem respeito aos anos 2005, 2010 e 2015.
Coluna A ▾
Coluna B
Coluna C
Coluna D
Coluna E
Coluna F
Coluna G
País
2005
2010
2015
Alemanha32,6632,7332,76Argélia0,640,810,82Arménia11,7711,7411,77Cazaquistão1,241,231,23Colômbia54,2652,8552,73Coreia do Sul64,4264,0863,69Estados Unidos33,2633,733,85Grécia29,1130,2831,45Índia22,7723,4723,77Líbano13,3413,3813,42Panamá64,3363,2162,11Peru59,0158,4557,79Portugal36,5235,8935,25Senegal45,0544,0142,97Tailândia31,5131,8132,1
Calcular
Coluna
Coluna B
Coluna C
Coluna D
Coluna E
Coluna F
Coluna G
Operação
Adição
Subtração
Multiplicação
Divisão
Coluna
Coluna B
Coluna C
Coluna D
Coluna E
Coluna F
Coluna G
Executar
Média
Coluna
Coluna B
Coluna C
Coluna D
Coluna E
Coluna F
Coluna G
Executar
Apagar tudo
closeOk"
MAT/MA161-ForestedAreas,6,4,Portuguese,por-PRT,"Área florestal  Questão 3 / 4
Como utilizar a folha de cálculo
Clica em  para ordenares uma coluna por ordem crescente (do valor menor para o maior).  Clica novamente no mesmo botão para ordenares a coluna por ordem decrescente (do valor maior para o menor).
Para efetuares cálculos:
Seleciona uma coluna no primeiro menu de opções.
Seleciona uma operação no menu de opções do meio.
Seleciona uma coluna no último menu de opções.
Clica em «Executar».
Os resultados vão aparecer na primeira coluna que estiver vazia.
Para veres a média dos dados de uma coluna, seleciona a coluna no menu e clica em ""Executar"". O resultado vai aparecer na última célula dessa coluna.
Para anulares uma ação numa coluna, clica em .
Para apagares todos os dados de uma coluna, clica em .
Para apagares todos os dados que inseriste na folha de cálculo, clica em «Apagar tudo».
Considera a informação em «Área florestal», apresentada à direita. Utiliza a folha de cálculo para te ajudar a responder à questão apresentada abaixo. Para responderes à questão, seleciona de entre as opções do menu.
Considera os dois intervalos de tempo: 2005 a 2010; e 2010 a 2015.
Em pontos percentuais, quais são os dois países que tiveram as variações mais significativas, em percentagem de área florestal, de um intervalo de tempo para o intervalo de tempo seguinte?
Respostas:
SelecionaAlemanhaArgéliaArméniaCazaquistãoColômbiaCoreia do SulEstados UnidosGréciaÍndiaLíbanoPanamáPeruPortugalSenegalTailândia
e
SelecionaAlemanhaArgéliaArméniaCazaquistãoColômbiaCoreia do SulEstados UnidosGréciaÍndiaLíbanoPanamáPeruPortugalSenegalTailândia"
MAT/MA161-ForestedAreas,6,5,Portuguese,por-PRT,"C
(
)
x2
yx
√x
1/x
π
÷
7
8
9
x
4
5
6
–
1
2
3
+
0
.
+/-
="
MAT/MA161-ForestedAreas,7,1,Portuguese,por-PRT,Calculadoraclose
MAT/MA161-ForestedAreas,7,2,Portuguese,por-PRT,PISA
MAT/MA161-ForestedAreas,7,3,Portuguese,por-PRT,"ÁREA FLORESTAL
A folha de cálculo seguinte apresenta a dimensão da área florestal como percentagem da área total de terreno de cada um dos 15 países do conjunto de dados. Os dados dizem respeito aos anos 2005, 2010 e 2015.
Coluna A ▾
Coluna B
Coluna C
Coluna D
Coluna E
Coluna F
Coluna G
País
2005
2010
2015
Alemanha32,6632,7332,76Argélia0,640,810,82Arménia11,7711,7411,77Cazaquistão1,241,231,23Colômbia54,2652,8552,73Coreia do Sul64,4264,0863,69Estados Unidos33,2633,733,85Grécia29,1130,2831,45Índia22,7723,4723,77Líbano13,3413,3813,42Panamá64,3363,2162,11Peru59,0158,4557,79Portugal36,5235,8935,25Senegal45,0544,0142,97Tailândia31,5131,8132,1
Calcular
Coluna
Coluna B
Coluna C
Coluna D
Coluna E
Coluna F
Coluna G
Operação
Adição
Subtração
Multiplicação
Divisão
Coluna
Coluna B
Coluna C
Coluna D
Coluna E
Coluna F
Coluna G
Executar
Média
Coluna
Coluna B
Coluna C
Coluna D
Coluna E
Coluna F
Coluna G
Executar
Apagar tudo
closeOk"
MAT/MA161-ForestedAreas,7,4,Portuguese,por-PRT,"Área florestal  Questão 4 / 4
Como utilizar a folha de cálculo
Clica em  para ordenares uma coluna por ordem crescente (do valor menor para o maior).  Clica novamente no mesmo botão para ordenares a coluna por ordem decrescente (do valor maior para o menor).
Para efetuares cálculos:
Seleciona uma coluna no primeiro menu de opções.
Seleciona uma operação no menu de opções do meio.
Seleciona uma coluna no último menu de opções.
Clica em «Executar».
Os resultados vão aparecer na primeira coluna que estiver vazia.
Para veres a média dos dados de uma coluna, seleciona a coluna no menu e clica em ""Executar"". O resultado vai aparecer na última célula dessa coluna.
Para anulares uma ação numa coluna, clica em .
Para apagares todos os dados de uma coluna, clica em .
Para apagares todos os dados que inseriste na folha de cálculo, clica em «Apagar tudo».
Considera a informação em «Área florestal», apresentada à direita. Utiliza a folha de cálculo para te ajudar a responder à questão apresentada abaixo. Para responderes à questão, seleciona uma opção e depois escreve a tua resposta.
A Helena afirma que a Coreia do Sul tem mais área florestal do que qualquer outro país desta lista, nos anos apresentados.
A sua afirmação é sustentada pelos dados da folha de cálculo?
Sim
Não
Justifica a tua resposta."
MAT/MA161-ForestedAreas,7,5,Portuguese,por-PRT,"C
(
)
x2
yx
√x
1/x
π
÷
7
8
9
x
4
5
6
–
1
2
3
+
0
.
+/-
="
MAT/MA161-ForestedAreas,1,1,Russian,rus-KAZ,Калькуляторclose
MAT/MA161-ForestedAreas,1,2,Russian,rus-KAZ,PISA 2022
MAT/MA161-ForestedAreas,1,3,Russian,rus-KAZ,"Лесная площадь  Введение
Прочитайте введение. Затем кликните мышью на стрелку «ДАЛЕЕ».
ЛЕСНАЯ ПЛОЩАДЬ
В этом блоке Вы будете использовать электронную таблицу для ответа на вопросы, связанные со следующей ситуацией:
Лес — это экосистема, в которой можно найти множество деревьев, растений и животных.
Количество лесных площадей в стране может со временем меняться.
На следующем экране Вы будете практиковаться в использовании электронной таблицы."
MAT/MA161-ForestedAreas,1,4,Russian,rus-KAZ,"C
(
)
x2
yx
√x
1/x
π
÷
7
8
9
x
4
5
6
–
1
2
3
+
0
.
+/-
="
MAT/MA161-ForestedAreas,2,1,Russian,rus-KAZ,Калькуляторclose
MAT/MA161-ForestedAreas,2,2,Russian,rus-KAZ,PISA 2022
MAT/MA161-ForestedAreas,2,3,Russian,rus-KAZ,"ЛЕСНАЯ ПЛОЩАДЬ
В приведенной ниже таблице показано количество лесных площадей в процентах от общей площади земель в каждой из 15 стран в этом наборе данных. Данные показаны за 2005, 2010 и 2015 годы.
Столбец А ▾
Столбец Б
Столбец В
Столбец Г
Столбец Д
Столбец Е
Столбец Ж
Страна
2005
2010
2015
Алжир0.640.810.82Армения11.7711.7411.77Германия32.6632.7332.76Греция29.1130.2831.45Индия22.7723.4723.77Казахстан1.241.231.23Колумбия54.2652.8552.73Ливан13.3413.3813.42Панама64.3363.2162.11Перу59.0158.4557.79Португалия36.5235.8935.25Сенегал45.0544.0142.97Соединенные Штаты33.2633.733.85Таиланд31.5131.8132.1Южная Корея64.4264.0863.69
Вычислить
Столбец
Столбец Б
Столбец В
Столбец Г
Столбец Д
Столбец Е
Столбец Ж
Операция
Сложить
Вычесть
Умножить
Разделить
Столбец
Столбец Б
Столбец В
Столбец Г
Столбец Д
Столбец Е
Столбец Ж
Выполнить
Среднее значение
Столбец
Столбец Б
Столбец В
Столбец Г
Столбец Д
Столбец Е
Столбец Ж
Выполнить
Очистить все
closeОК"
MAT/MA161-ForestedAreas,2,4,Russian,rus-KAZ,"Лесная площадь  Практика
Теперь Вы будете практиковаться в использовании таблицы, прежде чем переходить к вопросам.
Используйте электронную таблицу, чтобы выполнить следующие три действия.
Сортировать столбец.
Нажмите на символ  в столбце Б, В или Г, чтобы отсортировать этот столбец в порядке возрастания (от меньшего к большему).
Обратите внимание, что все столбцы будут отсортированы на основе способа сортировки, который использован для любого из столбцов.
Выполните расчет
Выберите столбец из первого выпадающего меню, расположенного под таблицей.
Затем выберите операцию из среднего выпадающего меню.
Затем выберите столбец из последнего выпадающего меню.
Нажмите на кнопку «Выполнить».
Результаты будут отображены в первом доступном пустом столбце.
Показать среднее значение столбца
Выберите столбец из выпадающего меню рядом с надписью «Среднее значение», расположенной под таблицей.
Нажмите на кнопку «Выполнить».
Результат будет отображен в ячейке под столбцом.
Кликните по  чтобы продолжить."
MAT/MA161-ForestedAreas,2,5,Russian,rus-KAZ,"C
(
)
x2
yx
√x
1/x
π
÷
7
8
9
x
4
5
6
–
1
2
3
+
0
.
+/-
="
MAT/MA161-ForestedAreas,3,1,Russian,rus-KAZ,Калькуляторclose
MAT/MA161-ForestedAreas,3,2,Russian,rus-KAZ,PISA 2022
MAT/MA161-ForestedAreas,3,3,Russian,rus-KAZ,"ЛЕСНАЯ ПЛОЩАДЬ
В приведенной ниже таблице показано количество лесных площадей в процентах от общей площади земель в каждой из 15 стран в этом наборе данных. Данные показаны за 2005, 2010 и 2015 годы.
Столбец А ▾
Столбец Б
Столбец В
Столбец Г
Столбец Д
Столбец Е
Столбец Ж
Страна
2005
2010
2015
Алжир0.640.810.82Армения11.7711.7411.77Германия32.6632.7332.76Греция29.1130.2831.45Индия22.7723.4723.77Казахстан1.241.231.23Колумбия54.2652.8552.73Ливан13.3413.3813.42Панама64.3363.2162.11Перу59.0158.4557.79Португалия36.5235.8935.25Сенегал45.0544.0142.97Соединенные Штаты33.2633.733.85Таиланд31.5131.8132.1Южная Корея64.4264.0863.69
Вычислить
Столбец
Столбец Б
Столбец В
Столбец Г
Столбец Д
Столбец Е
Столбец Ж
Операция
Сложить
Вычесть
Умножить
Разделить
Столбец
Столбец Б
Столбец В
Столбец Г
Столбец Д
Столбец Е
Столбец Ж
Выполнить
Среднее значение
Столбец
Столбец Б
Столбец В
Столбец Г
Столбец Д
Столбец Е
Столбец Ж
Выполнить
Очистить все
closeОК"
MAT/MA161-ForestedAreas,3,4,Russian,rus-KAZ,"Лесные площади  Инструкция
Инструкции по использованию электронной таблицы доступны в каждом вопросе.
Они расположены в меню «Как использовать электронную таблицу», которое можно открывать и закрывать.
Кликните на панель, расположенную ниже, чтобы открыть инструкции. Кликните на панель снова, чтобы закрыть инструкции.
Как использовать электронную таблицу
Кликните на , чтобы отсортировать столбец в возрастающем (от меньшего к большему) порядке.  Кликните на иконку снова, чтобы отсортировать столбец в убывающем (от большего к меньшему) порядке.
Для выполнения расчетов:
Выберите столбец из первого выпадающего меню.
Выберите операцию из среднего выпадающего меню.
Выберите столбец из последнего выпадающего меню.
Нажмите на кнопку «Выполнить».
Результаты будут отображены в первом доступном пустом столбце.
Чтобы отобразить среднее значение столбца, выберите столбец из выпадающего меню и нажмите «Выполнить». Результат будет отображен в ячейке под столбцом.
Чтобы отменить действие в столбце, кликните по .
Чтобы очистить столбец, кликните по .
Чтобы полностью очистить таблицу, кликните по кнопке «Очистить все».
Кликните на  чтобы продолжить."
MAT/MA161-ForestedAreas,3,5,Russian,rus-KAZ,"C
(
)
x2
yx
√x
1/x
π
÷
7
8
9
x
4
5
6
–
1
2
3
+
0
.
+/-
="
MAT/MA161-ForestedAreas,4,1,Russian,rus-KAZ,Калькуляторclose
MAT/MA161-ForestedAreas,4,2,Russian,rus-KAZ,PISA 2022
MAT/MA161-ForestedAreas,4,3,Russian,rus-KAZ,"ЛЕСНАЯ ПЛОЩАДЬ
В приведенной ниже таблице показано количество лесных площадей в процентах от общей площади земель в каждой из 15 стран в этом наборе данных. Данные показаны за 2005, 2010 и 2015 годы.
Столбец А ▾
Столбец Б
Столбец В
Столбец Г
Столбец Д
Столбец Е
Столбец Ж
Страна
2005
2010
2015
Алжир0.640.810.82Армения11.7711.7411.77Германия32.6632.7332.76Греция29.1130.2831.45Индия22.7723.4723.77Казахстан1.241.231.23Колумбия54.2652.8552.73Ливан13.3413.3813.42Панама64.3363.2162.11Перу59.0158.4557.79Португалия36.5235.8935.25Сенегал45.0544.0142.97Соединенные Штаты33.2633.733.85Таиланд31.5131.8132.1Южная Корея64.4264.0863.69
Вычислить
Столбец
Столбец Б
Столбец В
Столбец Г
Столбец Д
Столбец Е
Столбец Ж
Операция
Сложить
Вычесть
Умножить
Разделить
Столбец
Столбец Б
Столбец В
Столбец Г
Столбец Д
Столбец Е
Столбец Ж
Выполнить
Среднее значение
Столбец
Столбец Б
Столбец В
Столбец Г
Столбец Д
Столбец Е
Столбец Ж
Выполнить
Очистить все
closeОК"
MAT/MA161-ForestedAreas,4,4,Russian,rus-KAZ,"Лесная площадь  Вопрос 1 / 4
Как использовать электронную таблицу
Кликните на , чтобы отсортировать столбец в возрастающем (от меньшего к большему) порядке.  Кликните на иконку снова, чтобы отсортировать столбец в убывающем (от большего к меньшему) порядке.
Для выполнения расчетов:
Выберите столбец из первого выпадающего меню.
Выберите операцию из среднего выпадающего меню.
Выберите столбец из последнего выпадающего меню.
Нажмите на кнопку «Выполнить».
Результаты будут отображены в первом доступном пустом столбце.
Чтобы отобразить среднее значение столбца, выберите столбец из выпадающего меню и нажмите «Выполнить». Результат будет отображен в ячейке под столбцом.
Чтобы отменить действие в столбце, кликните по .
Чтобы очистить столбец, кликните по .
Чтобы полностью очистить таблицу, кликните по кнопке «Очистить все».
Посмотрите на задание «Лесная площадь» справа. Используйте электронную таблицу, которая поможет Вам ответить на вопрос ниже. Выберите Ваш ответ на каждый вопрос из выпадающего меню.
В таблице ниже ответьте на каждый вопрос, выбрав страну в соответствующем выпадающем меню.
Вопрос
Страна
В процентном соотношении, какая страна имела наибольший прирост в период с 2005 по 2015 год?
ВыбратьАлжирАрменияГерманияГрецияИндияКазахстанКолумбияЛиванПанамаПеруПортугалияСенегалСоединенные ШтатыТаиландЮжная Корея
В какой стране не было общих изменений в период с 2005 по 2015 год?
ВыбратьАлжирАрменияГерманияГрецияИндияКазахстанКолумбияЛиванПанамаПеруПортугалияСенегалСоединенные ШтатыТаиландЮжная Корея
В процентном соотношении, какая страна имела наибольшие потери в период с 2005 по 2015 год?
ВыбратьАлжирАрменияГерманияГрецияИндияКазахстанКолумбияЛиванПанамаПеруПортугалияСенегалСоединенные ШтатыТаиландЮжная Корея"
MAT/MA161-ForestedAreas,4,5,Russian,rus-KAZ,"C
(
)
x2
yx
√x
1/x
π
÷
7
8
9
x
4
5
6
–
1
2
3
+
0
.
+/-
="
MAT/MA161-ForestedAreas,5,1,Russian,rus-KAZ,Калькуляторclose
MAT/MA161-ForestedAreas,5,2,Russian,rus-KAZ,PISA 2022
MAT/MA161-ForestedAreas,5,3,Russian,rus-KAZ,"ЛЕСНАЯ ПЛОЩАДЬ
В приведенной ниже таблице показано количество лесных площадей в процентах от общей площади земель в каждой из 15 стран в этом наборе данных. Данные показаны за 2005, 2010 и 2015 годы.
Столбец А ▾
Столбец Б
Столбец В
Столбец Г
Столбец Д
Столбец Е
Столбец Ж
Страна
2005
2010
2015
Алжир0.640.810.82Армения11.7711.7411.77Германия32.6632.7332.76Греция29.1130.2831.45Индия22.7723.4723.77Казахстан1.241.231.23Колумбия54.2652.8552.73Ливан13.3413.3813.42Панама64.3363.2162.11Перу59.0158.4557.79Португалия36.5235.8935.25Сенегал45.0544.0142.97Соединенные Штаты33.2633.733.85Таиланд31.5131.8132.1Южная Корея64.4264.0863.69
Вычислить
Столбец
Столбец Б
Столбец В
Столбец Г
Столбец Д
Столбец Е
Столбец Ж
Операция
Сложить
Вычесть
Умножить
Разделить
Столбец
Столбец Б
Столбец В
Столбец Г
Столбец Д
Столбец Е
Столбец Ж
Выполнить
Среднее значение
Столбец
Столбец Б
Столбец В
Столбец Г
Столбец Д
Столбец Е
Столбец Ж
Выполнить
Очистить все
closeОК"
MAT/MA161-ForestedAreas,5,4,Russian,rus-KAZ,"Лесная площадь  Вопрос 2 / 4
Как использовать электронную таблицу
Кликните на , чтобы отсортировать столбец в возрастающем (от меньшего к большему) порядке.  Кликните на иконку снова, чтобы отсортировать столбец в убывающем (от большего к меньшему) порядке.
Для выполнения расчетов:
Выберите столбец из первого выпадающего меню.
Выберите операцию из среднего выпадающего меню.
Выберите столбец из последнего выпадающего меню.
Нажмите на кнопку «Выполнить».
Результаты будут отображены в первом доступном пустом столбце.
Чтобы отобразить среднее значение столбца, выберите столбец из выпадающего меню и нажмите «Выполнить». Результат будет отображен в ячейке под столбцом.
Чтобы отменить действие в столбце, кликните по .
Чтобы очистить столбец, кликните по .
Чтобы полностью очистить таблицу, кликните по кнопке «Очистить все».
Посмотрите на задание «Лесная площадь» справа. Используйте электронную таблицу, которая поможет Вам ответить на вопрос ниже. Выберите ответ и кликните по нему мышью.
Рассмотрим два периода времени: с 2005 по 2010 год и с 2010 по 2015 год.
Какое из следующих утверждений правильно описывает среднее изменение в процентах лесной площади за оба периода времени?
Среднее изменение было положительным для обоих периодов времени.
Среднее изменение было отрицательным для обоих периодов времени.
Среднее изменение было одинаковым для обоих периодов времени.
Среднее изменение было положительным для одного периода времени и отрицательным для другого периода времени."
MAT/MA161-ForestedAreas,5,5,Russian,rus-KAZ,"C
(
)
x2
yx
√x
1/x
π
÷
7
8
9
x
4
5
6
–
1
2
3
+
0
.
+/-
="
MAT/MA161-ForestedAreas,6,1,Russian,rus-KAZ,Калькуляторclose
MAT/MA161-ForestedAreas,6,2,Russian,rus-KAZ,PISA 2022
MAT/MA161-ForestedAreas,6,3,Russian,rus-KAZ,"ЛЕСНАЯ ПЛОЩАДЬ
В приведенной ниже таблице показано количество лесных площадей в процентах от общей площади земель в каждой из 15 стран в этом наборе данных. Данные показаны за 2005, 2010 и 2015 годы.
Столбец А ▾
Столбец Б
Столбец В
Столбец Г
Столбец Д
Столбец Е
Столбец Ж
Страна
2005
2010
2015
Алжир0.640.810.82Армения11.7711.7411.77Германия32.6632.7332.76Греция29.1130.2831.45Индия22.7723.4723.77Казахстан1.241.231.23Колумбия54.2652.8552.73Ливан13.3413.3813.42Панама64.3363.2162.11Перу59.0158.4557.79Португалия36.5235.8935.25Сенегал45.0544.0142.97Соединенные Штаты33.2633.733.85Таиланд31.5131.8132.1Южная Корея64.4264.0863.69
Вычислить
Столбец
Столбец Б
Столбец В
Столбец Г
Столбец Д
Столбец Е
Столбец Ж
Операция
Сложить
Вычесть
Умножить
Разделить
Столбец
Столбец Б
Столбец В
Столбец Г
Столбец Д
Столбец Е
Столбец Ж
Выполнить
Среднее значение
Столбец
Столбец Б
Столбец В
Столбец Г
Столбец Д
Столбец Е
Столбец Ж
Выполнить
Очистить все
closeОК"
MAT/MA161-ForestedAreas,6,4,Russian,rus-KAZ,"Лесная площадь  Вопрос 3 / 4
Как использовать электронную таблицу
Кликните на , чтобы отсортировать столбец в возрастающем (от меньшего к большему) порядке.  Кликните на иконку снова, чтобы отсортировать столбец в убывающем (от большего к меньшему) порядке.
Для выполнения расчетов:
Выберите столбец из первого выпадающего меню.
Выберите операцию из среднего выпадающего меню.
Выберите столбец из последнего выпадающего меню.
Нажмите на кнопку «Выполнить».
Результаты будут отображены в первом доступном пустом столбце.
Чтобы отобразить среднее значение столбца, выберите столбец из выпадающего меню и нажмите «Выполнить». Результат будет отображен в ячейке под столбцом.
Чтобы отменить действие в столбце, кликните по .
Чтобы очистить столбец, кликните по .
Чтобы полностью очистить таблицу, кликните по кнопке «Очистить все».
Посмотрите на задание «Лесная площадь» справа. Используйте электронную таблицу, которая поможет Вам ответить на вопрос ниже. Выберите Ваш ответ на вопрос из выпадающих меню.
Рассмотрим два периода времени: с 2005 по 2010 год и с 2010 по 2015 год.
В процентном выражении, какие две страны имели наибольшее изменение процента лесной площади от одного периода времени к следующему?
Ответы:
ВыбратьАлжирАрменияГерманияГрецияИндияКазахстанКолумбияЛиванПанамаПеруПортугалияСенегалСоединенные ШтатыТаиландЮжная Корея
и
ВыбратьАлжирАрменияГерманияГрецияИндияКазахстанКолумбияЛиванПанамаПеруПортугалияСенегалСоединенные ШтатыТаиландЮжная Корея"
MAT/MA161-ForestedAreas,6,5,Russian,rus-KAZ,"C
(
)
x2
yx
√x
1/x
π
÷
7
8
9
x
4
5
6
–
1
2
3
+
0
.
+/-
="
MAT/MA161-ForestedAreas,7,1,Russian,rus-KAZ,Калькуляторclose
MAT/MA161-ForestedAreas,7,2,Russian,rus-KAZ,PISA 2022
MAT/MA161-ForestedAreas,7,3,Russian,rus-KAZ,"ЛЕСНАЯ ПЛОЩАДЬ
В приведенной ниже таблице показано количество лесных площадей в процентах от общей площади земель в каждой из 15 стран в этом наборе данных. Данные показаны за 2005, 2010 и 2015 годы.
Столбец А ▾
Столбец Б
Столбец В
Столбец Г
Столбец Д
Столбец Е
Столбец Ж
Страна
2005
2010
2015
Алжир0.640.810.82Армения11.7711.7411.77Германия32.6632.7332.76Греция29.1130.2831.45Индия22.7723.4723.77Казахстан1.241.231.23Колумбия54.2652.8552.73Ливан13.3413.3813.42Панама64.3363.2162.11Перу59.0158.4557.79Португалия36.5235.8935.25Сенегал45.0544.0142.97Соединенные Штаты33.2633.733.85Таиланд31.5131.8132.1Южная Корея64.4264.0863.69
Вычислить
Столбец
Столбец Б
Столбец В
Столбец Г
Столбец Д
Столбец Е
Столбец Ж
Операция
Сложить
Вычесть
Умножить
Разделить
Столбец
Столбец Б
Столбец В
Столбец Г
Столбец Д
Столбец Е
Столбец Ж
Выполнить
Среднее значение
Столбец
Столбец Б
Столбец В
Столбец Г
Столбец Д
Столбец Е
Столбец Ж
Выполнить
Очистить все
closeОК"
MAT/MA161-ForestedAreas,7,4,Russian,rus-KAZ,"Лесная площадь  Вопрос 4 / 4
Как использовать электронную таблицу
Кликните на , чтобы отсортировать столбец в возрастающем (от меньшего к большему) порядке.  Кликните на иконку снова, чтобы отсортировать столбец в убывающем (от большего к меньшему) порядке.
Для выполнения расчетов:
Выберите столбец из первого выпадающего меню.
Выберите операцию из среднего выпадающего меню.
Выберите столбец из последнего выпадающего меню.
Нажмите на кнопку «Выполнить».
Результаты будут отображены в первом доступном пустом столбце.
Чтобы отобразить среднее значение столбца, выберите столбец из выпадающего меню и нажмите «Выполнить». Результат будет отображен в ячейке под столбцом.
Чтобы отменить действие в столбце, кликните по .
Чтобы очистить столбец, кликните по .
Чтобы полностью очистить таблицу, кликните по кнопке «Очистить все».
Посмотрите на задание «Лесная площадь» справа. Используйте электронную таблицу, которая поможет Вам ответить на вопрос ниже. Выберите ответ, кликните по нему мышью, а затем напечатайте пояснение к Вашему ответу.
Елена утверждает, что Южная Корея имеет больше лесных площадей, чем любая другая страна в этом списке за указанные годы.
Поддерживается ли ее заявление данными в электронной таблице?
Да
Нет
Объясните свой ответ."
MAT/MA161-ForestedAreas,7,5,Russian,rus-KAZ,"C
(
)
x2
yx
√x
1/x
π
÷
7
8
9
x
4
5
6
–
1
2
3
+
0
.
+/-
="
MAT/MA161-ForestedAreas,1,1,Serbian / Serb,srp-SRB,Kalkulatorclose
MAT/MA161-ForestedAreas,1,2,Serbian / Serb,srp-SRB,PISA 2022
MAT/MA161-ForestedAreas,1,3,Serbian / Serb,srp-SRB,"Površina pod šumom  Uvod
Pročitaj uvod, zatim klikni na strelicu DALJE.
POVRŠINA POD ŠUMOM
U ovoj celini ćeš koristiti tabelu da odgovoriš na pitanja u vezi sa sledećom situacijom:
Šuma je ekosistem u kojem se mogu naći raznovrsno drveće, biljke i životinje.
Veličina površine pod šumom u nekoj zemlji se vremenom može menjati.
Na sledećem ekranu ćeš vežbati kako da koristiš  tabelu."
MAT/MA161-ForestedAreas,1,4,Serbian / Serb,srp-SRB,"C
(
)
x2
yx
√x
1/x
π
÷
7
8
9
x
4
5
6
–
1
2
3
+
0
.
+/-
="
MAT/MA161-ForestedAreas,2,1,Serbian / Serb,srp-SRB,Kalkulatorclose
MAT/MA161-ForestedAreas,2,2,Serbian / Serb,srp-SRB,PISA 2022
MAT/MA161-ForestedAreas,2,3,Serbian / Serb,srp-SRB,"POVRŠINA POD ŠUMOM
Tabela ispod pokazuje veličinu površine pod šumom izraženu kao procenat ukupne površine zemljišta u svakoj od 15 zemalja u ovom skupu podataka. Podaci su prikazani za 2005, 2010. i 2015. godinu.
Kolona A ▾
Kolona B
Kolona C
Kolona D
Kolona E
Kolona F
Kolona G
Zemlja
2005.
2010.
2015.
Alžir0,640,810,82Grčka29,1130,2831,45Indija22,7723,4723,77Jermenija11,7711,7411,77Južna Koreja64,4264,0863,69Kazahstan1,241,231,23Kolumbija54,2652,8552,73Liban13,3413,3813,42Nemačka32,6632,7332,76Panama64,3363,2162,11Peru59,0158,4557,79Portugalija36,5235,8935,25Senegal45,0544,0142,97Sjedinjene Američke Države33,2633,733,85Tajland31,5131,8132,1
Izračunaj
Kolona
Kolona B
Kolona C
Kolona D
Kolona E
Kolona F
Kolona G
Operacija
Saberi
Oduzmi
Pomnoži
Podeli
Kolona
Kolona B
Kolona C
Kolona D
Kolona E
Kolona F
Kolona G
Pokreni
Srednja vrednost
Kolona
Kolona B
Kolona C
Kolona D
Kolona E
Kolona F
Kolona G
Pokreni
Izbriši sve
closeOK"
MAT/MA161-ForestedAreas,2,4,Serbian / Serb,srp-SRB,"Površina pod šumom  Vežba
Sada ćeš vežbati korišćenje tabele pre nego što pređeš na pitanja.
Koristi tabelu da izvršiš sledeće tri radnje.
Sortiraj kolonu.
Klikni na simbol  u koloni B, C ili D da podatke u toj koloni poređaš rastućim redom (od najnižeg do najvišeg).
Imaj na umu da će se sve kolone sortirati na onaj način na koji je sortirana bilo koja od kolona.
Izvrši izračunavanje
Izaberi kolonu iz prvog padajućeg menija smeštenog ispod tabele.
Zatim izaberi operaciju iz srednjeg padajućeg menija.
Zatim izaberi kolonu iz zadnjeg padajućeg menija.
Klikni na „Pokreni”.
Rezultati će se prikazati u prvoj dostupnoj praznoj koloni.
Prikaži srednju (prosečnu) vrednost kolone.
Izaberi kolonu iz padajućeg menija uz „Srednju vrednost” smeštenog ispod tabele.
Klikni na „Pokreni”.
Rezultat će se prikazati u polju ispod te kolone.
Klikni na  da nastaviš."
MAT/MA161-ForestedAreas,2,5,Serbian / Serb,srp-SRB,"C
(
)
x2
yx
√x
1/x
π
÷
7
8
9
x
4
5
6
–
1
2
3
+
0
.
+/-
="
MAT/MA161-ForestedAreas,3,1,Serbian / Serb,srp-SRB,Kalkulatorclose
MAT/MA161-ForestedAreas,3,2,Serbian / Serb,srp-SRB,PISA 2022
MAT/MA161-ForestedAreas,3,3,Serbian / Serb,srp-SRB,"POVRŠINA POD ŠUMOM
Tabela ispod pokazuje veličinu površine pod šumom izraženu kao procenat ukupne površine zemljišta u svakoj od 15 zemalja u ovom skupu podataka. Podaci su prikazani za 2005, 2010. i 2015. godinu.
Kolona A ▾
Kolona B
Kolona C
Kolona D
Kolona E
Kolona F
Kolona G
Zemlja
2005.
2010.
2015.
Alžir0,640,810,82Grčka29,1130,2831,45Indija22,7723,4723,77Jermenija11,7711,7411,77Južna Koreja64,4264,0863,69Kazahstan1,241,231,23Kolumbija54,2652,8552,73Liban13,3413,3813,42Nemačka32,6632,7332,76Panama64,3363,2162,11Peru59,0158,4557,79Portugalija36,5235,8935,25Senegal45,0544,0142,97Sjedinjene Američke Države33,2633,733,85Tajland31,5131,8132,1
Izračunaj
Kolona
Kolona B
Kolona C
Kolona D
Kolona E
Kolona F
Kolona G
Operacija
Saberi
Oduzmi
Pomnoži
Podeli
Kolona
Kolona B
Kolona C
Kolona D
Kolona E
Kolona F
Kolona G
Pokreni
Srednja vrednost
Kolona
Kolona B
Kolona C
Kolona D
Kolona E
Kolona F
Kolona G
Pokreni
Izbriši sve
closeOK"
MAT/MA161-ForestedAreas,3,4,Serbian / Serb,srp-SRB,"Površine pod šumom  Uputstva
Uputstva za korišćenje tabele su dostupna u svakom pitanju.
Nalaze se u meniju pod nazivom „Kako da koristiš tabelu” koji se može otvoriti i zatvoriti.
Klikni na traku ispod da otvoriš uputstva. Klikni na traku još jednom da zatvoriš uputstva.
Kako da koristiš tabelu
Klikni na  da sortiraš podatke u koloni rastućim (od najnižeg do najvišeg) redom.  Klikni na tu ikonu još jednom da sortiraš podatke u koloni opadajućim (od najvišeg do najnižeg) redom.
Da izvršiš izračunavanja:
Izaberi kolonu iz prvog padajućeg menija.
Izaberi operaciju iz srednjeg padajućeg menija.
Izaberi kolonu iz zadnjeg padajućeg menija.
Klikni na „Pokreni”.
Rezultati će se prikazati u prvoj dostupnoj praznoj koloni.
Da prikažeš srednju (prosečnu) vrednost kolone, izaberi kolonu iz padajućeg menija i klikni „Pokreni”. Rezultat će se prikazati u polju ispod te kolone.
Da poništiš radnju u koloni, klikni na .
Da izbrišeš kolonu, klikni na .
Da potpuno izbrišeš tabelu, klikni na „Izbriši sve”.
Klikni na  da nastaviš."
MAT/MA161-ForestedAreas,3,5,Serbian / Serb,srp-SRB,"C
(
)
x2
yx
√x
1/x
π
÷
7
8
9
x
4
5
6
–
1
2
3
+
0
.
+/-
="
MAT/MA161-ForestedAreas,4,1,Serbian / Serb,srp-SRB,Kalkulatorclose
MAT/MA161-ForestedAreas,4,2,Serbian / Serb,srp-SRB,PISA 2022
MAT/MA161-ForestedAreas,4,3,Serbian / Serb,srp-SRB,"POVRŠINA POD ŠUMOM
Tabela ispod pokazuje veličinu površine pod šumom izraženu kao procenat ukupne površine zemljišta u svakoj od 15 zemalja u ovom skupu podataka. Podaci su prikazani za 2005, 2010. i 2015. godinu.
Kolona A ▾
Kolona B
Kolona C
Kolona D
Kolona E
Kolona F
Kolona G
Zemlja
2005.
2010.
2015.
Alžir0,640,810,82Grčka29,1130,2831,45Indija22,7723,4723,77Jermenija11,7711,7411,77Južna Koreja64,4264,0863,69Kazahstan1,241,231,23Kolumbija54,2652,8552,73Liban13,3413,3813,42Nemačka32,6632,7332,76Panama64,3363,2162,11Peru59,0158,4557,79Portugalija36,5235,8935,25Senegal45,0544,0142,97Sjedinjene Američke Države33,2633,733,85Tajland31,5131,8132,1
Izračunaj
Kolona
Kolona B
Kolona C
Kolona D
Kolona E
Kolona F
Kolona G
Operacija
Saberi
Oduzmi
Pomnoži
Podeli
Kolona
Kolona B
Kolona C
Kolona D
Kolona E
Kolona F
Kolona G
Pokreni
Srednja vrednost
Kolona
Kolona B
Kolona C
Kolona D
Kolona E
Kolona F
Kolona G
Pokreni
Izbriši sve
closeOK"
MAT/MA161-ForestedAreas,4,4,Serbian / Serb,srp-SRB,"Površina pod šumom  Pitanje 1 / 4
Kako da koristiš tabelu
Klikni na  da sortiraš podatke u koloni rastućim (od najnižeg do najvišeg) redom.  Klikni na tu ikonu još jednom da sortiraš podatke u koloni opadajućim (od najvišeg do najnižeg) redom.
Da izvršiš izračunavanja:
Izaberi kolonu iz prvog padajućeg menija.
Izaberi operaciju iz srednjeg padajućeg menija.
Izaberi kolonu iz zadnjeg padajućeg menija.
Klikni na „Pokreni”.
Rezultati će se prikazati u prvoj dostupnoj praznoj koloni.
Da prikažeš srednju (prosečnu) vrednost kolone, izaberi kolonu iz padajućeg menija i klikni „Pokreni”. Rezultat će se prikazati u polju ispod te kolone.
Da poništiš radnju u koloni, klikni na .
Da izbrišeš kolonu, klikni na .
Da potpuno izbrišeš tabelu, klikni na „Izbriši sve”.
Koristi informacije iz teksta „Površina pod šumom” sa desne strane. Koristi tabelu da ti pomogne da odgovoriš na pitanje ispod. Odgovori na svako pitanje tako što ćeš izabrati odgovor iz padajućih menija.
Odgovori na svako pitanje u tabeli ispod tako što ćeš izabrati zemlju iz odgovarajućeg padajućeg menija.
Pitanje
Zemlja
U smislu procentnih poena, koja zemlja je ostvarila najviši rast između 2005. i 2015. godine?
IzaberiAlžirGrčkaIndijaJermenijaJužna KorejaKazahstanKolumbijaLibanNemačkaPanamaPeruPortugalijaSenegalSjedinjene Američke DržaveTajland
U kojoj zemlji nije bilo ukupne promene između 2005. i 2015. godine?
IzaberiAlžirGrčkaIndijaJermenijaJužna KorejaKazahstanKolumbijaLibanNemačkaPanamaPeruPortugalijaSenegalSjedinjene Američke DržaveTajland
U smislu procentnih poena, koja zemlja je ostvarila najveći gubitak između 2005. i 2015. godine?
IzaberiAlžirGrčkaIndijaJermenijaJužna KorejaKazahstanKolumbijaLibanNemačkaPanamaPeruPortugalijaSenegalSjedinjene Američke DržaveTajland"
MAT/MA161-ForestedAreas,4,5,Serbian / Serb,srp-SRB,"C
(
)
x2
yx
√x
1/x
π
÷
7
8
9
x
4
5
6
–
1
2
3
+
0
.
+/-
="
MAT/MA161-ForestedAreas,5,1,Serbian / Serb,srp-SRB,Kalkulatorclose
MAT/MA161-ForestedAreas,5,2,Serbian / Serb,srp-SRB,PISA 2022
MAT/MA161-ForestedAreas,5,3,Serbian / Serb,srp-SRB,"POVRŠINA POD ŠUMOM
Tabela ispod pokazuje veličinu površine pod šumom izraženu kao procenat ukupne površine zemljišta u svakoj od 15 zemalja u ovom skupu podataka. Podaci su prikazani za 2005, 2010. i 2015. godinu.
Kolona A ▾
Kolona B
Kolona C
Kolona D
Kolona E
Kolona F
Kolona G
Zemlja
2005.
2010.
2015.
Alžir0,640,810,82Grčka29,1130,2831,45Indija22,7723,4723,77Jermenija11,7711,7411,77Južna Koreja64,4264,0863,69Kazahstan1,241,231,23Kolumbija54,2652,8552,73Liban13,3413,3813,42Nemačka32,6632,7332,76Panama64,3363,2162,11Peru59,0158,4557,79Portugalija36,5235,8935,25Senegal45,0544,0142,97Sjedinjene Američke Države33,2633,733,85Tajland31,5131,8132,1
Izračunaj
Kolona
Kolona B
Kolona C
Kolona D
Kolona E
Kolona F
Kolona G
Operacija
Saberi
Oduzmi
Pomnoži
Podeli
Kolona
Kolona B
Kolona C
Kolona D
Kolona E
Kolona F
Kolona G
Pokreni
Srednja vrednost
Kolona
Kolona B
Kolona C
Kolona D
Kolona E
Kolona F
Kolona G
Pokreni
Izbriši sve
closeOK"
MAT/MA161-ForestedAreas,5,4,Serbian / Serb,srp-SRB,"Površina pod šumom  Pitanje 2 / 4
Kako da koristiš tabelu
Klikni na  da sortiraš podatke u koloni rastućim (od najnižeg do najvišeg) redom.  Klikni na tu ikonu još jednom da sortiraš podatke u koloni opadajućim (od najvišeg do najnižeg) redom.
Da izvršiš izračunavanja:
Izaberi kolonu iz prvog padajućeg menija.
Izaberi operaciju iz srednjeg padajućeg menija.
Izaberi kolonu iz zadnjeg padajućeg menija.
Klikni na „Pokreni”.
Rezultati će se prikazati u prvoj dostupnoj praznoj koloni.
Da prikažeš srednju (prosečnu) vrednost kolone, izaberi kolonu iz padajućeg menija i klikni „Pokreni”. Rezultat će se prikazati u polju ispod te kolone.
Da poništiš radnju u koloni, klikni na .
Da izbrišeš kolonu, klikni na .
Da potpuno izbrišeš tabelu, klikni na „Izbriši sve”.
Koristi informacije iz teksta „Površina pod šumom” sa desne strane. Koristi tabelu da ti pomogne da odgovoriš na pitanje ispod. Odgovori na pitanje tako što ćeš kliknuti ispred izabranog odgovora.
Razmotri dva perioda: od 2005. do 2010. godine i od 2010. do 2015. godine.
Koja od sledećih tvrdnji tačno opisuje srednju vrednost promene u procentima površine pod šumom za oba perioda?
Srednja vrednost promene je bila pozitivna za oba perioda.
Srednja vrednost promene je bila negativna za oba perioda.
Srednja vrednost promene je bila ista za oba perioda.
Srednja vrednost promene je bila pozitivna za jedan period a negativna za drugi period."
MAT/MA161-ForestedAreas,5,5,Serbian / Serb,srp-SRB,"C
(
)
x2
yx
√x
1/x
π
÷
7
8
9
x
4
5
6
–
1
2
3
+
0
.
+/-
="
MAT/MA161-ForestedAreas,6,1,Serbian / Serb,srp-SRB,Kalkulatorclose
MAT/MA161-ForestedAreas,6,2,Serbian / Serb,srp-SRB,PISA 2022
MAT/MA161-ForestedAreas,6,3,Serbian / Serb,srp-SRB,"POVRŠINA POD ŠUMOM
Tabela ispod pokazuje veličinu površine pod šumom izraženu kao procenat ukupne površine zemljišta u svakoj od 15 zemalja u ovom skupu podataka. Podaci su prikazani za 2005, 2010. i 2015. godinu.
Kolona A ▾
Kolona B
Kolona C
Kolona D
Kolona E
Kolona F
Kolona G
Zemlja
2005.
2010.
2015.
Alžir0,640,810,82Grčka29,1130,2831,45Indija22,7723,4723,77Jermenija11,7711,7411,77Južna Koreja64,4264,0863,69Kazahstan1,241,231,23Kolumbija54,2652,8552,73Liban13,3413,3813,42Nemačka32,6632,7332,76Panama64,3363,2162,11Peru59,0158,4557,79Portugalija36,5235,8935,25Senegal45,0544,0142,97Sjedinjene Američke Države33,2633,733,85Tajland31,5131,8132,1
Izračunaj
Kolona
Kolona B
Kolona C
Kolona D
Kolona E
Kolona F
Kolona G
Operacija
Saberi
Oduzmi
Pomnoži
Podeli
Kolona
Kolona B
Kolona C
Kolona D
Kolona E
Kolona F
Kolona G
Pokreni
Srednja vrednost
Kolona
Kolona B
Kolona C
Kolona D
Kolona E
Kolona F
Kolona G
Pokreni
Izbriši sve
closeOK"
MAT/MA161-ForestedAreas,6,4,Serbian / Serb,srp-SRB,"Površina pod šumom  Pitanje 3 / 4
Kako da koristiš tabelu
Klikni na  da sortiraš podatke u koloni rastućim (od najnižeg do najvišeg) redom.  Klikni na tu ikonu još jednom da sortiraš podatke u koloni opadajućim (od najvišeg do najnižeg) redom.
Da izvršiš izračunavanja:
Izaberi kolonu iz prvog padajućeg menija.
Izaberi operaciju iz srednjeg padajućeg menija.
Izaberi kolonu iz zadnjeg padajućeg menija.
Klikni na „Pokreni”.
Rezultati će se prikazati u prvoj dostupnoj praznoj koloni.
Da prikažeš srednju (prosečnu) vrednost kolone, izaberi kolonu iz padajućeg menija i klikni „Pokreni”. Rezultat će se prikazati u polju ispod te kolone.
Da poništiš radnju u koloni, klikni na .
Da izbrišeš kolonu, klikni na .
Da potpuno izbrišeš tabelu, klikni na „Izbriši sve”.
Koristi informacije iz teksta „Površina pod šumom” sa desne strane. Koristi tabelu da ti pomogne da odgovoriš na pitanje ispod. Odgovori na pitanje tako što ćeš izabrati odgovor iz padajućih menija.
Razmotri dva perioda: od 2005. do 2010. godine i od 2010. do 2015. godine.
U smislu procentnih poena, koje dve zemlje su imale najveću promenu procenta površine pod šumom od jednog perioda do drugog perioda?
Odgovori:
IzaberiAlžirGrčkaIndijaJermenijaJužna KorejaKazahstanKolumbijaLibanNemačkaPanamaPeruPortugalijaSenegalSjedinjene Američke DržaveTajland
i
IzaberiAlžirGrčkaIndijaJermenijaJužna KorejaKazahstanKolumbijaLibanNemačkaPanamaPeruPortugalijaSenegalSjedinjene Američke DržaveTajland"
MAT/MA161-ForestedAreas,6,5,Serbian / Serb,srp-SRB,"C
(
)
x2
yx
√x
1/x
π
÷
7
8
9
x
4
5
6
–
1
2
3
+
0
.
+/-
="
MAT/MA161-ForestedAreas,7,1,Serbian / Serb,srp-SRB,Kalkulatorclose
MAT/MA161-ForestedAreas,7,2,Serbian / Serb,srp-SRB,PISA 2022
MAT/MA161-ForestedAreas,7,3,Serbian / Serb,srp-SRB,"POVRŠINA POD ŠUMOM
Tabela ispod pokazuje veličinu površine pod šumom izraženu kao procenat ukupne površine zemljišta u svakoj od 15 zemalja u ovom skupu podataka. Podaci su prikazani za 2005, 2010. i 2015. godinu.
Kolona A ▾
Kolona B
Kolona C
Kolona D
Kolona E
Kolona F
Kolona G
Zemlja
2005.
2010.
2015.
Alžir0,640,810,82Grčka29,1130,2831,45Indija22,7723,4723,77Jermenija11,7711,7411,77Južna Koreja64,4264,0863,69Kazahstan1,241,231,23Kolumbija54,2652,8552,73Liban13,3413,3813,42Nemačka32,6632,7332,76Panama64,3363,2162,11Peru59,0158,4557,79Portugalija36,5235,8935,25Senegal45,0544,0142,97Sjedinjene Američke Države33,2633,733,85Tajland31,5131,8132,1
Izračunaj
Kolona
Kolona B
Kolona C
Kolona D
Kolona E
Kolona F
Kolona G
Operacija
Saberi
Oduzmi
Pomnoži
Podeli
Kolona
Kolona B
Kolona C
Kolona D
Kolona E
Kolona F
Kolona G
Pokreni
Srednja vrednost
Kolona
Kolona B
Kolona C
Kolona D
Kolona E
Kolona F
Kolona G
Pokreni
Izbriši sve
closeOK"
MAT/MA161-ForestedAreas,7,4,Serbian / Serb,srp-SRB,"Površina pod šumom  Pitanje 4 / 4
Kako da koristiš tabelu
Klikni na  da sortiraš podatke u koloni rastućim (od najnižeg do najvišeg) redom.  Klikni na tu ikonu još jednom da sortiraš podatke u koloni opadajućim (od najvišeg do najnižeg) redom.
Da izvršiš izračunavanja:
Izaberi kolonu iz prvog padajućeg menija.
Izaberi operaciju iz srednjeg padajućeg menija.
Izaberi kolonu iz zadnjeg padajućeg menija.
Klikni na „Pokreni”.
Rezultati će se prikazati u prvoj dostupnoj praznoj koloni.
Da prikažeš srednju (prosečnu) vrednost kolone, izaberi kolonu iz padajućeg menija i klikni „Pokreni”. Rezultat će se prikazati u polju ispod te kolone.
Da poništiš radnju u koloni, klikni na .
Da izbrišeš kolonu, klikni na .
Da potpuno izbrišeš tabelu, klikni na „Izbriši sve”.
Koristi informacije iz teksta „Površina pod šumom” sa desne strane. Koristi tabelu da ti pomogne da odgovoriš na pitanje ispod. Odgovori na pitanje tako što ćeš kliknuti ispred izabranog odgovora, a zatim obrazloži svoj izbor.
Hristina tvrdi da Južna Koreja ima više površine pod šumom nego ijedna druga zemlja na ovoj listi za prikazane godine.
Potkrepljuju li njenu tvrdnju podaci u tabeli?
Da
Ne
Obrazloži svoj odgovor."
MAT/MA161-ForestedAreas,7,5,Serbian / Serb,srp-SRB,"C
(
)
x2
yx
√x
1/x
π
÷
7
8
9
x
4
5
6
–
1
2
3
+
0
.
+/-
="
MAT/MA161-ForestedAreas,1,1,Slovak,slo-SVK,Kalkulačkaclose
MAT/MA161-ForestedAreas,1,2,Slovak,slo-SVK,PISA
MAT/MA161-ForestedAreas,1,3,Slovak,slo-SVK,"Zalesnené územie  Úvod
Prečítaj si úvod. Potom klikni na šípku ĎALEJ.
ZALESNENÉ ÚZEMIE
V tejto úlohe budeš používať tabuľkový procesor na zodpovedanie otázok týkajúcich sa nasledujúcej situácie:
Les je ekosystém, v ktorom je možné nájsť rôzne druhy stromov, rastlín a živočíchov.
Veľkosť zalesneného územia krajiny sa v priebehu času môže meniť.
Prácu s tabuľkovým procesorom si vyskúšaš na nasledujúcej obrazovke."
MAT/MA161-ForestedAreas,1,4,Slovak,slo-SVK,"C
(
)
x2
yx
√x
1/x
π
÷
7
8
9
x
4
5
6
–
1
2
3
+
0
,
+/-
="
MAT/MA161-ForestedAreas,2,1,Slovak,slo-SVK,Kalkulačkaclose
MAT/MA161-ForestedAreas,2,2,Slovak,slo-SVK,PISA
MAT/MA161-ForestedAreas,2,3,Slovak,slo-SVK,"ZALESNENÉ ÚZEMIE
V nasledujúcom tabuľkovom procesore je súbor údajov, ktorý vyjadruje veľkosť zalesneného územia ako percentuálny podiel z celkového pôdneho fondu pre každú z 15 krajín. Údaje sa týkajú rokov 2005, 2010 a 2015.
Stĺpec A
Stĺpec B
Stĺpec C
Stĺpec D
Stĺpec E
Stĺpec F
Stĺpec G
Krajina
2005
2010
2015
Vypočítať
Stĺpec
Stĺpec B
Stĺpec C
Stĺpec D
Stĺpec E
Stĺpec F
Stĺpec G
Operácia
Sčítanie
Odčítanie
Násobenie
Delenie
Stĺpec
Stĺpec B
Stĺpec C
Stĺpec D
Stĺpec E
Stĺpec F
Stĺpec G
Spustiť
Priemer
Stĺpec
Stĺpec B
Stĺpec C
Stĺpec D
Stĺpec E
Stĺpec F
Stĺpec G
Spustiť
Vymazať všetko"
MAT/MA161-ForestedAreas,2,4,Slovak,slo-SVK,"Zalesnené územie  Vyskúšaj si to.
Predtým, ako prejdeš k otázkam, precvičíš si prácu s tabuľkovým procesorom.
Použi tabuľkový procesor na vykonanie nasledujúcich troch úkonov.
Zoradenie údajov v stĺpci.
Klikni na symbol  v stĺpci B, C alebo D a zoraď tak hodnoty v príslušnom stĺpci vo vzostupnom poradí (od najnižšej hodnoty po najvyššiu).
Všimni si, že spôsobu zoradenia jedného stĺpca sa prispôsobia aj všetky ostatné stĺpce.
Urob výpočet
Vyber stĺpec z prvého rozbaľovacieho zoznamu, ktorý sa nachádza pod tabuľkovým procesorom.
Potom vyber z prostredného rozbaľovacieho zoznamu operáciu.
Potom vyber stĺpec z posledného rozbaľovacieho zoznamu.
Klikni na tlačidlo „Spustiť“.
Výsledky sa zobrazia v prvom prázdnom stĺpci, ktorý bude k dispozícii.
Zobrazenie strednej (priemernej) hodnoty stĺpca
Vyber stĺpec z rozbaľovacieho zoznamu vedľa možnosti „Priemer“, ktorá sa nachádza pod tabuľkovým procesorom.
Klikni na tlačidlo „Spustiť“.
Výsledok sa zobrazí v bunke pod týmto stĺpcom.
Pokračuj kliknutím na ."
MAT/MA161-ForestedAreas,2,5,Slovak,slo-SVK,"C
(
)
x2
yx
√x
1/x
π
÷
7
8
9
x
4
5
6
–
1
2
3
+
0
,
+/-
="
MAT/MA161-ForestedAreas,3,1,Slovak,slo-SVK,Kalkulačkaclose
MAT/MA161-ForestedAreas,3,2,Slovak,slo-SVK,PISA
MAT/MA161-ForestedAreas,3,3,Slovak,slo-SVK,"ZALESNENÉ ÚZEMIE
V nasledujúcom tabuľkovom procesore je súbor údajov, ktorý vyjadruje veľkosť zalesneného územia ako percentuálny podiel z celkového pôdneho fondu pre každú z 15 krajín. Údaje sa týkajú rokov 2005, 2010 a 2015.
Stĺpec A ▾
Stĺpec B
Stĺpec C
Stĺpec D
Stĺpec E
Stĺpec F
Stĺpec G
Krajina
2005
2010
2015
Alžírsko0,640,810,82Arménsko11,7711,7411,77Grécko29,1130,2831,45India22,7723,4723,77Južná Kórea64,4264,0863,69Kazachstan1,241,231,23Kolumbia54,2652,8552,73Libanon13,3413,3813,42Nemecko32,6632,7332,76Panama64,3363,2162,11Peru59,0158,4557,79Portugalsko36,5235,8935,25Senegal45,0544,0142,97Spojené štáty33,2633,733,85Thajsko31,5131,8132,1
Vypočítať
Stĺpec
Stĺpec B
Stĺpec C
Stĺpec D
Stĺpec E
Stĺpec F
Stĺpec G
Operácia
Sčítanie
Odčítanie
Násobenie
Delenie
Stĺpec
Stĺpec B
Stĺpec C
Stĺpec D
Stĺpec E
Stĺpec F
Stĺpec G
Spustiť
Priemer
Stĺpec
Stĺpec B
Stĺpec C
Stĺpec D
Stĺpec E
Stĺpec F
Stĺpec G
Spustiť
Vymazať všetko
closeOK"
MAT/MA161-ForestedAreas,3,4,Slovak,slo-SVK,"Zalesnené územia  Pokyny
Pokyny viažuce sa k tomu, ako používať tabuľkový procesor, sú k dispozícii v každej otázke.
Nachádzajú sa v ponuke s názvom „Ako používať tabuľkový procesor“, ktorú si môžeš otvoriť a zatvoriť.
Kliknutím na lištu, ktorá sa nachádza nižšie, si zobrazíš pokyny. Opätovným kliknutím na lištu skryješ pokyny.
Ako používať tabuľkový procesor
Kliknutím na  zoradíš stĺpec vo vzostupnom poradí (od najnižšej hodnoty po najvyššiu).  Opätovným kliknutím na túto ikonu zoradíš stĺpec v zostupnom poradí (od najvyššej hodnoty po najnižšiu).
Ak chceš urobiť výpočet:
Vyber stĺpec z prvého rozbaľovacieho zoznamu.
Z prostredného rozbaľovacieho zoznamu vyber operáciu.
Vyber stĺpec z posledného rozbaľovacieho zoznamu.
Klikni na tlačidlo „Spustiť“.
Výsledky sa zobrazia v prvom prázdnom stĺpci, ktorý bude k dispozícii.
Ak chceš zobraziť priemer hodnôt v stĺpci, vyber stĺpec v rozbaľovacom zozname a klikni na „Spustiť“. Výsledok sa zobrazí v bunke pod týmto stĺpcom.
Ak chceš vrátiť úkon, ktorý si urobil/-a v stĺpci, klikni na .
Ak chces vymazať hodnoty v stĺpci, klikni na .
Ak chceš vymazať všetky hodnoty v tabuľke, klikni na „Vymazať všetko“.
Pokračuj kliknutím na ."
MAT/MA161-ForestedAreas,3,5,Slovak,slo-SVK,"C
(
)
x2
yx
√x
1/x
π
÷
7
8
9
x
4
5
6
–
1
2
3
+
0
,
+/-
="
MAT/MA161-ForestedAreas,4,1,Slovak,slo-SVK,Kalkulačkaclose
MAT/MA161-ForestedAreas,4,2,Slovak,slo-SVK,PISA
MAT/MA161-ForestedAreas,4,3,Slovak,slo-SVK,"ZALESNENÉ ÚZEMIE
V nasledujúcom tabuľkovom procesore je súbor údajov, ktorý vyjadruje veľkosť zalesneného územia ako percentuálny podiel z celkového pôdneho fondu pre každú z 15 krajín. Údaje sa týkajú rokov 2005, 2010 a 2015.
Stĺpec A ▾
Stĺpec B
Stĺpec C
Stĺpec D
Stĺpec E
Stĺpec F
Stĺpec G
Krajina
2005
2010
2015
Alžírsko0,640,810,82Arménsko11,7711,7411,77Grécko29,1130,2831,45India22,7723,4723,77Južná Kórea64,4264,0863,69Kazachstan1,241,231,23Kolumbia54,2652,8552,73Libanon13,3413,3813,42Nemecko32,6632,7332,76Panama64,3363,2162,11Peru59,0158,4557,79Portugalsko36,5235,8935,25Senegal45,0544,0142,97Spojené štáty33,2633,733,85Thajsko31,5131,8132,1
Vypočítať
Stĺpec
Stĺpec B
Stĺpec C
Stĺpec D
Stĺpec E
Stĺpec F
Stĺpec G
Operácia
Sčítanie
Odčítanie
Násobenie
Delenie
Stĺpec
Stĺpec B
Stĺpec C
Stĺpec D
Stĺpec E
Stĺpec F
Stĺpec G
Spustiť
Priemer
Stĺpec
Stĺpec B
Stĺpec C
Stĺpec D
Stĺpec E
Stĺpec F
Stĺpec G
Spustiť
Vymazať všetko
closeOK"
MAT/MA161-ForestedAreas,4,4,Slovak,slo-SVK,"Zalesnené územie  Otázka 1 / 4
Ako používať tabuľkový procesor
Kliknutím na  zoradíš stĺpec vo vzostupnom poradí (od najnižšej hodnoty po najvyššiu).  Opätovným kliknutím na túto ikonu zoradíš stĺpec v zostupnom poradí (od najvyššej hodnoty po najnižšiu).
Ak chceš urobiť výpočet:
Vyber stĺpec z prvého rozbaľovacieho zoznamu.
Z prostredného rozbaľovacieho zoznamu vyber operáciu.
Vyber stĺpec z posledného rozbaľovacieho zoznamu.
Klikni na tlačidlo „Spustiť“.
Výsledky sa zobrazia v prvom prázdnom stĺpci, ktorý bude k dispozícii.
Ak chceš zobraziť priemer hodnôt v stĺpci, vyber stĺpec v rozbaľovacom zozname a klikni na „Spustiť“. Výsledok sa zobrazí v bunke pod týmto stĺpcom.
Ak chceš vrátiť úkon, ktorý si urobil/-a v stĺpci, klikni na .
Ak chces vymazať hodnoty v stĺpci, klikni na .
Ak chceš vymazať všetky hodnoty v tabuľke, klikni na „Vymazať všetko“.
Použi informácie z materiálu „Zalesnené územie“ na pravej strane. Keď budeš odpovedať na nasledujúcu otázku, pomôž si tabuľkovým procesorom. Vyber z jednotlivých rozbaľovacích zoznamov a odpovedz tak na každú otázku.
V nasledujúcej tabuľke vyber z príslušného rozbaľovacieho zoznamu krajinu a odpovedz tak na každú z otázok.
Otázka
Krajina
V ktorej krajine zaznamenali v rozmedzí rokov 2005 a 2015 najvyšší nárast vyjadrený v percentuálnych bodoch?
VyberAlžírskoArménskoGréckoIndiaJužná KóreaKazachstanKolumbiaLibanonNemeckoPanamaPeruPortugalskoSenegalSpojené štátyThajsko
V ktorej krajine nezaznamenali v rozmedzí rokov 2005 a 2015 žiadnu celkovú zmenu?
VyberAlžírskoArménskoGréckoIndiaJužná KóreaKazachstanKolumbiaLibanonNemeckoPanamaPeruPortugalskoSenegalSpojené štátyThajsko
V ktorej krajine zaznamenali v rozmedzí rokov 2005 a 2015 najvyšší úbytok vyjadrený v percentuálnych bodoch?
VyberAlžírskoArménskoGréckoIndiaJužná KóreaKazachstanKolumbiaLibanonNemeckoPanamaPeruPortugalskoSenegalSpojené štátyThajsko"
MAT/MA161-ForestedAreas,4,5,Slovak,slo-SVK,"C
(
)
x2
yx
√x
1/x
π
÷
7
8
9
x
4
5
6
–
1
2
3
+
0
,
+/-
="
MAT/MA161-ForestedAreas,5,1,Slovak,slo-SVK,Kalkulačkaclose
MAT/MA161-ForestedAreas,5,2,Slovak,slo-SVK,PISA
MAT/MA161-ForestedAreas,5,3,Slovak,slo-SVK,"ZALESNENÉ ÚZEMIE
V nasledujúcom tabuľkovom procesore je súbor údajov, ktorý vyjadruje veľkosť zalesneného územia ako percentuálny podiel z celkového pôdneho fondu pre každú z 15 krajín. Údaje sa týkajú rokov 2005, 2010 a 2015.
Stĺpec A ▾
Stĺpec B
Stĺpec C
Stĺpec D
Stĺpec E
Stĺpec F
Stĺpec G
Krajina
2005
2010
2015
Alžírsko0,640,810,82Arménsko11,7711,7411,77Grécko29,1130,2831,45India22,7723,4723,77Južná Kórea64,4264,0863,69Kazachstan1,241,231,23Kolumbia54,2652,8552,73Libanon13,3413,3813,42Nemecko32,6632,7332,76Panama64,3363,2162,11Peru59,0158,4557,79Portugalsko36,5235,8935,25Senegal45,0544,0142,97Spojené štáty33,2633,733,85Thajsko31,5131,8132,1
Vypočítať
Stĺpec
Stĺpec B
Stĺpec C
Stĺpec D
Stĺpec E
Stĺpec F
Stĺpec G
Operácia
Sčítanie
Odčítanie
Násobenie
Delenie
Stĺpec
Stĺpec B
Stĺpec C
Stĺpec D
Stĺpec E
Stĺpec F
Stĺpec G
Spustiť
Priemer
Stĺpec
Stĺpec B
Stĺpec C
Stĺpec D
Stĺpec E
Stĺpec F
Stĺpec G
Spustiť
Vymazať všetko
closeOK"
MAT/MA161-ForestedAreas,5,4,Slovak,slo-SVK,"Zalesnené územie  Otázka 2 / 4
Ako používať tabuľkový procesor
Kliknutím na  zoradíš stĺpec vo vzostupnom poradí (od najnižšej hodnoty po najvyššiu).  Opätovným kliknutím na túto ikonu zoradíš stĺpec v zostupnom poradí (od najvyššej hodnoty po najnižšiu).
Ak chceš urobiť výpočet:
Vyber stĺpec z prvého rozbaľovacieho zoznamu.
Z prostredného rozbaľovacieho zoznamu vyber operáciu.
Vyber stĺpec z posledného rozbaľovacieho zoznamu.
Klikni na tlačidlo „Spustiť“.
Výsledky sa zobrazia v prvom prázdnom stĺpci, ktorý bude k dispozícii.
Ak chceš zobraziť priemer hodnôt v stĺpci, vyber stĺpec v rozbaľovacom zozname a klikni na „Spustiť“. Výsledok sa zobrazí v bunke pod týmto stĺpcom.
Ak chceš vrátiť úkon, ktorý si urobil/-a v stĺpci, klikni na .
Ak chces vymazať hodnoty v stĺpci, klikni na .
Ak chceš vymazať všetky hodnoty v tabuľke, klikni na „Vymazať všetko“.
Použi informácie z materiálu „Zalesnené územie“ na pravej strane. Keď budeš odpovedať na nasledujúcu otázku, pomôž si tabuľkovým procesorom. Klikni na jednu z možností a odpovedz tak na otázku.
Vezmi do úvahy dve časové obdobia: od roku 2005 do roku 2010 a od roku 2010 do roku 2015.
Ktoré z nasledujúcich tvrdení správne opisuje priemernú zmenu v percentuálnom podieli zalesneného územia za obe časové obdobia?
V obidvoch obdobiach bola zmena priemernej hodnoty kladné číslo.
V obidvoch obdobiach bola zmena priemernej hodnoty záporné číslo.
V obidvoch obdobiach bola zmena priemernej hodnoty rovnaká.
Zmena priemernej hodnoty bola v jednom období kladná a v druhom záporná."
MAT/MA161-ForestedAreas,5,5,Slovak,slo-SVK,"C
(
)
x2
yx
√x
1/x
π
÷
7
8
9
x
4
5
6
–
1
2
3
+
0
,
+/-
="
MAT/MA161-ForestedAreas,6,1,Slovak,slo-SVK,Kalkulačkaclose
MAT/MA161-ForestedAreas,6,2,Slovak,slo-SVK,PISA
MAT/MA161-ForestedAreas,6,3,Slovak,slo-SVK,"ZALESNENÉ ÚZEMIE
V nasledujúcom tabuľkovom procesore je súbor údajov, ktorý vyjadruje veľkosť zalesneného územia ako percentuálny podiel z celkového pôdneho fondu pre každú z 15 krajín. Údaje sa týkajú rokov 2005, 2010 a 2015.
Stĺpec A ▾
Stĺpec B
Stĺpec C
Stĺpec D
Stĺpec E
Stĺpec F
Stĺpec G
Krajina
2005
2010
2015
Alžírsko0,640,810,82Arménsko11,7711,7411,77Grécko29,1130,2831,45India22,7723,4723,77Južná Kórea64,4264,0863,69Kazachstan1,241,231,23Kolumbia54,2652,8552,73Libanon13,3413,3813,42Nemecko32,6632,7332,76Panama64,3363,2162,11Peru59,0158,4557,79Portugalsko36,5235,8935,25Senegal45,0544,0142,97Spojené štáty33,2633,733,85Thajsko31,5131,8132,1
Vypočítať
Stĺpec
Stĺpec B
Stĺpec C
Stĺpec D
Stĺpec E
Stĺpec F
Stĺpec G
Operácia
Sčítanie
Odčítanie
Násobenie
Delenie
Stĺpec
Stĺpec B
Stĺpec C
Stĺpec D
Stĺpec E
Stĺpec F
Stĺpec G
Spustiť
Priemer
Stĺpec
Stĺpec B
Stĺpec C
Stĺpec D
Stĺpec E
Stĺpec F
Stĺpec G
Spustiť
Vymazať všetko
closeOK"
MAT/MA161-ForestedAreas,6,4,Slovak,slo-SVK,"Zalesnené územie  Otázka 3 / 4
Ako používať tabuľkový procesor
Kliknutím na  zoradíš stĺpec vo vzostupnom poradí (od najnižšej hodnoty po najvyššiu).  Opätovným kliknutím na túto ikonu zoradíš stĺpec v zostupnom poradí (od najvyššej hodnoty po najnižšiu).
Ak chceš urobiť výpočet:
Vyber stĺpec z prvého rozbaľovacieho zoznamu.
Z prostredného rozbaľovacieho zoznamu vyber operáciu.
Vyber stĺpec z posledného rozbaľovacieho zoznamu.
Klikni na tlačidlo „Spustiť“.
Výsledky sa zobrazia v prvom prázdnom stĺpci, ktorý bude k dispozícii.
Ak chceš zobraziť priemer hodnôt v stĺpci, vyber stĺpec v rozbaľovacom zozname a klikni na „Spustiť“. Výsledok sa zobrazí v bunke pod týmto stĺpcom.
Ak chceš vrátiť úkon, ktorý si urobil/-a v stĺpci, klikni na .
Ak chces vymazať hodnoty v stĺpci, klikni na .
Ak chceš vymazať všetky hodnoty v tabuľke, klikni na „Vymazať všetko“.
Použi informácie z materiálu „Zalesnené územie“ na pravej strane. Keď budeš odpovedať na nasledujúcu otázku, pomôž si tabuľkovým procesorom. Vyber z jednotlivých rozbaľovacích zoznamov odpoveď na otázku.
Vezmi do úvahy dve časové obdobia: od roku 2005 do roku 2010 a od roku 2010 do roku 2015.
V ktorých dvoch krajinách zaznamenali najväčšiu zmenu zalesneného územia vyjadrenú v percentuálnych bodoch, ak porovnávame jedno časové obdobie s druhým časovým obdobím?
Odpovede:
VyberAlžírskoArménskoGréckoIndiaJužná KóreaKazachstanKolumbiaLibanonNemeckoPanamaPeruPortugalskoSenegalSpojené štátyThajsko
a
VyberAlžírskoArménskoGréckoIndiaJužná KóreaKazachstanKolumbiaLibanonNemeckoPanamaPeruPortugalskoSenegalSpojené štátyThajsko"
MAT/MA161-ForestedAreas,6,5,Slovak,slo-SVK,"C
(
)
x2
yx
√x
1/x
π
÷
7
8
9
x
4
5
6
–
1
2
3
+
0
,
+/-
="
MAT/MA161-ForestedAreas,7,1,Slovak,slo-SVK,Kalkulačkaclose
MAT/MA161-ForestedAreas,7,2,Slovak,slo-SVK,PISA
MAT/MA161-ForestedAreas,7,3,Slovak,slo-SVK,"ZALESNENÉ ÚZEMIE
V nasledujúcom tabuľkovom procesore je súbor údajov, ktorý vyjadruje veľkosť zalesneného územia ako percentuálny podiel z celkového pôdneho fondu pre každú z 15 krajín. Údaje sa týkajú rokov 2005, 2010 a 2015.
Stĺpec A ▾
Stĺpec B
Stĺpec C
Stĺpec D
Stĺpec E
Stĺpec F
Stĺpec G
Krajina
2005
2010
2015
Alžírsko0,640,810,82Arménsko11,7711,7411,77Grécko29,1130,2831,45India22,7723,4723,77Južná Kórea64,4264,0863,69Kazachstan1,241,231,23Kolumbia54,2652,8552,73Libanon13,3413,3813,42Nemecko32,6632,7332,76Panama64,3363,2162,11Peru59,0158,4557,79Portugalsko36,5235,8935,25Senegal45,0544,0142,97Spojené štáty33,2633,733,85Thajsko31,5131,8132,1
Vypočítať
Stĺpec
Stĺpec B
Stĺpec C
Stĺpec D
Stĺpec E
Stĺpec F
Stĺpec G
Operácia
Sčítanie
Odčítanie
Násobenie
Delenie
Stĺpec
Stĺpec B
Stĺpec C
Stĺpec D
Stĺpec E
Stĺpec F
Stĺpec G
Spustiť
Priemer
Stĺpec
Stĺpec B
Stĺpec C
Stĺpec D
Stĺpec E
Stĺpec F
Stĺpec G
Spustiť
Vymazať všetko
closeOK"
MAT/MA161-ForestedAreas,7,4,Slovak,slo-SVK,"Zalesnené územie  Otázka 4 / 4
Ako používať tabuľkový procesor
Kliknutím na  zoradíš stĺpec vo vzostupnom poradí (od najnižšej hodnoty po najvyššiu).  Opätovným kliknutím na túto ikonu zoradíš stĺpec v zostupnom poradí (od najvyššej hodnoty po najnižšiu).
Ak chceš urobiť výpočet:
Vyber stĺpec z prvého rozbaľovacieho zoznamu.
Z prostredného rozbaľovacieho zoznamu vyber operáciu.
Vyber stĺpec z posledného rozbaľovacieho zoznamu.
Klikni na tlačidlo „Spustiť“.
Výsledky sa zobrazia v prvom prázdnom stĺpci, ktorý bude k dispozícii.
Ak chceš zobraziť priemer hodnôt v stĺpci, vyber stĺpec v rozbaľovacom zozname a klikni na „Spustiť“. Výsledok sa zobrazí v bunke pod týmto stĺpcom.
Ak chceš vrátiť úkon, ktorý si urobil/-a v stĺpci, klikni na .
Ak chces vymazať hodnoty v stĺpci, klikni na .
Ak chceš vymazať všetky hodnoty v tabuľke, klikni na „Vymazať všetko“.
Použi informácie z materiálu „Zalesnené územie“ na pravej strane. Keď budeš odpovedať na nasledujúcu otázku, pomôž si tabuľkovým procesorom. Klikni na jednu z možností a potom vysvetli svoju odpoveď na otázku.
Helena tvrdí, že Južná Kórea má pre všetky zobrazené roky viac zalesneného územia ako akákoľvek iná krajina v zozname.
Má jej tvrdenie oporu v údajoch uvedených v tabuľkovom procesore?
Áno
Nie
Svoju odpoveď vysvetli."
MAT/MA161-ForestedAreas,7,5,Slovak,slo-SVK,"C
(
)
x2
yx
√x
1/x
π
÷
7
8
9
x
4
5
6
–
1
2
3
+
0
,
+/-
="
MAT/MA161-ForestedAreas,1,1,Slovenian,slv-SVN,Računaloclose
MAT/MA161-ForestedAreas,1,2,Slovenian,slv-SVN,PISA
MAT/MA161-ForestedAreas,1,3,Slovenian,slv-SVN,"Gozdna površina  Uvod
Preberi uvod. Nato klikni puščico »NAPREJ«.
GOZDNA POVRŠINA
V tej nalogi si boš pri odgovarjanju na vprašanja, povezana z naslednjo situacijo, pomagal/-a s preglednico.
Gozd je ekosistem, v katerem najdemo različna drevesa, rastline in živali.
Obseg gozdne površine v državi se skozi čas lahko spreminja.
Na naslednji strani boš vadil/-a uporabo preglednice."
MAT/MA161-ForestedAreas,1,4,Slovenian,slv-SVN,"C
(
)
x2
yx
√x
1/x
π
÷
7
8
9
x
4
5
6
–
1
2
3
+
0
,
+/-
="
MAT/MA161-ForestedAreas,2,1,Slovenian,slv-SVN,Računaloclose
MAT/MA161-ForestedAreas,2,2,Slovenian,slv-SVN,PISA
MAT/MA161-ForestedAreas,2,3,Slovenian,slv-SVN,"GOZDNA POVRŠINA
V preglednici spodaj je prikazan obseg gozdne površine v 15 državah, izražen kot odstotek celotne površine ozemlja vsake države. Podatki so prikazani za leta 2005, 2010 in 2015.
Stolpec A
Stolpec B
Stolpec C
Stolpec D
Stolpec E
Stolpec F
Stolpec G
Država
2005
2010
2015
Izračunaj
Stolpec
Stolpec B
Stolpec C
Stolpec D
Stolpec E
Stolpec F
Stolpec G
Računska operacija
Seštevanje
Odštevanje
Množenje
Deljenje
Stolpec
Stolpec B
Stolpec C
Stolpec D
Stolpec E
Stolpec F
Stolpec G
Zaženi
Povprečje
Stolpec
Stolpec B
Stolpec C
Stolpec D
Stolpec E
Stolpec F
Stolpec G
Zaženi
Počisti vse"
MAT/MA161-ForestedAreas,2,4,Slovenian,slv-SVN,"Gozdna površina  Vaja
Preden začneš odgovarjati na vprašanja, vadi uporabo preglednice.
Uporabi preglednico, da opraviš naslednja tri dejanja.
Razvrsti podatke v stolpcu.
Klikni simbol  v stolpcu B, C ali D, da podatke v tem stolpcu razvrstiš v naraščajočem vrstnem redu (od najmanjšega do največjega).
Pozor, glede na razvrstitev v izbranem stolpcu se bodo razvrstili tudi podatki v drugih stolpcih.
Opravi izračun.
Izberi stolpec v prvem padajočem meniju pod preglednico.
Izberi računsko operacijo v srednjem padajočem meniju.
Nato izberi stolpec v zadnjem padajočem meniju.
Klikni gumb »Zaženi«.
Rezultati se bodo prikazali v prvem razpoložljivem praznem stolpcu.
Prikaži povprečje posameznega stolpca.
Izberi stolpec v padajočem meniju ob napisu ""Povprečje"" pod preglednico.
Klikni gumb »Zaženi«.
Rezultat se bo prikazal v celici pod pripadajočim stolpcem.
Nadaljuj tako, da klikneš ."
MAT/MA161-ForestedAreas,2,5,Slovenian,slv-SVN,"C
(
)
x2
yx
√x
1/x
π
÷
7
8
9
x
4
5
6
–
1
2
3
+
0
,
+/-
="
MAT/MA161-ForestedAreas,3,1,Slovenian,slv-SVN,Računaloclose
MAT/MA161-ForestedAreas,3,2,Slovenian,slv-SVN,PISA
MAT/MA161-ForestedAreas,3,3,Slovenian,slv-SVN,"GOZDNA POVRŠINA
V preglednici spodaj je prikazan obseg gozdne površine v 15 državah, izražen kot odstotek celotne površine ozemlja vsake države. Podatki so prikazani za leta 2005, 2010 in 2015.
Stolpec A ▾
Stolpec B
Stolpec C
Stolpec D
Stolpec E
Stolpec F
Stolpec G
Država
2005
2010
2015
Alžirija0,640,810,82Armenija11,7711,7411,77Grčija29,1130,2831,45Indija22,7723,4723,77Južna Koreja64,4264,0863,69Kazahstan1,241,231,23Kolumbija54,2652,8552,73Libanon13,3413,3813,42Nemčija32,6632,7332,76Panama64,3363,2162,11Peru59,0158,4557,79Portugalska36,5235,8935,25Senegal45,0544,0142,97Tajska31,5131,8132,1Združene države Amerike33,2633,733,85
Izračunaj
Stolpec
Stolpec B
Stolpec C
Stolpec D
Stolpec E
Stolpec F
Stolpec G
Računska operacija
Seštevanje
Odštevanje
Množenje
Deljenje
Stolpec
Stolpec B
Stolpec C
Stolpec D
Stolpec E
Stolpec F
Stolpec G
Zaženi
Povprečje
Stolpec
Stolpec B
Stolpec C
Stolpec D
Stolpec E
Stolpec F
Stolpec G
Zaženi
Počisti vse
closeV redu"
MAT/MA161-ForestedAreas,3,4,Slovenian,slv-SVN,"Gozdne površine  Navodila
Navodila za uporabo preglednice so na voljo pri vsakem vprašanju.
Najdeš jih v meniju ""Kako uporabiš preglednico"", ki ga lahko odpreš in zapreš.
Da navodila odpreš, klikni na trak spodaj. Da navodila zapreš, ponovno klikni na trak spodaj.
Kako uporabiš preglednico
Klikni , da stolpec razvrstiš v naraščajočem vrstnem redu (od najmanjšega do največjega).  Ponovno klikni simbol, da stolpec razvrstiš v padajočem vrstnem redu (od največjega do najmanjšega).
Kako opraviš izračune:
Izberi stolpec v prvem padajočem meniju.
Izberi računsko operacijo v srednjem padajočem meniju.
Izberi stolpec v zadnjem padajočem meniju.
Klikni gumb »Zaženi«.
Rezultati se bodo prikazali v prvem razpoložljivem praznem stolpcu.
Povprečje v stolpcu izračunaš tako, da izbereš stolpec v padajočem meniju in nato klikneš gumb »Zaženi«. Rezultat se bo prikazal v celici pod pripadajočim stolpcem.
Dejanje v stolpcu razveljaviš tako, da klikneš .
Podatke v stolpcu izbrišeš tako, da klikneš .
Vse podatke v preglednici izbrišeš tako, da klikneš »Počisti vse«.
Nadaljuj tako, da klikneš ."
MAT/MA161-ForestedAreas,3,5,Slovenian,slv-SVN,"C
(
)
x2
yx
√x
1/x
π
÷
7
8
9
x
4
5
6
–
1
2
3
+
0
,
+/-
="
MAT/MA161-ForestedAreas,4,1,Slovenian,slv-SVN,Računaloclose
MAT/MA161-ForestedAreas,4,2,Slovenian,slv-SVN,PISA
MAT/MA161-ForestedAreas,4,3,Slovenian,slv-SVN,"GOZDNA POVRŠINA
V preglednici spodaj je prikazan obseg gozdne površine v 15 državah, izražen kot odstotek celotne površine ozemlja vsake države. Podatki so prikazani za leta 2005, 2010 in 2015.
Stolpec A ▾
Stolpec B
Stolpec C
Stolpec D
Stolpec E
Stolpec F
Stolpec G
Država
2005
2010
2015
Alžirija0,640,810,82Armenija11,7711,7411,77Grčija29,1130,2831,45Indija22,7723,4723,77Južna Koreja64,4264,0863,69Kazahstan1,241,231,23Kolumbija54,2652,8552,73Libanon13,3413,3813,42Nemčija32,6632,7332,76Panama64,3363,2162,11Peru59,0158,4557,79Portugalska36,5235,8935,25Senegal45,0544,0142,97Tajska31,5131,8132,1Združene države Amerike33,2633,733,85
Izračunaj
Stolpec
Stolpec B
Stolpec C
Stolpec D
Stolpec E
Stolpec F
Stolpec G
Računska operacija
Seštevanje
Odštevanje
Množenje
Deljenje
Stolpec
Stolpec B
Stolpec C
Stolpec D
Stolpec E
Stolpec F
Stolpec G
Zaženi
Povprečje
Stolpec
Stolpec B
Stolpec C
Stolpec D
Stolpec E
Stolpec F
Stolpec G
Zaženi
Počisti vse
closeV redu"
MAT/MA161-ForestedAreas,4,4,Slovenian,slv-SVN,"Gozdna površina  Vprašanje 1 / 4
Kako uporabiš preglednico
Klikni , da stolpec razvrstiš v naraščajočem vrstnem redu (od najmanjšega do največjega).  Ponovno klikni simbol, da stolpec razvrstiš v padajočem vrstnem redu (od največjega do najmanjšega).
Kako opraviš izračune:
Izberi stolpec v prvem padajočem meniju.
Izberi računsko operacijo v srednjem padajočem meniju.
Izberi stolpec v zadnjem padajočem meniju.
Klikni gumb »Zaženi«.
Rezultati se bodo prikazali v prvem razpoložljivem praznem stolpcu.
Povprečje v stolpcu izračunaš tako, da izbereš stolpec v padajočem meniju in nato klikneš gumb »Zaženi«. Rezultat se bo prikazal v celici pod pripadajočim stolpcem.
Dejanje v stolpcu razveljaviš tako, da klikneš .
Podatke v stolpcu izbrišeš tako, da klikneš .
Vse podatke v preglednici izbrišeš tako, da klikneš »Počisti vse«.
Pomagaj si z besedilom ""Gozdna površina"" na desni. Pri odgovarjanju na vprašanje spodaj si pomagaj s preglednico. Na vprašanja odgovori tako, da v vsakem padajočem meniju izbereš svoj odgovor.
V tabeli spodaj na vsako vprašanje odgovori tako, da v ustreznem padajočem meniju izbereš državo.
Vprašanje
Država
V kateri državi je bilo, glede na odstotne točke, med letoma 2005 in 2015 največje povečanje?
IzberiAlžirijaArmenijaGrčijaIndijaJužna KorejaKazahstanKolumbijaLibanonNemčijaPanamaPeruPortugalskaSenegalTajskaZdružene države Amerike
V kateri državi med letoma 2005 in 2015 na splošno ni bilo spremembe?
IzberiAlžirijaArmenijaGrčijaIndijaJužna KorejaKazahstanKolumbijaLibanonNemčijaPanamaPeruPortugalskaSenegalTajskaZdružene države Amerike
V kateri državi je bilo, glede na odstotne točke, med letoma 2005 in 2015 največje zmanjšanje?
IzberiAlžirijaArmenijaGrčijaIndijaJužna KorejaKazahstanKolumbijaLibanonNemčijaPanamaPeruPortugalskaSenegalTajskaZdružene države Amerike"
MAT/MA161-ForestedAreas,4,5,Slovenian,slv-SVN,"C
(
)
x2
yx
√x
1/x
π
÷
7
8
9
x
4
5
6
–
1
2
3
+
0
,
+/-
="
MAT/MA161-ForestedAreas,5,1,Slovenian,slv-SVN,Računaloclose
MAT/MA161-ForestedAreas,5,2,Slovenian,slv-SVN,PISA
MAT/MA161-ForestedAreas,5,3,Slovenian,slv-SVN,"GOZDNA POVRŠINA
V preglednici spodaj je prikazan obseg gozdne površine v 15 državah, izražen kot odstotek celotne površine ozemlja vsake države. Podatki so prikazani za leta 2005, 2010 in 2015.
Stolpec A ▾
Stolpec B
Stolpec C
Stolpec D
Stolpec E
Stolpec F
Stolpec G
Država
2005
2010
2015
Alžirija0,640,810,82Armenija11,7711,7411,77Grčija29,1130,2831,45Indija22,7723,4723,77Južna Koreja64,4264,0863,69Kazahstan1,241,231,23Kolumbija54,2652,8552,73Libanon13,3413,3813,42Nemčija32,6632,7332,76Panama64,3363,2162,11Peru59,0158,4557,79Portugalska36,5235,8935,25Senegal45,0544,0142,97Tajska31,5131,8132,1Združene države Amerike33,2633,733,85
Izračunaj
Stolpec
Stolpec B
Stolpec C
Stolpec D
Stolpec E
Stolpec F
Stolpec G
Računska operacija
Seštevanje
Odštevanje
Množenje
Deljenje
Stolpec
Stolpec B
Stolpec C
Stolpec D
Stolpec E
Stolpec F
Stolpec G
Zaženi
Povprečje
Stolpec
Stolpec B
Stolpec C
Stolpec D
Stolpec E
Stolpec F
Stolpec G
Zaženi
Počisti vse
closeV redu"
MAT/MA161-ForestedAreas,5,4,Slovenian,slv-SVN,"Gozdna površina  Vprašanje 2 / 4
Kako uporabiš preglednico
Klikni , da stolpec razvrstiš v naraščajočem vrstnem redu (od najmanjšega do največjega).  Ponovno klikni simbol, da stolpec razvrstiš v padajočem vrstnem redu (od največjega do najmanjšega).
Kako opraviš izračune:
Izberi stolpec v prvem padajočem meniju.
Izberi računsko operacijo v srednjem padajočem meniju.
Izberi stolpec v zadnjem padajočem meniju.
Klikni gumb »Zaženi«.
Rezultati se bodo prikazali v prvem razpoložljivem praznem stolpcu.
Povprečje v stolpcu izračunaš tako, da izbereš stolpec v padajočem meniju in nato klikneš gumb »Zaženi«. Rezultat se bo prikazal v celici pod pripadajočim stolpcem.
Dejanje v stolpcu razveljaviš tako, da klikneš .
Podatke v stolpcu izbrišeš tako, da klikneš .
Vse podatke v preglednici izbrišeš tako, da klikneš »Počisti vse«.
Pomagaj si z besedilom ""Gozdna površina"" na desni. Pri odgovarjanju na vprašanje spodaj si pomagaj s preglednico. Na vprašanje odgovori tako, da klikneš eno izmed možnosti.
Preuči obe časovni obdobji: od leta 2005 do leta 2010 in od leta 2010 do leta 2015.
Katera izmed naslednjih trditev pravilno opiše spremembo povprečja odstotnega deleža gozdne površine v teh dveh obdobjih?
Sprememba povprečja je bila v obeh obdobjih pozitivna.
Sprememba povprečja je bila v obeh obdobjih negativna.
Sprememba povprečja je bila v obeh obdobjih enaka.
Sprememba povprečja je bila v enem obdobju pozitivna in v drugem negativna."
MAT/MA161-ForestedAreas,5,5,Slovenian,slv-SVN,"C
(
)
x2
yx
√x
1/x
π
÷
7
8
9
x
4
5
6
–
1
2
3
+
0
,
+/-
="
MAT/MA161-ForestedAreas,6,1,Slovenian,slv-SVN,Računaloclose
MAT/MA161-ForestedAreas,6,2,Slovenian,slv-SVN,PISA
MAT/MA161-ForestedAreas,6,3,Slovenian,slv-SVN,"GOZDNA POVRŠINA
V preglednici spodaj je prikazan obseg gozdne površine v 15 državah, izražen kot odstotek celotne površine ozemlja vsake države. Podatki so prikazani za leta 2005, 2010 in 2015.
Stolpec A ▾
Stolpec B
Stolpec C
Stolpec D
Stolpec E
Stolpec F
Stolpec G
Država
2005
2010
2015
Alžirija0,640,810,82Armenija11,7711,7411,77Grčija29,1130,2831,45Indija22,7723,4723,77Južna Koreja64,4264,0863,69Kazahstan1,241,231,23Kolumbija54,2652,8552,73Libanon13,3413,3813,42Nemčija32,6632,7332,76Panama64,3363,2162,11Peru59,0158,4557,79Portugalska36,5235,8935,25Senegal45,0544,0142,97Tajska31,5131,8132,1Združene države Amerike33,2633,733,85
Izračunaj
Stolpec
Stolpec B
Stolpec C
Stolpec D
Stolpec E
Stolpec F
Stolpec G
Računska operacija
Seštevanje
Odštevanje
Množenje
Deljenje
Stolpec
Stolpec B
Stolpec C
Stolpec D
Stolpec E
Stolpec F
Stolpec G
Zaženi
Povprečje
Stolpec
Stolpec B
Stolpec C
Stolpec D
Stolpec E
Stolpec F
Stolpec G
Zaženi
Počisti vse
closeV redu"
MAT/MA161-ForestedAreas,6,4,Slovenian,slv-SVN,"Gozdna površina  Vprašanje 3 / 4
Kako uporabiš preglednico
Klikni , da stolpec razvrstiš v naraščajočem vrstnem redu (od najmanjšega do največjega).  Ponovno klikni simbol, da stolpec razvrstiš v padajočem vrstnem redu (od največjega do najmanjšega).
Kako opraviš izračune:
Izberi stolpec v prvem padajočem meniju.
Izberi računsko operacijo v srednjem padajočem meniju.
Izberi stolpec v zadnjem padajočem meniju.
Klikni gumb »Zaženi«.
Rezultati se bodo prikazali v prvem razpoložljivem praznem stolpcu.
Povprečje v stolpcu izračunaš tako, da izbereš stolpec v padajočem meniju in nato klikneš gumb »Zaženi«. Rezultat se bo prikazal v celici pod pripadajočim stolpcem.
Dejanje v stolpcu razveljaviš tako, da klikneš .
Podatke v stolpcu izbrišeš tako, da klikneš .
Vse podatke v preglednici izbrišeš tako, da klikneš »Počisti vse«.
Pomagaj si z besedilom ""Gozdna površina"" na desni. Pri odgovarjanju na vprašanje spodaj si pomagaj s preglednico. Na vprašanje odgovori tako, da v vsakem padajočem meniju izbereš svoj odgovor.
Preuči obe časovni obdobji: od leta 2005 do leta 2010 in od leta 2010 do leta 2015.
V katerih dveh državah je bila, glede na odstotne točke, največja sprememba odstotnega deleža gozdne površine med enim in drugim časovnim obdobjem?
Odgovor:
IzberiAlžirijaArmenijaGrčijaIndijaJužna KorejaKazahstanKolumbijaLibanonNemčijaPanamaPeruPortugalskaSenegalTajskaZdružene države Amerike
in
IzberiAlžirijaArmenijaGrčijaIndijaJužna KorejaKazahstanKolumbijaLibanonNemčijaPanamaPeruPortugalskaSenegalTajskaZdružene države Amerike"
MAT/MA161-ForestedAreas,6,5,Slovenian,slv-SVN,"C
(
)
x2
yx
√x
1/x
π
÷
7
8
9
x
4
5
6
–
1
2
3
+
0
,
+/-
="
MAT/MA161-ForestedAreas,7,1,Slovenian,slv-SVN,Računaloclose
MAT/MA161-ForestedAreas,7,2,Slovenian,slv-SVN,PISA
MAT/MA161-ForestedAreas,7,3,Slovenian,slv-SVN,"GOZDNA POVRŠINA
V preglednici spodaj je prikazan obseg gozdne površine v 15 državah, izražen kot odstotek celotne površine ozemlja vsake države. Podatki so prikazani za leta 2005, 2010 in 2015.
Stolpec A ▾
Stolpec B
Stolpec C
Stolpec D
Stolpec E
Stolpec F
Stolpec G
Država
2005
2010
2015
Alžirija0,640,810,82Armenija11,7711,7411,77Grčija29,1130,2831,45Indija22,7723,4723,77Južna Koreja64,4264,0863,69Kazahstan1,241,231,23Kolumbija54,2652,8552,73Libanon13,3413,3813,42Nemčija32,6632,7332,76Panama64,3363,2162,11Peru59,0158,4557,79Portugalska36,5235,8935,25Senegal45,0544,0142,97Tajska31,5131,8132,1Združene države Amerike33,2633,733,85
Izračunaj
Stolpec
Stolpec B
Stolpec C
Stolpec D
Stolpec E
Stolpec F
Stolpec G
Računska operacija
Seštevanje
Odštevanje
Množenje
Deljenje
Stolpec
Stolpec B
Stolpec C
Stolpec D
Stolpec E
Stolpec F
Stolpec G
Zaženi
Povprečje
Stolpec
Stolpec B
Stolpec C
Stolpec D
Stolpec E
Stolpec F
Stolpec G
Zaženi
Počisti vse
closeV redu"
MAT/MA161-ForestedAreas,7,4,Slovenian,slv-SVN,"Gozdna površina  Vprašanje 4 / 4
Kako uporabiš preglednico
Klikni , da stolpec razvrstiš v naraščajočem vrstnem redu (od najmanjšega do največjega).  Ponovno klikni simbol, da stolpec razvrstiš v padajočem vrstnem redu (od največjega do najmanjšega).
Kako opraviš izračune:
Izberi stolpec v prvem padajočem meniju.
Izberi računsko operacijo v srednjem padajočem meniju.
Izberi stolpec v zadnjem padajočem meniju.
Klikni gumb »Zaženi«.
Rezultati se bodo prikazali v prvem razpoložljivem praznem stolpcu.
Povprečje v stolpcu izračunaš tako, da izbereš stolpec v padajočem meniju in nato klikneš gumb »Zaženi«. Rezultat se bo prikazal v celici pod pripadajočim stolpcem.
Dejanje v stolpcu razveljaviš tako, da klikneš .
Podatke v stolpcu izbrišeš tako, da klikneš .
Vse podatke v preglednici izbrišeš tako, da klikneš »Počisti vse«.
Pomagaj si z besedilom ""Gozdna površina"" na desni. Pri odgovarjanju na vprašanje spodaj si pomagaj s preglednico. Na vprašanje odgovori tako, da najprej klikneš enega izmed odgovorov, nato pa vtipkaš svojo utemeljitev.
Helena trdi, da ima Južna Koreja v prikazanih letih večjo gozdno površino od vseh drugih držav na tem seznamu.
Ali podatki v preglednici podpirajo njeno trditev?
Da
Ne
Razloži svoj odgovor."
MAT/MA161-ForestedAreas,7,5,Slovenian,slv-SVN,"C
(
)
x2
yx
√x
1/x
π
÷
7
8
9
x
4
5
6
–
1
2
3
+
0
,
+/-
="
MAT/MA161-ForestedAreas,1,1,Spanish,esp-ESP,Calculadoraclose
MAT/MA161-ForestedAreas,1,2,Spanish,esp-ESP,PISA
MAT/MA161-ForestedAreas,1,3,Spanish,esp-ESP,"Superficie forestal  Introducción
Lee la introducción. Después pulsa en la flecha SIGUIENTE.
SUPERFICIE FORESTAL
En esta unidad utilizarás una hoja de cálculo para responder a las preguntas relacionadas con la siguiente situación:
Un bosque es un ecosistema en el que pueden encontrarse distintos tipos de árboles, plantas y animales.
La extensión de superficie forestal de un país puede variar a lo largo del tiempo.
En la siguiente pantalla, vas a practicar el uso de la hoja de cálculo."
MAT/MA161-ForestedAreas,1,4,Spanish,esp-ESP,"C
(
)
x2
yx
√x
1/x
π
/
7
8
9
*
4
5
6
–
1
2
3
+
0
,
+/-
="
MAT/MA161-ForestedAreas,2,1,Spanish,esp-ESP,Calculadoraclose
MAT/MA161-ForestedAreas,2,2,Spanish,esp-ESP,PISA
MAT/MA161-ForestedAreas,2,3,Spanish,esp-ESP,"SUPERFICIE FORESTAL
En la hoja de cálculo que aparece a continuación se indica la extensión de la superficie forestal de 15 países, expresada como porcentaje de la superficie total de su territorio. Los datos que se muestran corresponden a los años 2005, 2010 y 2015.
Columna A ▾
Columna B
Columna C
Columna D
Columna E
Columna F
Columna G
País
2005
2010
2015
Alemania32,6632,7332,76Argelia0,640,810,82Armenia11,7711,7411,77Colombia54,2652,8552,73Corea del Sur64,4264,0863,69Estados Unidos33,2633,733,85Grecia29,1130,2831,45Kazajistán1,241,231,23La India22,7723,4723,77Líbano13,3413,3813,42Panamá64,3363,2162,11Perú59,0158,4557,79Portugal36,5235,8935,25Senegal45,0544,0142,97Tailandia31,5131,8132,1
Calcular
Columna
Columna B
Columna C
Columna D
Columna E
Columna F
Columna G
Operación
Sumar
Restar
Multiplicar
Dividir
Columna
Columna B
Columna C
Columna D
Columna E
Columna F
Columna G
Ejecutar
Media
Columna
Columna B
Columna C
Columna D
Columna E
Columna F
Columna G
Ejecutar
Borrar todo
closeOK"
MAT/MA161-ForestedAreas,2,4,Spanish,esp-ESP,"Superficie forestal  Ejercicio práctico
Vas a practicar el uso de la hoja de cálculo antes de pasar a las preguntas.
Utiliza la hoja de cálculo para realizar las tres acciones siguientes.
Ordenar una columna
Pulsa en el símbolo  de las columnas B, C o D para ordenar los datos de la columna de manera ascendente (de menor a mayor).
Ten en cuenta que todas las columnas se ordenarán en función del orden elegido para una columna en concreto.
Realizar un cálculo
Selecciona una columna del primer menú desplegable situado debajo de la hoja de cálculo.
A continuación selecciona una operación del menú desplegable central.
Después selecciona una columna del último menú desplegable.
Pulsa en ""Ejecutar"".
Los resultados se mostrarán en la primera columna en blanco disponible.
Mostrar la media (promedio) de una columna
Selecciona una columna del menú desplegable junto a ""Media"", situado debajo de la hoja de cálculo.
Pulsa en ""Ejecutar"".
El resultado se mostrará en la última celda de esa columna.
Pulsa en  para continuar."
MAT/MA161-ForestedAreas,2,5,Spanish,esp-ESP,"C
(
)
x2
yx
√x
1/x
π
/
7
8
9
*
4
5
6
–
1
2
3
+
0
,
+/-
="
MAT/MA161-ForestedAreas,3,1,Spanish,esp-ESP,Calculadoraclose
MAT/MA161-ForestedAreas,3,2,Spanish,esp-ESP,PISA
MAT/MA161-ForestedAreas,3,3,Spanish,esp-ESP,"SUPERFICIE FORESTAL
En la hoja de cálculo que aparece a continuación se indica la extensión de la superficie forestal de 15 países, expresada como porcentaje de la superficie total de su territorio. Los datos que se muestran corresponden a los años 2005, 2010 y 2015.
Columna A ▾
Columna B
Columna C
Columna D
Columna E
Columna F
Columna G
País
2005
2010
2015
Alemania32,6632,7332,76Argelia0,640,810,82Armenia11,7711,7411,77Colombia54,2652,8552,73Corea del Sur64,4264,0863,69Estados Unidos33,2633,733,85Grecia29,1130,2831,45Kazajistán1,241,231,23La India22,7723,4723,77Líbano13,3413,3813,42Panamá64,3363,2162,11Perú59,0158,4557,79Portugal36,5235,8935,25Senegal45,0544,0142,97Tailandia31,5131,8132,1
Calcular
Columna
Columna B
Columna C
Columna D
Columna E
Columna F
Columna G
Operación
Sumar
Restar
Multiplicar
Dividir
Columna
Columna B
Columna C
Columna D
Columna E
Columna F
Columna G
Ejecutar
Media
Columna
Columna B
Columna C
Columna D
Columna E
Columna F
Columna G
Ejecutar
Borrar todo
closeOK"
MAT/MA161-ForestedAreas,3,4,Spanish,esp-ESP,"Superficie forestal  Instrucciones
Las instrucciones sobre cómo utilizar la hoja de cálculo están disponibles en cada pregunta.
Se encuentran en el menú ""Cómo utilizar la hoja de cálculo"" que se puede mostrar y ocultar.
Pulsa en la barra de abajo para mostrar las instrucciones. Vuelve a pulsar en la barra para cerrarlas.
Cómo utilizar la hoja de cálculo
Pulsa en  para ordenar una columna en orden ascendente (de menor a mayor).  Vuelve a pulsar sobre el icono para ordenar la columna en orden descendente (de mayor a menor).
Para realizar cálculos:
Selecciona una columna del primer menú desplegable.
Selecciona una operación del menú desplegable central.
Selecciona una columna del último menú desplegable.
Pulsa en ""Ejecutar"".
Los resultados se mostrarán en la primera columna en blanco disponible.
Para mostrar la media (promedio) de una columna, selecciona una columna del menú desplegable y pulsa en ""Ejecutar"". El resultado se mostrará en la última celda de esa columna.
Para deshacer una acción en una columna, pulsa en .
Para borrar una columna, pulsa en .
Para borrar todos los datos de la hoja de cálculo, pulsa en el botón ""Borrar todo"".
Pulsa en  para continuar."
MAT/MA161-ForestedAreas,3,5,Spanish,esp-ESP,"C
(
)
x2
yx
√x
1/x
π
/
7
8
9
*
4
5
6
–
1
2
3
+
0
,
+/-
="
MAT/MA161-ForestedAreas,4,1,Spanish,esp-ESP,Calculadoraclose
MAT/MA161-ForestedAreas,4,2,Spanish,esp-ESP,PISA
MAT/MA161-ForestedAreas,4,3,Spanish,esp-ESP,"SUPERFICIE FORESTAL
En la hoja de cálculo que aparece a continuación se indica la extensión de la superficie forestal de 15 países, expresada como porcentaje de la superficie total de su territorio. Los datos que se muestran corresponden a los años 2005, 2010 y 2015.
Columna A ▾
Columna B
Columna C
Columna D
Columna E
Columna F
Columna G
País
2005
2010
2015
Alemania32,6632,7332,76Argelia0,640,810,82Armenia11,7711,7411,77Colombia54,2652,8552,73Corea del Sur64,4264,0863,69Estados Unidos33,2633,733,85Grecia29,1130,2831,45Kazajistán1,241,231,23La India22,7723,4723,77Líbano13,3413,3813,42Panamá64,3363,2162,11Perú59,0158,4557,79Portugal36,5235,8935,25Senegal45,0544,0142,97Tailandia31,5131,8132,1
Calcular
Columna
Columna B
Columna C
Columna D
Columna E
Columna F
Columna G
Operación
Sumar
Restar
Multiplicar
Dividir
Columna
Columna B
Columna C
Columna D
Columna E
Columna F
Columna G
Ejecutar
Media
Columna
Columna B
Columna C
Columna D
Columna E
Columna F
Columna G
Ejecutar
Borrar todo
closeOK"
MAT/MA161-ForestedAreas,4,4,Spanish,esp-ESP,"Superficie forestal  Pregunta 1 / 4
Cómo utilizar la hoja de cálculo
Pulsa en  para ordenar una columna en orden ascendente (de menor a mayor).  Vuelve a pulsar sobre el icono para ordenar la columna en orden descendente (de mayor a menor).
Para realizar cálculos:
Selecciona una columna del primer menú desplegable.
Selecciona una operación del menú desplegable central.
Selecciona una columna del último menú desplegable.
Pulsa en ""Ejecutar"".
Los resultados se mostrarán en la primera columna en blanco disponible.
Para mostrar la media (promedio) de una columna, selecciona una columna del menú desplegable y pulsa en ""Ejecutar"". El resultado se mostrará en la última celda de esa columna.
Para deshacer una acción en una columna, pulsa en .
Para borrar una columna, pulsa en .
Para borrar todos los datos de la hoja de cálculo, pulsa en el botón ""Borrar todo"".
Lee ""Superficie forestal"" a la derecha. Ayúdate de la hoja de cálculo para responder a la pregunta de abajo. Selecciona una opción de los menús desplegables para responder a cada pregunta.
En la tabla de abajo, responde a cada pregunta seleccionando un país del menú desplegable correspondiente.
Pregunta
País
¿Qué país registró el mayor aumento, en puntos porcentuales, entre 2005 y 2015?
SeleccionaAlemaniaArgeliaArmeniaColombiaCorea del SurEstados UnidosGreciaKazajistánLa IndiaLíbanoPanamáPerúPortugalSenegalTailandia
¿Qué país no experimentó ningún cambio global entre 2005 y 2015?
SeleccionaAlemaniaArgeliaArmeniaColombiaCorea del SurEstados UnidosGreciaKazajistánLa IndiaLíbanoPanamáPerúPortugalSenegalTailandia
¿Qué país registró la mayor pérdida, en puntos porcentuales, entre 2005 y 2015?
SeleccionaAlemaniaArgeliaArmeniaColombiaCorea del SurEstados UnidosGreciaKazajistánLa IndiaLíbanoPanamáPerúPortugalSenegalTailandia"
MAT/MA161-ForestedAreas,4,5,Spanish,esp-ESP,"C
(
)
x2
yx
√x
1/x
π
/
7
8
9
*
4
5
6
–
1
2
3
+
0
,
+/-
="
MAT/MA161-ForestedAreas,5,1,Spanish,esp-ESP,Calculadoraclose
MAT/MA161-ForestedAreas,5,2,Spanish,esp-ESP,PISA
MAT/MA161-ForestedAreas,5,3,Spanish,esp-ESP,"SUPERFICIE FORESTAL
En la hoja de cálculo que aparece a continuación se indica la extensión de la superficie forestal de 15 países, expresada como porcentaje de la superficie total de su territorio. Los datos que se muestran corresponden a los años 2005, 2010 y 2015.
Columna A ▾
Columna B
Columna C
Columna D
Columna E
Columna F
Columna G
País
2005
2010
2015
Alemania32,6632,7332,76Argelia0,640,810,82Armenia11,7711,7411,77Colombia54,2652,8552,73Corea del Sur64,4264,0863,69Estados Unidos33,2633,733,85Grecia29,1130,2831,45Kazajistán1,241,231,23La India22,7723,4723,77Líbano13,3413,3813,42Panamá64,3363,2162,11Perú59,0158,4557,79Portugal36,5235,8935,25Senegal45,0544,0142,97Tailandia31,5131,8132,1
Calcular
Columna
Columna B
Columna C
Columna D
Columna E
Columna F
Columna G
Operación
Sumar
Restar
Multiplicar
Dividir
Columna
Columna B
Columna C
Columna D
Columna E
Columna F
Columna G
Ejecutar
Media
Columna
Columna B
Columna C
Columna D
Columna E
Columna F
Columna G
Ejecutar
Borrar todo
closeOK"
MAT/MA161-ForestedAreas,5,4,Spanish,esp-ESP,"Superficie forestal  Pregunta 1 / 4
Cómo utilizar la hoja de cálculo
Pulsa en  para ordenar una columna en orden ascendente (de menor a mayor).  Vuelve a pulsar sobre el icono para ordenar la columna en orden descendente (de mayor a menor).
Para realizar cálculos:
Selecciona una columna del primer menú desplegable.
Selecciona una operación del menú desplegable central.
Selecciona una columna del último menú desplegable.
Pulsa en ""Ejecutar"".
Los resultados se mostrarán en la primera columna en blanco disponible.
Para mostrar la media (promedio) de una columna, selecciona una columna del menú desplegable y pulsa en ""Ejecutar"". El resultado se mostrará en la última celda de esa columna.
Para deshacer una acción en una columna, pulsa en .
Para borrar una columna, pulsa en .
Para borrar todos los datos de la hoja de cálculo, pulsa en el botón ""Borrar todo"".
Lee ""Superficie forestal"" a la derecha. Ayúdate de la hoja de cálculo para responder a la pregunta de abajo. Selecciona una opción de los menús desplegables para responder a cada pregunta.
En la tabla de abajo, responde a cada pregunta seleccionando un país del menú desplegable correspondiente.
Pregunta
País
¿Qué país registró el mayor aumento, en puntos porcentuales, entre 2005 y 2015?
SeleccionaAlemaniaArgeliaArmeniaColombiaCorea del SurEstados UnidosGreciaKazajistánLa IndiaLíbanoPanamáPerúPortugalSenegalTailandia
¿Qué país no experimentó ningún cambio global entre 2005 y 2015?
SeleccionaAlemaniaArgeliaArmeniaColombiaCorea del SurEstados UnidosGreciaKazajistánLa IndiaLíbanoPanamáPerúPortugalSenegalTailandia
¿Qué país registró la mayor pérdida, en puntos porcentuales, entre 2005 y 2015?
SeleccionaAlemaniaArgeliaArmeniaColombiaCorea del SurEstados UnidosGreciaKazajistánLa IndiaLíbanoPanamáPerúPortugalSenegalTailandia"
MAT/MA161-ForestedAreas,5,5,Spanish,esp-ESP,"C
(
)
x2
yx
√x
1/x
π
/
7
8
9
*
4
5
6
–
1
2
3
+
0
,
+/-
="
MAT/MA161-ForestedAreas,5,6,Spanish,esp-ESP,"Confirmaciónclose
OK"
MAT/MA161-ForestedAreas,5,7,Spanish,esp-ESP,"Esta es la retroalimentación de CMA161Q01 en castellano.
Los datos utilizados para todas las preguntas de esta unidad son la cantidad de superficie forestal como porcentaje de la superficie terrestre total de 15 países para los años 2005, 2010 y 2015, y esos datos están siempre en las columnas B, C y D, respectivamente. Las columnas E, F y G están siempre vacías cuando los estudiantes navegan por primera vez en cada pregunta, y el orden por defecto de los países es alfabético, según su traducción a cada idioma. Obsérvese que, en la imagen anterior, los datos ya se han manipulado para que se correspondan con la descripción de la solución que sigue.
La primera pregunta de la unidad pide a los estudiantes que identifiquen, en términos de puntos porcentuales, los tres países que entre 2005 y 2015 tuvieron: el mayor aumento en su porcentaje de superficie forestal, ningún cambio global en su porcentaje de superficie forestal y la mayor pérdida en su porcentaje de superficie forestal. Las respuestas se introducen en cada fila de la tabla mediante menús desplegables que contienen el nombre de los 15 países.
Un posible método de solución, que se refleja en la imagen anterior, consiste en utilizar la hoja de cálculo para realizar el siguiente cálculo: «Columna D resta Columna B», esta acción resta el porcentaje de superficie forestal en 2005 del porcentaje de superficie forestal en 2015 para cada país. Los resultados de esta operación se muestran en la columna E. A continuación, los estudiantes pueden optar por ordenar los datos de la columna E para facilitar la identificación de cada país.
El país con el mayor aumento es el país con el resultado positivo más alto; en este caso, se trata de Grecia con 2,34 puntos porcentuales. El país sin cambio global es el país con una diferencia de 0,00; es decir, Armenia. Finalmente, el país con la mayor pérdida es el país con el resultado negativo más bajo; este es Panamá con -2,22 puntos porcentuales.
Una respuesta con crédito total consiste en identificar correctamente los tres países y se sitúa en el Nivel 5, lo que significa que es una tarea difícil para los estudiantes. Se concedió un crédito parcial por identificar correctamente dos países cualesquiera, lo que no deja de ser una tarea moderadamente difícil que se sitúa en el Nivel 4; este hecho no es sorprendente, ya que el crédito parcial exige realizar el mismo trabajo que una respuesta con crédito completo. Es decir, para identificar correctamente dos o tres países cualesquiera, los estudiantes tienen que determinar qué cálculo(s) realizar, cómo utilizar la hoja de cálculo para llevarlos a cabo y, por último, interpretar los resultados con respecto al contexto
Además, dependiendo del orden en que los estudiantes realicen el cálculo, la identificación de los países podría resultar más difícil. Por ejemplo, si los estudiantes calculan «Columna B resta Columna D» (en lugar de «Columna D resta Columna B»), el signo de cada resultado que aparece en la columna E se invertirá (por ejemplo, Grecia = -2,34 y Panamá = +2,22). Sin embargo, basándose en estos datos, el porcentaje de superficie forestal de Grecia aumentó en realidad para cada año mostrado, y el porcentaje de superficie forestal de Panamá disminuyó en realidad para cada año mostrado.
Nombre unidad - ID pregunta
Superficie forestal – CMA161Q01
Área de contenido
Incertidumbre y datos
Proceso
Formular
Contexto
Sociedad
Formato de pregunta
Opción múltiple compleja – Codificada por ordenador
Respuesta
Crédito completo: se identifican correctamente los tres países (de arriba a abajo: el mayor aumento = Grecia; sin cambio global = Armenia; la mayor pérdida = Panamá)Crédito parcial: se identifican correctamente dos países cualesquiera (el otro país es incorrecto o falta)
Dificultad estimada
Nivel 5 (crédito total) - Nivel 4 (crédito parcial)"
MAT/MA161-ForestedAreas,6,1,Spanish,esp-ESP,Calculadoraclose
MAT/MA161-ForestedAreas,6,2,Spanish,esp-ESP,PISA
MAT/MA161-ForestedAreas,6,3,Spanish,esp-ESP,"SUPERFICIE FORESTAL
En la hoja de cálculo que aparece a continuación se indica la extensión de la superficie forestal de 15 países, expresada como porcentaje de la superficie total de su territorio. Los datos que se muestran corresponden a los años 2005, 2010 y 2015.
Columna A ▾
Columna B
Columna C
Columna D
Columna E
Columna F
Columna G
País
2005
2010
2015
Alemania32,6632,7332,76Argelia0,640,810,82Armenia11,7711,7411,77Colombia54,2652,8552,73Corea del Sur64,4264,0863,69Estados Unidos33,2633,733,85Grecia29,1130,2831,45Kazajistán1,241,231,23La India22,7723,4723,77Líbano13,3413,3813,42Panamá64,3363,2162,11Perú59,0158,4557,79Portugal36,5235,8935,25Senegal45,0544,0142,97Tailandia31,5131,8132,1
Calcular
Columna
Columna B
Columna C
Columna D
Columna E
Columna F
Columna G
Operación
Sumar
Restar
Multiplicar
Dividir
Columna
Columna B
Columna C
Columna D
Columna E
Columna F
Columna G
Ejecutar
Media
Columna
Columna B
Columna C
Columna D
Columna E
Columna F
Columna G
Ejecutar
Borrar todo
closeOK"
MAT/MA161-ForestedAreas,6,4,Spanish,esp-ESP,"Superficie forestal  Pregunta 1 / 4
Cómo utilizar la hoja de cálculo
Pulsa en  para ordenar una columna en orden ascendente (de menor a mayor).  Vuelve a pulsar sobre el icono para ordenar la columna en orden descendente (de mayor a menor).
Para realizar cálculos:
Selecciona una columna del primer menú desplegable.
Selecciona una operación del menú desplegable central.
Selecciona una columna del último menú desplegable.
Pulsa en ""Ejecutar"".
Los resultados se mostrarán en la primera columna en blanco disponible.
Para mostrar la media (promedio) de una columna, selecciona una columna del menú desplegable y pulsa en ""Ejecutar"". El resultado se mostrará en la última celda de esa columna.
Para deshacer una acción en una columna, pulsa en .
Para borrar una columna, pulsa en .
Para borrar todos los datos de la hoja de cálculo, pulsa en el botón ""Borrar todo"".
Lee ""Superficie forestal"" a la derecha. Ayúdate de la hoja de cálculo para responder a la pregunta de abajo. Selecciona una opción de los menús desplegables para responder a cada pregunta.
En la tabla de abajo, responde a cada pregunta seleccionando un país del menú desplegable correspondiente.
Pregunta
País
¿Qué país registró el mayor aumento, en puntos porcentuales, entre 2005 y 2015?
SeleccionaAlemaniaArgeliaArmeniaColombiaCorea del SurEstados UnidosGreciaKazajistánLa IndiaLíbanoPanamáPerúPortugalSenegalTailandia
¿Qué país no experimentó ningún cambio global entre 2005 y 2015?
SeleccionaAlemaniaArgeliaArmeniaColombiaCorea del SurEstados UnidosGreciaKazajistánLa IndiaLíbanoPanamáPerúPortugalSenegalTailandia
¿Qué país registró la mayor pérdida, en puntos porcentuales, entre 2005 y 2015?
SeleccionaAlemaniaArgeliaArmeniaColombiaCorea del SurEstados UnidosGreciaKazajistánLa IndiaLíbanoPanamáPerúPortugalSenegalTailandia"
MAT/MA161-ForestedAreas,6,5,Spanish,esp-ESP,"C
(
)
x2
yx
√x
1/x
π
/
7
8
9
*
4
5
6
–
1
2
3
+
0
,
+/-
="
MAT/MA161-ForestedAreas,6,6,Spanish,esp-ESP,"Confirmaciónclose
OK"
MAT/MA161-ForestedAreas,6,7,Spanish,esp-ESP,"Esta es la retroalimentación de CMA161Q01 en castellano.
Los datos utilizados para todas las preguntas de esta unidad son la cantidad de superficie forestal como porcentaje de la superficie terrestre total de 15 países para los años 2005, 2010 y 2015, y esos datos están siempre en las columnas B, C y D, respectivamente. Las columnas E, F y G están siempre vacías cuando los estudiantes navegan por primera vez en cada pregunta, y el orden por defecto de los países es alfabético, según su traducción a cada idioma. Obsérvese que, en la imagen anterior, los datos ya se han manipulado para que se correspondan con la descripción de la solución que sigue.
La primera pregunta de la unidad pide a los estudiantes que identifiquen, en términos de puntos porcentuales, los tres países que entre 2005 y 2015 tuvieron: el mayor aumento en su porcentaje de superficie forestal, ningún cambio global en su porcentaje de superficie forestal y la mayor pérdida en su porcentaje de superficie forestal. Las respuestas se introducen en cada fila de la tabla mediante menús desplegables que contienen el nombre de los 15 países.
Un posible método de solución, que se refleja en la imagen anterior, consiste en utilizar la hoja de cálculo para realizar el siguiente cálculo: «Columna D resta Columna B», esta acción resta el porcentaje de superficie forestal en 2005 del porcentaje de superficie forestal en 2015 para cada país. Los resultados de esta operación se muestran en la columna E. A continuación, los estudiantes pueden optar por ordenar los datos de la columna E para facilitar la identificación de cada país.
El país con el mayor aumento es el país con el resultado positivo más alto; en este caso, se trata de Grecia con 2,34 puntos porcentuales. El país sin cambio global es el país con una diferencia de 0,00; es decir, Armenia. Finalmente, el país con la mayor pérdida es el país con el resultado negativo más bajo; este es Panamá con -2,22 puntos porcentuales.
Una respuesta con crédito total consiste en identificar correctamente los tres países y se sitúa en el Nivel 5, lo que significa que es una tarea difícil para los estudiantes. Se concedió un crédito parcial por identificar correctamente dos países cualesquiera, lo que no deja de ser una tarea moderadamente difícil que se sitúa en el Nivel 4; este hecho no es sorprendente, ya que el crédito parcial exige realizar el mismo trabajo que una respuesta con crédito completo. Es decir, para identificar correctamente dos o tres países cualesquiera, los estudiantes tienen que determinar qué cálculo(s) realizar, cómo utilizar la hoja de cálculo para llevarlos a cabo y, por último, interpretar los resultados con respecto al contexto
Además, dependiendo del orden en que los estudiantes realicen el cálculo, la identificación de los países podría resultar más difícil. Por ejemplo, si los estudiantes calculan «Columna B resta Columna D» (en lugar de «Columna D resta Columna B»), el signo de cada resultado que aparece en la columna E se invertirá (por ejemplo, Grecia = -2,34 y Panamá = +2,22). Sin embargo, basándose en estos datos, el porcentaje de superficie forestal de Grecia aumentó en realidad para cada año mostrado, y el porcentaje de superficie forestal de Panamá disminuyó en realidad para cada año mostrado.
Nombre unidad - ID pregunta
Superficie forestal – CMA161Q01
Área de contenido
Incertidumbre y datos
Proceso
Formular
Contexto
Sociedad
Formato de pregunta
Opción múltiple compleja – Codificada por ordenador
Respuesta
Crédito completo: se identifican correctamente los tres países (de arriba a abajo: el mayor aumento = Grecia; sin cambio global = Armenia; la mayor pérdida = Panamá)Crédito parcial: se identifican correctamente dos países cualesquiera (el otro país es incorrecto o falta)
Dificultad estimada
Nivel 5 (crédito total) - Nivel 4 (crédito parcial)"
MAT/MA161-ForestedAreas,7,1,Spanish,esp-ESP,Calculadoraclose
MAT/MA161-ForestedAreas,7,2,Spanish,esp-ESP,PISA
MAT/MA161-ForestedAreas,7,3,Spanish,esp-ESP,"SUPERFICIE FORESTAL
En la hoja de cálculo que aparece a continuación se indica la extensión de la superficie forestal de 15 países, expresada como porcentaje de la superficie total de su territorio. Los datos que se muestran corresponden a los años 2005, 2010 y 2015.
Columna A ▾
Columna B
Columna C
Columna D
Columna E
Columna F
Columna G
País
2005
2010
2015
Alemania32,6632,7332,76Argelia0,640,810,82Armenia11,7711,7411,77Colombia54,2652,8552,73Corea del Sur64,4264,0863,69Estados Unidos33,2633,733,85Grecia29,1130,2831,45Kazajistán1,241,231,23La India22,7723,4723,77Líbano13,3413,3813,42Panamá64,3363,2162,11Perú59,0158,4557,79Portugal36,5235,8935,25Senegal45,0544,0142,97Tailandia31,5131,8132,1
Calcular
Columna
Columna B
Columna C
Columna D
Columna E
Columna F
Columna G
Operación
Sumar
Restar
Multiplicar
Dividir
Columna
Columna B
Columna C
Columna D
Columna E
Columna F
Columna G
Ejecutar
Media
Columna
Columna B
Columna C
Columna D
Columna E
Columna F
Columna G
Ejecutar
Borrar todo
closeOK"
MAT/MA161-ForestedAreas,7,4,Spanish,esp-ESP,"Superficie forestal  Pregunta 1 / 4
Cómo utilizar la hoja de cálculo
Pulsa en  para ordenar una columna en orden ascendente (de menor a mayor).  Vuelve a pulsar sobre el icono para ordenar la columna en orden descendente (de mayor a menor).
Para realizar cálculos:
Selecciona una columna del primer menú desplegable.
Selecciona una operación del menú desplegable central.
Selecciona una columna del último menú desplegable.
Pulsa en ""Ejecutar"".
Los resultados se mostrarán en la primera columna en blanco disponible.
Para mostrar la media (promedio) de una columna, selecciona una columna del menú desplegable y pulsa en ""Ejecutar"". El resultado se mostrará en la última celda de esa columna.
Para deshacer una acción en una columna, pulsa en .
Para borrar una columna, pulsa en .
Para borrar todos los datos de la hoja de cálculo, pulsa en el botón ""Borrar todo"".
Lee ""Superficie forestal"" a la derecha. Ayúdate de la hoja de cálculo para responder a la pregunta de abajo. Selecciona una opción de los menús desplegables para responder a cada pregunta.
En la tabla de abajo, responde a cada pregunta seleccionando un país del menú desplegable correspondiente.
Pregunta
País
¿Qué país registró el mayor aumento, en puntos porcentuales, entre 2005 y 2015?
SeleccionaAlemaniaArgeliaArmeniaColombiaCorea del SurEstados UnidosGreciaKazajistánLa IndiaLíbanoPanamáPerúPortugalSenegalTailandia
¿Qué país no experimentó ningún cambio global entre 2005 y 2015?
SeleccionaAlemaniaArgeliaArmeniaColombiaCorea del SurEstados UnidosGreciaKazajistánLa IndiaLíbanoPanamáPerúPortugalSenegalTailandia
¿Qué país registró la mayor pérdida, en puntos porcentuales, entre 2005 y 2015?
SeleccionaAlemaniaArgeliaArmeniaColombiaCorea del SurEstados UnidosGreciaKazajistánLa IndiaLíbanoPanamáPerúPortugalSenegalTailandia"
MAT/MA161-ForestedAreas,7,5,Spanish,esp-ESP,"C
(
)
x2
yx
√x
1/x
π
/
7
8
9
*
4
5
6
–
1
2
3
+
0
,
+/-
="
MAT/MA161-ForestedAreas,7,6,Spanish,esp-ESP,"Confirmaciónclose
OK"
MAT/MA161-ForestedAreas,7,7,Spanish,esp-ESP,"Esta es la retroalimentación de CMA161Q01 en castellano.
Los datos utilizados para todas las preguntas de esta unidad son la cantidad de superficie forestal como porcentaje de la superficie terrestre total de 15 países para los años 2005, 2010 y 2015, y esos datos están siempre en las columnas B, C y D, respectivamente. Las columnas E, F y G están siempre vacías cuando los estudiantes navegan por primera vez en cada pregunta, y el orden por defecto de los países es alfabético, según su traducción a cada idioma. Obsérvese que, en la imagen anterior, los datos ya se han manipulado para que se correspondan con la descripción de la solución que sigue.
La primera pregunta de la unidad pide a los estudiantes que identifiquen, en términos de puntos porcentuales, los tres países que entre 2005 y 2015 tuvieron: el mayor aumento en su porcentaje de superficie forestal, ningún cambio global en su porcentaje de superficie forestal y la mayor pérdida en su porcentaje de superficie forestal. Las respuestas se introducen en cada fila de la tabla mediante menús desplegables que contienen el nombre de los 15 países.
Un posible método de solución, que se refleja en la imagen anterior, consiste en utilizar la hoja de cálculo para realizar el siguiente cálculo: «Columna D resta Columna B», esta acción resta el porcentaje de superficie forestal en 2005 del porcentaje de superficie forestal en 2015 para cada país. Los resultados de esta operación se muestran en la columna E. A continuación, los estudiantes pueden optar por ordenar los datos de la columna E para facilitar la identificación de cada país.
El país con el mayor aumento es el país con el resultado positivo más alto; en este caso, se trata de Grecia con 2,34 puntos porcentuales. El país sin cambio global es el país con una diferencia de 0,00; es decir, Armenia. Finalmente, el país con la mayor pérdida es el país con el resultado negativo más bajo; este es Panamá con -2,22 puntos porcentuales.
Una respuesta con crédito total consiste en identificar correctamente los tres países y se sitúa en el Nivel 5, lo que significa que es una tarea difícil para los estudiantes. Se concedió un crédito parcial por identificar correctamente dos países cualesquiera, lo que no deja de ser una tarea moderadamente difícil que se sitúa en el Nivel 4; este hecho no es sorprendente, ya que el crédito parcial exige realizar el mismo trabajo que una respuesta con crédito completo. Es decir, para identificar correctamente dos o tres países cualesquiera, los estudiantes tienen que determinar qué cálculo(s) realizar, cómo utilizar la hoja de cálculo para llevarlos a cabo y, por último, interpretar los resultados con respecto al contexto
Además, dependiendo del orden en que los estudiantes realicen el cálculo, la identificación de los países podría resultar más difícil. Por ejemplo, si los estudiantes calculan «Columna B resta Columna D» (en lugar de «Columna D resta Columna B»), el signo de cada resultado que aparece en la columna E se invertirá (por ejemplo, Grecia = -2,34 y Panamá = +2,22). Sin embargo, basándose en estos datos, el porcentaje de superficie forestal de Grecia aumentó en realidad para cada año mostrado, y el porcentaje de superficie forestal de Panamá disminuyó en realidad para cada año mostrado.
Nombre unidad - ID pregunta
Superficie forestal – CMA161Q01
Área de contenido
Incertidumbre y datos
Proceso
Formular
Contexto
Sociedad
Formato de pregunta
Opción múltiple compleja – Codificada por ordenador
Respuesta
Crédito completo: se identifican correctamente los tres países (de arriba a abajo: el mayor aumento = Grecia; sin cambio global = Armenia; la mayor pérdida = Panamá)Crédito parcial: se identifican correctamente dos países cualesquiera (el otro país es incorrecto o falta)
Dificultad estimada
Nivel 5 (crédito total) - Nivel 4 (crédito parcial)"
MAT/MA161-ForestedAreas,1,1,Swedish,swe-SWE,Miniräknareclose
MAT/MA161-ForestedAreas,1,2,Swedish,swe-SWE,PISA
MAT/MA161-ForestedAreas,1,3,Swedish,swe-SWE,"Skogsarealer  Introduktion
Läs introduktionen. Klicka sedan på pilen NÄSTA.
SKOGSAREALER
I den här delen ska du använda ett kalkylblad för att svara på frågor som handlar om följande situation:
En skog är ett ekosystem där man kan hitta en mängd olika träd, växter och djur.
Mängden skogsareal i ett land kan förändras med tiden.
På nästa sida kommer du att öva på att använda kalkylbladet."
MAT/MA161-ForestedAreas,1,4,Swedish,swe-SWE,"C
(
)
x2
yx
√x
1/x
π
÷
7
8
9
x
4
5
6
–
1
2
3
+
0
.
+/-
="
MAT/MA161-ForestedAreas,2,1,Swedish,swe-SWE,Miniräknareclose
MAT/MA161-ForestedAreas,2,2,Swedish,swe-SWE,PISA
MAT/MA161-ForestedAreas,2,3,Swedish,swe-SWE,"SKOGSAREALER
Kalkylbladet nedan visar mängden skogsareal som en procentandel av landets totala yta i vart och ett av de 15 länderna i den här uppsättningen data. Data visas för åren 2005, 2010 och 2015.
Kolumn A ▾
Kolumn B
Kolumn C
Kolumn D
Kolumn E
Kolumn F
Kolumn G
Land
2005
2010
2015
Algeriet0,640,810,82Armenien11,7711,7411,77Colombia54,2652,8552,73Grekland29,1130,2831,45Indien22,7723,4723,77Kazakstan1,241,231,23Libanon13,3413,3813,42Panama64,3363,2162,11Peru59,0158,4557,79Portugal36,5235,8935,25Senegal45,0544,0142,97Sydkorea64,4264,0863,69Thailand31,5131,8132,1Tyskland32,6632,7332,76USA33,2633,733,85
Beräkna
Kolumn
Kolumn B
Kolumn C
Kolumn D
Kolumn E
Kolumn F
Kolumn G
Beräkning
Addera
Subtrahera
Multiplicera
Dividera
Kolumn
Kolumn B
Kolumn C
Kolumn D
Kolumn E
Kolumn F
Kolumn G
Kör
Medelvärde (genomsnitt)
Kolumn
Kolumn B
Kolumn C
Kolumn D
Kolumn E
Kolumn F
Kolumn G
Kör
Rensa allt
closeOK"
MAT/MA161-ForestedAreas,2,4,Swedish,swe-SWE,"Skogsarealer  Öva
Du ska nu få öva på att använda kalkylbladet innan du fortsätter till frågorna.
Använd kalkylbladet för att slutföra följande tre handlingar.
Sortera en kolumn.
Klicka på symbolen  i Kolumn B, C eller D för att sortera kolumnen i stigande (låg till hög) ordning.
Observera att alla kolumnerna kommer att sorteras på samma sätt som en kolumn är sorterad.
Utför en beräkning
Välj en kolumn från den första rullistan under kalkylbladet.
Välj sedan en beräkning från den mellersta rullistan.
Välj sedan en kolumn från den sista rullistan.
Klicka på ""Kör"".
Resultatet kommer att visas i den första tillgängliga tomma kolumnen.
Visa medelvärdet för en kolumn
Välj en kolumn från rullistan bredvid ""Medelvärde"" under kalkylbladet.
Klicka på ""Kör"".
Resultatet visas i cellen längst ner i denna kolumn.
Klicka på  för att fortsätta."
MAT/MA161-ForestedAreas,2,5,Swedish,swe-SWE,"C
(
)
x2
yx
√x
1/x
π
÷
7
8
9
x
4
5
6
–
1
2
3
+
0
.
+/-
="
MAT/MA161-ForestedAreas,3,1,Swedish,swe-SWE,Miniräknareclose
MAT/MA161-ForestedAreas,3,2,Swedish,swe-SWE,PISA
MAT/MA161-ForestedAreas,3,3,Swedish,swe-SWE,"SKOGSAREALER
Kalkylbladet nedan visar mängden skogsareal som en procentandel av landets totala yta i vart och ett av de 15 länderna i den här uppsättningen data. Data visas för åren 2005, 2010 och 2015.
Kolumn A ▾
Kolumn B
Kolumn C
Kolumn D
Kolumn E
Kolumn F
Kolumn G
Land
2005
2010
2015
Algeriet0,640,810,82Armenien11,7711,7411,77Colombia54,2652,8552,73Grekland29,1130,2831,45Indien22,7723,4723,77Kazakstan1,241,231,23Libanon13,3413,3813,42Panama64,3363,2162,11Peru59,0158,4557,79Portugal36,5235,8935,25Senegal45,0544,0142,97Sydkorea64,4264,0863,69Thailand31,5131,8132,1Tyskland32,6632,7332,76USA33,2633,733,85
Beräkna
Kolumn
Kolumn B
Kolumn C
Kolumn D
Kolumn E
Kolumn F
Kolumn G
Beräkning
Addera
Subtrahera
Multiplicera
Dividera
Kolumn
Kolumn B
Kolumn C
Kolumn D
Kolumn E
Kolumn F
Kolumn G
Kör
Medelvärde (genomsnitt)
Kolumn
Kolumn B
Kolumn C
Kolumn D
Kolumn E
Kolumn F
Kolumn G
Kör
Rensa allt
closeOK"
MAT/MA161-ForestedAreas,3,4,Swedish,swe-SWE,"Skogsarealer  Instruktion
Instruktioner för hur du ska använda kalkylbladet hittar du i varje fråga.
De finns i en meny som kallas ""Så här använder du kalkylbladet"" som du kan öppna och stänga.
Klicka på raden under för att öppna instruktionerna. Klicka på raden igen för att stänga instruktionerna.
Så här använder du kalkylbladet
Klicka på  för att sortera en kolumn i stigande ordning (låg till hög).  Klicka igen för att sortera kolumnen i fallande ordning (hög till låg).
För att göra beräkningar:
Välj en kolumn från den första rullistan.
Välj en beräkning från den mellersta rullistan.
Välj en kolumn från den sista rullistan.
Klicka på ""Kör"".
Resultatet kommer att visas i den första tillgängliga tomma kolumnen.
För att visa medelvärdet i en kolumn väljer du en kolumn från rullistan och klickar på ""Kör"". Resultatet visas i cellen längst ner i denna kolumn.
För att ångra en handling i en kolumn klickar du på .
För att rensa en kolumn klickar du på .
För att rensa hela kalkylbladet klickar du på ""Rensa allt"".
Klicka på  för att fortsätta."
MAT/MA161-ForestedAreas,3,5,Swedish,swe-SWE,"C
(
)
x2
yx
√x
1/x
π
÷
7
8
9
x
4
5
6
–
1
2
3
+
0
.
+/-
="
MAT/MA161-ForestedAreas,4,1,Swedish,swe-SWE,Miniräknareclose
MAT/MA161-ForestedAreas,4,2,Swedish,swe-SWE,PISA
MAT/MA161-ForestedAreas,4,3,Swedish,swe-SWE,"SKOGSAREALER
Kalkylbladet nedan visar mängden skogsareal som en procentandel av landets totala yta i vart och ett av de 15 länderna i den här uppsättningen data. Data visas för åren 2005, 2010 och 2015.
Kolumn A ▾
Kolumn B
Kolumn C
Kolumn D
Kolumn E
Kolumn F
Kolumn G
Land
2005
2010
2015
Algeriet0,640,810,82Armenien11,7711,7411,77Colombia54,2652,8552,73Grekland29,1130,2831,45Indien22,7723,4723,77Kazakstan1,241,231,23Libanon13,3413,3813,42Panama64,3363,2162,11Peru59,0158,4557,79Portugal36,5235,8935,25Senegal45,0544,0142,97Sydkorea64,4264,0863,69Thailand31,5131,8132,1Tyskland32,6632,7332,76USA33,2633,733,85
Beräkna
Kolumn
Kolumn B
Kolumn C
Kolumn D
Kolumn E
Kolumn F
Kolumn G
Beräkning
Addera
Subtrahera
Multiplicera
Dividera
Kolumn
Kolumn B
Kolumn C
Kolumn D
Kolumn E
Kolumn F
Kolumn G
Kör
Medelvärde (genomsnitt)
Kolumn
Kolumn B
Kolumn C
Kolumn D
Kolumn E
Kolumn F
Kolumn G
Kör
Rensa allt
closeOK"
MAT/MA161-ForestedAreas,4,4,Swedish,swe-SWE,"Skogsarealer  Fråga 1 / 4
Så här använder du kalkylbladet
Klicka på  för att sortera en kolumn i stigande ordning (låg till hög).  Klicka igen för att sortera kolumnen i fallande ordning (hög till låg).
För att göra beräkningar:
Välj en kolumn från den första rullistan.
Välj en beräkning från den mellersta rullistan.
Välj en kolumn från den sista rullistan.
Klicka på ""Kör"".
Resultatet kommer att visas i den första tillgängliga tomma kolumnen.
För att visa medelvärdet i en kolumn väljer du en kolumn från rullistan och klickar på ""Kör"". Resultatet visas i cellen längst ner i denna kolumn.
För att ångra en handling i en kolumn klickar du på .
För att rensa en kolumn klickar du på .
För att rensa hela kalkylbladet klickar du på ""Rensa allt"".
Utgå från ""Skogsarealer"" till höger. Svara på frågan nedan med hjälp av kalkylbladet. Svara på varje fråga genom att välja alternativ i rullistorna.
Svara på varje fråga genom att välja ett land från motsvarande rullista i tabellen nedan.
Fråga
Land
Vilket land hade den största ökningen i procentenheter mellan 2005 och 2015?
VäljAlgerietArmenienColombiaGreklandIndienKazakstanLibanonPanamaPeruPortugalSenegalSydkoreaThailandTysklandUSA
Vilket land hade ingen total förändring mellan 2005 och 2015?
VäljAlgerietArmenienColombiaGreklandIndienKazakstanLibanonPanamaPeruPortugalSenegalSydkoreaThailandTysklandUSA
Vilket land hade den största minskningen i procentenheter mellan 2005 och 2015?
VäljAlgerietArmenienColombiaGreklandIndienKazakstanLibanonPanamaPeruPortugalSenegalSydkoreaThailandTysklandUSA"
MAT/MA161-ForestedAreas,4,5,Swedish,swe-SWE,"C
(
)
x2
yx
√x
1/x
π
÷
7
8
9
x
4
5
6
–
1
2
3
+
0
.
+/-
="
MAT/MA161-ForestedAreas,5,1,Swedish,swe-SWE,Miniräknareclose
MAT/MA161-ForestedAreas,5,2,Swedish,swe-SWE,PISA
MAT/MA161-ForestedAreas,5,3,Swedish,swe-SWE,"SKOGSAREALER
Kalkylbladet nedan visar mängden skogsareal som en procentandel av landets totala yta i vart och ett av de 15 länderna i den här uppsättningen data. Data visas för åren 2005, 2010 och 2015.
Kolumn A ▾
Kolumn B
Kolumn C
Kolumn D
Kolumn E
Kolumn F
Kolumn G
Land
2005
2010
2015
Algeriet0,640,810,82Armenien11,7711,7411,77Colombia54,2652,8552,73Grekland29,1130,2831,45Indien22,7723,4723,77Kazakstan1,241,231,23Libanon13,3413,3813,42Panama64,3363,2162,11Peru59,0158,4557,79Portugal36,5235,8935,25Senegal45,0544,0142,97Sydkorea64,4264,0863,69Thailand31,5131,8132,1Tyskland32,6632,7332,76USA33,2633,733,85
Beräkna
Kolumn
Kolumn B
Kolumn C
Kolumn D
Kolumn E
Kolumn F
Kolumn G
Beräkning
Addera
Subtrahera
Multiplicera
Dividera
Kolumn
Kolumn B
Kolumn C
Kolumn D
Kolumn E
Kolumn F
Kolumn G
Kör
Medelvärde (genomsnitt)
Kolumn
Kolumn B
Kolumn C
Kolumn D
Kolumn E
Kolumn F
Kolumn G
Kör
Rensa allt
closeOK"
MAT/MA161-ForestedAreas,5,4,Swedish,swe-SWE,"Skogsarealer  Fråga 2 / 4
Så här använder du kalkylbladet
Klicka på  för att sortera en kolumn i stigande ordning (låg till hög).  Klicka igen för att sortera kolumnen i fallande ordning (hög till låg).
För att göra beräkningar:
Välj en kolumn från den första rullistan.
Välj en beräkning från den mellersta rullistan.
Välj en kolumn från den sista rullistan.
Klicka på ""Kör"".
Resultatet kommer att visas i den första tillgängliga tomma kolumnen.
För att visa medelvärdet i en kolumn väljer du en kolumn från rullistan och klickar på ""Kör"". Resultatet visas i cellen längst ner i denna kolumn.
För att ångra en handling i en kolumn klickar du på .
För att rensa en kolumn klickar du på .
För att rensa hela kalkylbladet klickar du på ""Rensa allt"".
Utgå från ""Skogsarealer"" till höger. Svara på frågan nedan med hjälp av kalkylbladet. Svara på frågan genom att markera ett av alternativen.
Titta på de båda perioderna: 2005 till 2010 och 2010 till 2015.
Vilket påstående är en korrekt beskrivning av den genomsnittliga procentuella förändringen av skogsareal under dessa två perioder?
Den genomsnittliga förändringen var positiv under båda perioderna.
Den genomsnittliga förändringen var negativ under båda perioderna.
Den genomsnittliga förändringen var densamma under båda perioderna.
Den genomsnittliga förändringen var positiv för den ena perioden och negativ för den andra perioden."
MAT/MA161-ForestedAreas,5,5,Swedish,swe-SWE,"C
(
)
x2
yx
√x
1/x
π
÷
7
8
9
x
4
5
6
–
1
2
3
+
0
.
+/-
="
MAT/MA161-ForestedAreas,6,1,Swedish,swe-SWE,Miniräknareclose
MAT/MA161-ForestedAreas,6,2,Swedish,swe-SWE,PISA
MAT/MA161-ForestedAreas,6,3,Swedish,swe-SWE,"SKOGSAREALER
Kalkylbladet nedan visar mängden skogsareal som en procentandel av landets totala yta i vart och ett av de 15 länderna i den här uppsättningen data. Data visas för åren 2005, 2010 och 2015.
Kolumn A ▾
Kolumn B
Kolumn C
Kolumn D
Kolumn E
Kolumn F
Kolumn G
Land
2005
2010
2015
Algeriet0,640,810,82Armenien11,7711,7411,77Colombia54,2652,8552,73Grekland29,1130,2831,45Indien22,7723,4723,77Kazakstan1,241,231,23Libanon13,3413,3813,42Panama64,3363,2162,11Peru59,0158,4557,79Portugal36,5235,8935,25Senegal45,0544,0142,97Sydkorea64,4264,0863,69Thailand31,5131,8132,1Tyskland32,6632,7332,76USA33,2633,733,85
Beräkna
Kolumn
Kolumn B
Kolumn C
Kolumn D
Kolumn E
Kolumn F
Kolumn G
Beräkning
Addera
Subtrahera
Multiplicera
Dividera
Kolumn
Kolumn B
Kolumn C
Kolumn D
Kolumn E
Kolumn F
Kolumn G
Kör
Medelvärde (genomsnitt)
Kolumn
Kolumn B
Kolumn C
Kolumn D
Kolumn E
Kolumn F
Kolumn G
Kör
Rensa allt
closeOK"
MAT/MA161-ForestedAreas,6,4,Swedish,swe-SWE,"Skogsarealer  Fråga 3 / 4
Så här använder du kalkylbladet
Klicka på  för att sortera en kolumn i stigande ordning (låg till hög).  Klicka igen för att sortera kolumnen i fallande ordning (hög till låg).
För att göra beräkningar:
Välj en kolumn från den första rullistan.
Välj en beräkning från den mellersta rullistan.
Välj en kolumn från den sista rullistan.
Klicka på ""Kör"".
Resultatet kommer att visas i den första tillgängliga tomma kolumnen.
För att visa medelvärdet i en kolumn väljer du en kolumn från rullistan och klickar på ""Kör"". Resultatet visas i cellen längst ner i denna kolumn.
För att ångra en handling i en kolumn klickar du på .
För att rensa en kolumn klickar du på .
För att rensa hela kalkylbladet klickar du på ""Rensa allt"".
Utgå från ""Skogsarealer"" till höger. Svara på frågan nedan med hjälp av kalkylbladet. Svara på frågan genom att välja alternativ i rullistorna.
Titta på de båda perioderna: 2005 till 2010 och 2010 till 2015.
Vilka två länder hade, i procentenheter, den största procentuella förändringen i skogsareal från en period till nästa period?
Svar:
VäljAlgerietArmenienColombiaGreklandIndienKazakstanLibanonPanamaPeruPortugalSenegalSydkoreaThailandTysklandUSA
och
VäljAlgerietArmenienColombiaGreklandIndienKazakstanLibanonPanamaPeruPortugalSenegalSydkoreaThailandTysklandUSA"
MAT/MA161-ForestedAreas,6,5,Swedish,swe-SWE,"C
(
)
x2
yx
√x
1/x
π
÷
7
8
9
x
4
5
6
–
1
2
3
+
0
.
+/-
="
MAT/MA161-ForestedAreas,7,1,Swedish,swe-SWE,Miniräknareclose
MAT/MA161-ForestedAreas,7,2,Swedish,swe-SWE,PISA
MAT/MA161-ForestedAreas,7,3,Swedish,swe-SWE,"SKOGSAREALER
Kalkylbladet nedan visar mängden skogsareal som en procentandel av landets totala yta i vart och ett av de 15 länderna i den här uppsättningen data. Data visas för åren 2005, 2010 och 2015.
Kolumn A ▾
Kolumn B
Kolumn C
Kolumn D
Kolumn E
Kolumn F
Kolumn G
Land
2005
2010
2015
Algeriet0,640,810,82Armenien11,7711,7411,77Colombia54,2652,8552,73Grekland29,1130,2831,45Indien22,7723,4723,77Kazakstan1,241,231,23Libanon13,3413,3813,42Panama64,3363,2162,11Peru59,0158,4557,79Portugal36,5235,8935,25Senegal45,0544,0142,97Sydkorea64,4264,0863,69Thailand31,5131,8132,1Tyskland32,6632,7332,76USA33,2633,733,85
Beräkna
Kolumn
Kolumn B
Kolumn C
Kolumn D
Kolumn E
Kolumn F
Kolumn G
Beräkning
Addera
Subtrahera
Multiplicera
Dividera
Kolumn
Kolumn B
Kolumn C
Kolumn D
Kolumn E
Kolumn F
Kolumn G
Kör
Medelvärde (genomsnitt)
Kolumn
Kolumn B
Kolumn C
Kolumn D
Kolumn E
Kolumn F
Kolumn G
Kör
Rensa allt
closeOK"
MAT/MA161-ForestedAreas,7,4,Swedish,swe-SWE,"Skogsarealer  Fråga 4 / 4
Så här använder du kalkylbladet
Klicka på  för att sortera en kolumn i stigande ordning (låg till hög).  Klicka igen för att sortera kolumnen i fallande ordning (hög till låg).
För att göra beräkningar:
Välj en kolumn från den första rullistan.
Välj en beräkning från den mellersta rullistan.
Välj en kolumn från den sista rullistan.
Klicka på ""Kör"".
Resultatet kommer att visas i den första tillgängliga tomma kolumnen.
För att visa medelvärdet i en kolumn väljer du en kolumn från rullistan och klickar på ""Kör"". Resultatet visas i cellen längst ner i denna kolumn.
För att ångra en handling i en kolumn klickar du på .
För att rensa en kolumn klickar du på .
För att rensa hela kalkylbladet klickar du på ""Rensa allt"".
Utgå från ""Skogsarealer"" till höger. Svara på frågan nedan med hjälp av kalkylbladet. Svara på frågan genom att markera ett av alternativen och ge sedan en förklaring.
Helena påstår att Sydkorea har en större skogsareal än något annat land i den här listan för de år som visas.
Stöds hennes påstående av data i kalkylbladet?
Ja
Nej
Förklara ditt svar."
MAT/MA161-ForestedAreas,7,5,Swedish,swe-SWE,"C
(
)
x2
yx
√x
1/x
π
÷
7
8
9
x
4
5
6
–
1
2
3
+
0
.
+/-
="
MAT/MA161-ForestedAreas,1,1,Thai,tha-THA,เครื่องคิดเลขclose
MAT/MA161-ForestedAreas,1,2,Thai,tha-THA,PISA
MAT/MA161-ForestedAreas,1,3,Thai,tha-THA,"พื้นที่ป่า  บทนำ
เมื่ออ่านบทนำแล้ว ให้คลิกที่ลูกศรถัดไป
พื้นที่ป่า
ในข้อสอบชุดนี้ นักเรียนจะได้ใช้โปรแกรมสเปรดชีตในการตอบคำถามที่เกี่ยวข้องกับสถานการณ์ต่อไปนี้:
ป่าเป็นระบบนิเวศที่สามารถพบต้นไม้ พืช และสัตว์หลากหลายชนิด
ปริมาณของพื้นที่ป่าในประเทศหนึ่งสามารถเปลี่ยนแปลงไปตามกาลเวลา
ในหน้าจอถัดไป นักเรียนจะได้ฝึกปฏิบัติการใช้โปรแกรมสเปรดชีต"
MAT/MA161-ForestedAreas,1,4,Thai,tha-THA,"C
(
)
x2
yx
√x
1/x
π
÷
7
8
9
x
4
5
6
–
1
2
3
+
0
.
+/-
="
MAT/MA161-ForestedAreas,2,1,Thai,tha-THA,เครื่องคิดเลขclose
MAT/MA161-ForestedAreas,2,2,Thai,tha-THA,PISA
MAT/MA161-ForestedAreas,2,3,Thai,tha-THA,"พื้นที่ป่า
โปรแกรมสเปรดชีตข้างล่างแสดงชุดข้อมูลปริมาณพื้นที่ป่าเป็นร้อยละของพื้นที่แผ่นดินทั้งหมดในแต่ละประเทศจาก 15 ประเทศ ซึ่งแสดงข้อมูลของปี 2005 ปี 2010 และปี 2015
คอลัมน์ A ▾
คอลัมน์ B
คอลัมน์ C
คอลัมน์ D
คอลัมน์ E
คอลัมน์ F
คอลัมน์ G
ประเทศ
ปี 2005
ปี 2010
ปี 2015
กรีซ29.1130.2831.45เกาหลีใต้64.4264.0863.69คาซัคสถาน1.241.231.23โคลอมเบีย54.2652.8552.73เซเนกัล45.0544.0142.97ไทย31.5131.8132.1ปานามา64.3363.2162.11เปรู59.0158.4557.79โปรตุเกส36.5235.8935.25เยอรมนี32.6632.7332.76เลบานอน13.3413.3813.42สหรัฐอเมริกา33.2633.733.85อาร์เมเนีย11.7711.7411.77อินเดีย22.7723.4723.77แอลจีเรีย0.640.810.82
คำนวณ
คอลัมน์
คอลัมน์ B
คอลัมน์ C
คอลัมน์ D
คอลัมน์ E
คอลัมน์ F
คอลัมน์ G
การดำเนินการทางคณิตศาสตร์
บวก
ลบ
คูณ
หาร
คอลัมน์
คอลัมน์ B
คอลัมน์ C
คอลัมน์ D
คอลัมน์ E
คอลัมน์ F
คอลัมน์ G
เริ่มทำงาน
ค่าเฉลี่ย
คอลัมน์
คอลัมน์ B
คอลัมน์ C
คอลัมน์ D
คอลัมน์ E
คอลัมน์ F
คอลัมน์ G
เริ่มทำงาน
ลบทั้งหมด
closeตกลง"
MAT/MA161-ForestedAreas,2,4,Thai,tha-THA,"พื้นที่ป่า  แบบฝึกปฏิบัติ
ในตอนนี้ นักเรียนจะได้ฝึกปฏิบัติการใช้โปรแกรมสเปรดชีตก่อนการตอบคำถามต่อไป
ให้ใช้โปรแกรมสเปรดชีต โดยการทำตามสามขั้นตอนต่อไปนี้ให้เสร็จสมบูรณ์
จัดเรียงข้อมูลในคอลัมน์
คลิกที่สัญลักษณ์  ในคอลัมน์ B, C  หรือ D เพื่อจัดเรียงข้อมูลในคอลัมน์จากน้อยไปมาก (ต่ำไปสูง) ตามลำดับ
โปรดทราบว่า ทุกคอลัมน์จะเรียงลำดับข้อมูลตามวิธีที่คอลัมน์ใดคอลัมน์หนึ่งถูกจัดเรียงข้อมูล
ทำการคำนวณ
เลือกหนึ่งคอลัมน์จากรายการตามที่แสดงเมนูแรกซึ่งอยู่ใต้โปรแกรมสเปรดชีต
จากนั้น เลือกหนึ่งการดำเนินการทางคณิตศาสตร์จากรายการตามที่แสดงที่อยู่ตรงกลาง
แล้วเลือกอีกหนึ่งคอลัมน์จากรายการตามที่แสดงเมนูสุดท้าย
คลิก “เริ่มทำงาน”
ผลการคำนวณจะแสดงในคอลัมน์แรกที่เป็นคอลัมน์ว่าง
แสดงค่าเฉลี่ยของคอลัมน์
เลือกหนึ่งคอลัมน์จากรายการตามที่แสดงที่อยู่ถัดจาก “ค่าเฉลี่ย” ซึ่งอยู่ใต้โปรแกรมสเปรดชีต
คลิก “เริ่มทำงาน”
ผลการคำนวณจะแสดงในช่องล่างสุดของคอลัมน์นั้น
ให้คลิกที่  เพื่อทำต่อไป"
MAT/MA161-ForestedAreas,2,5,Thai,tha-THA,"C
(
)
x2
yx
√x
1/x
π
÷
7
8
9
x
4
5
6
–
1
2
3
+
0
.
+/-
="
MAT/MA161-ForestedAreas,3,1,Thai,tha-THA,เครื่องคิดเลขclose
MAT/MA161-ForestedAreas,3,2,Thai,tha-THA,PISA
MAT/MA161-ForestedAreas,3,3,Thai,tha-THA,"พื้นที่ป่า
โปรแกรมสเปรดชีตข้างล่างแสดงชุดข้อมูลปริมาณพื้นที่ป่าเป็นร้อยละของพื้นที่แผ่นดินทั้งหมดในแต่ละประเทศจาก 15 ประเทศ ซึ่งแสดงข้อมูลของปี 2005 ปี 2010 และปี 2015
คอลัมน์ A ▾
คอลัมน์ B
คอลัมน์ C
คอลัมน์ D
คอลัมน์ E
คอลัมน์ F
คอลัมน์ G
ประเทศ
ปี 2005
ปี 2010
ปี 2015
กรีซ29.1130.2831.45เกาหลีใต้64.4264.0863.69คาซัคสถาน1.241.231.23โคลอมเบีย54.2652.8552.73เซเนกัล45.0544.0142.97ไทย31.5131.8132.1ปานามา64.3363.2162.11เปรู59.0158.4557.79โปรตุเกส36.5235.8935.25เยอรมนี32.6632.7332.76เลบานอน13.3413.3813.42สหรัฐอเมริกา33.2633.733.85อาร์เมเนีย11.7711.7411.77อินเดีย22.7723.4723.77แอลจีเรีย0.640.810.82
คำนวณ
คอลัมน์
คอลัมน์ B
คอลัมน์ C
คอลัมน์ D
คอลัมน์ E
คอลัมน์ F
คอลัมน์ G
การดำเนินการทางคณิตศาสตร์
บวก
ลบ
คูณ
หาร
คอลัมน์
คอลัมน์ B
คอลัมน์ C
คอลัมน์ D
คอลัมน์ E
คอลัมน์ F
คอลัมน์ G
เริ่มทำงาน
ค่าเฉลี่ย
คอลัมน์
คอลัมน์ B
คอลัมน์ C
คอลัมน์ D
คอลัมน์ E
คอลัมน์ F
คอลัมน์ G
เริ่มทำงาน
ลบทั้งหมด
closeตกลง"
MAT/MA161-ForestedAreas,3,4,Thai,tha-THA,"พื้นที่ป่า  คำชี้แจง
คำชี้แจงสำหรับวิธีใช้งานโปรแกรมสเปรดชีตจะมีอยู่ในคำถามแต่ละข้อ
โดยจะอยู่ในแถบเมนูที่เรียกว่า “วิธีใช้งานโปรแกรมสเปรดชีต” ซึ่งสามารถเปิดและปิดได้
ให้คลิกแถบข้างล่างเพื่อเปิดดูคำชี้แจง แล้วคลิกแถบนี้อีกครั้งเพื่อปิดหน้าคำชี้แจง
วิธีใช้งานโปรแกรมสเปรดชีต
คลิกที่  เพื่อจัดเรียงข้อมูลในคอลัมน์จากน้อยไปมากตามลำดับ  คลิกที่สัญลักษณ์นี้อีกครั้งเพื่อจัดเรียงข้อมูลในคอลัมน์จากมากไปน้อยตามลำดับ
ทำการคำนวณ:
เลือกหนึ่งคอลัมน์จากรายการตามที่แสดงเมนูแรก
เลือกหนึ่งการดำเนินการทางคณิตศาสตร์จากรายการตามที่แสดงที่อยู่ตรงกลาง
เลือกอีกหนึ่งคอลัมน์จากรายการตามที่แสดงเมนูสุดท้าย
คลิก “เริ่มทำงาน”
ผลการคำนวณจะแสดงในคอลัมน์แรกที่เป็นคอลัมน์ว่าง
ในการแสดงค่าเฉลี่ยของคอลัมน์ ให้เลือกหนึ่งคอลัมน์จากรายการตามที่แสดง และคลิก “เริ่มทำงาน” ผลการคำนวณจะแสดงในช่องล่างสุดของคอลัมน์นั้น
ในการยกเลิกการกระทำในคอลัมน์ ให้คลิกที่
ในการลบข้อมูลในคอลัมน์ ให้คลิกที่
ในการลบข้อมูลทั้งหมดในโปรแกรมสเปรดชีต ให้คลิก “ลบทั้งหมด”
ให้คลิกที่  เพื่อทำต่อไป"
MAT/MA161-ForestedAreas,3,5,Thai,tha-THA,"C
(
)
x2
yx
√x
1/x
π
÷
7
8
9
x
4
5
6
–
1
2
3
+
0
.
+/-
="
MAT/MA161-ForestedAreas,4,1,Thai,tha-THA,เครื่องคิดเลขclose
MAT/MA161-ForestedAreas,4,2,Thai,tha-THA,PISA
MAT/MA161-ForestedAreas,4,3,Thai,tha-THA,"พื้นที่ป่า
โปรแกรมสเปรดชีตข้างล่างแสดงชุดข้อมูลปริมาณพื้นที่ป่าเป็นร้อยละของพื้นที่แผ่นดินทั้งหมดในแต่ละประเทศจาก 15 ประเทศ ซึ่งแสดงข้อมูลของปี 2005 ปี 2010 และปี 2015
คอลัมน์ A ▾
คอลัมน์ B
คอลัมน์ C
คอลัมน์ D
คอลัมน์ E
คอลัมน์ F
คอลัมน์ G
ประเทศ
ปี 2005
ปี 2010
ปี 2015
กรีซ29.1130.2831.45เกาหลีใต้64.4264.0863.69คาซัคสถาน1.241.231.23โคลอมเบีย54.2652.8552.73เซเนกัล45.0544.0142.97ไทย31.5131.8132.1ปานามา64.3363.2162.11เปรู59.0158.4557.79โปรตุเกส36.5235.8935.25เยอรมนี32.6632.7332.76เลบานอน13.3413.3813.42สหรัฐอเมริกา33.2633.733.85อาร์เมเนีย11.7711.7411.77อินเดีย22.7723.4723.77แอลจีเรีย0.640.810.82
คำนวณ
คอลัมน์
คอลัมน์ B
คอลัมน์ C
คอลัมน์ D
คอลัมน์ E
คอลัมน์ F
คอลัมน์ G
การดำเนินการทางคณิตศาสตร์
บวก
ลบ
คูณ
หาร
คอลัมน์
คอลัมน์ B
คอลัมน์ C
คอลัมน์ D
คอลัมน์ E
คอลัมน์ F
คอลัมน์ G
เริ่มทำงาน
ค่าเฉลี่ย
คอลัมน์
คอลัมน์ B
คอลัมน์ C
คอลัมน์ D
คอลัมน์ E
คอลัมน์ F
คอลัมน์ G
เริ่มทำงาน
ลบทั้งหมด
closeตกลง"
MAT/MA161-ForestedAreas,4,4,Thai,tha-THA,"พื้นที่ป่า  คำถามที่ 1 / 4
วิธีใช้งานโปรแกรมสเปรดชีต
คลิกที่  เพื่อจัดเรียงข้อมูลในคอลัมน์จากน้อยไปมากตามลำดับ  คลิกที่สัญลักษณ์นี้อีกครั้งเพื่อจัดเรียงข้อมูลในคอลัมน์จากมากไปน้อยตามลำดับ
ทำการคำนวณ:
เลือกหนึ่งคอลัมน์จากรายการตามที่แสดงเมนูแรก
เลือกหนึ่งการดำเนินการทางคณิตศาสตร์จากรายการตามที่แสดงที่อยู่ตรงกลาง
เลือกอีกหนึ่งคอลัมน์จากรายการตามที่แสดงเมนูสุดท้าย
คลิก “เริ่มทำงาน”
ผลการคำนวณจะแสดงในคอลัมน์แรกที่เป็นคอลัมน์ว่าง
ในการแสดงค่าเฉลี่ยของคอลัมน์ ให้เลือกหนึ่งคอลัมน์จากรายการตามที่แสดง และคลิก “เริ่มทำงาน” ผลการคำนวณจะแสดงในช่องล่างสุดของคอลัมน์นั้น
ในการยกเลิกการกระทำในคอลัมน์ ให้คลิกที่
ในการลบข้อมูลในคอลัมน์ ให้คลิกที่
ในการลบข้อมูลทั้งหมดในโปรแกรมสเปรดชีต ให้คลิก “ลบทั้งหมด”
จากเรื่อง “พื้นที่ป่า” ทางด้านขวา ให้ใช้โปรแกรมสเปรดชีตเพื่อช่วยนักเรียนในการตอบคำถามข้างล่าง แล้วเลือกจากรายการตามที่แสดงเพื่อตอบคำถามแต่ละข้อ
ในตารางข้างล่าง ให้ตอบคำถามแต่ละข้อโดยการเลือกประเทศจากรายการตามที่แสดง
คำถาม
ประเทศ
เมื่อพิจารณาจากร้อยละของปี 2005 กับปี 2015 ประเทศใดมีการเพิ่มขึ้นมากที่สุด
เลือกกรีซเกาหลีใต้คาซัคสถานโคลอมเบียเซเนกัลไทยปานามาเปรูโปรตุเกสเยอรมนีเลบานอนสหรัฐอเมริกาอาร์เมเนียอินเดียแอลจีเรีย
เมื่อเทียบปี 2005 กับปี 2015 ประเทศใดไม่มีการเปลี่ยนแปลงในภาพรวม
เลือกกรีซเกาหลีใต้คาซัคสถานโคลอมเบียเซเนกัลไทยปานามาเปรูโปรตุเกสเยอรมนีเลบานอนสหรัฐอเมริกาอาร์เมเนียอินเดียแอลจีเรีย
เมื่อพิจารณาจากร้อยละของปี 2005 กับปี 2015 ประเทศใดมีการลดลงมากที่สุด
เลือกกรีซเกาหลีใต้คาซัคสถานโคลอมเบียเซเนกัลไทยปานามาเปรูโปรตุเกสเยอรมนีเลบานอนสหรัฐอเมริกาอาร์เมเนียอินเดียแอลจีเรีย"
MAT/MA161-ForestedAreas,4,5,Thai,tha-THA,"C
(
)
x2
yx
√x
1/x
π
÷
7
8
9
x
4
5
6
–
1
2
3
+
0
.
+/-
="
MAT/MA161-ForestedAreas,5,1,Thai,tha-THA,เครื่องคิดเลขclose
MAT/MA161-ForestedAreas,5,2,Thai,tha-THA,PISA
MAT/MA161-ForestedAreas,5,3,Thai,tha-THA,"พื้นที่ป่า
โปรแกรมสเปรดชีตข้างล่างแสดงชุดข้อมูลปริมาณพื้นที่ป่าเป็นร้อยละของพื้นที่แผ่นดินทั้งหมดในแต่ละประเทศจาก 15 ประเทศ ซึ่งแสดงข้อมูลของปี 2005 ปี 2010 และปี 2015
คอลัมน์ A ▾
คอลัมน์ B
คอลัมน์ C
คอลัมน์ D
คอลัมน์ E
คอลัมน์ F
คอลัมน์ G
ประเทศ
ปี 2005
ปี 2010
ปี 2015
กรีซ29.1130.2831.45เกาหลีใต้64.4264.0863.69คาซัคสถาน1.241.231.23โคลอมเบีย54.2652.8552.73เซเนกัล45.0544.0142.97ไทย31.5131.8132.1ปานามา64.3363.2162.11เปรู59.0158.4557.79โปรตุเกส36.5235.8935.25เยอรมนี32.6632.7332.76เลบานอน13.3413.3813.42สหรัฐอเมริกา33.2633.733.85อาร์เมเนีย11.7711.7411.77อินเดีย22.7723.4723.77แอลจีเรีย0.640.810.82
คำนวณ
คอลัมน์
คอลัมน์ B
คอลัมน์ C
คอลัมน์ D
คอลัมน์ E
คอลัมน์ F
คอลัมน์ G
การดำเนินการทางคณิตศาสตร์
บวก
ลบ
คูณ
หาร
คอลัมน์
คอลัมน์ B
คอลัมน์ C
คอลัมน์ D
คอลัมน์ E
คอลัมน์ F
คอลัมน์ G
เริ่มทำงาน
ค่าเฉลี่ย
คอลัมน์
คอลัมน์ B
คอลัมน์ C
คอลัมน์ D
คอลัมน์ E
คอลัมน์ F
คอลัมน์ G
เริ่มทำงาน
ลบทั้งหมด
closeตกลง"
MAT/MA161-ForestedAreas,5,4,Thai,tha-THA,"พื้นที่ป่า  คำถามที่ 2 / 4
วิธีใช้งานโปรแกรมสเปรดชีต
คลิกที่  เพื่อจัดเรียงข้อมูลในคอลัมน์จากน้อยไปมากตามลำดับ  คลิกที่สัญลักษณ์นี้อีกครั้งเพื่อจัดเรียงข้อมูลในคอลัมน์จากมากไปน้อยตามลำดับ
ทำการคำนวณ:
เลือกหนึ่งคอลัมน์จากรายการตามที่แสดงเมนูแรก
เลือกหนึ่งการดำเนินการทางคณิตศาสตร์จากรายการตามที่แสดงที่อยู่ตรงกลาง
เลือกอีกหนึ่งคอลัมน์จากรายการตามที่แสดงเมนูสุดท้าย
คลิก “เริ่มทำงาน”
ผลการคำนวณจะแสดงในคอลัมน์แรกที่เป็นคอลัมน์ว่าง
ในการแสดงค่าเฉลี่ยของคอลัมน์ ให้เลือกหนึ่งคอลัมน์จากรายการตามที่แสดง และคลิก “เริ่มทำงาน” ผลการคำนวณจะแสดงในช่องล่างสุดของคอลัมน์นั้น
ในการยกเลิกการกระทำในคอลัมน์ ให้คลิกที่
ในการลบข้อมูลในคอลัมน์ ให้คลิกที่
ในการลบข้อมูลทั้งหมดในโปรแกรมสเปรดชีต ให้คลิก “ลบทั้งหมด”
จากเรื่อง “พื้นที่ป่า” ทางด้านขวา ให้ใช้โปรแกรมสเปรดชีตเพื่อช่วยนักเรียนในการตอบคำถามข้างล่าง แล้วคลิกหนึ่งตัวเลือกเพื่อตอบคำถาม
ให้พิจารณาในสองช่วงเวลา: ปี 2005 ถึง ปี 2010 และ ปี 2010 ถึง ปี 2015
ข้อความใดต่อไปนี้อธิบายว่าค่าเฉลี่ยของร้อยละของพื้นที่ป่าในทั้งสองช่วงเวลาเปลี่ยนแปลงไปอย่างไรได้ถูกต้อง
การเปลี่ยนแปลงของค่าเฉลี่ยมีค่าเป็นบวกทั้งสองช่วงเวลา
การเปลี่ยนแปลงของค่าเฉลี่ยมีค่าเป็นลบทั้งสองช่วงเวลา
การเปลี่ยนแปลงของค่าเฉลี่ยมีค่าเท่ากันทั้งสองช่วงเวลา
การเปลี่ยนแปลงของค่าเฉลี่ยมีค่าเป็นบวกในช่วงเวลาหนึ่ง และมีค่าเป็นลบในอีกช่วงเวลาหนึ่ง"
MAT/MA161-ForestedAreas,5,5,Thai,tha-THA,"C
(
)
x2
yx
√x
1/x
π
÷
7
8
9
x
4
5
6
–
1
2
3
+
0
.
+/-
="
MAT/MA161-ForestedAreas,6,1,Thai,tha-THA,เครื่องคิดเลขclose
MAT/MA161-ForestedAreas,6,2,Thai,tha-THA,PISA
MAT/MA161-ForestedAreas,6,3,Thai,tha-THA,"พื้นที่ป่า
โปรแกรมสเปรดชีตข้างล่างแสดงชุดข้อมูลปริมาณพื้นที่ป่าเป็นร้อยละของพื้นที่แผ่นดินทั้งหมดในแต่ละประเทศจาก 15 ประเทศ ซึ่งแสดงข้อมูลของปี 2005 ปี 2010 และปี 2015
คอลัมน์ A ▾
คอลัมน์ B
คอลัมน์ C
คอลัมน์ D
คอลัมน์ E
คอลัมน์ F
คอลัมน์ G
ประเทศ
ปี 2005
ปี 2010
ปี 2015
กรีซ29.1130.2831.45เกาหลีใต้64.4264.0863.69คาซัคสถาน1.241.231.23โคลอมเบีย54.2652.8552.73เซเนกัล45.0544.0142.97ไทย31.5131.8132.1ปานามา64.3363.2162.11เปรู59.0158.4557.79โปรตุเกส36.5235.8935.25เยอรมนี32.6632.7332.76เลบานอน13.3413.3813.42สหรัฐอเมริกา33.2633.733.85อาร์เมเนีย11.7711.7411.77อินเดีย22.7723.4723.77แอลจีเรีย0.640.810.82
คำนวณ
คอลัมน์
คอลัมน์ B
คอลัมน์ C
คอลัมน์ D
คอลัมน์ E
คอลัมน์ F
คอลัมน์ G
การดำเนินการทางคณิตศาสตร์
บวก
ลบ
คูณ
หาร
คอลัมน์
คอลัมน์ B
คอลัมน์ C
คอลัมน์ D
คอลัมน์ E
คอลัมน์ F
คอลัมน์ G
เริ่มทำงาน
ค่าเฉลี่ย
คอลัมน์
คอลัมน์ B
คอลัมน์ C
คอลัมน์ D
คอลัมน์ E
คอลัมน์ F
คอลัมน์ G
เริ่มทำงาน
ลบทั้งหมด
closeตกลง"
MAT/MA161-ForestedAreas,6,4,Thai,tha-THA,"พื้นที่ป่า  คำถามที่ 3 / 4
วิธีใช้งานโปรแกรมสเปรดชีต
คลิกที่  เพื่อจัดเรียงข้อมูลในคอลัมน์จากน้อยไปมากตามลำดับ  คลิกที่สัญลักษณ์นี้อีกครั้งเพื่อจัดเรียงข้อมูลในคอลัมน์จากมากไปน้อยตามลำดับ
ทำการคำนวณ:
เลือกหนึ่งคอลัมน์จากรายการตามที่แสดงเมนูแรก
เลือกหนึ่งการดำเนินการทางคณิตศาสตร์จากรายการตามที่แสดงที่อยู่ตรงกลาง
เลือกอีกหนึ่งคอลัมน์จากรายการตามที่แสดงเมนูสุดท้าย
คลิก “เริ่มทำงาน”
ผลการคำนวณจะแสดงในคอลัมน์แรกที่เป็นคอลัมน์ว่าง
ในการแสดงค่าเฉลี่ยของคอลัมน์ ให้เลือกหนึ่งคอลัมน์จากรายการตามที่แสดง และคลิก “เริ่มทำงาน” ผลการคำนวณจะแสดงในช่องล่างสุดของคอลัมน์นั้น
ในการยกเลิกการกระทำในคอลัมน์ ให้คลิกที่
ในการลบข้อมูลในคอลัมน์ ให้คลิกที่
ในการลบข้อมูลทั้งหมดในโปรแกรมสเปรดชีต ให้คลิก “ลบทั้งหมด”
จากเรื่อง “พื้นที่ป่า” ทางด้านขวา ให้ใช้โปรแกรมสเปรดชีตเพื่อช่วยนักเรียนในการตอบคำถามข้างล่าง แล้วเลือกจากรายการตามที่แสดงเพื่อตอบคำถาม
ให้พิจารณาในสองช่วงเวลา: ปี 2005 ถึง ปี 2010 และ ปี 2010 ถึง ปี 2015
เมื่อพิจารณาจากร้อยละ  สองประเทศใดมีการเปลี่ยนแปลงร้อยละของพื้นที่ป่าจากช่วงเวลาหนึ่งไปสู่อีกช่วงเวลาหนึ่งมากที่สุด
คำตอบ:
เลือกกรีซเกาหลีใต้คาซัคสถานโคลอมเบียเซเนกัลไทยปานามาเปรูโปรตุเกสเยอรมนีเลบานอนสหรัฐอเมริกาอาร์เมเนียอินเดียแอลจีเรีย
และ
เลือกกรีซเกาหลีใต้คาซัคสถานโคลอมเบียเซเนกัลไทยปานามาเปรูโปรตุเกสเยอรมนีเลบานอนสหรัฐอเมริกาอาร์เมเนียอินเดียแอลจีเรีย"
MAT/MA161-ForestedAreas,6,5,Thai,tha-THA,"C
(
)
x2
yx
√x
1/x
π
÷
7
8
9
x
4
5
6
–
1
2
3
+
0
.
+/-
="
MAT/MA161-ForestedAreas,7,1,Thai,tha-THA,เครื่องคิดเลขclose
MAT/MA161-ForestedAreas,7,2,Thai,tha-THA,PISA
MAT/MA161-ForestedAreas,7,3,Thai,tha-THA,"พื้นที่ป่า
โปรแกรมสเปรดชีตข้างล่างแสดงชุดข้อมูลปริมาณพื้นที่ป่าเป็นร้อยละของพื้นที่แผ่นดินทั้งหมดในแต่ละประเทศจาก 15 ประเทศ ซึ่งแสดงข้อมูลของปี 2005 ปี 2010 และปี 2015
คอลัมน์ A ▾
คอลัมน์ B
คอลัมน์ C
คอลัมน์ D
คอลัมน์ E
คอลัมน์ F
คอลัมน์ G
ประเทศ
ปี 2005
ปี 2010
ปี 2015
กรีซ29.1130.2831.45เกาหลีใต้64.4264.0863.69คาซัคสถาน1.241.231.23โคลอมเบีย54.2652.8552.73เซเนกัล45.0544.0142.97ไทย31.5131.8132.1ปานามา64.3363.2162.11เปรู59.0158.4557.79โปรตุเกส36.5235.8935.25เยอรมนี32.6632.7332.76เลบานอน13.3413.3813.42สหรัฐอเมริกา33.2633.733.85อาร์เมเนีย11.7711.7411.77อินเดีย22.7723.4723.77แอลจีเรีย0.640.810.82
คำนวณ
คอลัมน์
คอลัมน์ B
คอลัมน์ C
คอลัมน์ D
คอลัมน์ E
คอลัมน์ F
คอลัมน์ G
การดำเนินการทางคณิตศาสตร์
บวก
ลบ
คูณ
หาร
คอลัมน์
คอลัมน์ B
คอลัมน์ C
คอลัมน์ D
คอลัมน์ E
คอลัมน์ F
คอลัมน์ G
เริ่มทำงาน
ค่าเฉลี่ย
คอลัมน์
คอลัมน์ B
คอลัมน์ C
คอลัมน์ D
คอลัมน์ E
คอลัมน์ F
คอลัมน์ G
เริ่มทำงาน
ลบทั้งหมด
closeตกลง"
MAT/MA161-ForestedAreas,7,4,Thai,tha-THA,"พื้นที่ป่า  คำถามที่ 4 / 4
วิธีใช้งานโปรแกรมสเปรดชีต
คลิกที่  เพื่อจัดเรียงข้อมูลในคอลัมน์จากน้อยไปมากตามลำดับ  คลิกที่สัญลักษณ์นี้อีกครั้งเพื่อจัดเรียงข้อมูลในคอลัมน์จากมากไปน้อยตามลำดับ
ทำการคำนวณ:
เลือกหนึ่งคอลัมน์จากรายการตามที่แสดงเมนูแรก
เลือกหนึ่งการดำเนินการทางคณิตศาสตร์จากรายการตามที่แสดงที่อยู่ตรงกลาง
เลือกอีกหนึ่งคอลัมน์จากรายการตามที่แสดงเมนูสุดท้าย
คลิก “เริ่มทำงาน”
ผลการคำนวณจะแสดงในคอลัมน์แรกที่เป็นคอลัมน์ว่าง
ในการแสดงค่าเฉลี่ยของคอลัมน์ ให้เลือกหนึ่งคอลัมน์จากรายการตามที่แสดง และคลิก “เริ่มทำงาน” ผลการคำนวณจะแสดงในช่องล่างสุดของคอลัมน์นั้น
ในการยกเลิกการกระทำในคอลัมน์ ให้คลิกที่
ในการลบข้อมูลในคอลัมน์ ให้คลิกที่
ในการลบข้อมูลทั้งหมดในโปรแกรมสเปรดชีต ให้คลิก “ลบทั้งหมด”
จากเรื่อง “พื้นที่ป่า” ทางด้านขวา ให้ใช้โปรแกรมสเปรดชีตเพื่อช่วยนักเรียนในการตอบคำถามข้างล่าง และคลิกหนึ่งตัวเลือก แล้วพิมพ์คำอธิบายเพื่อตอบคำถาม
หฤทัยกล่าวว่าประเทศเกาหลีใต้มีพื้นที่ป่ามากกว่าประเทศอื่นๆ ในปีที่มีข้อมูลแสดงอยู่
ข้อมูลในโปรแกรมสเปรดชีต สนับสนุนคำกล่าวอ้างของเธอใช่หรือไม่
ใช่
ไม่ใช่
จงอธิบายคำตอบของนักเรียน"
MAT/MA161-ForestedAreas,7,5,Thai,tha-THA,"C
(
)
x2
yx
√x
1/x
π
÷
7
8
9
x
4
5
6
–
1
2
3
+
0
.
+/-
="
MAT/MA161-ForestedAreas,1,1,Turkish,tur-TUR,Hesap Makinesiclose
MAT/MA161-ForestedAreas,1,2,Turkish,tur-TUR,PISA
MAT/MA161-ForestedAreas,1,3,Turkish,tur-TUR,"Ormanlık Alan  Giriş
Girişi okuyunuz. Sonra İLERİ ok tuşuna tıklayınız.
ORMANLIK ALAN
Bu ünitede, aşağıdaki durumla ilgili soruları cevaplamak için bir tablo kullanacaksınız:
Orman, çeşitli ağaçların, bitkilerin ve hayvanların bulunduğu bir ekosistemdir.
Bir ülkedeki ormanlık alanın miktarı zaman içinde değişebilir.
Bir sonraki ekranda, verilen tabloyu kullanarak deneme yapacaksınız."
MAT/MA161-ForestedAreas,1,4,Turkish,tur-TUR,"C
(
)
x2
yx
√x
1/x
π
÷
7
8
9
x
4
5
6
–
1
2
3
+
0
.
+/-
="
MAT/MA161-ForestedAreas,2,1,Turkish,tur-TUR,Hesap Makinesiclose
MAT/MA161-ForestedAreas,2,2,Turkish,tur-TUR,PISA
MAT/MA161-ForestedAreas,2,3,Turkish,tur-TUR,"ORMANLIK ALAN
Aşağıdaki tabloda, bu veri setindeki 15 ülkenin her birinde bulunan ormanlık alanın o ülkedeki toplam alana oranı yüzde olarak gösterilmektedir. Tabloda 2005, 2010 ve 2015 yıllarına ait veriler bulunmaktadır.
A Sütunu ▾
B Sütunu
C Sütunu
D Sütunu
E Sütunu
F Sütunu
G Sütunu
Ülke
2005
2010
2015
Almanya32,6632,7332,76Amerika Birleşik Devletleri33,2633,733,85Cezayir0,640,810,82Ermenistan11,7711,7411,77Güney Kore64,4264,0863,69Hindistan22,7723,4723,77Kazakistan1,241,231,23Kolombiya54,2652,8552,73Lübnan13,3413,3813,42Panama64,3363,2162,11Peru59,0158,4557,79Portekiz36,5235,8935,25Senegal45,0544,0142,97Tayland31,5131,8132,1Yunanistan29,1130,2831,45
Hesapla
Sütun
B Sütunu
C Sütunu
D Sütunu
E Sütunu
F Sütunu
G Sütunu
İşlem
Topla
Çıkar
Çarp
Böl
Sütun
B Sütunu
C Sütunu
D Sütunu
E Sütunu
F Sütunu
G Sütunu
Çalıştır
Ortalama
Sütun
B Sütunu
C Sütunu
D Sütunu
E Sütunu
F Sütunu
G Sütunu
Çalıştır
Tümünü Temizle
closeTAMAM"
MAT/MA161-ForestedAreas,2,4,Turkish,tur-TUR,"Ormanlık Alan  Deneme
Şimdi sorulara devam etmeden önce tabloyu kullanarak deneme yapacaksınız.
Aşağıdaki üç işlemi tamamlamak için tabloyu kullanınız.
Sütunları sıralama
B, C, ya da D sütunlarını artan düzende (en düşükten en yükseğe doğru) sıralamak için o sütundaki  simgesine tıklayınız.
Veriler herhangi bir sütuna göre sıralandığında diğer sütunlar da bu sütuna göre sıralanacaktır.
Hesaplama yapma
Tablonun altındaki ilk açılan menüden bir sütun seçiniz.
Ardından, ortadaki açılan menüden bir işlem seçiniz.
Daha sonra, son açılan menüden bir sütun seçiniz.
""Çalıştır""a tıklayınız.
Sonuçlar uygun olan ilk boş sütunda gösterilecektir.
Bir sütunun ortalamasını (aritmetik ortalama) görüntüleme
Tablonun altında bulunan “Ortalama”nın yanındaki açılan menüden bir sütun seçiniz.
""Çalıştır""a tıklayınız.
Sonuç o sütunun altındaki hücrede gösterilecektir.
Devam etmek için  butonuna tıklayınız."
MAT/MA161-ForestedAreas,2,5,Turkish,tur-TUR,"C
(
)
x2
yx
√x
1/x
π
÷
7
8
9
x
4
5
6
–
1
2
3
+
0
.
+/-
="
MAT/MA161-ForestedAreas,3,1,Turkish,tur-TUR,Hesap Makinesiclose
MAT/MA161-ForestedAreas,3,2,Turkish,tur-TUR,PISA
MAT/MA161-ForestedAreas,3,3,Turkish,tur-TUR,"ORMANLIK ALAN
Aşağıdaki tabloda, bu veri setindeki 15 ülkenin her birinde bulunan ormanlık alanın o ülkedeki toplam alana oranı yüzde olarak gösterilmektedir. Tabloda 2005, 2010 ve 2015 yıllarına ait veriler bulunmaktadır.
A Sütunu ▾
B Sütunu
C Sütunu
D Sütunu
E Sütunu
F Sütunu
G Sütunu
Ülke
2005
2010
2015
Almanya32,6632,7332,76Amerika Birleşik Devletleri33,2633,733,85Cezayir0,640,810,82Ermenistan11,7711,7411,77Güney Kore64,4264,0863,69Hindistan22,7723,4723,77Kazakistan1,241,231,23Kolombiya54,2652,8552,73Lübnan13,3413,3813,42Panama64,3363,2162,11Peru59,0158,4557,79Portekiz36,5235,8935,25Senegal45,0544,0142,97Tayland31,5131,8132,1Yunanistan29,1130,2831,45
Hesapla
Sütun
B Sütunu
C Sütunu
D Sütunu
E Sütunu
F Sütunu
G Sütunu
İşlem
Topla
Çıkar
Çarp
Böl
Sütun
B Sütunu
C Sütunu
D Sütunu
E Sütunu
F Sütunu
G Sütunu
Çalıştır
Ortalama
Sütun
B Sütunu
C Sütunu
D Sütunu
E Sütunu
F Sütunu
G Sütunu
Çalıştır
Tümünü Temizle
closeTAMAM"
MAT/MA161-ForestedAreas,3,4,Turkish,tur-TUR,"Ormanlık Alan  Yönerge
Tablonun nasıl kullanılacağı ile ilgili yönergeler her bir soruda bulunmaktadır.
Bu yönergeler açılıp kapanabilen ""Tablo Nasıl Kullanılır?"" adlı menüde bulunmaktadır.
Yönergeleri açmak için aşağıdaki çubuğa tıklayınız. Yönergeleri kapatmak için tekrar aynı çubuğa tıklayınız.
Tablo Nasıl Kullanılır?
Bir sütundaki verileri artan düzende (en düşükten en yükseğe doğru) sıralamak için  simgesine tıklayınız.  O sütundaki verileri azalan düzende (en yüksekten en düşüğe doğru) sıralamak için tekrar aynı simgeye tıklayınız.
Hesaplama yapmak için:
İlk açılan menüden bir sütun seçiniz.
Ortadaki açılan menüden bir işlem seçiniz.
Son açılan menüden bir sütun seçiniz.
""Çalıştır""a tıklayınız.
Sonuçlar uygun olan ilk boş sütunda gösterilecektir.
Bir sütundaki verilerin ortalamasını (aritmetik ortalama) görüntülemek için açılan menüden bir sütun seçiniz ve ""Çalıştır""a tıklayınız. Sonuç o sütunun altındaki hücrede gösterilecektir.
Bir sütunda yaptığınız işlemi geri almak için  simgesine tıklayınız.
Bir sütundaki verileri silmek için  simgesine tıklayınız.
Tablodaki verileri tamamen silmek için ""Tümünü Temizle""ye tıklayınız.
Devam etmek için  butonuna tıklayınız."
MAT/MA161-ForestedAreas,3,5,Turkish,tur-TUR,"C
(
)
x2
yx
√x
1/x
π
÷
7
8
9
x
4
5
6
–
1
2
3
+
0
.
+/-
="
MAT/MA161-ForestedAreas,4,1,Turkish,tur-TUR,Hesap Makinesiclose
MAT/MA161-ForestedAreas,4,2,Turkish,tur-TUR,PISA
MAT/MA161-ForestedAreas,4,3,Turkish,tur-TUR,"ORMANLIK ALAN
Aşağıdaki tabloda, bu veri setindeki 15 ülkenin her birinde bulunan ormanlık alanın o ülkedeki toplam alana oranı yüzde olarak gösterilmektedir. Tabloda 2005, 2010 ve 2015 yıllarına ait veriler bulunmaktadır.
A Sütunu ▾
B Sütunu
C Sütunu
D Sütunu
E Sütunu
F Sütunu
G Sütunu
Ülke
2005
2010
2015
Almanya32,6632,7332,76Amerika Birleşik Devletleri33,2633,733,85Cezayir0,640,810,82Ermenistan11,7711,7411,77Güney Kore64,4264,0863,69Hindistan22,7723,4723,77Kazakistan1,241,231,23Kolombiya54,2652,8552,73Lübnan13,3413,3813,42Panama64,3363,2162,11Peru59,0158,4557,79Portekiz36,5235,8935,25Senegal45,0544,0142,97Tayland31,5131,8132,1Yunanistan29,1130,2831,45
Hesapla
Sütun
B Sütunu
C Sütunu
D Sütunu
E Sütunu
F Sütunu
G Sütunu
İşlem
Topla
Çıkar
Çarp
Böl
Sütun
B Sütunu
C Sütunu
D Sütunu
E Sütunu
F Sütunu
G Sütunu
Çalıştır
Ortalama
Sütun
B Sütunu
C Sütunu
D Sütunu
E Sütunu
F Sütunu
G Sütunu
Çalıştır
Tümünü Temizle
closeTAMAM"
MAT/MA161-ForestedAreas,4,4,Turkish,tur-TUR,"Ormanlık Alan  Soru 1 / 4
Tablo Nasıl Kullanılır?
Bir sütundaki verileri artan düzende (en düşükten en yükseğe doğru) sıralamak için  simgesine tıklayınız.  O sütundaki verileri azalan düzende (en yüksekten en düşüğe doğru) sıralamak için tekrar aynı simgeye tıklayınız.
Hesaplama yapmak için:
İlk açılan menüden bir sütun seçiniz.
Ortadaki açılan menüden bir işlem seçiniz.
Son açılan menüden bir sütun seçiniz.
""Çalıştır""a tıklayınız.
Sonuçlar uygun olan ilk boş sütunda gösterilecektir.
Bir sütundaki verilerin ortalamasını (aritmetik ortalama) görüntülemek için açılan menüden bir sütun seçiniz ve ""Çalıştır""a tıklayınız. Sonuç o sütunun altındaki hücrede gösterilecektir.
Bir sütunda yaptığınız işlemi geri almak için  simgesine tıklayınız.
Bir sütundaki verileri silmek için  simgesine tıklayınız.
Tablodaki verileri tamamen silmek için ""Tümünü Temizle""ye tıklayınız.
Sağdaki ""Ormanlık Alan""dan yararlanınız. Aşağıdaki soruyu cevaplamak için sağdaki tabloyu kullanınız. Her bir soruyu cevaplamak için açılan menülerden seçim yapınız.
Aşağıdaki tabloda, ilgili açılan menüden bir ülke seçerek her bir soruyu cevaplayınız.
Soru
Ülke
2005-2015 yılları arasında yüzdesinde en fazla artış olan ülke hangisidir?
SeçinizAlmanyaAmerika Birleşik DevletleriCezayirErmenistanGüney KoreHindistanKazakistanKolombiyaLübnanPanamaPeruPortekizSenegalTaylandYunanistan
2005-2015 yılları arasında hangi ülkede geniş kapsamlı bir değişiklik olmamıştır?
SeçinizAlmanyaAmerika Birleşik DevletleriCezayirErmenistanGüney KoreHindistanKazakistanKolombiyaLübnanPanamaPeruPortekizSenegalTaylandYunanistan
2005-2015 yılları arasında yüzdesinde en fazla düşüş olan ülke hangisidir?
SeçinizAlmanyaAmerika Birleşik DevletleriCezayirErmenistanGüney KoreHindistanKazakistanKolombiyaLübnanPanamaPeruPortekizSenegalTaylandYunanistan"
MAT/MA161-ForestedAreas,4,5,Turkish,tur-TUR,"C
(
)
x2
yx
√x
1/x
π
÷
7
8
9
x
4
5
6
–
1
2
3
+
0
.
+/-
="
MAT/MA161-ForestedAreas,5,1,Turkish,tur-TUR,Hesap Makinesiclose
MAT/MA161-ForestedAreas,5,2,Turkish,tur-TUR,PISA
MAT/MA161-ForestedAreas,5,3,Turkish,tur-TUR,"ORMANLIK ALAN
Aşağıdaki tabloda, bu veri setindeki 15 ülkenin her birinde bulunan ormanlık alanın o ülkedeki toplam alana oranı yüzde olarak gösterilmektedir. Tabloda 2005, 2010 ve 2015 yıllarına ait veriler bulunmaktadır.
A Sütunu ▾
B Sütunu
C Sütunu
D Sütunu
E Sütunu
F Sütunu
G Sütunu
Ülke
2005
2010
2015
Almanya32,6632,7332,76Amerika Birleşik Devletleri33,2633,733,85Cezayir0,640,810,82Ermenistan11,7711,7411,77Güney Kore64,4264,0863,69Hindistan22,7723,4723,77Kazakistan1,241,231,23Kolombiya54,2652,8552,73Lübnan13,3413,3813,42Panama64,3363,2162,11Peru59,0158,4557,79Portekiz36,5235,8935,25Senegal45,0544,0142,97Tayland31,5131,8132,1Yunanistan29,1130,2831,45
Hesapla
Sütun
B Sütunu
C Sütunu
D Sütunu
E Sütunu
F Sütunu
G Sütunu
İşlem
Topla
Çıkar
Çarp
Böl
Sütun
B Sütunu
C Sütunu
D Sütunu
E Sütunu
F Sütunu
G Sütunu
Çalıştır
Ortalama
Sütun
B Sütunu
C Sütunu
D Sütunu
E Sütunu
F Sütunu
G Sütunu
Çalıştır
Tümünü Temizle
closeTAMAM"
MAT/MA161-ForestedAreas,5,4,Turkish,tur-TUR,"Ormanlık Alan  Soru 2 / 4
Tablo Nasıl Kullanılır?
Bir sütundaki verileri artan düzende (en düşükten en yükseğe doğru) sıralamak için  simgesine tıklayınız.  O sütundaki verileri azalan düzende (en yüksekten en düşüğe doğru) sıralamak için tekrar aynı simgeye tıklayınız.
Hesaplama yapmak için:
İlk açılan menüden bir sütun seçiniz.
Ortadaki açılan menüden bir işlem seçiniz.
Son açılan menüden bir sütun seçiniz.
""Çalıştır""a tıklayınız.
Sonuçlar uygun olan ilk boş sütunda gösterilecektir.
Bir sütundaki verilerin ortalamasını (aritmetik ortalama) görüntülemek için açılan menüden bir sütun seçiniz ve ""Çalıştır""a tıklayınız. Sonuç o sütunun altındaki hücrede gösterilecektir.
Bir sütunda yaptığınız işlemi geri almak için  simgesine tıklayınız.
Bir sütundaki verileri silmek için  simgesine tıklayınız.
Tablodaki verileri tamamen silmek için ""Tümünü Temizle""ye tıklayınız.
Sağdaki ""Ormanlık Alan""dan yararlanınız. Aşağıdaki soruyu cevaplamak için sağdaki tabloyu kullanınız. Soruyu cevaplamak için seçeneklerden birine tıklayınız.
Şu iki zaman aralığını dikkate alınız: 2005-2010 ve 2010-2015.
Aşağıdaki ifadelerden hangisi her iki zaman aralığında ormanlık alan yüzdesindeki ortalama değişimi doğru bir şekilde tanımlamaktadır?
Ortalama değişim, her iki zaman aralığında da pozitiftir.
Ortalama değişim, her iki zaman aralığında da negatiftir.
Ortalama değişim, her iki zaman aralığında da aynıdır.
Ortalama değişim, zaman aralıklarından birinde pozitif, diğerinde negatiftir."
MAT/MA161-ForestedAreas,5,5,Turkish,tur-TUR,"C
(
)
x2
yx
√x
1/x
π
÷
7
8
9
x
4
5
6
–
1
2
3
+
0
.
+/-
="
MAT/MA161-ForestedAreas,6,1,Turkish,tur-TUR,Hesap Makinesiclose
MAT/MA161-ForestedAreas,6,2,Turkish,tur-TUR,PISA
MAT/MA161-ForestedAreas,6,3,Turkish,tur-TUR,"ORMANLIK ALAN
Aşağıdaki tabloda, bu veri setindeki 15 ülkenin her birinde bulunan ormanlık alanın o ülkedeki toplam alana oranı yüzde olarak gösterilmektedir. Tabloda 2005, 2010 ve 2015 yıllarına ait veriler bulunmaktadır.
A Sütunu ▾
B Sütunu
C Sütunu
D Sütunu
E Sütunu
F Sütunu
G Sütunu
Ülke
2005
2010
2015
Almanya32,6632,7332,76Amerika Birleşik Devletleri33,2633,733,85Cezayir0,640,810,82Ermenistan11,7711,7411,77Güney Kore64,4264,0863,69Hindistan22,7723,4723,77Kazakistan1,241,231,23Kolombiya54,2652,8552,73Lübnan13,3413,3813,42Panama64,3363,2162,11Peru59,0158,4557,79Portekiz36,5235,8935,25Senegal45,0544,0142,97Tayland31,5131,8132,1Yunanistan29,1130,2831,45
Hesapla
Sütun
B Sütunu
C Sütunu
D Sütunu
E Sütunu
F Sütunu
G Sütunu
İşlem
Topla
Çıkar
Çarp
Böl
Sütun
B Sütunu
C Sütunu
D Sütunu
E Sütunu
F Sütunu
G Sütunu
Çalıştır
Ortalama
Sütun
B Sütunu
C Sütunu
D Sütunu
E Sütunu
F Sütunu
G Sütunu
Çalıştır
Tümünü Temizle
closeTAMAM"
MAT/MA161-ForestedAreas,6,4,Turkish,tur-TUR,"Ormanlık Alan  Soru 3 / 4
Tablo Nasıl Kullanılır?
Bir sütundaki verileri artan düzende (en düşükten en yükseğe doğru) sıralamak için  simgesine tıklayınız.  O sütundaki verileri azalan düzende (en yüksekten en düşüğe doğru) sıralamak için tekrar aynı simgeye tıklayınız.
Hesaplama yapmak için:
İlk açılan menüden bir sütun seçiniz.
Ortadaki açılan menüden bir işlem seçiniz.
Son açılan menüden bir sütun seçiniz.
""Çalıştır""a tıklayınız.
Sonuçlar uygun olan ilk boş sütunda gösterilecektir.
Bir sütundaki verilerin ortalamasını (aritmetik ortalama) görüntülemek için açılan menüden bir sütun seçiniz ve ""Çalıştır""a tıklayınız. Sonuç o sütunun altındaki hücrede gösterilecektir.
Bir sütunda yaptığınız işlemi geri almak için  simgesine tıklayınız.
Bir sütundaki verileri silmek için  simgesine tıklayınız.
Tablodaki verileri tamamen silmek için ""Tümünü Temizle""ye tıklayınız.
Sağdaki ""Ormanlık Alan""dan yararlanınız. Aşağıdaki soruyu cevaplamak için sağdaki tabloyu kullanınız. Soruyu cevaplamak için açılan menülerden seçim yapınız.
Şu iki zaman aralığını dikkate alınız: 2005-2010 ve 2010-2015.
Yüzdeler dikkate alındığında, bir zaman aralığından diğer zaman aralığına kadar ormanlık alan yüzdesinde en büyük değişimi geçiren iki ülke hangileridir?
Cevaplar:
SeçinizAlmanyaAmerika Birleşik DevletleriCezayirErmenistanGüney KoreHindistanKazakistanKolombiyaLübnanPanamaPeruPortekizSenegalTaylandYunanistan
ve
SeçinizAlmanyaAmerika Birleşik DevletleriCezayirErmenistanGüney KoreHindistanKazakistanKolombiyaLübnanPanamaPeruPortekizSenegalTaylandYunanistan"
MAT/MA161-ForestedAreas,6,5,Turkish,tur-TUR,"C
(
)
x2
yx
√x
1/x
π
÷
7
8
9
x
4
5
6
–
1
2
3
+
0
.
+/-
="
MAT/MA161-ForestedAreas,7,1,Turkish,tur-TUR,Hesap Makinesiclose
MAT/MA161-ForestedAreas,7,2,Turkish,tur-TUR,PISA
MAT/MA161-ForestedAreas,7,3,Turkish,tur-TUR,"ORMANLIK ALAN
Aşağıdaki tabloda, bu veri setindeki 15 ülkenin her birinde bulunan ormanlık alanın o ülkedeki toplam alana oranı yüzde olarak gösterilmektedir. Tabloda 2005, 2010 ve 2015 yıllarına ait veriler bulunmaktadır.
A Sütunu ▾
B Sütunu
C Sütunu
D Sütunu
E Sütunu
F Sütunu
G Sütunu
Ülke
2005
2010
2015
Almanya32,6632,7332,76Amerika Birleşik Devletleri33,2633,733,85Cezayir0,640,810,82Ermenistan11,7711,7411,77Güney Kore64,4264,0863,69Hindistan22,7723,4723,77Kazakistan1,241,231,23Kolombiya54,2652,8552,73Lübnan13,3413,3813,42Panama64,3363,2162,11Peru59,0158,4557,79Portekiz36,5235,8935,25Senegal45,0544,0142,97Tayland31,5131,8132,1Yunanistan29,1130,2831,45
Hesapla
Sütun
B Sütunu
C Sütunu
D Sütunu
E Sütunu
F Sütunu
G Sütunu
İşlem
Topla
Çıkar
Çarp
Böl
Sütun
B Sütunu
C Sütunu
D Sütunu
E Sütunu
F Sütunu
G Sütunu
Çalıştır
Ortalama
Sütun
B Sütunu
C Sütunu
D Sütunu
E Sütunu
F Sütunu
G Sütunu
Çalıştır
Tümünü Temizle
closeTAMAM"
MAT/MA161-ForestedAreas,7,4,Turkish,tur-TUR,"Ormanlık Alan  Soru 4 / 4
Tablo Nasıl Kullanılır?
Bir sütundaki verileri artan düzende (en düşükten en yükseğe doğru) sıralamak için  simgesine tıklayınız.  O sütundaki verileri azalan düzende (en yüksekten en düşüğe doğru) sıralamak için tekrar aynı simgeye tıklayınız.
Hesaplama yapmak için:
İlk açılan menüden bir sütun seçiniz.
Ortadaki açılan menüden bir işlem seçiniz.
Son açılan menüden bir sütun seçiniz.
""Çalıştır""a tıklayınız.
Sonuçlar uygun olan ilk boş sütunda gösterilecektir.
Bir sütundaki verilerin ortalamasını (aritmetik ortalama) görüntülemek için açılan menüden bir sütun seçiniz ve ""Çalıştır""a tıklayınız. Sonuç o sütunun altındaki hücrede gösterilecektir.
Bir sütunda yaptığınız işlemi geri almak için  simgesine tıklayınız.
Bir sütundaki verileri silmek için  simgesine tıklayınız.
Tablodaki verileri tamamen silmek için ""Tümünü Temizle""ye tıklayınız.
Sağdaki ""Ormanlık Alan""dan yararlanınız. Aşağıdaki soruyu cevaplamak için sağdaki tabloyu kullanınız. Soruyu cevaplamak için seçeneklerden birine tıklayınız ve sonra bir açıklama yazınız.
Helena, belirtilen yıllarda Güney Kore’nin tablodaki diğer ülkelerden daha fazla ormanlık alana sahip olduğunu iddia ediyor.
Tablodaki veriler Helana'nın bu iddiasını destekler mi?
Evet
Hayır
Cevabınızı açıklayınız."
MAT/MA161-ForestedAreas,7,5,Turkish,tur-TUR,"C
(
)
x2
yx
√x
1/x
π
÷
7
8
9
x
4
5
6
–
1
2
3
+
0
.
+/-
="
